  0
SECTION
  2
HEADER
  9
$ACADVER
  1
AC1027
  9
$ACADMAINTVER
 70
105
  9
$DWGCODEPAGE
  3
ANSI_1252
  9
$LASTSAVEDBY
  1
ezdxf
  9
$REQUIREDVERSIONS
160
0
  9
$INSBASE
 10
0.0
 20
0.0
 30
0.0
  9
$EXTMIN
 10
1e+20
 20
1e+20
 30
1e+20
  9
$EXTMAX
 10
-1e+20
 20
-1e+20
 30
-1e+20
  9
$LIMMIN
 10
0.0
 20
0.0
  9
$LIMMAX
 10
420.0
 20
297.0
  9
$ORTHOMODE
 70
0
  9
$REGENMODE
 70
1
  9
$FILLMODE
 70
1
  9
$QTEXTMODE
 70
0
  9
$MIRRTEXT
 70
1
  9
$LTSCALE
 40
0.15
  9
$ATTMODE
 70
1
  9
$TEXTSIZE
 40
2.5
  9
$TRACEWID
 40
1.0
  9
$TEXTSTYLE
  7
OpenSans
  9
$CLAYER
  8
0
  9
$CELTYPE
  6
ByLayer
  9
$CECOLOR
 62
256
  9
$CELTSCALE
 40
1.0
  9
$DISPSILH
 70
0
  9
$DIMSCALE
 40
1.0
  9
$DIMASZ
 40
0.175
  9
$DIMEXO
 40
0.125
  9
$DIMDLI
 40
3.75
  9
$DIMRND
 40
0.0
  9
$DIMDLE
 40
0.0
  9
$DIMEXE
 40
0.375
  9
$DIMTP
 40
0.0
  9
$DIMTM
 40
0.0
  9
$DIMTXT
 40
0.25
  9
$DIMCEN
 40
2.5
  9
$DIMTSZ
 40
0.0
  9
$DIMTOL
 70
0
  9
$DIMLIM
 70
0
  9
$DIMTIH
 70
0
  9
$DIMTOH
 70
0
  9
$DIMSE1
 70
0
  9
$DIMSE2
 70
0
  9
$DIMTAD
 70
1
  9
$DIMZIN
 70
12
  9
$DIMBLK
  1
ARCHTICK
  9
$DIMASO
 70
1
  9
$DIMSHO
 70
1
  9
$DIMPOST
  1

  9
$DIMAPOST
  1

  9
$DIMALT
 70
0
  9
$DIMALTD
 70
3
  9
$DIMALTF
 40
0.03937007874
  9
$DIMLFAC
 40
100.0
  9
$DIMTOFL
 70
1
  9
$DIMTVP
 40
0.0
  9
$DIMTIX
 70
0
  9
$DIMSOXD
 70
0
  9
$DIMSAH
 70
0
  9
$DIMBLK1
  1

  9
$DIMBLK2
  1

  9
$DIMSTYLE
  2
EZDXF
  9
$DIMCLRD
 70
0
  9
$DIMCLRE
 70
0
  9
$DIMCLRT
 70
0
  9
$DIMTFAC
 40
0.5
  9
$DIMGAP
 40
0.1
  9
$DIMJUST
 70
0
  9
$DIMSD1
 70
0
  9
$DIMSD2
 70
0
  9
$DIMTOLJ
 70
0
  9
$DIMTZIN
 70
8
  9
$DIMALTZ
 70
0
  9
$DIMALTTZ
 70
0
  9
$DIMUPT
 70
1
  9
$DIMDEC
 70
2
  9
$DIMTDEC
 70
2
  9
$DIMALTU
 70
2
  9
$DIMALTTD
 70
3
  9
$DIMTXSTY
  7
OpenSansCondensed-Light
  9
$DIMAUNIT
 70
0
  9
$DIMADEC
 70
2
  9
$DIMALTRND
 40
0.0
  9
$DIMAZIN
 70
3
  9
$DIMDSEP
 70
46
  9
$DIMATFIT
 70
3
  9
$DIMFRAC
 70
0
  9
$DIMLDRBLK
  1

  9
$DIMLUNIT
 70
2
  9
$DIMLWD
 70
-2
  9
$DIMLWE
 70
-2
  9
$DIMTMOVE
 70
2
  9
$DIMFXL
 40
1.0
  9
$DIMFXLON
 70
0
  9
$DIMJOGANG
 40
0.785398163397
  9
$DIMTFILL
 70
0
  9
$DIMTFILLCLR
 70
0
  9
$DIMARCSYM
 70
0
  9
$DIMLTYPE
  6

  9
$DIMLTEX1
  6

  9
$DIMLTEX2
  6

  9
$DIMTXTDIRECTION
 70
0
  9
$LUNITS
 70
2
  9
$LUPREC
 70
4
  9
$SKETCHINC
 40
1.0
  9
$FILLETRAD
 40
10.0
  9
$AUNITS
 70
0
  9
$AUPREC
 70
2
  9
$MENU
  1
.
  9
$ELEVATION
 40
0.0
  9
$PELEVATION
 40
0.0
  9
$THICKNESS
 40
0.0
  9
$LIMCHECK
 70
0
  9
$CHAMFERA
 40
0.0
  9
$CHAMFERB
 40
0.0
  9
$CHAMFERC
 40
0.0
  9
$CHAMFERD
 40
0.0
  9
$SKPOLY
 70
0
  9
$TDCREATE
 40
2461259.7024189816
  9
$TDUCREATE
 40
2458532.153996898
  9
$TDUPDATE
 40
2461259.7024189816
  9
$TDUUPDATE
 40
2458532.1544311
  9
$TDINDWG
 40
0.0
  9
$TDUSRTIMER
 40
0.0
  9
$USRTIMER
 70
1
  9
$ANGBASE
 50
0.0
  9
$ANGDIR
 70
0
  9
$PDMODE
 70
0
  9
$PDSIZE
 40
0.0
  9
$PLINEWID
 40
0.0
  9
$SPLFRAME
 70
0
  9
$SPLINETYPE
 70
6
  9
$SPLINESEGS
 70
8
  9
$HANDSEED
  5
404
  9
$SURFTAB1
 70
6
  9
$SURFTAB2
 70
6
  9
$SURFTYPE
 70
6
  9
$SURFU
 70
6
  9
$SURFV
 70
6
  9
$UCSBASE
  2

  9
$UCSNAME
  2

  9
$UCSORG
 10
0.0
 20
0.0
 30
0.0
  9
$UCSXDIR
 10
1.0
 20
0.0
 30
0.0
  9
$UCSYDIR
 10
0.0
 20
1.0
 30
0.0
  9
$UCSORTHOREF
  2

  9
$UCSORTHOVIEW
 70
0
  9
$UCSORGTOP
 10
0.0
 20
0.0
 30
0.0
  9
$UCSORGBOTTOM
 10
0.0
 20
0.0
 30
0.0
  9
$UCSORGLEFT
 10
0.0
 20
0.0
 30
0.0
  9
$UCSORGRIGHT
 10
0.0
 20
0.0
 30
0.0
  9
$UCSORGFRONT
 10
0.0
 20
0.0
 30
0.0
  9
$UCSORGBACK
 10
0.0
 20
0.0
 30
0.0
  9
$PUCSBASE
  2

  9
$PUCSNAME
  2

  9
$PUCSORG
 10
0.0
 20
0.0
 30
0.0
  9
$PUCSXDIR
 10
1.0
 20
0.0
 30
0.0
  9
$PUCSYDIR
 10
0.0
 20
1.0
 30
0.0
  9
$PUCSORTHOREF
  2

  9
$PUCSORTHOVIEW
 70
0
  9
$PUCSORGTOP
 10
0.0
 20
0.0
 30
0.0
  9
$PUCSORGBOTTOM
 10
0.0
 20
0.0
 30
0.0
  9
$PUCSORGLEFT
 10
0.0
 20
0.0
 30
0.0
  9
$PUCSORGRIGHT
 10
0.0
 20
0.0
 30
0.0
  9
$PUCSORGFRONT
 10
0.0
 20
0.0
 30
0.0
  9
$PUCSORGBACK
 10
0.0
 20
0.0
 30
0.0
  9
$USERI1
 70
0
  9
$USERI2
 70
0
  9
$USERI3
 70
0
  9
$USERI4
 70
0
  9
$USERI5
 70
0
  9
$USERR1
 40
0.0
  9
$USERR2
 40
0.0
  9
$USERR3
 40
0.0
  9
$USERR4
 40
0.0
  9
$USERR5
 40
0.0
  9
$WORLDVIEW
 70
1
  9
$SHADEDGE
 70
3
  9
$SHADEDIF
 70
70
  9
$TILEMODE
 70
1
  9
$MAXACTVP
 70
64
  9
$PINSBASE
 10
0.0
 20
0.0
 30
0.0
  9
$PLIMCHECK
 70
0
  9
$PEXTMIN
 10
1e+20
 20
1e+20
 30
1e+20
  9
$PEXTMAX
 10
-1e+20
 20
-1e+20
 30
-1e+20
  9
$PLIMMIN
 10
0.0
 20
0.0
  9
$PLIMMAX
 10
420.0
 20
297.0
  9
$UNITMODE
 70
0
  9
$VISRETAIN
 70
1
  9
$PLINEGEN
 70
0
  9
$PSLTSCALE
 70
1
  9
$TREEDEPTH
 70
3020
  9
$CMLSTYLE
  2
Standard
  9
$CMLJUST
 70
0
  9
$CMLSCALE
 40
20.0
  9
$PROXYGRAPHICS
 70
1
  9
$MEASUREMENT
 70
1
  9
$CELWEIGHT
370
-1
  9
$ENDCAPS
280
0
  9
$JOINSTYLE
280
0
  9
$LWDISPLAY
290
0
  9
$INSUNITS
 70
6
  9
$HYPERLINKBASE
  1

  9
$STYLESHEET
  1

  9
$XEDIT
290
1
  9
$CEPSNTYPE
380
0
  9
$PSTYLEMODE
290
1
  9
$FINGERPRINTGUID
  2
{D69A1F76-577C-4EFE-BD2B-C6461D623E8D}
  9
$VERSIONGUID
  2
{360E1EAD-DE81-4B3C-832D-EE5775BCAD00}
  9
$EXTNAMES
290
1
  9
$PSVPSCALE
 40
0.0
  9
$OLESTARTUP
290
0
  9
$SORTENTS
280
127
  9
$INDEXCTL
280
0
  9
$HIDETEXT
280
1
  9
$XCLIPFRAME
280
1
  9
$HALOGAP
280
0
  9
$OBSCOLOR
 70
257
  9
$OBSLTYPE
280
0
  9
$INTERSECTIONDISPLAY
280
0
  9
$INTERSECTIONCOLOR
 70
257
  9
$DIMASSOC
280
2
  9
$PROJECTNAME
  1

  9
$CAMERADISPLAY
290
0
  9
$LENSLENGTH
 40
50.0
  9
$CAMERAHEIGHT
 40
0.0
  9
$STEPSPERSEC
 40
24.0
  9
$STEPSIZE
 40
100.0
  9
$3DDWFPREC
 40
2.0
  9
$PSOLWIDTH
 40
0.005
  9
$PSOLHEIGHT
 40
0.08
  9
$LOFTANG1
 40
1.570796326795
  9
$LOFTANG2
 40
1.570796326795
  9
$LOFTMAG1
 40
0.0
  9
$LOFTMAG2
 40
0.0
  9
$LOFTPARAM
 70
7
  9
$LOFTNORMALS
280
1
  9
$LATITUDE
 40
37.795
  9
$LONGITUDE
 40
-122.394
  9
$NORTHDIRECTION
 40
0.0
  9
$TIMEZONE
 70
-8000
  9
$LIGHTGLYPHDISPLAY
280
1
  9
$TILEMODELIGHTSYNCH
280
1
  9
$CMATERIAL
347
20
  9
$SOLIDHIST
280
0
  9
$SHOWHIST
280
1
  9
$DWFFRAME
280
2
  9
$DGNFRAME
280
2
  9
$REALWORLDSCALE
290
1
  9
$INTERFERECOLOR
 62
256
  9
$CSHADOW
280
0
  9
$SHADOWPLANELOCATION
 40
0.0
  0
ENDSEC
  0
SECTION
  2
CLASSES
  0
CLASS
  1
ACDBDICTIONARYWDFLT
  2
AcDbDictionaryWithDefault
  3
ObjectDBX Classes
 90
0
 91
0
280
0
281
0
  0
CLASS
  1
SUN
  2
AcDbSun
  3
SCENEOE
 90
1153
 91
0
280
0
281
0
  0
CLASS
  1
VISUALSTYLE
  2
AcDbVisualStyle
  3
ObjectDBX Classes
 90
4095
 91
0
280
0
281
0
  0
CLASS
  1
MATERIAL
  2
AcDbMaterial
  3
ObjectDBX Classes
 90
1153
 91
0
280
0
281
0
  0
CLASS
  1
SCALE
  2
AcDbScale
  3
ObjectDBX Classes
 90
1153
 91
0
280
0
281
0
  0
CLASS
  1
TABLESTYLE
  2
AcDbTableStyle
  3
ObjectDBX Classes
 90
4095
 91
0
280
0
281
0
  0
CLASS
  1
MLEADERSTYLE
  2
AcDbMLeaderStyle
  3
ACDB_MLEADERSTYLE_CLASS
 90
4095
 91
0
280
0
281
0
  0
CLASS
  1
DICTIONARYVAR
  2
AcDbDictionaryVar
  3
ObjectDBX Classes
 90
0
 91
0
280
0
281
0
  0
CLASS
  1
CELLSTYLEMAP
  2
AcDbCellStyleMap
  3
ObjectDBX Classes
 90
1152
 91
0
280
0
281
0
  0
CLASS
  1
MENTALRAYRENDERSETTINGS
  2
AcDbMentalRayRenderSettings
  3
SCENEOE
 90
1024
 91
0
280
0
281
0
  0
CLASS
  1
ACDBDETAILVIEWSTYLE
  2
AcDbDetailViewStyle
  3
ObjectDBX Classes
 90
1025
 91
0
280
0
281
0
  0
CLASS
  1
ACDBSECTIONVIEWSTYLE
  2
AcDbSectionViewStyle
  3
ObjectDBX Classes
 90
1025
 91
0
280
0
281
0
  0
CLASS
  1
RASTERVARIABLES
  2
AcDbRasterVariables
  3
ISM
 90
0
 91
0
280
0
281
0
  0
CLASS
  1
ACDBPLACEHOLDER
  2
AcDbPlaceHolder
  3
ObjectDBX Classes
 90
0
 91
0
280
0
281
0
  0
CLASS
  1
LAYOUT
  2
AcDbLayout
  3
ObjectDBX Classes
 90
0
 91
0
280
0
281
0
  0
ENDSEC
  0
SECTION
  2
TABLES
  0
TABLE
  2
VPORT
  5
8
330
0
100
AcDbSymbolTable
 70
1
  0
VPORT
  5
23
330
8
100
AcDbSymbolTableRecord
100
AcDbViewportTableRecord
  2
*Active
 70
0
 10
0.0
 20
0.0
 11
1.0
 21
1.0
 12
0.0
 22
0.0
 13
0.0
 23
0.0
 14
0.5
 24
0.5
 15
0.5
 25
0.5
 16
0.0
 26
0.0
 36
1.0
 17
0.0
 27
0.0
 37
0.0
 40
1000.0
 41
1.34
 42
50.0
 43
0.0
 44
0.0
 50
0.0
 51
0.0
 71
0
 72
1000
 73
1
 74
3
 75
0
 76
0
 77
0
 78
0
281
0
 65
0
146
0.0
  0
ENDTAB
  0
TABLE
  2
LTYPE
  5
2
330
0
100
AcDbSymbolTable
 70
21
  0
LTYPE
  5
24
330
2
100
AcDbSymbolTableRecord
100
AcDbLinetypeTableRecord
  2
ByBlock
 70
0
  3

 72
65
 73
0
 40
0.0
  0
LTYPE
  5
25
330
2
100
AcDbSymbolTableRecord
100
AcDbLinetypeTableRecord
  2
ByLayer
 70
0
  3

 72
65
 73
0
 40
0.0
  0
LTYPE
  5
26
330
2
100
AcDbSymbolTableRecord
100
AcDbLinetypeTableRecord
  2
Continuous
 70
0
  3

 72
65
 73
0
 40
0.0
  0
LTYPE
  5
2F
330
2
100
AcDbSymbolTableRecord
100
AcDbLinetypeTableRecord
  2
CENTER
 70
0
  3
Center ____ _ ____ _ ____ _ ____ _ ____ _ ____
 72
65
 73
4
 40
5.08
 49
3.175
 74
0
 49
-0.635
 74
0
 49
0.635
 74
0
 49
-0.635
 74
0
  0
LTYPE
  5
30
330
2
100
AcDbSymbolTableRecord
100
AcDbLinetypeTableRecord
  2
CENTERX2
 70
0
  3
Center (2x) ________  __  ________  __  ________
 72
65
 73
4
 40
8.89
 49
6.35
 74
0
 49
-0.635
 74
0
 49
1.27
 74
0
 49
-0.635
 74
0
  0
LTYPE
  5
31
330
2
100
AcDbSymbolTableRecord
100
AcDbLinetypeTableRecord
  2
CENTER2
 70
0
  3
Center (.5x) ____ _ ____ _ ____ _ ____ _ ____
 72
65
 73
4
 40
2.54
 49
1.587
 74
0
 49
-0.318
 74
0
 49
0.318
 74
0
 49
-0.318
 74
0
  0
LTYPE
  5
32
330
2
100
AcDbSymbolTableRecord
100
AcDbLinetypeTableRecord
  2
DASHED
 70
0
  3
Dashed __ __ __ __ __ __ __ __ __ __ __ __ __ _
 72
65
 73
2
 40
1.524
 49
1.27
 74
0
 49
-0.254
 74
0
  0
LTYPE
  5
33
330
2
100
AcDbSymbolTableRecord
100
AcDbLinetypeTableRecord
  2
DASHEDX2
 70
0
  3
Dashed (2x) ____  ____  ____  ____  ____  ____
 72
65
 73
2
 40
3.048
 49
2.54
 74
0
 49
-0.508
 74
0
  0
LTYPE
  5
34
330
2
100
AcDbSymbolTableRecord
100
AcDbLinetypeTableRecord
  2
DASHED2
 70
0
  3
Dashed (.5x) _ _ _ _ _ _ _ _ _ _ _ _ _ _
 72
65
 73
2
 40
0.762
 49
0.635
 74
0
 49
-0.127
 74
0
  0
LTYPE
  5
35
330
2
100
AcDbSymbolTableRecord
100
AcDbLinetypeTableRecord
  2
PHANTOM
 70
0
  3
Phantom ______  __  __  ______  __  __  ______
 72
65
 73
6
 40
6.35
 49
3.175
 74
0
 49
-0.635
 74
0
 49
0.635
 74
0
 49
-0.635
 74
0
 49
0.635
 74
0
 49
-0.635
 74
0
  0
LTYPE
  5
36
330
2
100
AcDbSymbolTableRecord
100
AcDbLinetypeTableRecord
  2
PHANTOMX2
 70
0
  3
Phantom (2x)____________    ____    ____    ____________
 72
65
 73
6
 40
10.795
 49
6.35
 74
0
 49
-0.635
 74
0
 49
1.27
 74
0
 49
-0.635
 74
0
 49
1.27
 74
0
 49
-0.635
 74
0
  0
LTYPE
  5
37
330
2
100
AcDbSymbolTableRecord
100
AcDbLinetypeTableRecord
  2
PHANTOM2
 70
0
  3
Phantom (.5x) ___ _ _ ___ _ _ ___ _ _ ___ _ _ ___
 72
65
 73
6
 40
3.175
 49
1.587
 74
0
 49
-0.318
 74
0
 49
0.318
 74
0
 49
-0.318
 74
0
 49
0.318
 74
0
 49
-0.318
 74
0
  0
LTYPE
  5
38
330
2
100
AcDbSymbolTableRecord
100
AcDbLinetypeTableRecord
  2
DASHDOT
 70
0
  3
Dash dot __ . __ . __ . __ . __ . __ . __ . __
 72
65
 73
4
 40
3.556
 49
2.54
 74
0
 49
-0.508
 74
0
 49
0.0
 74
0
 49
-0.508
 74
0
  0
LTYPE
  5
39
330
2
100
AcDbSymbolTableRecord
100
AcDbLinetypeTableRecord
  2
DASHDOTX2
 70
0
  3
Dash dot (2x) ____  .  ____  .  ____  .  ____
 72
65
 73
4
 40
6.096
 49
5.08
 74
0
 49
-0.508
 74
0
 49
0.0
 74
0
 49
-0.508
 74
0
  0
LTYPE
  5
3A
330
2
100
AcDbSymbolTableRecord
100
AcDbLinetypeTableRecord
  2
DASHDOT2
 70
0
  3
Dash dot (.5x) _ . _ . _ . _ . _ . _ . _ . _
 72
65
 73
4
 40
1.778
 49
1.27
 74
0
 49
-0.254
 74
0
 49
0.0
 74
0
 49
-0.254
 74
0
  0
LTYPE
  5
3B
330
2
100
AcDbSymbolTableRecord
100
AcDbLinetypeTableRecord
  2
DOT
 70
0
  3
Dot .  .  .  .  .  .  .  .  .  .  .  .  .  .  .  .
 72
65
 73
2
 40
0.508
 49
0.0
 74
0
 49
-0.508
 74
0
  0
LTYPE
  5
3C
330
2
100
AcDbSymbolTableRecord
100
AcDbLinetypeTableRecord
  2
DOTX2
 70
0
  3
Dot (2x) .    .    .    .    .    .    .    . 
 72
65
 73
2
 40
1.016
 49
0.0
 74
0
 49
-1.016
 74
0
  0
LTYPE
  5
3D
330
2
100
AcDbSymbolTableRecord
100
AcDbLinetypeTableRecord
  2
DOT2
 70
0
  3
Dot (.5) . . . . . . . . . . . . . . . . . . . 
 72
65
 73
2
 40
0.254
 49
0.0
 74
0
 49
-0.254
 74
0
  0
LTYPE
  5
3E
330
2
100
AcDbSymbolTableRecord
100
AcDbLinetypeTableRecord
  2
DIVIDE
 70
0
  3
Divide __ . . __ . . __ . . __ . . __ . . __
 72
65
 73
6
 40
4.064
 49
2.54
 74
0
 49
-0.508
 74
0
 49
0.0
 74
0
 49
-0.508
 74
0
 49
0.0
 74
0
 49
-0.508
 74
0
  0
LTYPE
  5
3F
330
2
100
AcDbSymbolTableRecord
100
AcDbLinetypeTableRecord
  2
DIVIDEX2
 70
0
  3
Divide (2x) ____  . .  ____  . .  ____  . .  ____
 72
65
 73
6
 40
6.604
 49
5.08
 74
0
 49
-0.508
 74
0
 49
0.0
 74
0
 49
-0.508
 74
0
 49
0.0
 74
0
 49
-0.508
 74
0
  0
LTYPE
  5
40
330
2
100
AcDbSymbolTableRecord
100
AcDbLinetypeTableRecord
  2
DIVIDE2
 70
0
  3
Divide(.5x) _ . _ . _ . _ . _ . _ . _ . _
 72
65
 73
6
 40
2.032
 49
1.27
 74
0
 49
-0.254
 74
0
 49
0.0
 74
0
 49
-0.254
 74
0
 49
0.0
 74
0
 49
-0.254
 74
0
  0
ENDTAB
  0
TABLE
  2
LAYER
  5
1
330
0
100
AcDbSymbolTable
 70
8
  0
LAYER
  5
27
330
1
100
AcDbSymbolTableRecord
100
AcDbLayerTableRecord
  2
0
 70
0
 62
7
  6
Continuous
370
-3
390
13
347
21
  0
LAYER
  5
28
330
1
100
AcDbSymbolTableRecord
100
AcDbLayerTableRecord
  2
Defpoints
 70
0
 62
7
  6
Continuous
290
0
370
-3
390
13
347
21
  0
LAYER
  5
8A
330
1
100
AcDbSymbolTableRecord
100
AcDbLayerTableRecord
  2
SLD_BUS
 70
0
 62
5
  6
Continuous
370
50
390
13
347
21
  0
LAYER
  5
8B
330
1
100
AcDbSymbolTableRecord
100
AcDbLayerTableRecord
  2
SLD_WIRE
 70
0
 62
7
  6
Continuous
370
25
390
13
347
21
  0
LAYER
  5
8C
330
1
100
AcDbSymbolTableRecord
100
AcDbLayerTableRecord
  2
SLD_SYMS
 70
0
 62
7
  6
Continuous
370
25
390
13
347
21
  0
LAYER
  5
8D
330
1
100
AcDbSymbolTableRecord
100
AcDbLayerTableRecord
  2
SLD_CUBICLE
 70
0
 62
8
  6
Continuous
370
13
390
13
347
21
  0
LAYER
  5
8E
330
1
100
AcDbSymbolTableRecord
100
AcDbLayerTableRecord
  2
SLD_TEXT
 70
0
 62
7
  6
Continuous
370
13
390
13
347
21
  0
LAYER
  5
8F
330
1
100
AcDbSymbolTableRecord
100
AcDbLayerTableRecord
  2
SLD_CONTROL
 70
0
 62
7
  6
Continuous
370
13
390
13
347
21
  0
ENDTAB
  0
TABLE
  2
STYLE
  5
5
330
0
100
AcDbSymbolTable
 70
27
  0
STYLE
  5
29
330
5
100
AcDbSymbolTableRecord
100
AcDbTextStyleTableRecord
  2
Standard
 70
0
 40
0.0
 41
1.0
 50
0.0
 71
0
 42
2.5
  3
txt
  4

  0
STYLE
  5
41
330
5
100
AcDbSymbolTableRecord
100
AcDbTextStyleTableRecord
  2
OpenSans-Light
 70
0
 40
0.0
 41
1.0
 50
0.0
 71
0
 42
2.5
  3
OpenSans-Light.ttf
  4

  0
STYLE
  5
42
330
5
100
AcDbSymbolTableRecord
100
AcDbTextStyleTableRecord
  2
OpenSans-Light-Italic
 70
0
 40
0.0
 41
1.0
 50
0.0
 71
0
 42
2.5
  3
OpenSans-LightItalic.ttf
  4

  0
STYLE
  5
43
330
5
100
AcDbSymbolTableRecord
100
AcDbTextStyleTableRecord
  2
OpenSans
 70
0
 40
0.0
 41
1.0
 50
0.0
 71
0
 42
2.5
  3
OpenSans-Regular.ttf
  4

  0
STYLE
  5
44
330
5
100
AcDbSymbolTableRecord
100
AcDbTextStyleTableRecord
  2
OpenSans-Italic
 70
0
 40
0.0
 41
1.0
 50
0.0
 71
0
 42
2.5
  3
OpenSans-Italic.ttf
  4

  0
STYLE
  5
45
330
5
100
AcDbSymbolTableRecord
100
AcDbTextStyleTableRecord
  2
OpenSans-SemiBold
 70
0
 40
0.0
 41
1.0
 50
0.0
 71
0
 42
2.5
  3
OpenSans-SemiBold.ttf
  4

  0
STYLE
  5
46
330
5
100
AcDbSymbolTableRecord
100
AcDbTextStyleTableRecord
  2
OpenSans-SemiBoldItalic
 70
0
 40
0.0
 41
1.0
 50
0.0
 71
0
 42
2.5
  3
OpenSans-SemiBoldItalic.ttf
  4

  0
STYLE
  5
47
330
5
100
AcDbSymbolTableRecord
100
AcDbTextStyleTableRecord
  2
OpenSans-Bold
 70
0
 40
0.0
 41
1.0
 50
0.0
 71
0
 42
2.5
  3
OpenSans-Bold.ttf
  4

  0
STYLE
  5
48
330
5
100
AcDbSymbolTableRecord
100
AcDbTextStyleTableRecord
  2
OpenSans-BoldItalic
 70
0
 40
0.0
 41
1.0
 50
0.0
 71
0
 42
2.5
  3
OpenSans-BoldItalic.ttf
  4

  0
STYLE
  5
49
330
5
100
AcDbSymbolTableRecord
100
AcDbTextStyleTableRecord
  2
OpenSans-ExtraBold
 70
0
 40
0.0
 41
1.0
 50
0.0
 71
0
 42
2.5
  3
OpenSans-ExtraBold.ttf
  4

  0
STYLE
  5
4A
330
5
100
AcDbSymbolTableRecord
100
AcDbTextStyleTableRecord
  2
OpenSans-ExtraBoldItalic
 70
0
 40
0.0
 41
1.0
 50
0.0
 71
0
 42
2.5
  3
OpenSans-ExtraBoldItalic.ttf
  4

  0
STYLE
  5
4B
330
5
100
AcDbSymbolTableRecord
100
AcDbTextStyleTableRecord
  2
OpenSansCondensed-Bold
 70
0
 40
0.0
 41
1.0
 50
0.0
 71
0
 42
2.5
  3
OpenSansCondensed-Bold.ttf
  4

  0
STYLE
  5
4C
330
5
100
AcDbSymbolTableRecord
100
AcDbTextStyleTableRecord
  2
OpenSansCondensed-Light
 70
0
 40
0.0
 41
1.0
 50
0.0
 71
0
 42
2.5
  3
OpenSansCondensed-Light.ttf
  4

  0
STYLE
  5
4D
330
5
100
AcDbSymbolTableRecord
100
AcDbTextStyleTableRecord
  2
OpenSansCondensed-Italic
 70
0
 40
0.0
 41
1.0
 50
0.0
 71
0
 42
2.5
  3
OpenSansCondensed-LightItalic.ttf
  4

  0
STYLE
  5
4E
330
5
100
AcDbSymbolTableRecord
100
AcDbTextStyleTableRecord
  2
LiberationSans
 70
0
 40
0.0
 41
1.0
 50
0.0
 71
0
 42
2.5
  3
LiberationSans-Regular.ttf
  4

  0
STYLE
  5
4F
330
5
100
AcDbSymbolTableRecord
100
AcDbTextStyleTableRecord
  2
LiberationSans-Bold
 70
0
 40
0.0
 41
1.0
 50
0.0
 71
0
 42
2.5
  3
LiberationSans-Bold.ttf
  4

  0
STYLE
  5
50
330
5
100
AcDbSymbolTableRecord
100
AcDbTextStyleTableRecord
  2
LiberationSans-BoldItalic
 70
0
 40
0.0
 41
1.0
 50
0.0
 71
0
 42
2.5
  3
LiberationSans-BoldItalic.ttf
  4

  0
STYLE
  5
51
330
5
100
AcDbSymbolTableRecord
100
AcDbTextStyleTableRecord
  2
LiberationSans-Italic
 70
0
 40
0.0
 41
1.0
 50
0.0
 71
0
 42
2.5
  3
LiberationSans-Italic.ttf
  4

  0
STYLE
  5
52
330
5
100
AcDbSymbolTableRecord
100
AcDbTextStyleTableRecord
  2
LiberationSerif
 70
0
 40
0.0
 41
1.0
 50
0.0
 71
0
 42
2.5
  3
LiberationSerif-Regular.ttf
  4

  0
STYLE
  5
53
330
5
100
AcDbSymbolTableRecord
100
AcDbTextStyleTableRecord
  2
LiberationSerif-Bold
 70
0
 40
0.0
 41
1.0
 50
0.0
 71
0
 42
2.5
  3
LiberationSerif-Bold.ttf
  4

  0
STYLE
  5
54
330
5
100
AcDbSymbolTableRecord
100
AcDbTextStyleTableRecord
  2
LiberationSerif-BoldItalic
 70
0
 40
0.0
 41
1.0
 50
0.0
 71
0
 42
2.5
  3
LiberationSerif-BoldItalic.ttf
  4

  0
STYLE
  5
55
330
5
100
AcDbSymbolTableRecord
100
AcDbTextStyleTableRecord
  2
LiberationSerif-Italic
 70
0
 40
0.0
 41
1.0
 50
0.0
 71
0
 42
2.5
  3
LiberationSerif-Italic.ttf
  4

  0
STYLE
  5
56
330
5
100
AcDbSymbolTableRecord
100
AcDbTextStyleTableRecord
  2
LiberationMono
 70
0
 40
0.0
 41
1.0
 50
0.0
 71
0
 42
2.5
  3
LiberationMono-Regular.ttf
  4

  0
STYLE
  5
57
330
5
100
AcDbSymbolTableRecord
100
AcDbTextStyleTableRecord
  2
LiberationMono-Bold
 70
0
 40
0.0
 41
1.0
 50
0.0
 71
0
 42
2.5
  3
LiberationMono-Bold.ttf
  4

  0
STYLE
  5
58
330
5
100
AcDbSymbolTableRecord
100
AcDbTextStyleTableRecord
  2
LiberationMono-BoldItalic
 70
0
 40
0.0
 41
1.0
 50
0.0
 71
0
 42
2.5
  3
LiberationMono-BoldItalic.ttf
  4

  0
STYLE
  5
59
330
5
100
AcDbSymbolTableRecord
100
AcDbTextStyleTableRecord
  2
LiberationMono-Italic
 70
0
 40
0.0
 41
1.0
 50
0.0
 71
0
 42
2.5
  3
LiberationMono-Italic.ttf
  4

  0
STYLE
  5
EC
330
5
100
AcDbSymbolTableRecord
100
AcDbTextStyleTableRecord
  2
WD
 70
0
 40
0.0
 41
1.0
 50
0.0
 71
0
 42
0.15
  3
txt
  4

  0
ENDTAB
  0
TABLE
  2
VIEW
  5
7
330
0
100
AcDbSymbolTable
 70
0
  0
ENDTAB
  0
TABLE
  2
UCS
  5
6
330
0
100
AcDbSymbolTable
 70
0
  0
ENDTAB
  0
TABLE
  2
APPID
  5
3
330
0
100
AcDbSymbolTable
 70
3
  0
APPID
  5
2A
330
3
100
AcDbSymbolTableRecord
100
AcDbRegAppTableRecord
  2
ACAD
 70
0
  0
APPID
  5
401
330
3
100
AcDbSymbolTableRecord
100
AcDbRegAppTableRecord
  2
HATCHBACKGROUNDCOLOR
 70
0
  0
APPID
  5
402
330
3
100
AcDbSymbolTableRecord
100
AcDbRegAppTableRecord
  2
EZDXF
 70
0
  0
ENDTAB
  0
TABLE
  2
DIMSTYLE
  5
4
330
0
100
AcDbSymbolTable
 70
12
100
AcDbDimStyleTable
  0
DIMSTYLE
105
2B
330
4
100
AcDbSymbolTableRecord
100
AcDbDimStyleTableRecord
  2
Standard
 70
0
 40
1.0
 41
2.5
 42
0.625
 43
3.75
 44
1.25
 45
0.0
 46
0.0
 47
0.0
 48
0.0
 49
2.5
140
2.5
141
2.5
142
0.0
143
0.03937007874
144
1.0
145
0.0
146
1.0
147
0.625
148
0.0
 69
0
 70
0
 71
0
 72
0
 73
0
 74
0
 75
0
 76
0
 77
1
 78
8
 79
3
170
0
171
3
172
1
173
0
174
0
175
0
176
0
177
0
178
0
179
2
271
2
272
2
273
2
274
3
275
0
276
0
277
2
278
44
279
0
280
0
281
0
282
0
283
0
284
8
285
0
286
0
288
0
289
3
290
0
371
-2
372
-2
  0
DIMSTYLE
105
73
330
4
100
AcDbSymbolTableRecord
100
AcDbDimStyleTableRecord
  2
EZDXF
 70
0
 40
1.0
 41
0.175
 42
0.125
 43
3.75
 44
0.375
 45
0.0
 46
0.0
 47
0.0
 48
0.0
 49
2.5
140
0.25
141
2.5
142
0.0
143
0.03937007874
144
100.0
145
0.0
146
0.5
147
0.1
148
0.0
 69
0
 70
0
 71
0
 72
0
 73
0
 74
0
 75
0
 76
0
 77
1
 78
12
 79
3
170
0
171
3
172
1
173
0
174
0
175
0
176
0
177
0
178
0
179
2
271
2
272
2
273
2
274
3
275
0
276
0
277
2
278
46
279
2
280
0
281
0
282
0
283
0
284
8
285
0
286
0
288
1
289
3
290
0
340
4C
342
74
371
-2
372
-2
  0
DIMSTYLE
105
7C
330
4
100
AcDbSymbolTableRecord
100
AcDbDimStyleTableRecord
  2
EZ_M_100_H25_CM
 70
0
 40
1.0
 41
0.25
 42
0.125
 43
3.75
 44
0.375
 45
0.0
 46
0.0
 47
0.0
 48
0.0
 49
2.5
140
0.25
141
2.5
142
0.125
143
0.03937007874
144
100.0
145
0.0
146
0.5
147
0.1
148
0.0
 69
0
 70
0
 71
0
 72
0
 73
0
 74
0
 75
0
 76
0
 77
1
 78
12
 79
3
170
0
171
3
172
1
173
0
174
0
175
0
176
0
177
0
178
0
179
2
271
2
272
2
273
2
274
3
275
0
276
0
277
2
278
46
279
2
280
0
281
0
282
0
283
0
284
8
285
0
286
0
288
1
289
3
290
0
340
4C
371
-2
372
-2
  0
DIMSTYLE
105
7D
330
4
100
AcDbSymbolTableRecord
100
AcDbDimStyleTableRecord
  2
EZ_M_50_H25_CM
 70
0
 40
1.0
 41
0.125
 42
0.0625
 43
3.75
 44
0.1875
 45
0.0
 46
0.0
 47
0.0
 48
0.0
 49
2.5
140
0.125
141
2.5
142
0.0625
143
0.03937007874
144
100.0
145
0.0
146
0.5
147
0.05
148
0.0
 69
0
 70
0
 71
0
 72
0
 73
0
 74
0
 75
0
 76
0
 77
1
 78
12
 79
3
170
0
171
3
172
1
173
0
174
0
175
0
176
0
177
0
178
0
179
2
271
2
272
2
273
2
274
3
275
0
276
0
277
2
278
46
279
2
280
0
281
0
282
0
283
0
284
8
285
0
286
0
288
1
289
3
290
0
340
4C
371
-2
372
-2
  0
DIMSTYLE
105
7E
330
4
100
AcDbSymbolTableRecord
100
AcDbDimStyleTableRecord
  2
EZ_M_25_H25_CM
 70
0
 40
1.0
 41
0.0625
 42
0.03125
 43
3.75
 44
0.09375
 45
0.0
 46
0.0
 47
0.0
 48
0.0
 49
2.5
140
0.0625
141
2.5
142
0.03125
143
0.03937007874
144
100.0
145
0.0
146
0.5
147
0.025
148
0.0
 69
0
 70
0
 71
0
 72
0
 73
0
 74
0
 75
0
 76
0
 77
1
 78
12
 79
3
170
0
171
3
172
1
173
0
174
0
175
0
176
0
177
0
178
0
179
2
271
2
272
2
273
2
274
3
275
0
276
0
277
2
278
46
279
2
280
0
281
0
282
0
283
0
284
8
285
0
286
0
288
1
289
3
290
0
340
4C
371
-2
372
-2
  0
DIMSTYLE
105
7F
330
4
100
AcDbSymbolTableRecord
100
AcDbDimStyleTableRecord
  2
EZ_M_20_H25_CM
 70
0
 40
1.0
 41
0.05
 42
0.025
 43
3.75
 44
0.07500000000000001
 45
0.0
 46
0.0
 47
0.0
 48
0.0
 49
2.5
140
0.05
141
2.5
142
0.025
143
0.03937007874
144
100.0
145
0.0
146
0.5
147
0.020000000000000004
148
0.0
 69
0
 70
0
 71
0
 72
0
 73
0
 74
0
 75
0
 76
0
 77
1
 78
12
 79
3
170
0
171
3
172
1
173
0
174
0
175
0
176
0
177
0
178
0
179
2
271
2
272
2
273
2
274
3
275
0
276
0
277
2
278
46
279
2
280
0
281
0
282
0
283
0
284
8
285
0
286
0
288
1
289
3
290
0
340
4C
371
-2
372
-2
  0
DIMSTYLE
105
80
330
4
100
AcDbSymbolTableRecord
100
AcDbDimStyleTableRecord
  2
EZ_M_10_H25_CM
 70
0
 40
1.0
 41
0.025
 42
0.0125
 43
3.75
 44
0.037500000000000006
 45
0.0
 46
0.0
 47
0.0
 48
0.0
 49
2.5
140
0.025
141
2.5
142
0.0125
143
0.03937007874
144
100.0
145
0.0
146
0.5
147
0.010000000000000002
148
0.0
 69
0
 70
0
 71
0
 72
0
 73
0
 74
0
 75
0
 76
0
 77
1
 78
12
 79
3
170
0
171
3
172
1
173
0
174
0
175
0
176
0
177
0
178
0
179
2
271
2
272
2
273
2
274
3
275
0
276
0
277
2
278
46
279
2
280
0
281
0
282
0
283
0
284
8
285
0
286
0
288
1
289
3
290
0
340
4C
371
-2
372
-2
  0
DIMSTYLE
105
81
330
4
100
AcDbSymbolTableRecord
100
AcDbDimStyleTableRecord
  2
EZ_M_5_H25_CM
 70
0
 40
1.0
 41
0.0125
 42
0.00625
 43
3.75
 44
0.018750000000000003
 45
0.0
 46
0.0
 47
0.0
 48
0.0
 49
2.5
140
0.0125
141
2.5
142
0.00625
143
0.03937007874
144
100.0
145
0.0
146
0.5
147
0.005000000000000001
148
0.0
 69
0
 70
0
 71
0
 72
0
 73
0
 74
0
 75
0
 76
0
 77
1
 78
12
 79
3
170
0
171
3
172
1
173
0
174
0
175
0
176
0
177
0
178
0
179
2
271
2
272
2
273
2
274
3
275
0
276
0
277
2
278
46
279
2
280
0
281
0
282
0
283
0
284
8
285
0
286
0
288
1
289
3
290
0
340
4C
371
-2
372
-2
  0
DIMSTYLE
105
82
330
4
100
AcDbSymbolTableRecord
100
AcDbDimStyleTableRecord
  2
EZ_M_1_H25_CM
 70
0
 40
1.0
 41
0.0025
 42
0.00125
 43
3.75
 44
0.00375
 45
0.0
 46
0.0
 47
0.0
 48
0.0
 49
2.5
140
0.0025
141
2.5
142
0.00125
143
0.03937007874
144
100.0
145
0.0
146
0.5
147
0.001
148
0.0
 69
0
 70
0
 71
0
 72
0
 73
0
 74
0
 75
0
 76
0
 77
1
 78
12
 79
3
170
0
171
3
172
1
173
0
174
0
175
0
176
0
177
0
178
0
179
2
271
2
272
2
273
2
274
3
275
0
276
0
277
2
278
46
279
2
280
0
281
0
282
0
283
0
284
8
285
0
286
0
288
1
289
3
290
0
340
4C
371
-2
372
-2
  0
DIMSTYLE
105
83
330
4
100
AcDbSymbolTableRecord
100
AcDbDimStyleTableRecord
  2
EZ_RADIUS
 70
0
 40
1.0
 41
0.25
 42
0.125
 43
3.75
 44
0.375
 45
0.0
 46
0.0
 47
0.0
 48
0.0
 49
2.5
140
0.25
141
0.0
142
0.0
143
0.03937007874
144
100.0
145
0.0
146
0.5
147
0.1
148
0.0
 69
0
 70
0
 71
0
 72
0
 73
0
 74
0
 75
0
 76
0
 77
1
 78
12
 79
3
170
0
171
3
172
0
173
0
174
0
175
0
176
0
177
0
178
0
179
2
271
2
272
2
273
2
274
3
275
0
276
0
277
2
278
46
279
1
280
0
281
0
282
0
283
0
284
8
285
0
286
0
288
1
289
3
290
0
340
4C
342
84
371
-2
372
-2
  0
DIMSTYLE
105
88
330
4
100
AcDbSymbolTableRecord
100
AcDbDimStyleTableRecord
  2
EZ_RADIUS_INSIDE
 70
0
 40
1.0
 41
0.25
 42
0.125
 43
3.75
 44
0.375
 45
0.0
 46
0.0
 47
0.0
 48
0.0
 49
2.5
140
0.25
141
0.0
142
0.0
143
0.03937007874
144
100.0
145
0.0
146
0.5
147
0.1
148
0.0
 69
0
 70
0
 71
0
 72
0
 73
0
 74
0
 75
0
 76
0
 77
0
 78
12
 79
3
170
0
171
3
172
0
173
0
174
1
175
0
176
0
177
0
178
0
179
2
271
2
272
2
273
2
274
3
275
0
276
0
277
2
278
46
279
0
280
0
281
0
282
0
283
0
284
8
285
0
286
0
288
1
289
0
290
0
340
4C
342
84
371
-2
372
-2
  0
DIMSTYLE
105
89
330
4
100
AcDbSymbolTableRecord
100
AcDbDimStyleTableRecord
  2
EZ_CURVED
 70
0
 40
1.0
 41
0.25
 42
0.125
 43
3.75
 44
0.375
 45
0.0
 46
0.0
 47
0.0
 48
0.0
 49
2.5
140
0.25
141
2.5
142
0.0
143
0.03937007874
144
100.0
145
0.0
146
0.5
147
0.1
148
0.0
 69
0
 70
0
 71
0
 72
0
 73
0
 74
0
 75
0
 76
0
 77
1
 78
12
 79
2
 90
2
170
0
171
3
172
1
173
0
174
0
175
0
176
0
177
0
178
0
179
2
271
2
272
2
273
2
274
3
275
0
276
0
277
2
278
46
279
2
280
0
281
0
282
0
283
0
284
8
285
0
286
0
288
1
289
3
290
0
340
4C
371
-2
372
-2
  0
ENDTAB
  0
TABLE
  2
BLOCK_RECORD
  5
9
330
0
100
AcDbSymbolTable
 70
10
  0
BLOCK_RECORD
  5
17
330
9
100
AcDbSymbolTableRecord
100
AcDbBlockTableRecord
  2
*Model_Space
340
1A
 70
0
280
1
281
0
  0
BLOCK_RECORD
  5
1B
330
9
100
AcDbSymbolTableRecord
100
AcDbBlockTableRecord
  2
*Paper_Space
340
1E
 70
0
280
1
281
0
  0
BLOCK_RECORD
  5
74
330
9
100
AcDbSymbolTableRecord
100
AcDbBlockTableRecord
  2
_ARCHTICK
340
0
 70
0
280
1
281
0
  0
BLOCK_RECORD
  5
78
330
9
100
AcDbSymbolTableRecord
100
AcDbBlockTableRecord
  2
_CLOSEDFILLED
340
0
 70
0
280
1
281
0
  0
BLOCK_RECORD
  5
84
330
9
100
AcDbSymbolTableRecord
100
AcDbBlockTableRecord
  2
_CLOSEDBLANK
340
0
 70
0
280
1
281
0
  0
BLOCK_RECORD
  5
90
330
9
100
AcDbSymbolTableRecord
100
AcDbBlockTableRecord
  2
HGND2
340
0
 70
0
280
1
281
0
  0
BLOCK_RECORD
  5
97
330
9
100
AcDbSymbolTableRecord
100
AcDbBlockTableRecord
  2
VCN1PJ
340
0
 70
0
280
1
281
0
  0
BLOCK_RECORD
  5
B1
330
9
100
AcDbSymbolTableRecord
100
AcDbBlockTableRecord
  2
VFU1
340
0
 70
0
280
1
281
0
  0
BLOCK_RECORD
  5
CB
330
9
100
AcDbSymbolTableRecord
100
AcDbBlockTableRecord
  2
VXF1CT
340
0
 70
0
280
1
281
0
  0
BLOCK_RECORD
  5
E6
330
9
100
AcDbSymbolTableRecord
100
AcDbBlockTableRecord
  2
WDDOT
340
0
 70
0
280
1
281
0
  0
ENDTAB
  0
ENDSEC
  0
SECTION
  2
BLOCKS
  0
BLOCK
  5
18
330
17
100
AcDbEntity
  8
0
100
AcDbBlockBegin
  2
*Model_Space
 70
0
 10
0.0
 20
0.0
 30
0.0
  3
*Model_Space
  1

  0
ENDBLK
  5
19
330
17
100
AcDbEntity
  8
0
100
AcDbBlockEnd
  0
BLOCK
  5
1C
330
1B
100
AcDbEntity
  8
0
100
AcDbBlockBegin
  2
*Paper_Space
 70
0
 10
0.0
 20
0.0
 30
0.0
  3
*Paper_Space
  1

  0
ENDBLK
  5
1D
330
1B
100
AcDbEntity
  8
0
100
AcDbBlockEnd
  0
BLOCK
  5
75
330
74
100
AcDbEntity
  8
0
100
AcDbBlockBegin
  2
_ARCHTICK
 70
0
 10
0.0
 20
0.0
 30
0.0
  3
_ARCHTICK
  1

  0
LWPOLYLINE
  5
77
330
74
100
AcDbEntity
  8
0
  6
BYBLOCK
 62
0
100
AcDbPolyline
 90
2
 70
0
 43
0.15
 10
-0.5
 20
-0.5
 10
0.5
 20
0.5
  0
ENDBLK
  5
76
330
74
100
AcDbEntity
  8
0
100
AcDbBlockEnd
  0
BLOCK
  5
79
330
78
100
AcDbEntity
  8
0
100
AcDbBlockBegin
  2
_CLOSEDFILLED
 70
0
 10
0.0
 20
0.0
 30
0.0
  3
_CLOSEDFILLED
  1

  0
SOLID
  5
7B
330
78
100
AcDbEntity
  8
0
  6
BYBLOCK
 62
0
100
AcDbTrace
 10
-1.0
 20
0.16439898372402537
 30
0.0
 11
0.0
 21
0.0
 31
0.0
 12
-1.0
 22
-0.16439898372402537
 32
0.0
 13
-1.0
 23
-0.16439898372402537
 33
0.0
  0
ENDBLK
  5
7A
330
78
100
AcDbEntity
  8
0
100
AcDbBlockEnd
  0
BLOCK
  5
85
330
84
100
AcDbEntity
  8
0
100
AcDbBlockBegin
  2
_CLOSEDBLANK
 70
0
 10
0.0
 20
0.0
 30
0.0
  3
_CLOSEDBLANK
  1

  0
LWPOLYLINE
  5
87
330
84
100
AcDbEntity
  8
0
  6
BYBLOCK
 62
0
100
AcDbPolyline
 90
3
 70
1
 10
-1.0
 20
0.16439898372402537
 10
0.0
 20
0.0
 10
-1.0
 20
-0.16439898372402537
  0
ENDBLK
  5
86
330
84
100
AcDbEntity
  8
0
100
AcDbBlockEnd
  0
BLOCK
  5
91
330
90
100
AcDbEntity
  8
0
100
AcDbBlockBegin
  2
HGND2
 70
2
 10
0.0
 20
0.0
 30
0.0
  3
HGND2
  1

  0
LINE
  5
93
330
90
100
AcDbEntity
  8
0
100
AcDbLine
 10
0.0
 20
0.09375
 30
0.0
 11
0.0
 21
-0.09375
 31
0.0
  0
LINE
  5
94
330
90
100
AcDbEntity
  8
0
100
AcDbLine
 10
0.046875
 20
0.0625
 30
0.0
 11
0.046875
 21
-0.0625
 31
0.0
  0
LINE
  5
95
330
90
100
AcDbEntity
  8
0
100
AcDbLine
 10
0.09375
 20
0.03125
 30
0.0
 11
0.09375
 21
-0.03125
 31
0.0
  0
ATTDEF
  5
96
330
90
100
AcDbEntity
  8
0
100
AcDbText
 10
0.0
 20
0.0
 30
0.0
 40
0.01
  1

  7
WD
100
AcDbAttributeDefinition
  3

  2
X4TERM01
 70
1
  0
ENDBLK
  5
92
330
90
100
AcDbEntity
  8
0
100
AcDbBlockEnd
  0
BLOCK
  5
98
330
97
100
AcDbEntity
  8
0
100
AcDbBlockBegin
  2
VCN1PJ
 70
2
 10
0.0
 20
0.0
 30
0.0
  3
VCN1PJ
  1

  0
LINE
  5
9A
330
97
100
AcDbEntity
  8
0
100
AcDbLine
 10
0.0
 20
-0.03125
 30
0.0
 11
-0.0625
 21
-0.125
 31
0.0
  0
LINE
  5
9B
330
97
100
AcDbEntity
  8
0
100
AcDbLine
 10
0.0
 20
-0.03125
 30
0.0
 11
0.0625
 21
-0.125
 31
0.0
  0
LINE
  5
9C
330
97
100
AcDbEntity
  8
0
100
AcDbLine
 10
0.0
 20
0.0625
 30
0.0
 11
-0.09375
 21
-0.0625
 31
0.0
  0
LINE
  5
9D
330
97
100
AcDbEntity
  8
0
100
AcDbLine
 10
0.0
 20
0.0625
 30
0.0
 11
0.09375
 21
-0.0625
 31
0.0
  0
LINE
  5
9E
330
97
100
AcDbEntity
  8
0
100
AcDbLine
 10
0.0
 20
-0.03125
 30
0.0
 11
0.0
 21
-0.09375
 31
0.0
  0
ATTDEF
  5
9F
330
97
100
AcDbEntity
  8
0
100
AcDbText
 10
0.2291666666666667
 20
0.8498017589547741
 30
0.0
 40
0.125
  1

  7
WD
 41
0.7
 72
2
 11
0.2291666666666667
 21
0.8498017589547741
 31
0.0
100
AcDbAttributeDefinition
  3

  2
INST
 70
0
  0
ATTDEF
  5
A0
330
97
100
AcDbEntity
  8
0
100
AcDbText
 10
0.0130729268949868
 20
-0.1146401272584949
 30
0.0
 40
0.01
  1
P
  7
WD
100
AcDbAttributeDefinition
  3

  2
X8TERMDESC01
 70
1
  0
ATTDEF
  5
A1
330
97
100
AcDbEntity
  8
0
100
AcDbText
 10
0.0261458644990533
 20
0.0416098677706964
 30
0.0
 40
0.01
  1
J
  7
WD
100
AcDbAttributeDefinition
  3

  2
X2TERMDESC02
 70
1
  0
ATTDEF
  5
A2
330
97
100
AcDbEntity
  8
0
  6
Continuous
100
AcDbText
 10
-0.1090752636275756
 20
-0.0139434821641545
 30
0.0
 40
0.01
  1

  7
WD
 72
1
 11
-0.1090752636275756
 21
-0.0139434821641545
 31
0.0
100
AcDbAttributeDefinition
  3

  2
ASSYCODE
 70
9
  0
ATTDEF
  5
A3
330
97
100
AcDbEntity
  8
0
100
AcDbText
 10
-0.125
 20
-0.0625
 30
0.0
 40
0.01
  1

  7
WD
100
AcDbAttributeDefinition
  3

  2
X4LINK
 70
0
  0
ATTDEF
  5
A4
330
97
100
AcDbEntity
  8
0
100
AcDbText
 10
0.125
 20
-0.0625
 30
0.0
 40
0.01
  1

  7
WD
100
AcDbAttributeDefinition
  3

  2
X1LINK
 70
0
  0
ATTDEF
  5
A5
330
97
100
AcDbEntity
  8
0
100
AcDbText
 10
-0.0625
 20
0.6802017589547742
 30
0.0
 40
0.125
  1

  7
WD
 41
0.7
 72
2
 11
-0.0625
 21
0.6802017589547742
 31
0.0
100
AcDbAttributeDefinition
  3

  2
LOC
 70
0
  0
ATTDEF
  5
A6
330
97
100
AcDbEntity
  8
0
  6
Continuous
100
AcDbText
 10
-0.1086068915503407
 20
3.92832228555e-05
 30
0.0
 40
0.01
  1

  7
WD
 72
1
 11
-0.1086068915503407
 21
3.92832228555e-05
 31
0.0
100
AcDbAttributeDefinition
  3

  2
MFG
 70
9
  0
ATTDEF
  5
A7
330
97
100
AcDbEntity
  8
0
  6
Continuous
100
AcDbText
 10
-0.1066618459104218
 20
0.0194810369303064
 30
0.0
 40
0.01
  1

  7
WD
 72
1
 11
-0.1066618459104218
 21
0.0194810369303064
 31
0.0
100
AcDbAttributeDefinition
  3

  2
CAT
 70
9
  0
ATTDEF
  5
A8
330
97
100
AcDbEntity
  8
0
100
AcDbText
 10
-0.131715111848772
 20
0.0636574527900694
 30
0.0
 40
0.01
  1
PJ
  7
WD
100
AcDbAttributeDefinition
  3

  2
FAMILY
 70
9
  0
ATTDEF
  5
A9
330
97
100
AcDbEntity
  8
0
100
AcDbText
 10
-0.0625
 20
0.3542789046476642
 30
0.0
 40
0.125
  1

  7
WD
 41
0.7
 72
2
 11
-0.0625
 21
0.3542789046476642
 31
0.0
100
AcDbAttributeDefinition
  3

  2
DESC2
 70
0
  0
ATTDEF
  5
AA
330
97
100
AcDbEntity
  8
0
100
AcDbText
 10
-0.0625
 20
0.5105253318012193
 30
0.0
 40
0.125
  1

  7
WD
 41
0.7
 72
2
 11
-0.0625
 21
0.5105253318012193
 31
0.0
100
AcDbAttributeDefinition
  3

  2
DESC1
 70
0
  0
ATTDEF
  5
AB
330
97
100
AcDbEntity
  8
0
100
AcDbText
 10
-0.2708333333333334
 20
0.09375
 30
0.0
 40
0.125
  1
PJ
  7
WD
 72
2
 11
-0.0625
 21
0.09375
 31
0.0
100
AcDbAttributeDefinition
  3

  2
TAG1
 70
0
  0
ATTDEF
  5
AC
330
97
100
AcDbEntity
  8
0
  6
Continuous
100
AcDbText
 10
0.047
 20
-0.28125
 30
0.0
 40
0.125
  1
1
  7
WD
 11
0.047
 21
-0.15625
 31
0.0
100
AcDbAttributeDefinition
  3

  2
TERM01
 70
8
 74
3
  0
ATTDEF
  5
AD
330
97
100
AcDbEntity
  8
0
100
AcDbText
 10
0.0
 20
-0.09375
 30
0.0
 40
0.0125
  1

  7
WD
100
AcDbAttributeDefinition
  3

  2
X8TERM01
 70
1
  0
ATTDEF
  5
AE
330
97
100
AcDbEntity
  8
0
100
AcDbText
 10
0.0
 20
0.0625
 30
0.0
 40
0.0125
  1

  7
WD
100
AcDbAttributeDefinition
  3

  2
X2TERM02
 70
1
  0
ATTDEF
  5
AF
330
97
100
AcDbEntity
  8
0
  6
Continuous
100
AcDbText
 10
0.047
 20
0.0625
 30
0.0
 40
0.125
  1
1
  7
WD
100
AcDbAttributeDefinition
  3

  2
TERM02
 70
8
  0
ATTDEF
  5
B0
330
97
100
AcDbEntity
  8
0
100
AcDbText
 10
-0.131715111848772
 20
0.045025320458437
 30
0.0
 40
0.01
  1
VC0
  7
WD
100
AcDbAttributeDefinition
  3

  2
WDBLKNAM
 70
9
  0
ENDBLK
  5
99
330
97
100
AcDbEntity
  8
0
100
AcDbBlockEnd
  0
BLOCK
  5
B2
330
B1
100
AcDbEntity
  8
0
100
AcDbBlockBegin
  2
VFU1
 70
2
 10
0.0
 20
0.0
 30
0.0
  3
VFU1
  1

  0
LINE
  5
B4
330
B1
100
AcDbEntity
  8
0
100
AcDbLine
 10
0.078125
 20
-0.1875
 30
0.0
 11
-0.078125
 21
-0.1875
 31
0.0
  0
LINE
  5
B5
330
B1
100
AcDbEntity
  8
0
100
AcDbLine
 10
-0.078125
 20
-0.1875
 30
0.0
 11
-0.078125
 21
0.1875
 31
0.0
  0
LINE
  5
B6
330
B1
100
AcDbEntity
  8
0
100
AcDbLine
 10
-0.078125
 20
0.1875
 30
0.0
 11
0.078125
 21
0.1875
 31
0.0
  0
LINE
  5
B7
330
B1
100
AcDbEntity
  8
0
100
AcDbLine
 10
0.078125
 20
0.1875
 30
0.0
 11
0.078125
 21
-0.1875
 31
0.0
  0
LINE
  5
B8
330
B1
100
AcDbEntity
  8
0
100
AcDbLine
 10
-0.078125
 20
-0.15625
 30
0.0
 11
0.078125
 21
-0.15625
 31
0.0
  0
LINE
  5
B9
330
B1
100
AcDbEntity
  8
0
100
AcDbLine
 10
-0.078125
 20
0.15625
 30
0.0
 11
0.078125
 21
0.15625
 31
0.0
  0
ATTDEF
  5
BA
330
B1
100
AcDbEntity
  8
0
100
AcDbText
 10
0.2812499989574033
 20
-0.3749999992913386
 30
0.0
 40
0.0625
  1

  7
WD
 41
0.7
100
AcDbAttributeDefinition
  3

  2
DESC3
 70
0
  0
ATTDEF
  5
BB
330
B1
100
AcDbEntity
  8
0
100
AcDbText
 10
0.2812499989574033
 20
-0.290415342967703
 30
0.0
 40
0.0625
  1

  7
WD
 41
0.7
100
AcDbAttributeDefinition
  3

  2
DESC2
 70
0
  0
ATTDEF
  5
BC
330
B1
100
AcDbEntity
  8
0
100
AcDbText
 10
0.2812499989574033
 20
-0.1962550637799636
 30
0.0
 40
0.0625
  1

  7
WD
 41
0.7
100
AcDbAttributeDefinition
  3

  2
DESC1
 70
0
  0
ATTDEF
  5
BD
330
B1
100
AcDbEntity
  8
0
100
AcDbText
 10
0.28125
 20
0.162925
 30
0.0
 40
0.0625
  1

  7
WD
 41
0.7
100
AcDbAttributeDefinition
  3

  2
INST
 70
0
  0
ATTDEF
  5
BE
330
B1
100
AcDbEntity
  8
0
 62
7
100
AcDbText
 10
-0.125
 20
0.0
 30
0.0
 40
0.01
  1

  7
WD
100
AcDbAttributeDefinition
  3

  2
X4LINK
 70
0
  0
ATTDEF
  5
BF
330
B1
100
AcDbEntity
  8
0
 62
7
100
AcDbText
 10
0.140625
 20
0.0
 30
0.0
 40
0.01
  1

  7
WD
100
AcDbAttributeDefinition
  3

  2
X1LINK
 70
0
  0
ATTDEF
  5
C0
330
B1
100
AcDbEntity
  8
0
  6
Continuous
100
AcDbText
 10
-0.0984836324360505
 20
-0.1080596515661348
 30
0.0
 40
0.01
  1

  7
WD
 72
1
 11
-0.0984836324360505
 21
-0.1080596515661348
 31
0.0
100
AcDbAttributeDefinition
  3

  2
ASSYCODE
 70
9
  0
ATTDEF
  5
C1
330
B1
100
AcDbEntity
  8
0
100
AcDbText
 10
0.1581914379730698
 20
-0.0606249999999502
 30
0.0
 40
0.109375
  1
FU
  7
WD
 41
0.9
100
AcDbAttributeDefinition
  3

  2
TAG1
 70
0
  0
ATTDEF
  5
C2
330
B1
100
AcDbEntity
  8
0
100
AcDbText
 10
0.28125
 20
0.078125
 30
0.0
 40
0.0625
  1

  7
WD
 41
0.7
100
AcDbAttributeDefinition
  3

  2
LOC
 70
0
  0
ATTDEF
  5
C3
330
B1
100
AcDbEntity
  8
0
  6
Continuous
100
AcDbText
 10
-0.0549703791556545
 20
0.2066266160049203
 30
0.0
 40
0.0625
  1

  7
WD
 72
2
 11
-0.0549703791556545
 21
0.2066266160049203
 31
0.0
100
AcDbAttributeDefinition
  3

  2
TERM01
 70
8
  0
ATTDEF
  5
C4
330
B1
100
AcDbEntity
  8
0
  6
Continuous
100
AcDbText
 10
-0.0407012216079946
 20
-0.2759470306509962
 30
0.0
 40
0.0625
  1

  7
WD
 72
2
 11
-0.0407012216079946
 21
-0.2134470306509962
 31
0.0
100
AcDbAttributeDefinition
  3

  2
TERM02
 70
8
 74
3
  0
ATTDEF
  5
C5
330
B1
100
AcDbEntity
  8
0
 62
7
100
AcDbText
 10
0.0
 20
0.1875
 30
0.0
 40
0.0109375
  1

  7
WD
100
AcDbAttributeDefinition
  3

  2
X2TERM01
 70
1
  0
ATTDEF
  5
C6
330
B1
100
AcDbEntity
  8
0
 62
7
100
AcDbText
 10
0.0
 20
-0.1875
 30
0.0
 40
0.0109375
  1

  7
WD
100
AcDbAttributeDefinition
  3

  2
X8TERM02
 70
1
  0
ATTDEF
  5
C7
330
B1
100
AcDbEntity
  8
0
100
AcDbText
 10
-0.0962835856596718
 20
-0.0364595424723361
 30
0.0
 40
0.01
  1
FU
  7
WD
 72
2
 11
-0.0796169189930052
 21
-0.0364595424723361
 31
0.0
100
AcDbAttributeDefinition
  3

  2
FAMILY
 70
9
  0
ATTDEF
  5
C8
330
B1
100
AcDbEntity
  8
0
  6
Continuous
100
AcDbText
 10
-0.0796169189930052
 20
-0.0731262091390027
 30
0.0
 40
0.01
  1

  7
WD
 72
2
 11
-0.0796169189930052
 21
-0.0731262091390027
 31
0.0
100
AcDbAttributeDefinition
  3

  2
CAT
 70
9
  0
ATTDEF
  5
C9
330
B1
100
AcDbEntity
  8
0
  6
Continuous
100
AcDbText
 10
-0.0796169189930052
 20
-0.0881262091390027
 30
0.0
 40
0.01
  1

  7
WD
 72
2
 11
-0.0796169189930052
 21
-0.0881262091390027
 31
0.0
100
AcDbAttributeDefinition
  3

  2
MFG
 70
9
  0
ATTDEF
  5
CA
330
B1
100
AcDbEntity
  8
0
100
AcDbText
 10
0.046875
 20
0.0
 30
0.0
 40
0.09375
  1

 50
90.0
  7
WD
 41
0.7
 72
1
 11
0.0
 21
0.0
 31
0.0
100
AcDbAttributeDefinition
  3

  2
RATING1
 70
0
 74
2
  0
ENDBLK
  5
B3
330
B1
100
AcDbEntity
  8
0
100
AcDbBlockEnd
  0
BLOCK
  5
CC
330
CB
100
AcDbEntity
  8
0
100
AcDbBlockBegin
  2
VXF1CT
 70
2
 10
0.0
 20
0.0
 30
0.0
  3
VXF1CT
  1

  0
ARC
  5
CE
330
CB
100
AcDbEntity
  8
0
100
AcDbCircle
 10
-0.34375
 20
-0.125
 30
0.0
 40
0.125
100
AcDbArc
 50
90.0
 51
270.0
  0
ARC
  5
CF
330
CB
100
AcDbEntity
  8
0
100
AcDbCircle
 10
-0.34375
 20
0.125
 30
0.0
 40
0.125
100
AcDbArc
 50
90.0
 51
270.0
  0
LINE
  5
D0
330
CB
100
AcDbEntity
  8
0
100
AcDbLine
 10
-0.34375
 20
0.0
 30
0.0
 11
-0.28125
 21
0.0
 31
0.0
  0
LINE
  5
D1
330
CB
100
AcDbEntity
  8
0
100
AcDbLine
 10
-0.34375
 20
-0.25
 30
0.0
 11
-0.0321974015839574
 21
-0.25
 31
0.0
  0
LINE
  5
D2
330
CB
100
AcDbEntity
  8
0
100
AcDbLine
 10
-0.34375
 20
0.25
 30
0.0
 11
-0.0321974015839574
 21
0.25
 31
0.0
  0
CIRCLE
  5
D3
330
CB
100
AcDbEntity
  8
0
100
AcDbCircle
 10
0.0
 20
0.2490382372998621
 30
0.0
 40
0.032211762700138
  0
CIRCLE
  5
D4
330
CB
100
AcDbEntity
  8
0
100
AcDbCircle
 10
0.0
 20
-0.2490382372998621
 30
0.0
 40
0.032211762700138
  0
ATTDEF
  5
D5
330
CB
100
AcDbEntity
  8
0
100
AcDbText
 10
-0.2270833333333333
 20
-0.421875
 30
0.0
 40
0.125
  1

  7
WD
 41
0.7
 72
1
 11
-0.2270833333333333
 21
-0.421875
 31
0.0
100
AcDbAttributeDefinition
  3

  2
INST
 70
0
  0
ATTDEF
  5
D6
330
CB
100
AcDbEntity
  8
0
100
AcDbText
 10
0.0
 20
-0.2831735254002758
 30
0.0
 40
0.0125
  1

  7
WD
100
AcDbAttributeDefinition
  3

  2
X8TERM01
 70
1
  0
ATTDEF
  5
D7
330
CB
100
AcDbEntity
  8
0
100
AcDbText
 10
0.0322117627001379
 20
-0.2509617627001379
 30
0.0
 40
0.0125
  1

  7
WD
100
AcDbAttributeDefinition
  3

  2
X1TERM01
 70
1
  0
ATTDEF
  5
D8
330
CB
100
AcDbEntity
  8
0
  6
Continuous
100
AcDbText
 10
-0.0549378303809576
 20
-0.2305439677362169
 30
0.0
 40
0.125
  1

  7
WD
 72
2
 11
-0.0549378303809576
 21
-0.2305439677362169
 31
0.0
100
AcDbAttributeDefinition
  3

  2
TERM01
 70
8
  0
ATTDEF
  5
D9
330
CB
100
AcDbEntity
  8
0
  6
Continuous
100
AcDbText
 10
-0.0449930830489329
 20
0.2669657848838338
 30
0.0
 40
0.125
  1

  7
WD
 72
2
 11
-0.0449930830489329
 21
0.2669657848838338
 31
0.0
100
AcDbAttributeDefinition
  3

  2
TERM02
 70
8
  0
ATTDEF
  5
DA
330
CB
100
AcDbEntity
  8
0
100
AcDbText
 10
0.0322117627001379
 20
0.2490382372998621
 30
0.0
 40
0.0125
  1

  7
WD
100
AcDbAttributeDefinition
  3

  2
X1TERM02
 70
1
  0
ATTDEF
  5
DB
330
CB
100
AcDbEntity
  8
0
100
AcDbText
 10
0.0
 20
0.28125
 30
0.0
 40
0.0125
  1

  7
WD
100
AcDbAttributeDefinition
  3

  2
X2TERM02
 70
1
  0
ATTDEF
  5
DC
330
CB
100
AcDbEntity
  8
0
100
AcDbText
 10
0.28125
 20
-0.125
 30
0.0
 40
0.125
  1

  7
WD
 41
0.7
100
AcDbAttributeDefinition
  3

  2
RATING1
 70
0
  0
ATTDEF
  5
DD
330
CB
100
AcDbEntity
  8
0
100
AcDbText
 10
0.28125
 20
0.03125
 30
0.0
 40
0.125
  1
XF
  7
WD
100
AcDbAttributeDefinition
  3

  2
TAG1
 70
0
  0
ATTDEF
  5
DE
330
CB
100
AcDbEntity
  8
0
100
AcDbText
 10
-0.200529377727209
 20
-0.7572946681987807
 30
0.0
 40
0.125
  1

  7
WD
 41
0.7
 72
1
 11
-0.200529377727209
 21
-0.7572946681987807
 31
0.0
100
AcDbAttributeDefinition
  3

  2
DESC1
 70
0
  0
ATTDEF
  5
DF
330
CB
100
AcDbEntity
  8
0
100
AcDbText
 10
-0.200529377727209
 20
-0.913541095352336
 30
0.0
 40
0.125
  1

  7
WD
 41
0.7
 72
1
 11
-0.200529377727209
 21
-0.913541095352336
 31
0.0
100
AcDbAttributeDefinition
  3

  2
DESC2
 70
0
  0
ATTDEF
  5
E0
330
CB
100
AcDbEntity
  8
0
100
AcDbText
 10
-0.200529377727209
 20
-0.601048241045226
 30
0.0
 40
0.125
  1

  7
WD
 41
0.7
 72
1
 11
-0.200529377727209
 21
-0.601048241045226
 31
0.0
100
AcDbAttributeDefinition
  3

  2
LOC
 70
0
  0
ATTDEF
  5
E1
330
CB
100
AcDbEntity
  8
0
  6
Continuous
100
AcDbText
 10
-0.1709301751010279
 20
0.1189553503863717
 30
0.0
 40
0.01
  1

  7
WD
 72
1
 11
-0.1709301751010279
 21
0.1189553503863717
 31
0.0
100
AcDbAttributeDefinition
  3

  2
ASSYCODE
 70
9
  0
ATTDEF
  5
E2
330
CB
100
AcDbEntity
  8
0
100
AcDbText
 10
-0.1927083333333333
 20
-0.046875
 30
0.0
 40
0.125
  1
C.T.
  7
WD
 72
1
 11
-0.046875
 21
-0.046875
 31
0.0
100
AcDbAttributeDefinition
  3

  2
TYPE
 70
0
  0
ATTDEF
  5
E3
330
CB
100
AcDbEntity
  8
0
100
AcDbText
 10
-0.1958072240996325
 20
0.1906902937183689
 30
0.0
 40
0.01
  1
XF
  7
WD
100
AcDbAttributeDefinition
  3

  2
FAMILY
 70
9
  0
ATTDEF
  5
E4
330
CB
100
AcDbEntity
  8
0
  6
Continuous
100
AcDbText
 10
-0.1707539581612827
 20
0.1621388778586058
 30
0.0
 40
0.01
  1

  7
WD
 72
1
 11
-0.1707539581612827
 21
0.1621388778586058
 31
0.0
100
AcDbAttributeDefinition
  3

  2
CAT
 70
9
  0
ATTDEF
  5
E5
330
CB
100
AcDbEntity
  8
0
  6
Continuous
100
AcDbText
 10
-0.1726990038012013
 20
0.1426971241511551
 30
0.0
 40
0.01
  1

  7
WD
 72
1
 11
-0.1726990038012013
 21
0.1426971241511551
 31
0.0
100
AcDbAttributeDefinition
  3

  2
MFG
 70
9
  0
ENDBLK
  5
CD
330
CB
100
AcDbEntity
  8
0
100
AcDbBlockEnd
  0
BLOCK
  5
E7
330
E6
100
AcDbEntity
  8
0
100
AcDbBlockBegin
  2
WDDOT
 70
0
 10
0.0
 20
0.0
 30
0.0
  3
WDDOT
  1

  0
CIRCLE
  5
E9
330
E6
100
AcDbEntity
  8
0
100
AcDbCircle
 10
0.0
 20
0.0
 30
0.0
 40
0.0300000000000003
  0
CIRCLE
  5
EA
330
E6
100
AcDbEntity
  8
0
100
AcDbCircle
 10
0.0
 20
0.0
 30
0.0
 40
0.0187012496499282
  0
CIRCLE
  5
EB
330
E6
100
AcDbEntity
  8
0
100
AcDbCircle
 10
0.0
 20
0.0
 30
0.0
 40
0.0092948236686489
  0
ENDBLK
  5
E8
330
E6
100
AcDbEntity
  8
0
100
AcDbBlockEnd
  0
ENDSEC
  0
SECTION
  2
ENTITIES
  0
LWPOLYLINE
  5
ED
330
17
100
AcDbEntity
  8
SLD_CUBICLE
100
AcDbPolyline
 90
4
 70
1
 10
0.243
 20
18.281
 10
3.8529999999999998
 20
18.281
 10
3.8529999999999998
 20
4.231
 10
0.243
 20
4.231
  0
LWPOLYLINE
  5
EE
330
17
100
AcDbEntity
  8
SLD_CUBICLE
100
AcDbPolyline
 90
4
 70
1
 10
3.8529999999999998
 20
18.281
 10
7.462999999999999
 20
18.281
 10
7.462999999999999
 20
4.231
 10
3.8529999999999998
 20
4.231
  0
LWPOLYLINE
  5
EF
330
17
100
AcDbEntity
  8
SLD_CUBICLE
100
AcDbPolyline
 90
4
 70
1
 10
7.463
 20
18.281
 10
11.073
 20
18.281
 10
11.073
 20
4.231
 10
7.463
 20
4.231
  0
LINE
  5
F0
330
17
100
AcDbEntity
  8
SLD_BUS
100
AcDbLine
 10
1.577
 20
12.609
 30
0.0
 11
2.6310000000000002
 21
12.609
 31
0.0
  0
ARC
  5
F1
330
17
100
AcDbEntity
  8
SLD_BUS
100
AcDbCircle
 10
2.681
 20
12.609
 30
0.0
 40
0.05
100
AcDbArc
 50
0.0
 51
180.0
  0
LINE
  5
F2
330
17
100
AcDbEntity
  8
SLD_BUS
100
AcDbLine
 10
2.731
 20
12.609
 30
0.0
 11
6.241
 21
12.609
 31
0.0
  0
ARC
  5
F3
330
17
100
AcDbEntity
  8
SLD_BUS
100
AcDbCircle
 10
6.2909999999999995
 20
12.609
 30
0.0
 40
0.05
100
AcDbArc
 50
0.0
 51
180.0
  0
LINE
  5
F4
330
17
100
AcDbEntity
  8
SLD_BUS
100
AcDbLine
 10
6.340999999999999
 20
12.609
 30
0.0
 11
8.797
 21
12.609
 31
0.0
  0
MTEXT
  5
F5
330
17
100
AcDbEntity
  8
SLD_TEXT
100
AcDbMText
 10
0.9219999999999999
 20
12.825
 30
0.0
 40
0.1
 41
0.0
 71
1
  1
BUS A, 2000A, 37KAIC,3PH,13.8kV
  0
LINE
  5
F6
330
17
100
AcDbEntity
  8
SLD_WIRE
100
AcDbLine
 10
1.577
 20
18.572
 30
0.0
 11
1.577
 21
15.598
 31
0.0
  0
LINE
  5
F7
330
17
100
AcDbEntity
  8
SLD_WIRE
100
AcDbLine
 10
1.577
 20
15.442
 30
0.0
 11
1.577
 21
15.013
 31
0.0
  0
LINE
  5
F8
330
17
100
AcDbEntity
  8
SLD_WIRE
100
AcDbLine
 10
1.577
 20
14.092
 30
0.0
 11
1.577
 21
13.736
 31
0.0
  0
LINE
  5
F9
330
17
100
AcDbEntity
  8
SLD_WIRE
100
AcDbLine
 10
1.577
 20
13.58
 30
0.0
 11
1.577
 21
12.609
 31
0.0
  0
INSERT
  5
FA
330
17
100
AcDbEntity
  8
SLD_SYMS
100
AcDbBlockReference
  2
WDDOT
 10
1.577
 20
12.609
 30
0.0
  0
INSERT
  5
FC
330
17
100
AcDbEntity
  8
SLD_SYMS
100
AcDbBlockReference
 66
1
  2
VCN1PJ
 10
1.577
 20
18.635
 30
0.0
 50
180.0
  0
ATTRIB
  5
FE
330
17
100
AcDbEntity
  8
0
100
AcDbText
 10
1.3478333333333332
 20
17.785198241045226
 30
0.0
 40
0.125
  1

 50
180.0
  7
WD
 41
0.7
 72
2
 11
1.3478333333333332
 21
17.785198241045226
 31
0.0
100
AcDbAttribute
  2
INST
 70
1
  0
ATTRIB
  5
FF
330
17
100
AcDbEntity
  8
0
100
AcDbText
 10
1.5639270731050132
 20
18.749640127258495
 30
0.0
 40
0.01
  1

 50
180.0
  7
WD
 11
1.5639270731050132
 21
18.749640127258495
 31
0.0
100
AcDbAttribute
  2
X8TERMDESC01
 70
1
  0
ATTRIB
  5
100
330
17
100
AcDbEntity
  8
0
100
AcDbText
 10
1.5508541355009466
 20
18.593390132229306
 30
0.0
 40
0.01
  1

 50
180.0
  7
WD
 11
1.5508541355009466
 21
18.593390132229306
 31
0.0
100
AcDbAttribute
  2
X2TERMDESC02
 70
1
  0
ATTRIB
  5
101
330
17
100
AcDbEntity
  8
0
  6
Continuous
100
AcDbText
 10
1.6860752636275755
 20
18.648943482164157
 30
0.0
 40
0.01
  1

 50
180.0
  7
WD
 72
1
 11
1.6860752636275755
 21
18.648943482164157
 31
0.0
100
AcDbAttribute
  2
ASSYCODE
 70
9
  0
ATTRIB
  5
102
330
17
100
AcDbEntity
  8
0
100
AcDbText
 10
1.702
 20
18.6975
 30
0.0
 40
0.01
  1

 50
180.0
  7
WD
 11
1.702
 21
18.6975
 31
0.0
100
AcDbAttribute
  2
X4LINK
 70
1
  0
ATTRIB
  5
103
330
17
100
AcDbEntity
  8
0
100
AcDbText
 10
1.452
 20
18.6975
 30
0.0
 40
0.01
  1

 50
180.0
  7
WD
 11
1.452
 21
18.6975
 31
0.0
100
AcDbAttribute
  2
X1LINK
 70
1
  0
ATTRIB
  5
104
330
17
100
AcDbEntity
  8
0
100
AcDbText
 10
1.6395
 20
17.95479824104523
 30
0.0
 40
0.125
  1

 50
180.0
  7
WD
 41
0.7
 72
2
 11
1.6395
 21
17.95479824104523
 31
0.0
100
AcDbAttribute
  2
LOC
 70
1
  0
ATTRIB
  5
105
330
17
100
AcDbEntity
  8
0
  6
Continuous
100
AcDbText
 10
1.6856068915503406
 20
18.634960716777147
 30
0.0
 40
0.01
  1

 50
180.0
  7
WD
 72
1
 11
1.6856068915503406
 21
18.634960716777147
 31
0.0
100
AcDbAttribute
  2
MFG
 70
9
  0
ATTRIB
  5
106
330
17
100
AcDbEntity
  8
0
  6
Continuous
100
AcDbText
 10
1.6836618459104218
 20
18.615518963069697
 30
0.0
 40
0.01
  1

 50
180.0
  7
WD
 72
1
 11
1.6836618459104218
 21
18.615518963069697
 31
0.0
100
AcDbAttribute
  2
CAT
 70
9
  0
ATTRIB
  5
107
330
17
100
AcDbEntity
  8
0
100
AcDbText
 10
1.708715111848772
 20
18.571342547209934
 30
0.0
 40
0.01
  1

 50
180.0
  7
WD
 11
1.708715111848772
 21
18.571342547209934
 31
0.0
100
AcDbAttribute
  2
FAMILY
 70
9
  0
ATTRIB
  5
108
330
17
100
AcDbEntity
  8
0
100
AcDbText
 10
1.6395
 20
18.280721095352337
 30
0.0
 40
0.125
  1

 50
180.0
  7
WD
 41
0.7
 72
2
 11
1.6395
 21
18.280721095352337
 31
0.0
100
AcDbAttribute
  2
DESC2
 70
1
  0
ATTRIB
  5
109
330
17
100
AcDbEntity
  8
0
100
AcDbText
 10
1.6395
 20
18.124474668198783
 30
0.0
 40
0.125
  1

 50
180.0
  7
WD
 41
0.7
 72
2
 11
1.6395
 21
18.124474668198783
 31
0.0
100
AcDbAttribute
  2
DESC1
 70
1
  0
ATTRIB
  5
10A
330
17
100
AcDbEntity
  8
0
100
AcDbText
 10
1.8478333333333334
 20
18.54125
 30
0.0
 40
0.125
  1

 50
180.0
  7
WD
 72
2
 11
1.6395
 21
18.54125
 31
0.0
100
AcDbAttribute
  2
TAG1
 70
1
  0
ATTRIB
  5
10B
330
17
100
AcDbEntity
  8
0
  6
Continuous
100
AcDbText
 10
1.53
 20
18.91625
 30
0.0
 40
0.125
  1

 50
180.0
  7
WD
 11
1.53
 21
18.79125
 31
0.0
100
AcDbAttribute
  2
TERM01
 70
9
 74
3
  0
ATTRIB
  5
10C
330
17
100
AcDbEntity
  8
0
100
AcDbText
 10
1.577
 20
18.72875
 30
0.0
 40
0.0125
  1

 50
180.0
  7
WD
 11
1.577
 21
18.72875
 31
0.0
100
AcDbAttribute
  2
X8TERM01
 70
1
  0
ATTRIB
  5
10D
330
17
100
AcDbEntity
  8
0
100
AcDbText
 10
1.577
 20
18.5725
 30
0.0
 40
0.0125
  1

 50
180.0
  7
WD
 11
1.577
 21
18.5725
 31
0.0
100
AcDbAttribute
  2
X2TERM02
 70
1
  0
ATTRIB
  5
10E
330
17
100
AcDbEntity
  8
0
  6
Continuous
100
AcDbText
 10
1.53
 20
18.5725
 30
0.0
 40
0.125
  1

 50
180.0
  7
WD
 11
1.53
 21
18.5725
 31
0.0
100
AcDbAttribute
  2
TERM02
 70
9
  0
ATTRIB
  5
10F
330
17
100
AcDbEntity
  8
0
100
AcDbText
 10
1.708715111848772
 20
18.589974679541566
 30
0.0
 40
0.01
  1

 50
180.0
  7
WD
 11
1.708715111848772
 21
18.589974679541566
 31
0.0
100
AcDbAttribute
  2
WDBLKNAM
 70
9
  0
SEQEND
  5
FD
330
FC
100
AcDbEntity
  8
SLD_SYMS
  0
INSERT
  5
110
330
17
100
AcDbEntity
  8
SLD_SYMS
100
AcDbBlockReference
  2
WDDOT
 10
1.577
 20
17.879
 30
0.0
  0
LINE
  5
112
330
17
100
AcDbEntity
  8
SLD_WIRE
100
AcDbLine
 10
1.577
 20
17.879
 30
0.0
 11
1.818
 21
17.879
 31
0.0
  0
CIRCLE
  5
113
330
17
100
AcDbEntity
  8
SLD_SYMS
100
AcDbCircle
 10
1.847
 20
17.879
 30
0.0
 40
0.029
  0
CIRCLE
  5
114
330
17
100
AcDbEntity
  8
SLD_SYMS
100
AcDbCircle
 10
1.972
 20
17.879
 30
0.0
 40
0.029
  0
LINE
  5
115
330
17
100
AcDbEntity
  8
SLD_WIRE
100
AcDbLine
 10
2.001
 20
17.879
 30
0.0
 11
2.194
 21
17.879
 31
0.0
  0
INSERT
  5
116
330
17
100
AcDbEntity
  8
SLD_SYMS
100
AcDbBlockReference
 66
1
  2
HGND2
 10
2.194
 20
17.879
 30
0.0
 50
180.0
  0
ATTRIB
  5
118
330
17
100
AcDbEntity
  8
0
100
AcDbText
 10
2.194
 20
17.879
 30
0.0
 40
0.01
  1

 50
180.0
  7
WD
 11
2.194
 21
17.879
 31
0.0
100
AcDbAttribute
  2
X4TERM01
 70
1
  0
SEQEND
  5
117
330
116
100
AcDbEntity
  8
SLD_SYMS
  0
LWPOLYLINE
  5
119
330
17
100
AcDbEntity
  8
SLD_SYMS
100
AcDbPolyline
 90
4
 70
1
 10
2.092
 20
17.388
 10
3.271
 20
17.388
 10
3.271
 20
16.716
 10
2.092
 20
16.716
  0
INSERT
  5
11A
330
17
100
AcDbEntity
  8
SLD_SYMS
100
AcDbBlockReference
 66
1
  2
VXF1CT
 10
1.769
 20
17.072
 30
0.0
  0
ATTRIB
  5
11C
330
17
100
AcDbEntity
  8
0
100
AcDbText
 10
1.5419166666666666
 20
16.650125
 30
0.0
 40
0.125
  1

  7
WD
 41
0.7
 72
1
 11
1.5419166666666666
 21
16.650125
 31
0.0
100
AcDbAttribute
  2
INST
 70
1
  0
ATTRIB
  5
11D
330
17
100
AcDbEntity
  8
0
100
AcDbText
 10
1.769
 20
16.788826474599723
 30
0.0
 40
0.0125
  1

  7
WD
 11
1.769
 21
16.788826474599723
 31
0.0
100
AcDbAttribute
  2
X8TERM01
 70
1
  0
ATTRIB
  5
11E
330
17
100
AcDbEntity
  8
0
100
AcDbText
 10
1.8012117627001378
 20
16.82103823729986
 30
0.0
 40
0.0125
  1

  7
WD
 11
1.8012117627001378
 21
16.82103823729986
 31
0.0
100
AcDbAttribute
  2
X1TERM01
 70
1
  0
ATTRIB
  5
11F
330
17
100
AcDbEntity
  8
0
  6
Continuous
100
AcDbText
 10
1.7140621696190423
 20
16.841456032263782
 30
0.0
 40
0.125
  1

  7
WD
 72
2
 11
1.7140621696190423
 21
16.841456032263782
 31
0.0
100
AcDbAttribute
  2
TERM01
 70
9
  0
ATTRIB
  5
120
330
17
100
AcDbEntity
  8
0
  6
Continuous
100
AcDbText
 10
1.724006916951067
 20
17.338965784883833
 30
0.0
 40
0.125
  1

  7
WD
 72
2
 11
1.724006916951067
 21
17.338965784883833
 31
0.0
100
AcDbAttribute
  2
TERM02
 70
9
  0
ATTRIB
  5
121
330
17
100
AcDbEntity
  8
0
100
AcDbText
 10
1.8012117627001378
 20
17.321038237299863
 30
0.0
 40
0.0125
  1

  7
WD
 11
1.8012117627001378
 21
17.321038237299863
 31
0.0
100
AcDbAttribute
  2
X1TERM02
 70
1
  0
ATTRIB
  5
122
330
17
100
AcDbEntity
  8
0
100
AcDbText
 10
1.769
 20
17.35325
 30
0.0
 40
0.0125
  1

  7
WD
 11
1.769
 21
17.35325
 31
0.0
100
AcDbAttribute
  2
X2TERM02
 70
1
  0
ATTRIB
  5
123
330
17
100
AcDbEntity
  8
0
100
AcDbText
 10
2.05025
 20
16.947
 30
0.0
 40
0.125
  1

  7
WD
 41
0.7
 11
2.05025
 21
16.947
 31
0.0
100
AcDbAttribute
  2
RATING1
 70
1
  0
ATTRIB
  5
124
330
17
100
AcDbEntity
  8
0
100
AcDbText
 10
2.05025
 20
17.10325
 30
0.0
 40
0.125
  1

  7
WD
 11
2.05025
 21
17.10325
 31
0.0
100
AcDbAttribute
  2
TAG1
 70
1
  0
ATTRIB
  5
125
330
17
100
AcDbEntity
  8
0
100
AcDbText
 10
0.508
 20
17.055
 30
0.0
 40
0.125
  1
400:5A (3)
  7
WD
 41
0.7
 72
1
 11
0.508
 21
17.055
 31
0.0
100
AcDbAttribute
  2
DESC1
 70
0
  0
ATTRIB
  5
126
330
17
100
AcDbEntity
  8
0
100
AcDbText
 10
0.3819999999999999
 20
16.894
 30
0.0
 40
0.125
  1
CT C200 MR
  7
WD
 41
0.7
 72
1
 11
0.3819999999999999
 21
16.894
 31
0.0
100
AcDbAttribute
  2
DESC2
 70
0
  0
ATTRIB
  5
127
330
17
100
AcDbEntity
  8
0
100
AcDbText
 10
1.5684706222727909
 20
16.470951758954772
 30
0.0
 40
0.125
  1

  7
WD
 41
0.7
 72
1
 11
1.5684706222727909
 21
16.470951758954772
 31
0.0
100
AcDbAttribute
  2
LOC
 70
1
  0
ATTRIB
  5
128
330
17
100
AcDbEntity
  8
0
  6
Continuous
100
AcDbText
 10
1.598069824898972
 20
17.19095535038637
 30
0.0
 40
0.01
  1

  7
WD
 72
1
 11
1.598069824898972
 21
17.19095535038637
 31
0.0
100
AcDbAttribute
  2
ASSYCODE
 70
9
  0
ATTRIB
  5
129
330
17
100
AcDbEntity
  8
0
100
AcDbText
 10
1.5762916666666666
 20
17.025125
 30
0.0
 40
0.125
  1

  7
WD
 72
1
 11
1.722125
 21
17.025125
 31
0.0
100
AcDbAttribute
  2
TYPE
 70
1
  0
ATTRIB
  5
12A
330
17
100
AcDbEntity
  8
0
100
AcDbText
 10
1.5731927759003674
 20
17.262690293718368
 30
0.0
 40
0.01
  1

  7
WD
 11
1.5731927759003674
 21
17.262690293718368
 31
0.0
100
AcDbAttribute
  2
FAMILY
 70
9
  0
ATTRIB
  5
12B
330
17
100
AcDbEntity
  8
0
  6
Continuous
100
AcDbText
 10
1.5982460418387172
 20
17.234138877858605
 30
0.0
 40
0.01
  1

  7
WD
 72
1
 11
1.5982460418387172
 21
17.234138877858605
 31
0.0
100
AcDbAttribute
  2
CAT
 70
9
  0
ATTRIB
  5
12C
330
17
100
AcDbEntity
  8
0
  6
Continuous
100
AcDbText
 10
1.5963009961987986
 20
17.214697124151154
 30
0.0
 40
0.01
  1

  7
WD
 72
1
 11
1.5963009961987986
 21
17.214697124151154
 31
0.0
100
AcDbAttribute
  2
MFG
 70
9
  0
SEQEND
  5
11B
330
11A
100
AcDbEntity
  8
SLD_SYMS
  0
INSERT
  5
12D
330
17
100
AcDbEntity
  8
SLD_SYMS
100
AcDbBlockReference
  2
WDDOT
 10
1.626
 20
17.367
 30
0.0
  0
MTEXT
  5
12F
330
17
100
AcDbEntity
  8
SLD_TEXT
100
AcDbMText
 10
0.6849999999999999
 20
16.849
 30
0.0
 40
0.1
 41
0.0
 71
1
  1
\pxqc;1%%C
  0
LWPOLYLINE
  5
130
330
17
100
AcDbEntity
  8
SLD_SYMS
100
AcDbPolyline
 90
4
 70
1
 10
2.2351
 20
16.4384
 10
2.3668
 20
16.4384
 10
2.3668
 20
16.3157
 10
2.2351
 20
16.3157
  0
LINE
  5
131
330
17
100
AcDbEntity
  8
SLD_SYMS
100
AcDbLine
 10
2.3668
 20
16.4384
 30
0.0
 11
2.2351
 21
16.4384
 31
0.0
  0
LINE
  5
132
330
17
100
AcDbEntity
  8
SLD_SYMS
100
AcDbLine
 10
2.2351
 20
16.3157
 30
0.0
 11
2.3668
 21
16.4384
 31
0.0
  0
LINE
  5
133
330
17
100
AcDbEntity
  8
SLD_SYMS
100
AcDbLine
 10
2.2351
 20
16.4384
 30
0.0
 11
2.3668
 21
16.3157
 31
0.0
  0
INSERT
  5
134
330
17
100
AcDbEntity
  8
SLD_SYMS
100
AcDbBlockReference
 66
1
  2
VXF1CT
 10
1.769
 20
16.128
 30
0.0
  0
ATTRIB
  5
136
330
17
100
AcDbEntity
  8
0
100
AcDbText
 10
1.5419166666666666
 20
15.706125
 30
0.0
 40
0.125
  1

  7
WD
 41
0.7
 72
1
 11
1.5419166666666666
 21
15.706125
 31
0.0
100
AcDbAttribute
  2
INST
 70
1
  0
ATTRIB
  5
137
330
17
100
AcDbEntity
  8
0
100
AcDbText
 10
1.769
 20
15.844826474599724
 30
0.0
 40
0.0125
  1

  7
WD
 11
1.769
 21
15.844826474599724
 31
0.0
100
AcDbAttribute
  2
X8TERM01
 70
1
  0
ATTRIB
  5
138
330
17
100
AcDbEntity
  8
0
100
AcDbText
 10
1.8012117627001378
 20
15.877038237299862
 30
0.0
 40
0.0125
  1

  7
WD
 11
1.8012117627001378
 21
15.877038237299862
 31
0.0
100
AcDbAttribute
  2
X1TERM01
 70
1
  0
ATTRIB
  5
139
330
17
100
AcDbEntity
  8
0
  6
Continuous
100
AcDbText
 10
1.7140621696190423
 20
15.897456032263783
 30
0.0
 40
0.125
  1

  7
WD
 72
2
 11
1.7140621696190423
 21
15.897456032263783
 31
0.0
100
AcDbAttribute
  2
TERM01
 70
9
  0
ATTRIB
  5
13A
330
17
100
AcDbEntity
  8
0
  6
Continuous
100
AcDbText
 10
1.724006916951067
 20
16.394965784883833
 30
0.0
 40
0.125
  1

  7
WD
 72
2
 11
1.724006916951067
 21
16.394965784883833
 31
0.0
100
AcDbAttribute
  2
TERM02
 70
9
  0
ATTRIB
  5
13B
330
17
100
AcDbEntity
  8
0
100
AcDbText
 10
1.8012117627001378
 20
16.377038237299864
 30
0.0
 40
0.0125
  1

  7
WD
 11
1.8012117627001378
 21
16.377038237299864
 31
0.0
100
AcDbAttribute
  2
X1TERM02
 70
1
  0
ATTRIB
  5
13C
330
17
100
AcDbEntity
  8
0
100
AcDbText
 10
1.769
 20
16.40925
 30
0.0
 40
0.0125
  1

  7
WD
 11
1.769
 21
16.40925
 31
0.0
100
AcDbAttribute
  2
X2TERM02
 70
1
  0
ATTRIB
  5
13D
330
17
100
AcDbEntity
  8
0
100
AcDbText
 10
2.05025
 20
16.003
 30
0.0
 40
0.125
  1

  7
WD
 41
0.7
 11
2.05025
 21
16.003
 31
0.0
100
AcDbAttribute
  2
RATING1
 70
1
  0
ATTRIB
  5
13E
330
17
100
AcDbEntity
  8
0
100
AcDbText
 10
2.05025
 20
16.15925
 30
0.0
 40
0.125
  1

  7
WD
 11
2.05025
 21
16.15925
 31
0.0
100
AcDbAttribute
  2
TAG1
 70
1
  0
ATTRIB
  5
13F
330
17
100
AcDbEntity
  8
0
100
AcDbText
 10
0.47899999999999987
 20
16.111
 30
0.0
 40
0.125
  1
1200:5A (3)
  7
WD
 41
0.7
 72
1
 11
0.47899999999999987
 21
16.111
 31
0.0
100
AcDbAttribute
  2
DESC1
 70
0
  0
ATTRIB
  5
140
330
17
100
AcDbEntity
  8
0
100
AcDbText
 10
0.3819999999999999
 20
15.95
 30
0.0
 40
0.125
  1
CT C200 MR
  7
WD
 41
0.7
 72
1
 11
0.3819999999999999
 21
15.95
 31
0.0
100
AcDbAttribute
  2
DESC2
 70
0
  0
ATTRIB
  5
141
330
17
100
AcDbEntity
  8
0
100
AcDbText
 10
1.5684706222727909
 20
15.526951758954773
 30
0.0
 40
0.125
  1

  7
WD
 41
0.7
 72
1
 11
1.5684706222727909
 21
15.526951758954773
 31
0.0
100
AcDbAttribute
  2
LOC
 70
1
  0
ATTRIB
  5
142
330
17
100
AcDbEntity
  8
0
  6
Continuous
100
AcDbText
 10
1.598069824898972
 20
16.246955350386372
 30
0.0
 40
0.01
  1

  7
WD
 72
1
 11
1.598069824898972
 21
16.246955350386372
 31
0.0
100
AcDbAttribute
  2
ASSYCODE
 70
9
  0
ATTRIB
  5
143
330
17
100
AcDbEntity
  8
0
100
AcDbText
 10
1.5762916666666666
 20
16.081125
 30
0.0
 40
0.125
  1

  7
WD
 72
1
 11
1.722125
 21
16.081125
 31
0.0
100
AcDbAttribute
  2
TYPE
 70
1
  0
ATTRIB
  5
144
330
17
100
AcDbEntity
  8
0
100
AcDbText
 10
1.5731927759003674
 20
16.31869029371837
 30
0.0
 40
0.01
  1

  7
WD
 11
1.5731927759003674
 21
16.31869029371837
 31
0.0
100
AcDbAttribute
  2
FAMILY
 70
9
  0
ATTRIB
  5
145
330
17
100
AcDbEntity
  8
0
  6
Continuous
100
AcDbText
 10
1.5982460418387172
 20
16.290138877858606
 30
0.0
 40
0.01
  1

  7
WD
 72
1
 11
1.5982460418387172
 21
16.290138877858606
 31
0.0
100
AcDbAttribute
  2
CAT
 70
9
  0
ATTRIB
  5
146
330
17
100
AcDbEntity
  8
0
  6
Continuous
100
AcDbText
 10
1.5963009961987986
 20
16.270697124151155
 30
0.0
 40
0.01
  1

  7
WD
 72
1
 11
1.5963009961987986
 21
16.270697124151155
 31
0.0
100
AcDbAttribute
  2
MFG
 70
9
  0
SEQEND
  5
135
330
134
100
AcDbEntity
  8
SLD_SYMS
  0
INSERT
  5
147
330
17
100
AcDbEntity
  8
SLD_SYMS
100
AcDbBlockReference
  2
WDDOT
 10
1.626
 20
16.423000000000002
 30
0.0
  0
MTEXT
  5
149
330
17
100
AcDbEntity
  8
SLD_TEXT
100
AcDbMText
 10
0.692
 20
15.9
 30
0.0
 40
0.1
 41
0.0
 71
1
  1
\pxqc;1%%C
  0
INSERT
  5
14A
330
17
100
AcDbEntity
  8
SLD_SYMS
100
AcDbBlockReference
 66
1
  2
VCN1PJ
 10
1.577
 20
15.535
 30
0.0
  0
ATTRIB
  5
14C
330
17
100
AcDbEntity
  8
0
100
AcDbText
 10
1.8061666666666667
 20
16.384801758954776
 30
0.0
 40
0.125
  1

  7
WD
 41
0.7
 72
2
 11
1.8061666666666667
 21
16.384801758954776
 31
0.0
100
AcDbAttribute
  2
INST
 70
1
  0
ATTRIB
  5
14D
330
17
100
AcDbEntity
  8
0
100
AcDbText
 10
1.5900729268949867
 20
15.420359872741505
 30
0.0
 40
0.01
  1

  7
WD
 11
1.5900729268949867
 21
15.420359872741505
 31
0.0
100
AcDbAttribute
  2
X8TERMDESC01
 70
1
  0
ATTRIB
  5
14E
330
17
100
AcDbEntity
  8
0
100
AcDbText
 10
1.6031458644990533
 20
15.576609867770696
 30
0.0
 40
0.01
  1

  7
WD
 11
1.6031458644990533
 21
15.576609867770696
 31
0.0
100
AcDbAttribute
  2
X2TERMDESC02
 70
1
  0
ATTRIB
  5
14F
330
17
100
AcDbEntity
  8
0
  6
Continuous
100
AcDbText
 10
1.4679247363724244
 20
15.521056517835845
 30
0.0
 40
0.01
  1

  7
WD
 72
1
 11
1.4679247363724244
 21
15.521056517835845
 31
0.0
100
AcDbAttribute
  2
ASSYCODE
 70
9
  0
ATTRIB
  5
150
330
17
100
AcDbEntity
  8
0
100
AcDbText
 10
1.452
 20
15.4725
 30
0.0
 40
0.01
  1

  7
WD
 11
1.452
 21
15.4725
 31
0.0
100
AcDbAttribute
  2
X4LINK
 70
1
  0
ATTRIB
  5
151
330
17
100
AcDbEntity
  8
0
100
AcDbText
 10
1.702
 20
15.4725
 30
0.0
 40
0.01
  1

  7
WD
 11
1.702
 21
15.4725
 31
0.0
100
AcDbAttribute
  2
X1LINK
 70
1
  0
ATTRIB
  5
152
330
17
100
AcDbEntity
  8
0
100
AcDbText
 10
1.5145
 20
16.215201758954773
 30
0.0
 40
0.125
  1

  7
WD
 41
0.7
 72
2
 11
1.5145
 21
16.215201758954773
 31
0.0
100
AcDbAttribute
  2
LOC
 70
1
  0
ATTRIB
  5
153
330
17
100
AcDbEntity
  8
0
  6
Continuous
100
AcDbText
 10
1.4683931084496593
 20
15.535039283222856
 30
0.0
 40
0.01
  1

  7
WD
 72
1
 11
1.4683931084496593
 21
15.535039283222856
 31
0.0
100
AcDbAttribute
  2
MFG
 70
9
  0
ATTRIB
  5
154
330
17
100
AcDbEntity
  8
0
  6
Continuous
100
AcDbText
 10
1.4703381540895781
 20
15.554481036930307
 30
0.0
 40
0.01
  1

  7
WD
 72
1
 11
1.4703381540895781
 21
15.554481036930307
 31
0.0
100
AcDbAttribute
  2
CAT
 70
9
  0
ATTRIB
  5
155
330
17
100
AcDbEntity
  8
0
100
AcDbText
 10
1.445284888151228
 20
15.59865745279007
 30
0.0
 40
0.01
  1

  7
WD
 11
1.445284888151228
 21
15.59865745279007
 31
0.0
100
AcDbAttribute
  2
FAMILY
 70
9
  0
ATTRIB
  5
156
330
17
100
AcDbEntity
  8
0
100
AcDbText
 10
1.5145
 20
15.889278904647664
 30
0.0
 40
0.125
  1

  7
WD
 41
0.7
 72
2
 11
1.5145
 21
15.889278904647664
 31
0.0
100
AcDbAttribute
  2
DESC2
 70
1
  0
ATTRIB
  5
157
330
17
100
AcDbEntity
  8
0
100
AcDbText
 10
1.5145
 20
16.04552533180122
 30
0.0
 40
0.125
  1

  7
WD
 41
0.7
 72
2
 11
1.5145
 21
16.04552533180122
 31
0.0
100
AcDbAttribute
  2
DESC1
 70
1
  0
ATTRIB
  5
158
330
17
100
AcDbEntity
  8
0
100
AcDbText
 10
1.3061666666666665
 20
15.62875
 30
0.0
 40
0.125
  1

  7
WD
 72
2
 11
1.5145
 21
15.62875
 31
0.0
100
AcDbAttribute
  2
TAG1
 70
1
  0
ATTRIB
  5
159
330
17
100
AcDbEntity
  8
0
  6
Continuous
100
AcDbText
 10
1.6239999999999999
 20
15.25375
 30
0.0
 40
0.125
  1

  7
WD
 11
1.6239999999999999
 21
15.37875
 31
0.0
100
AcDbAttribute
  2
TERM01
 70
9
 74
3
  0
ATTRIB
  5
15A
330
17
100
AcDbEntity
  8
0
100
AcDbText
 10
1.577
 20
15.44125
 30
0.0
 40
0.0125
  1

  7
WD
 11
1.577
 21
15.44125
 31
0.0
100
AcDbAttribute
  2
X8TERM01
 70
1
  0
ATTRIB
  5
15B
330
17
100
AcDbEntity
  8
0
100
AcDbText
 10
1.577
 20
15.5975
 30
0.0
 40
0.0125
  1

  7
WD
 11
1.577
 21
15.5975
 31
0.0
100
AcDbAttribute
  2
X2TERM02
 70
1
  0
ATTRIB
  5
15C
330
17
100
AcDbEntity
  8
0
  6
Continuous
100
AcDbText
 10
1.6239999999999999
 20
15.5975
 30
0.0
 40
0.125
  1

  7
WD
 11
1.6239999999999999
 21
15.5975
 31
0.0
100
AcDbAttribute
  2
TERM02
 70
9
  0
ATTRIB
  5
15D
330
17
100
AcDbEntity
  8
0
100
AcDbText
 10
1.445284888151228
 20
15.580025320458438
 30
0.0
 40
0.01
  1

  7
WD
 11
1.445284888151228
 21
15.580025320458438
 31
0.0
100
AcDbAttribute
  2
WDBLKNAM
 70
9
  0
SEQEND
  5
14B
330
14A
100
AcDbEntity
  8
SLD_SYMS
  0
LWPOLYLINE
  5
15E
330
17
100
AcDbEntity
  8
SLD_SYMS
100
AcDbPolyline
 90
4
 70
1
 10
1.162
 20
15.013
 10
1.952
 20
15.013
 10
1.952
 20
14.092
 10
1.162
 20
14.092
  0
INSERT
  5
15F
330
17
100
AcDbEntity
  8
SLD_SYMS
100
AcDbBlockReference
 66
1
  2
VCN1PJ
 10
1.577
 20
13.643
 30
0.0
 50
180.0
  0
ATTRIB
  5
161
330
17
100
AcDbEntity
  8
0
100
AcDbText
 10
1.3478333333333332
 20
12.793198241045227
 30
0.0
 40
0.125
  1

 50
180.0
  7
WD
 41
0.7
 72
2
 11
1.3478333333333332
 21
12.793198241045227
 31
0.0
100
AcDbAttribute
  2
INST
 70
1
  0
ATTRIB
  5
162
330
17
100
AcDbEntity
  8
0
100
AcDbText
 10
1.5639270731050132
 20
13.757640127258496
 30
0.0
 40
0.01
  1

 50
180.0
  7
WD
 11
1.5639270731050132
 21
13.757640127258496
 31
0.0
100
AcDbAttribute
  2
X8TERMDESC01
 70
1
  0
ATTRIB
  5
163
330
17
100
AcDbEntity
  8
0
100
AcDbText
 10
1.5508541355009466
 20
13.601390132229305
 30
0.0
 40
0.01
  1

 50
180.0
  7
WD
 11
1.5508541355009466
 21
13.601390132229305
 31
0.0
100
AcDbAttribute
  2
X2TERMDESC02
 70
1
  0
ATTRIB
  5
164
330
17
100
AcDbEntity
  8
0
  6
Continuous
100
AcDbText
 10
1.6860752636275755
 20
13.656943482164156
 30
0.0
 40
0.01
  1

 50
180.0
  7
WD
 72
1
 11
1.6860752636275755
 21
13.656943482164156
 31
0.0
100
AcDbAttribute
  2
ASSYCODE
 70
9
  0
ATTRIB
  5
165
330
17
100
AcDbEntity
  8
0
100
AcDbText
 10
1.702
 20
13.7055
 30
0.0
 40
0.01
  1

 50
180.0
  7
WD
 11
1.702
 21
13.7055
 31
0.0
100
AcDbAttribute
  2
X4LINK
 70
1
  0
ATTRIB
  5
166
330
17
100
AcDbEntity
  8
0
100
AcDbText
 10
1.452
 20
13.7055
 30
0.0
 40
0.01
  1

 50
180.0
  7
WD
 11
1.452
 21
13.7055
 31
0.0
100
AcDbAttribute
  2
X1LINK
 70
1
  0
ATTRIB
  5
167
330
17
100
AcDbEntity
  8
0
100
AcDbText
 10
1.6395
 20
12.962798241045226
 30
0.0
 40
0.125
  1

 50
180.0
  7
WD
 41
0.7
 72
2
 11
1.6395
 21
12.962798241045226
 31
0.0
100
AcDbAttribute
  2
LOC
 70
1
  0
ATTRIB
  5
168
330
17
100
AcDbEntity
  8
0
  6
Continuous
100
AcDbText
 10
1.6856068915503406
 20
13.642960716777145
 30
0.0
 40
0.01
  1

 50
180.0
  7
WD
 72
1
 11
1.6856068915503406
 21
13.642960716777145
 31
0.0
100
AcDbAttribute
  2
MFG
 70
9
  0
ATTRIB
  5
169
330
17
100
AcDbEntity
  8
0
  6
Continuous
100
AcDbText
 10
1.6836618459104218
 20
13.623518963069694
 30
0.0
 40
0.01
  1

 50
180.0
  7
WD
 72
1
 11
1.6836618459104218
 21
13.623518963069694
 31
0.0
100
AcDbAttribute
  2
CAT
 70
9
  0
ATTRIB
  5
16A
330
17
100
AcDbEntity
  8
0
100
AcDbText
 10
1.708715111848772
 20
13.579342547209931
 30
0.0
 40
0.01
  1

 50
180.0
  7
WD
 11
1.708715111848772
 21
13.579342547209931
 31
0.0
100
AcDbAttribute
  2
FAMILY
 70
9
  0
ATTRIB
  5
16B
330
17
100
AcDbEntity
  8
0
100
AcDbText
 10
1.6395
 20
13.288721095352336
 30
0.0
 40
0.125
  1

 50
180.0
  7
WD
 41
0.7
 72
2
 11
1.6395
 21
13.288721095352336
 31
0.0
100
AcDbAttribute
  2
DESC2
 70
1
  0
ATTRIB
  5
16C
330
17
100
AcDbEntity
  8
0
100
AcDbText
 10
1.6395
 20
13.132474668198782
 30
0.0
 40
0.125
  1

 50
180.0
  7
WD
 41
0.7
 72
2
 11
1.6395
 21
13.132474668198782
 31
0.0
100
AcDbAttribute
  2
DESC1
 70
1
  0
ATTRIB
  5
16D
330
17
100
AcDbEntity
  8
0
100
AcDbText
 10
1.8478333333333334
 20
13.54925
 30
0.0
 40
0.125
  1

 50
180.0
  7
WD
 72
2
 11
1.6395
 21
13.54925
 31
0.0
100
AcDbAttribute
  2
TAG1
 70
1
  0
ATTRIB
  5
16E
330
17
100
AcDbEntity
  8
0
  6
Continuous
100
AcDbText
 10
1.53
 20
13.92425
 30
0.0
 40
0.125
  1

 50
180.0
  7
WD
 11
1.53
 21
13.79925
 31
0.0
100
AcDbAttribute
  2
TERM01
 70
9
 74
3
  0
ATTRIB
  5
16F
330
17
100
AcDbEntity
  8
0
100
AcDbText
 10
1.577
 20
13.73675
 30
0.0
 40
0.0125
  1

 50
180.0
  7
WD
 11
1.577
 21
13.73675
 31
0.0
100
AcDbAttribute
  2
X8TERM01
 70
1
  0
ATTRIB
  5
170
330
17
100
AcDbEntity
  8
0
100
AcDbText
 10
1.577
 20
13.5805
 30
0.0
 40
0.0125
  1

 50
180.0
  7
WD
 11
1.577
 21
13.5805
 31
0.0
100
AcDbAttribute
  2
X2TERM02
 70
1
  0
ATTRIB
  5
171
330
17
100
AcDbEntity
  8
0
  6
Continuous
100
AcDbText
 10
1.53
 20
13.5805
 30
0.0
 40
0.125
  1

 50
180.0
  7
WD
 11
1.53
 21
13.5805
 31
0.0
100
AcDbAttribute
  2
TERM02
 70
9
  0
ATTRIB
  5
172
330
17
100
AcDbEntity
  8
0
100
AcDbText
 10
1.708715111848772
 20
13.597974679541563
 30
0.0
 40
0.01
  1

 50
180.0
  7
WD
 11
1.708715111848772
 21
13.597974679541563
 31
0.0
100
AcDbAttribute
  2
WDBLKNAM
 70
9
  0
SEQEND
  5
160
330
15F
100
AcDbEntity
  8
SLD_SYMS
  0
INSERT
  5
173
330
17
100
AcDbEntity
  8
SLD_SYMS
100
AcDbBlockReference
 66
1
  2
VFU1
 10
2.681
 20
13.643
 30
0.0
  0
ATTRIB
  5
175
330
17
100
AcDbEntity
  8
0
100
AcDbText
 10
2.9622499989574034
 20
13.268000000708662
 30
0.0
 40
0.0625
  1

  7
WD
 41
0.7
 11
2.9622499989574034
 21
13.268000000708662
 31
0.0
100
AcDbAttribute
  2
DESC3
 70
1
  0
ATTRIB
  5
176
330
17
100
AcDbEntity
  8
0
100
AcDbText
 10
2.9622499989574034
 20
13.352584657032297
 30
0.0
 40
0.0625
  1

  7
WD
 41
0.7
 11
2.9622499989574034
 21
13.352584657032297
 31
0.0
100
AcDbAttribute
  2
DESC2
 70
1
  0
ATTRIB
  5
177
330
17
100
AcDbEntity
  8
0
100
AcDbText
 10
2.9622499989574034
 20
13.446744936220037
 30
0.0
 40
0.0625
  1

  7
WD
 41
0.7
 11
2.9622499989574034
 21
13.446744936220037
 31
0.0
100
AcDbAttribute
  2
DESC1
 70
1
  0
ATTRIB
  5
178
330
17
100
AcDbEntity
  8
0
100
AcDbText
 10
2.96225
 20
13.805925
 30
0.0
 40
0.0625
  1

  7
WD
 41
0.7
 11
2.96225
 21
13.805925
 31
0.0
100
AcDbAttribute
  2
INST
 70
1
  0
ATTRIB
  5
179
330
17
100
AcDbEntity
  8
0
 62
7
100
AcDbText
 10
2.556
 20
13.643
 30
0.0
 40
0.01
  1

  7
WD
 11
2.556
 21
13.643
 31
0.0
100
AcDbAttribute
  2
X4LINK
 70
1
  0
ATTRIB
  5
17A
330
17
100
AcDbEntity
  8
0
 62
7
100
AcDbText
 10
2.821625
 20
13.643
 30
0.0
 40
0.01
  1

  7
WD
 11
2.821625
 21
13.643
 31
0.0
100
AcDbAttribute
  2
X1LINK
 70
1
  0
ATTRIB
  5
17B
330
17
100
AcDbEntity
  8
0
  6
Continuous
100
AcDbText
 10
2.5825163675639495
 20
13.534940348433866
 30
0.0
 40
0.01
  1

  7
WD
 72
1
 11
2.5825163675639495
 21
13.534940348433866
 31
0.0
100
AcDbAttribute
  2
ASSYCODE
 70
9
  0
ATTRIB
  5
17C
330
17
100
AcDbEntity
  8
0
100
AcDbText
 10
2.83919143797307
 20
13.58237500000005
 30
0.0
 40
0.109375
  1

  7
WD
 41
0.9
 11
2.83919143797307
 21
13.58237500000005
 31
0.0
100
AcDbAttribute
  2
TAG1
 70
1
  0
ATTRIB
  5
17D
330
17
100
AcDbEntity
  8
0
100
AcDbText
 10
2.96225
 20
13.721125
 30
0.0
 40
0.0625
  1

  7
WD
 41
0.7
 11
2.96225
 21
13.721125
 31
0.0
100
AcDbAttribute
  2
LOC
 70
1
  0
ATTRIB
  5
17E
330
17
100
AcDbEntity
  8
0
  6
Continuous
100
AcDbText
 10
2.6260296208443457
 20
13.84962661600492
 30
0.0
 40
0.0625
  1

  7
WD
 72
2
 11
2.6260296208443457
 21
13.84962661600492
 31
0.0
100
AcDbAttribute
  2
TERM01
 70
9
  0
ATTRIB
  5
17F
330
17
100
AcDbEntity
  8
0
  6
Continuous
100
AcDbText
 10
2.6402987783920056
 20
13.367052969349004
 30
0.0
 40
0.0625
  1

  7
WD
 72
2
 11
2.6402987783920056
 21
13.429552969349004
 31
0.0
100
AcDbAttribute
  2
TERM02
 70
9
 74
3
  0
ATTRIB
  5
180
330
17
100
AcDbEntity
  8
0
 62
7
100
AcDbText
 10
2.681
 20
13.8305
 30
0.0
 40
0.0109375
  1

  7
WD
 11
2.681
 21
13.8305
 31
0.0
100
AcDbAttribute
  2
X2TERM01
 70
1
  0
ATTRIB
  5
181
330
17
100
AcDbEntity
  8
0
 62
7
100
AcDbText
 10
2.681
 20
13.4555
 30
0.0
 40
0.0109375
  1

  7
WD
 11
2.681
 21
13.4555
 31
0.0
100
AcDbAttribute
  2
X8TERM02
 70
1
  0
ATTRIB
  5
182
330
17
100
AcDbEntity
  8
0
100
AcDbText
 10
2.584716414340328
 20
13.606540457527665
 30
0.0
 40
0.01
  1

  7
WD
 72
2
 11
2.6013830810069947
 21
13.606540457527665
 31
0.0
100
AcDbAttribute
  2
FAMILY
 70
9
  0
ATTRIB
  5
183
330
17
100
AcDbEntity
  8
0
  6
Continuous
100
AcDbText
 10
2.6013830810069947
 20
13.569873790860997
 30
0.0
 40
0.01
  1

  7
WD
 72
2
 11
2.6013830810069947
 21
13.569873790860997
 31
0.0
100
AcDbAttribute
  2
CAT
 70
9
  0
ATTRIB
  5
184
330
17
100
AcDbEntity
  8
0
  6
Continuous
100
AcDbText
 10
2.6013830810069947
 20
13.554873790860999
 30
0.0
 40
0.01
  1

  7
WD
 72
2
 11
2.6013830810069947
 21
13.554873790860999
 31
0.0
100
AcDbAttribute
  2
MFG
 70
9
  0
ATTRIB
  5
185
330
17
100
AcDbEntity
  8
0
100
AcDbText
 10
2.727875
 20
13.643
 30
0.0
 40
0.09375
  1
6A
 50
90.0
  7
WD
 41
0.7
 72
1
 11
2.681
 21
13.643
 31
0.0
100
AcDbAttribute
  2
RATING1
 70
0
 74
2
  0
SEQEND
  5
174
330
173
100
AcDbEntity
  8
SLD_SYMS
  0
MTEXT
  5
186
330
17
100
AcDbEntity
  8
SLD_TEXT
100
AcDbMText
 10
1.318
 20
14.799
 30
0.0
 40
0.093
 41
0.0
 71
1
  1
52-X0A\P15kV\P1200A\P18kA
  0
MTEXT
  5
187
330
17
100
AcDbEntity
  8
SLD_TEXT
100
AcDbMText
 10
2.682
 20
17.35
 30
0.0
 40
0.093
 41
0.0
 71
1
  1
\pxqc;SEL-751\PFEEDER\PPROTECTION\PRELAY
  0
MTEXT
  5
188
330
17
100
AcDbEntity
  8
SLD_TEXT
100
AcDbMText
 10
1.561
 20
19.31
 30
0.0
 40
0.1
 41
0.0
 71
1
  1
\pxqc;PLACEHOLDER
  0
MTEXT
  5
189
330
17
100
AcDbEntity
  8
SLD_TEXT
100
AcDbMText
 10
2.342
 20
18.168
 30
0.0
 40
0.093
 41
0.0
 71
1
  1
L.A.\P18kV\P15.3kV\PMCOV
  0
LINE
  5
18A
330
17
100
AcDbEntity
  8
SLD_WIRE
100
AcDbLine
 10
5.186999999999999
 20
18.572
 30
0.0
 11
5.186999999999999
 21
15.598
 31
0.0
  0
LINE
  5
18B
330
17
100
AcDbEntity
  8
SLD_WIRE
100
AcDbLine
 10
5.186999999999999
 20
15.442
 30
0.0
 11
5.186999999999999
 21
15.013
 31
0.0
  0
LINE
  5
18C
330
17
100
AcDbEntity
  8
SLD_WIRE
100
AcDbLine
 10
5.186999999999999
 20
14.092
 30
0.0
 11
5.186999999999999
 21
13.736
 31
0.0
  0
LINE
  5
18D
330
17
100
AcDbEntity
  8
SLD_WIRE
100
AcDbLine
 10
5.186999999999999
 20
13.58
 30
0.0
 11
5.186999999999999
 21
12.609
 31
0.0
  0
INSERT
  5
18E
330
17
100
AcDbEntity
  8
SLD_SYMS
100
AcDbBlockReference
  2
WDDOT
 10
5.186999999999999
 20
12.609
 30
0.0
  0
INSERT
  5
190
330
17
100
AcDbEntity
  8
SLD_SYMS
100
AcDbBlockReference
 66
1
  2
VCN1PJ
 10
5.186999999999999
 20
18.635
 30
0.0
 50
180.0
  0
ATTRIB
  5
192
330
17
100
AcDbEntity
  8
0
100
AcDbText
 10
4.957833333333332
 20
17.785198241045226
 30
0.0
 40
0.125
  1

 50
180.0
  7
WD
 41
0.7
 72
2
 11
4.957833333333332
 21
17.785198241045226
 31
0.0
100
AcDbAttribute
  2
INST
 70
1
  0
ATTRIB
  5
193
330
17
100
AcDbEntity
  8
0
100
AcDbText
 10
5.173927073105013
 20
18.749640127258495
 30
0.0
 40
0.01
  1

 50
180.0
  7
WD
 11
5.173927073105013
 21
18.749640127258495
 31
0.0
100
AcDbAttribute
  2
X8TERMDESC01
 70
1
  0
ATTRIB
  5
194
330
17
100
AcDbEntity
  8
0
100
AcDbText
 10
5.160854135500946
 20
18.593390132229306
 30
0.0
 40
0.01
  1

 50
180.0
  7
WD
 11
5.160854135500946
 21
18.593390132229306
 31
0.0
100
AcDbAttribute
  2
X2TERMDESC02
 70
1
  0
ATTRIB
  5
195
330
17
100
AcDbEntity
  8
0
  6
Continuous
100
AcDbText
 10
5.296075263627575
 20
18.648943482164157
 30
0.0
 40
0.01
  1

 50
180.0
  7
WD
 72
1
 11
5.296075263627575
 21
18.648943482164157
 31
0.0
100
AcDbAttribute
  2
ASSYCODE
 70
9
  0
ATTRIB
  5
196
330
17
100
AcDbEntity
  8
0
100
AcDbText
 10
5.311999999999999
 20
18.6975
 30
0.0
 40
0.01
  1

 50
180.0
  7
WD
 11
5.311999999999999
 21
18.6975
 31
0.0
100
AcDbAttribute
  2
X4LINK
 70
1
  0
ATTRIB
  5
197
330
17
100
AcDbEntity
  8
0
100
AcDbText
 10
5.061999999999999
 20
18.6975
 30
0.0
 40
0.01
  1

 50
180.0
  7
WD
 11
5.061999999999999
 21
18.6975
 31
0.0
100
AcDbAttribute
  2
X1LINK
 70
1
  0
ATTRIB
  5
198
330
17
100
AcDbEntity
  8
0
100
AcDbText
 10
5.249499999999999
 20
17.95479824104523
 30
0.0
 40
0.125
  1

 50
180.0
  7
WD
 41
0.7
 72
2
 11
5.249499999999999
 21
17.95479824104523
 31
0.0
100
AcDbAttribute
  2
LOC
 70
1
  0
ATTRIB
  5
199
330
17
100
AcDbEntity
  8
0
  6
Continuous
100
AcDbText
 10
5.2956068915503405
 20
18.634960716777147
 30
0.0
 40
0.01
  1

 50
180.0
  7
WD
 72
1
 11
5.2956068915503405
 21
18.634960716777147
 31
0.0
100
AcDbAttribute
  2
MFG
 70
9
  0
ATTRIB
  5
19A
330
17
100
AcDbEntity
  8
0
  6
Continuous
100
AcDbText
 10
5.293661845910421
 20
18.615518963069697
 30
0.0
 40
0.01
  1

 50
180.0
  7
WD
 72
1
 11
5.293661845910421
 21
18.615518963069697
 31
0.0
100
AcDbAttribute
  2
CAT
 70
9
  0
ATTRIB
  5
19B
330
17
100
AcDbEntity
  8
0
100
AcDbText
 10
5.318715111848771
 20
18.571342547209934
 30
0.0
 40
0.01
  1

 50
180.0
  7
WD
 11
5.318715111848771
 21
18.571342547209934
 31
0.0
100
AcDbAttribute
  2
FAMILY
 70
9
  0
ATTRIB
  5
19C
330
17
100
AcDbEntity
  8
0
100
AcDbText
 10
5.249499999999999
 20
18.280721095352337
 30
0.0
 40
0.125
  1

 50
180.0
  7
WD
 41
0.7
 72
2
 11
5.249499999999999
 21
18.280721095352337
 31
0.0
100
AcDbAttribute
  2
DESC2
 70
1
  0
ATTRIB
  5
19D
330
17
100
AcDbEntity
  8
0
100
AcDbText
 10
5.249499999999999
 20
18.124474668198783
 30
0.0
 40
0.125
  1

 50
180.0
  7
WD
 41
0.7
 72
2
 11
5.249499999999999
 21
18.124474668198783
 31
0.0
100
AcDbAttribute
  2
DESC1
 70
1
  0
ATTRIB
  5
19E
330
17
100
AcDbEntity
  8
0
100
AcDbText
 10
5.457833333333332
 20
18.54125
 30
0.0
 40
0.125
  1

 50
180.0
  7
WD
 72
2
 11
5.249499999999999
 21
18.54125
 31
0.0
100
AcDbAttribute
  2
TAG1
 70
1
  0
ATTRIB
  5
19F
330
17
100
AcDbEntity
  8
0
  6
Continuous
100
AcDbText
 10
5.14
 20
18.91625
 30
0.0
 40
0.125
  1

 50
180.0
  7
WD
 11
5.14
 21
18.79125
 31
0.0
100
AcDbAttribute
  2
TERM01
 70
9
 74
3
  0
ATTRIB
  5
1A0
330
17
100
AcDbEntity
  8
0
100
AcDbText
 10
5.186999999999999
 20
18.72875
 30
0.0
 40
0.0125
  1

 50
180.0
  7
WD
 11
5.186999999999999
 21
18.72875
 31
0.0
100
AcDbAttribute
  2
X8TERM01
 70
1
  0
ATTRIB
  5
1A1
330
17
100
AcDbEntity
  8
0
100
AcDbText
 10
5.186999999999999
 20
18.5725
 30
0.0
 40
0.0125
  1

 50
180.0
  7
WD
 11
5.186999999999999
 21
18.5725
 31
0.0
100
AcDbAttribute
  2
X2TERM02
 70
1
  0
ATTRIB
  5
1A2
330
17
100
AcDbEntity
  8
0
  6
Continuous
100
AcDbText
 10
5.14
 20
18.5725
 30
0.0
 40
0.125
  1

 50
180.0
  7
WD
 11
5.14
 21
18.5725
 31
0.0
100
AcDbAttribute
  2
TERM02
 70
9
  0
ATTRIB
  5
1A3
330
17
100
AcDbEntity
  8
0
100
AcDbText
 10
5.318715111848771
 20
18.589974679541566
 30
0.0
 40
0.01
  1

 50
180.0
  7
WD
 11
5.318715111848771
 21
18.589974679541566
 31
0.0
100
AcDbAttribute
  2
WDBLKNAM
 70
9
  0
SEQEND
  5
191
330
190
100
AcDbEntity
  8
SLD_SYMS
  0
INSERT
  5
1A4
330
17
100
AcDbEntity
  8
SLD_SYMS
100
AcDbBlockReference
  2
WDDOT
 10
5.186999999999999
 20
17.879
 30
0.0
  0
LINE
  5
1A6
330
17
100
AcDbEntity
  8
SLD_WIRE
100
AcDbLine
 10
5.186999999999999
 20
17.879
 30
0.0
 11
5.427999999999999
 21
17.879
 31
0.0
  0
CIRCLE
  5
1A7
330
17
100
AcDbEntity
  8
SLD_SYMS
100
AcDbCircle
 10
5.456999999999999
 20
17.879
 30
0.0
 40
0.029
  0
CIRCLE
  5
1A8
330
17
100
AcDbEntity
  8
SLD_SYMS
100
AcDbCircle
 10
5.581999999999999
 20
17.879
 30
0.0
 40
0.029
  0
LINE
  5
1A9
330
17
100
AcDbEntity
  8
SLD_WIRE
100
AcDbLine
 10
5.611
 20
17.879
 30
0.0
 11
5.803999999999999
 21
17.879
 31
0.0
  0
INSERT
  5
1AA
330
17
100
AcDbEntity
  8
SLD_SYMS
100
AcDbBlockReference
 66
1
  2
HGND2
 10
5.803999999999999
 20
17.879
 30
0.0
 50
180.0
  0
ATTRIB
  5
1AC
330
17
100
AcDbEntity
  8
0
100
AcDbText
 10
5.803999999999999
 20
17.879
 30
0.0
 40
0.01
  1

 50
180.0
  7
WD
 11
5.803999999999999
 21
17.879
 31
0.0
100
AcDbAttribute
  2
X4TERM01
 70
1
  0
SEQEND
  5
1AB
330
1AA
100
AcDbEntity
  8
SLD_SYMS
  0
LWPOLYLINE
  5
1AD
330
17
100
AcDbEntity
  8
SLD_SYMS
100
AcDbPolyline
 90
4
 70
1
 10
5.701999999999999
 20
17.388
 10
6.880999999999999
 20
17.388
 10
6.880999999999999
 20
16.716
 10
5.701999999999999
 20
16.716
  0
INSERT
  5
1AE
330
17
100
AcDbEntity
  8
SLD_SYMS
100
AcDbBlockReference
 66
1
  2
VXF1CT
 10
5.379
 20
17.072
 30
0.0
  0
ATTRIB
  5
1B0
330
17
100
AcDbEntity
  8
0
100
AcDbText
 10
5.151916666666667
 20
16.650125
 30
0.0
 40
0.125
  1

  7
WD
 41
0.7
 72
1
 11
5.151916666666667
 21
16.650125
 31
0.0
100
AcDbAttribute
  2
INST
 70
1
  0
ATTRIB
  5
1B1
330
17
100
AcDbEntity
  8
0
100
AcDbText
 10
5.379
 20
16.788826474599723
 30
0.0
 40
0.0125
  1

  7
WD
 11
5.379
 21
16.788826474599723
 31
0.0
100
AcDbAttribute
  2
X8TERM01
 70
1
  0
ATTRIB
  5
1B2
330
17
100
AcDbEntity
  8
0
100
AcDbText
 10
5.4112117627001375
 20
16.82103823729986
 30
0.0
 40
0.0125
  1

  7
WD
 11
5.4112117627001375
 21
16.82103823729986
 31
0.0
100
AcDbAttribute
  2
X1TERM01
 70
1
  0
ATTRIB
  5
1B3
330
17
100
AcDbEntity
  8
0
  6
Continuous
100
AcDbText
 10
5.324062169619042
 20
16.841456032263782
 30
0.0
 40
0.125
  1

  7
WD
 72
2
 11
5.324062169619042
 21
16.841456032263782
 31
0.0
100
AcDbAttribute
  2
TERM01
 70
9
  0
ATTRIB
  5
1B4
330
17
100
AcDbEntity
  8
0
  6
Continuous
100
AcDbText
 10
5.334006916951067
 20
17.338965784883833
 30
0.0
 40
0.125
  1

  7
WD
 72
2
 11
5.334006916951067
 21
17.338965784883833
 31
0.0
100
AcDbAttribute
  2
TERM02
 70
9
  0
ATTRIB
  5
1B5
330
17
100
AcDbEntity
  8
0
100
AcDbText
 10
5.4112117627001375
 20
17.321038237299863
 30
0.0
 40
0.0125
  1

  7
WD
 11
5.4112117627001375
 21
17.321038237299863
 31
0.0
100
AcDbAttribute
  2
X1TERM02
 70
1
  0
ATTRIB
  5
1B6
330
17
100
AcDbEntity
  8
0
100
AcDbText
 10
5.379
 20
17.35325
 30
0.0
 40
0.0125
  1

  7
WD
 11
5.379
 21
17.35325
 31
0.0
100
AcDbAttribute
  2
X2TERM02
 70
1
  0
ATTRIB
  5
1B7
330
17
100
AcDbEntity
  8
0
100
AcDbText
 10
5.66025
 20
16.947
 30
0.0
 40
0.125
  1

  7
WD
 41
0.7
 11
5.66025
 21
16.947
 31
0.0
100
AcDbAttribute
  2
RATING1
 70
1
  0
ATTRIB
  5
1B8
330
17
100
AcDbEntity
  8
0
100
AcDbText
 10
5.66025
 20
17.10325
 30
0.0
 40
0.125
  1

  7
WD
 11
5.66025
 21
17.10325
 31
0.0
100
AcDbAttribute
  2
TAG1
 70
1
  0
ATTRIB
  5
1B9
330
17
100
AcDbEntity
  8
0
100
AcDbText
 10
4.117999999999999
 20
17.055
 30
0.0
 40
0.125
  1
400:5A (3)
  7
WD
 41
0.7
 72
1
 11
4.117999999999999
 21
17.055
 31
0.0
100
AcDbAttribute
  2
DESC1
 70
0
  0
ATTRIB
  5
1BA
330
17
100
AcDbEntity
  8
0
100
AcDbText
 10
3.9919999999999995
 20
16.894
 30
0.0
 40
0.125
  1
CT C200 MR
  7
WD
 41
0.7
 72
1
 11
3.9919999999999995
 21
16.894
 31
0.0
100
AcDbAttribute
  2
DESC2
 70
0
  0
ATTRIB
  5
1BB
330
17
100
AcDbEntity
  8
0
100
AcDbText
 10
5.1784706222727905
 20
16.470951758954772
 30
0.0
 40
0.125
  1

  7
WD
 41
0.7
 72
1
 11
5.1784706222727905
 21
16.470951758954772
 31
0.0
100
AcDbAttribute
  2
LOC
 70
1
  0
ATTRIB
  5
1BC
330
17
100
AcDbEntity
  8
0
  6
Continuous
100
AcDbText
 10
5.208069824898971
 20
17.19095535038637
 30
0.0
 40
0.01
  1

  7
WD
 72
1
 11
5.208069824898971
 21
17.19095535038637
 31
0.0
100
AcDbAttribute
  2
ASSYCODE
 70
9
  0
ATTRIB
  5
1BD
330
17
100
AcDbEntity
  8
0
100
AcDbText
 10
5.1862916666666665
 20
17.025125
 30
0.0
 40
0.125
  1

  7
WD
 72
1
 11
5.332125
 21
17.025125
 31
0.0
100
AcDbAttribute
  2
TYPE
 70
1
  0
ATTRIB
  5
1BE
330
17
100
AcDbEntity
  8
0
100
AcDbText
 10
5.183192775900367
 20
17.262690293718368
 30
0.0
 40
0.01
  1

  7
WD
 11
5.183192775900367
 21
17.262690293718368
 31
0.0
100
AcDbAttribute
  2
FAMILY
 70
9
  0
ATTRIB
  5
1BF
330
17
100
AcDbEntity
  8
0
  6
Continuous
100
AcDbText
 10
5.208246041838716
 20
17.234138877858605
 30
0.0
 40
0.01
  1

  7
WD
 72
1
 11
5.208246041838716
 21
17.234138877858605
 31
0.0
100
AcDbAttribute
  2
CAT
 70
9
  0
ATTRIB
  5
1C0
330
17
100
AcDbEntity
  8
0
  6
Continuous
100
AcDbText
 10
5.206300996198799
 20
17.214697124151154
 30
0.0
 40
0.01
  1

  7
WD
 72
1
 11
5.206300996198799
 21
17.214697124151154
 31
0.0
100
AcDbAttribute
  2
MFG
 70
9
  0
SEQEND
  5
1AF
330
1AE
100
AcDbEntity
  8
SLD_SYMS
  0
INSERT
  5
1C1
330
17
100
AcDbEntity
  8
SLD_SYMS
100
AcDbBlockReference
  2
WDDOT
 10
5.236
 20
17.367
 30
0.0
  0
MTEXT
  5
1C3
330
17
100
AcDbEntity
  8
SLD_TEXT
100
AcDbMText
 10
4.294999999999999
 20
16.849
 30
0.0
 40
0.1
 41
0.0
 71
1
  1
\pxqc;1%%C
  0
LWPOLYLINE
  5
1C4
330
17
100
AcDbEntity
  8
SLD_SYMS
100
AcDbPolyline
 90
4
 70
1
 10
5.8450999999999995
 20
16.4384
 10
5.9768
 20
16.4384
 10
5.9768
 20
16.3157
 10
5.8450999999999995
 20
16.3157
  0
LINE
  5
1C5
330
17
100
AcDbEntity
  8
SLD_SYMS
100
AcDbLine
 10
5.976799999999999
 20
16.4384
 30
0.0
 11
5.8450999999999995
 21
16.4384
 31
0.0
  0
LINE
  5
1C6
330
17
100
AcDbEntity
  8
SLD_SYMS
100
AcDbLine
 10
5.8450999999999995
 20
16.3157
 30
0.0
 11
5.976799999999999
 21
16.4384
 31
0.0
  0
LINE
  5
1C7
330
17
100
AcDbEntity
  8
SLD_SYMS
100
AcDbLine
 10
5.8450999999999995
 20
16.4384
 30
0.0
 11
5.976799999999999
 21
16.3157
 31
0.0
  0
INSERT
  5
1C8
330
17
100
AcDbEntity
  8
SLD_SYMS
100
AcDbBlockReference
 66
1
  2
VXF1CT
 10
5.379
 20
16.128
 30
0.0
  0
ATTRIB
  5
1CA
330
17
100
AcDbEntity
  8
0
100
AcDbText
 10
5.151916666666667
 20
15.706125
 30
0.0
 40
0.125
  1

  7
WD
 41
0.7
 72
1
 11
5.151916666666667
 21
15.706125
 31
0.0
100
AcDbAttribute
  2
INST
 70
1
  0
ATTRIB
  5
1CB
330
17
100
AcDbEntity
  8
0
100
AcDbText
 10
5.379
 20
15.844826474599724
 30
0.0
 40
0.0125
  1

  7
WD
 11
5.379
 21
15.844826474599724
 31
0.0
100
AcDbAttribute
  2
X8TERM01
 70
1
  0
ATTRIB
  5
1CC
330
17
100
AcDbEntity
  8
0
100
AcDbText
 10
5.4112117627001375
 20
15.877038237299862
 30
0.0
 40
0.0125
  1

  7
WD
 11
5.4112117627001375
 21
15.877038237299862
 31
0.0
100
AcDbAttribute
  2
X1TERM01
 70
1
  0
ATTRIB
  5
1CD
330
17
100
AcDbEntity
  8
0
  6
Continuous
100
AcDbText
 10
5.324062169619042
 20
15.897456032263783
 30
0.0
 40
0.125
  1

  7
WD
 72
2
 11
5.324062169619042
 21
15.897456032263783
 31
0.0
100
AcDbAttribute
  2
TERM01
 70
9
  0
ATTRIB
  5
1CE
330
17
100
AcDbEntity
  8
0
  6
Continuous
100
AcDbText
 10
5.334006916951067
 20
16.394965784883833
 30
0.0
 40
0.125
  1

  7
WD
 72
2
 11
5.334006916951067
 21
16.394965784883833
 31
0.0
100
AcDbAttribute
  2
TERM02
 70
9
  0
ATTRIB
  5
1CF
330
17
100
AcDbEntity
  8
0
100
AcDbText
 10
5.4112117627001375
 20
16.377038237299864
 30
0.0
 40
0.0125
  1

  7
WD
 11
5.4112117627001375
 21
16.377038237299864
 31
0.0
100
AcDbAttribute
  2
X1TERM02
 70
1
  0
ATTRIB
  5
1D0
330
17
100
AcDbEntity
  8
0
100
AcDbText
 10
5.379
 20
16.40925
 30
0.0
 40
0.0125
  1

  7
WD
 11
5.379
 21
16.40925
 31
0.0
100
AcDbAttribute
  2
X2TERM02
 70
1
  0
ATTRIB
  5
1D1
330
17
100
AcDbEntity
  8
0
100
AcDbText
 10
5.66025
 20
16.003
 30
0.0
 40
0.125
  1

  7
WD
 41
0.7
 11
5.66025
 21
16.003
 31
0.0
100
AcDbAttribute
  2
RATING1
 70
1
  0
ATTRIB
  5
1D2
330
17
100
AcDbEntity
  8
0
100
AcDbText
 10
5.66025
 20
16.15925
 30
0.0
 40
0.125
  1

  7
WD
 11
5.66025
 21
16.15925
 31
0.0
100
AcDbAttribute
  2
TAG1
 70
1
  0
ATTRIB
  5
1D3
330
17
100
AcDbEntity
  8
0
100
AcDbText
 10
4.0889999999999995
 20
16.111
 30
0.0
 40
0.125
  1
1200:5A (3)
  7
WD
 41
0.7
 72
1
 11
4.0889999999999995
 21
16.111
 31
0.0
100
AcDbAttribute
  2
DESC1
 70
0
  0
ATTRIB
  5
1D4
330
17
100
AcDbEntity
  8
0
100
AcDbText
 10
3.9919999999999995
 20
15.95
 30
0.0
 40
0.125
  1
CT C200 MR
  7
WD
 41
0.7
 72
1
 11
3.9919999999999995
 21
15.95
 31
0.0
100
AcDbAttribute
  2
DESC2
 70
0
  0
ATTRIB
  5
1D5
330
17
100
AcDbEntity
  8
0
100
AcDbText
 10
5.1784706222727905
 20
15.526951758954773
 30
0.0
 40
0.125
  1

  7
WD
 41
0.7
 72
1
 11
5.1784706222727905
 21
15.526951758954773
 31
0.0
100
AcDbAttribute
  2
LOC
 70
1
  0
ATTRIB
  5
1D6
330
17
100
AcDbEntity
  8
0
  6
Continuous
100
AcDbText
 10
5.208069824898971
 20
16.246955350386372
 30
0.0
 40
0.01
  1

  7
WD
 72
1
 11
5.208069824898971
 21
16.246955350386372
 31
0.0
100
AcDbAttribute
  2
ASSYCODE
 70
9
  0
ATTRIB
  5
1D7
330
17
100
AcDbEntity
  8
0
100
AcDbText
 10
5.1862916666666665
 20
16.081125
 30
0.0
 40
0.125
  1

  7
WD
 72
1
 11
5.332125
 21
16.081125
 31
0.0
100
AcDbAttribute
  2
TYPE
 70
1
  0
ATTRIB
  5
1D8
330
17
100
AcDbEntity
  8
0
100
AcDbText
 10
5.183192775900367
 20
16.31869029371837
 30
0.0
 40
0.01
  1

  7
WD
 11
5.183192775900367
 21
16.31869029371837
 31
0.0
100
AcDbAttribute
  2
FAMILY
 70
9
  0
ATTRIB
  5
1D9
330
17
100
AcDbEntity
  8
0
  6
Continuous
100
AcDbText
 10
5.208246041838716
 20
16.290138877858606
 30
0.0
 40
0.01
  1

  7
WD
 72
1
 11
5.208246041838716
 21
16.290138877858606
 31
0.0
100
AcDbAttribute
  2
CAT
 70
9
  0
ATTRIB
  5
1DA
330
17
100
AcDbEntity
  8
0
  6
Continuous
100
AcDbText
 10
5.206300996198799
 20
16.270697124151155
 30
0.0
 40
0.01
  1

  7
WD
 72
1
 11
5.206300996198799
 21
16.270697124151155
 31
0.0
100
AcDbAttribute
  2
MFG
 70
9
  0
SEQEND
  5
1C9
330
1C8
100
AcDbEntity
  8
SLD_SYMS
  0
INSERT
  5
1DB
330
17
100
AcDbEntity
  8
SLD_SYMS
100
AcDbBlockReference
  2
WDDOT
 10
5.236
 20
16.423000000000002
 30
0.0
  0
MTEXT
  5
1DD
330
17
100
AcDbEntity
  8
SLD_TEXT
100
AcDbMText
 10
4.302
 20
15.9
 30
0.0
 40
0.1
 41
0.0
 71
1
  1
\pxqc;1%%C
  0
INSERT
  5
1DE
330
17
100
AcDbEntity
  8
SLD_SYMS
100
AcDbBlockReference
 66
1
  2
VCN1PJ
 10
5.186999999999999
 20
15.535
 30
0.0
  0
ATTRIB
  5
1E0
330
17
100
AcDbEntity
  8
0
100
AcDbText
 10
5.416166666666666
 20
16.384801758954776
 30
0.0
 40
0.125
  1

  7
WD
 41
0.7
 72
2
 11
5.416166666666666
 21
16.384801758954776
 31
0.0
100
AcDbAttribute
  2
INST
 70
1
  0
ATTRIB
  5
1E1
330
17
100
AcDbEntity
  8
0
100
AcDbText
 10
5.200072926894986
 20
15.420359872741505
 30
0.0
 40
0.01
  1

  7
WD
 11
5.200072926894986
 21
15.420359872741505
 31
0.0
100
AcDbAttribute
  2
X8TERMDESC01
 70
1
  0
ATTRIB
  5
1E2
330
17
100
AcDbEntity
  8
0
100
AcDbText
 10
5.213145864499053
 20
15.576609867770696
 30
0.0
 40
0.01
  1

  7
WD
 11
5.213145864499053
 21
15.576609867770696
 31
0.0
100
AcDbAttribute
  2
X2TERMDESC02
 70
1
  0
ATTRIB
  5
1E3
330
17
100
AcDbEntity
  8
0
  6
Continuous
100
AcDbText
 10
5.077924736372424
 20
15.521056517835845
 30
0.0
 40
0.01
  1

  7
WD
 72
1
 11
5.077924736372424
 21
15.521056517835845
 31
0.0
100
AcDbAttribute
  2
ASSYCODE
 70
9
  0
ATTRIB
  5
1E4
330
17
100
AcDbEntity
  8
0
100
AcDbText
 10
5.061999999999999
 20
15.4725
 30
0.0
 40
0.01
  1

  7
WD
 11
5.061999999999999
 21
15.4725
 31
0.0
100
AcDbAttribute
  2
X4LINK
 70
1
  0
ATTRIB
  5
1E5
330
17
100
AcDbEntity
  8
0
100
AcDbText
 10
5.311999999999999
 20
15.4725
 30
0.0
 40
0.01
  1

  7
WD
 11
5.311999999999999
 21
15.4725
 31
0.0
100
AcDbAttribute
  2
X1LINK
 70
1
  0
ATTRIB
  5
1E6
330
17
100
AcDbEntity
  8
0
100
AcDbText
 10
5.124499999999999
 20
16.215201758954773
 30
0.0
 40
0.125
  1

  7
WD
 41
0.7
 72
2
 11
5.124499999999999
 21
16.215201758954773
 31
0.0
100
AcDbAttribute
  2
LOC
 70
1
  0
ATTRIB
  5
1E7
330
17
100
AcDbEntity
  8
0
  6
Continuous
100
AcDbText
 10
5.078393108449658
 20
15.535039283222856
 30
0.0
 40
0.01
  1

  7
WD
 72
1
 11
5.078393108449658
 21
15.535039283222856
 31
0.0
100
AcDbAttribute
  2
MFG
 70
9
  0
ATTRIB
  5
1E8
330
17
100
AcDbEntity
  8
0
  6
Continuous
100
AcDbText
 10
5.080338154089578
 20
15.554481036930307
 30
0.0
 40
0.01
  1

  7
WD
 72
1
 11
5.080338154089578
 21
15.554481036930307
 31
0.0
100
AcDbAttribute
  2
CAT
 70
9
  0
ATTRIB
  5
1E9
330
17
100
AcDbEntity
  8
0
100
AcDbText
 10
5.055284888151228
 20
15.59865745279007
 30
0.0
 40
0.01
  1

  7
WD
 11
5.055284888151228
 21
15.59865745279007
 31
0.0
100
AcDbAttribute
  2
FAMILY
 70
9
  0
ATTRIB
  5
1EA
330
17
100
AcDbEntity
  8
0
100
AcDbText
 10
5.124499999999999
 20
15.889278904647664
 30
0.0
 40
0.125
  1

  7
WD
 41
0.7
 72
2
 11
5.124499999999999
 21
15.889278904647664
 31
0.0
100
AcDbAttribute
  2
DESC2
 70
1
  0
ATTRIB
  5
1EB
330
17
100
AcDbEntity
  8
0
100
AcDbText
 10
5.124499999999999
 20
16.04552533180122
 30
0.0
 40
0.125
  1

  7
WD
 41
0.7
 72
2
 11
5.124499999999999
 21
16.04552533180122
 31
0.0
100
AcDbAttribute
  2
DESC1
 70
1
  0
ATTRIB
  5
1EC
330
17
100
AcDbEntity
  8
0
100
AcDbText
 10
4.916166666666666
 20
15.62875
 30
0.0
 40
0.125
  1

  7
WD
 72
2
 11
5.124499999999999
 21
15.62875
 31
0.0
100
AcDbAttribute
  2
TAG1
 70
1
  0
ATTRIB
  5
1ED
330
17
100
AcDbEntity
  8
0
  6
Continuous
100
AcDbText
 10
5.233999999999999
 20
15.25375
 30
0.0
 40
0.125
  1

  7
WD
 11
5.233999999999999
 21
15.37875
 31
0.0
100
AcDbAttribute
  2
TERM01
 70
9
 74
3
  0
ATTRIB
  5
1EE
330
17
100
AcDbEntity
  8
0
100
AcDbText
 10
5.186999999999999
 20
15.44125
 30
0.0
 40
0.0125
  1

  7
WD
 11
5.186999999999999
 21
15.44125
 31
0.0
100
AcDbAttribute
  2
X8TERM01
 70
1
  0
ATTRIB
  5
1EF
330
17
100
AcDbEntity
  8
0
100
AcDbText
 10
5.186999999999999
 20
15.5975
 30
0.0
 40
0.0125
  1

  7
WD
 11
5.186999999999999
 21
15.5975
 31
0.0
100
AcDbAttribute
  2
X2TERM02
 70
1
  0
ATTRIB
  5
1F0
330
17
100
AcDbEntity
  8
0
  6
Continuous
100
AcDbText
 10
5.233999999999999
 20
15.5975
 30
0.0
 40
0.125
  1

  7
WD
 11
5.233999999999999
 21
15.5975
 31
0.0
100
AcDbAttribute
  2
TERM02
 70
9
  0
ATTRIB
  5
1F1
330
17
100
AcDbEntity
  8
0
100
AcDbText
 10
5.055284888151228
 20
15.580025320458438
 30
0.0
 40
0.01
  1

  7
WD
 11
5.055284888151228
 21
15.580025320458438
 31
0.0
100
AcDbAttribute
  2
WDBLKNAM
 70
9
  0
SEQEND
  5
1DF
330
1DE
100
AcDbEntity
  8
SLD_SYMS
  0
LWPOLYLINE
  5
1F2
330
17
100
AcDbEntity
  8
SLD_SYMS
100
AcDbPolyline
 90
4
 70
1
 10
4.771999999999999
 20
15.013
 10
5.561999999999999
 20
15.013
 10
5.561999999999999
 20
14.092
 10
4.771999999999999
 20
14.092
  0
INSERT
  5
1F3
330
17
100
AcDbEntity
  8
SLD_SYMS
100
AcDbBlockReference
 66
1
  2
VCN1PJ
 10
5.186999999999999
 20
13.643
 30
0.0
 50
180.0
  0
ATTRIB
  5
1F5
330
17
100
AcDbEntity
  8
0
100
AcDbText
 10
4.957833333333332
 20
12.793198241045227
 30
0.0
 40
0.125
  1

 50
180.0
  7
WD
 41
0.7
 72
2
 11
4.957833333333332
 21
12.793198241045227
 31
0.0
100
AcDbAttribute
  2
INST
 70
1
  0
ATTRIB
  5
1F6
330
17
100
AcDbEntity
  8
0
100
AcDbText
 10
5.173927073105013
 20
13.757640127258496
 30
0.0
 40
0.01
  1

 50
180.0
  7
WD
 11
5.173927073105013
 21
13.757640127258496
 31
0.0
100
AcDbAttribute
  2
X8TERMDESC01
 70
1
  0
ATTRIB
  5
1F7
330
17
100
AcDbEntity
  8
0
100
AcDbText
 10
5.160854135500946
 20
13.601390132229305
 30
0.0
 40
0.01
  1

 50
180.0
  7
WD
 11
5.160854135500946
 21
13.601390132229305
 31
0.0
100
AcDbAttribute
  2
X2TERMDESC02
 70
1
  0
ATTRIB
  5
1F8
330
17
100
AcDbEntity
  8
0
  6
Continuous
100
AcDbText
 10
5.296075263627575
 20
13.656943482164156
 30
0.0
 40
0.01
  1

 50
180.0
  7
WD
 72
1
 11
5.296075263627575
 21
13.656943482164156
 31
0.0
100
AcDbAttribute
  2
ASSYCODE
 70
9
  0
ATTRIB
  5
1F9
330
17
100
AcDbEntity
  8
0
100
AcDbText
 10
5.311999999999999
 20
13.7055
 30
0.0
 40
0.01
  1

 50
180.0
  7
WD
 11
5.311999999999999
 21
13.7055
 31
0.0
100
AcDbAttribute
  2
X4LINK
 70
1
  0
ATTRIB
  5
1FA
330
17
100
AcDbEntity
  8
0
100
AcDbText
 10
5.061999999999999
 20
13.7055
 30
0.0
 40
0.01
  1

 50
180.0
  7
WD
 11
5.061999999999999
 21
13.7055
 31
0.0
100
AcDbAttribute
  2
X1LINK
 70
1
  0
ATTRIB
  5
1FB
330
17
100
AcDbEntity
  8
0
100
AcDbText
 10
5.249499999999999
 20
12.962798241045226
 30
0.0
 40
0.125
  1

 50
180.0
  7
WD
 41
0.7
 72
2
 11
5.249499999999999
 21
12.962798241045226
 31
0.0
100
AcDbAttribute
  2
LOC
 70
1
  0
ATTRIB
  5
1FC
330
17
100
AcDbEntity
  8
0
  6
Continuous
100
AcDbText
 10
5.2956068915503405
 20
13.642960716777145
 30
0.0
 40
0.01
  1

 50
180.0
  7
WD
 72
1
 11
5.2956068915503405
 21
13.642960716777145
 31
0.0
100
AcDbAttribute
  2
MFG
 70
9
  0
ATTRIB
  5
1FD
330
17
100
AcDbEntity
  8
0
  6
Continuous
100
AcDbText
 10
5.293661845910421
 20
13.623518963069694
 30
0.0
 40
0.01
  1

 50
180.0
  7
WD
 72
1
 11
5.293661845910421
 21
13.623518963069694
 31
0.0
100
AcDbAttribute
  2
CAT
 70
9
  0
ATTRIB
  5
1FE
330
17
100
AcDbEntity
  8
0
100
AcDbText
 10
5.318715111848771
 20
13.579342547209931
 30
0.0
 40
0.01
  1

 50
180.0
  7
WD
 11
5.318715111848771
 21
13.579342547209931
 31
0.0
100
AcDbAttribute
  2
FAMILY
 70
9
  0
ATTRIB
  5
1FF
330
17
100
AcDbEntity
  8
0
100
AcDbText
 10
5.249499999999999
 20
13.288721095352336
 30
0.0
 40
0.125
  1

 50
180.0
  7
WD
 41
0.7
 72
2
 11
5.249499999999999
 21
13.288721095352336
 31
0.0
100
AcDbAttribute
  2
DESC2
 70
1
  0
ATTRIB
  5
200
330
17
100
AcDbEntity
  8
0
100
AcDbText
 10
5.249499999999999
 20
13.132474668198782
 30
0.0
 40
0.125
  1

 50
180.0
  7
WD
 41
0.7
 72
2
 11
5.249499999999999
 21
13.132474668198782
 31
0.0
100
AcDbAttribute
  2
DESC1
 70
1
  0
ATTRIB
  5
201
330
17
100
AcDbEntity
  8
0
100
AcDbText
 10
5.457833333333332
 20
13.54925
 30
0.0
 40
0.125
  1

 50
180.0
  7
WD
 72
2
 11
5.249499999999999
 21
13.54925
 31
0.0
100
AcDbAttribute
  2
TAG1
 70
1
  0
ATTRIB
  5
202
330
17
100
AcDbEntity
  8
0
  6
Continuous
100
AcDbText
 10
5.14
 20
13.92425
 30
0.0
 40
0.125
  1

 50
180.0
  7
WD
 11
5.14
 21
13.79925
 31
0.0
100
AcDbAttribute
  2
TERM01
 70
9
 74
3
  0
ATTRIB
  5
203
330
17
100
AcDbEntity
  8
0
100
AcDbText
 10
5.186999999999999
 20
13.73675
 30
0.0
 40
0.0125
  1

 50
180.0
  7
WD
 11
5.186999999999999
 21
13.73675
 31
0.0
100
AcDbAttribute
  2
X8TERM01
 70
1
  0
ATTRIB
  5
204
330
17
100
AcDbEntity
  8
0
100
AcDbText
 10
5.186999999999999
 20
13.5805
 30
0.0
 40
0.0125
  1

 50
180.0
  7
WD
 11
5.186999999999999
 21
13.5805
 31
0.0
100
AcDbAttribute
  2
X2TERM02
 70
1
  0
ATTRIB
  5
205
330
17
100
AcDbEntity
  8
0
  6
Continuous
100
AcDbText
 10
5.14
 20
13.5805
 30
0.0
 40
0.125
  1

 50
180.0
  7
WD
 11
5.14
 21
13.5805
 31
0.0
100
AcDbAttribute
  2
TERM02
 70
9
  0
ATTRIB
  5
206
330
17
100
AcDbEntity
  8
0
100
AcDbText
 10
5.318715111848771
 20
13.597974679541563
 30
0.0
 40
0.01
  1

 50
180.0
  7
WD
 11
5.318715111848771
 21
13.597974679541563
 31
0.0
100
AcDbAttribute
  2
WDBLKNAM
 70
9
  0
SEQEND
  5
1F4
330
1F3
100
AcDbEntity
  8
SLD_SYMS
  0
INSERT
  5
207
330
17
100
AcDbEntity
  8
SLD_SYMS
100
AcDbBlockReference
 66
1
  2
VFU1
 10
6.2909999999999995
 20
13.643
 30
0.0
  0
ATTRIB
  5
209
330
17
100
AcDbEntity
  8
0
100
AcDbText
 10
6.572249998957403
 20
13.268000000708662
 30
0.0
 40
0.0625
  1

  7
WD
 41
0.7
 11
6.572249998957403
 21
13.268000000708662
 31
0.0
100
AcDbAttribute
  2
DESC3
 70
1
  0
ATTRIB
  5
20A
330
17
100
AcDbEntity
  8
0
100
AcDbText
 10
6.572249998957403
 20
13.352584657032297
 30
0.0
 40
0.0625
  1

  7
WD
 41
0.7
 11
6.572249998957403
 21
13.352584657032297
 31
0.0
100
AcDbAttribute
  2
DESC2
 70
1
  0
ATTRIB
  5
20B
330
17
100
AcDbEntity
  8
0
100
AcDbText
 10
6.572249998957403
 20
13.446744936220037
 30
0.0
 40
0.0625
  1

  7
WD
 41
0.7
 11
6.572249998957403
 21
13.446744936220037
 31
0.0
100
AcDbAttribute
  2
DESC1
 70
1
  0
ATTRIB
  5
20C
330
17
100
AcDbEntity
  8
0
100
AcDbText
 10
6.5722499999999995
 20
13.805925
 30
0.0
 40
0.0625
  1

  7
WD
 41
0.7
 11
6.5722499999999995
 21
13.805925
 31
0.0
100
AcDbAttribute
  2
INST
 70
1
  0
ATTRIB
  5
20D
330
17
100
AcDbEntity
  8
0
 62
7
100
AcDbText
 10
6.1659999999999995
 20
13.643
 30
0.0
 40
0.01
  1

  7
WD
 11
6.1659999999999995
 21
13.643
 31
0.0
100
AcDbAttribute
  2
X4LINK
 70
1
  0
ATTRIB
  5
20E
330
17
100
AcDbEntity
  8
0
 62
7
100
AcDbText
 10
6.4316249999999995
 20
13.643
 30
0.0
 40
0.01
  1

  7
WD
 11
6.4316249999999995
 21
13.643
 31
0.0
100
AcDbAttribute
  2
X1LINK
 70
1
  0
ATTRIB
  5
20F
330
17
100
AcDbEntity
  8
0
  6
Continuous
100
AcDbText
 10
6.192516367563949
 20
13.534940348433866
 30
0.0
 40
0.01
  1

  7
WD
 72
1
 11
6.192516367563949
 21
13.534940348433866
 31
0.0
100
AcDbAttribute
  2
ASSYCODE
 70
9
  0
ATTRIB
  5
210
330
17
100
AcDbEntity
  8
0
100
AcDbText
 10
6.449191437973069
 20
13.58237500000005
 30
0.0
 40
0.109375
  1

  7
WD
 41
0.9
 11
6.449191437973069
 21
13.58237500000005
 31
0.0
100
AcDbAttribute
  2
TAG1
 70
1
  0
ATTRIB
  5
211
330
17
100
AcDbEntity
  8
0
100
AcDbText
 10
6.5722499999999995
 20
13.721125
 30
0.0
 40
0.0625
  1

  7
WD
 41
0.7
 11
6.5722499999999995
 21
13.721125
 31
0.0
100
AcDbAttribute
  2
LOC
 70
1
  0
ATTRIB
  5
212
330
17
100
AcDbEntity
  8
0
  6
Continuous
100
AcDbText
 10
6.236029620844345
 20
13.84962661600492
 30
0.0
 40
0.0625
  1

  7
WD
 72
2
 11
6.236029620844345
 21
13.84962661600492
 31
0.0
100
AcDbAttribute
  2
TERM01
 70
9
  0
ATTRIB
  5
213
330
17
100
AcDbEntity
  8
0
  6
Continuous
100
AcDbText
 10
6.250298778392005
 20
13.367052969349004
 30
0.0
 40
0.0625
  1

  7
WD
 72
2
 11
6.250298778392005
 21
13.429552969349004
 31
0.0
100
AcDbAttribute
  2
TERM02
 70
9
 74
3
  0
ATTRIB
  5
214
330
17
100
AcDbEntity
  8
0
 62
7
100
AcDbText
 10
6.2909999999999995
 20
13.8305
 30
0.0
 40
0.0109375
  1

  7
WD
 11
6.2909999999999995
 21
13.8305
 31
0.0
100
AcDbAttribute
  2
X2TERM01
 70
1
  0
ATTRIB
  5
215
330
17
100
AcDbEntity
  8
0
 62
7
100
AcDbText
 10
6.2909999999999995
 20
13.4555
 30
0.0
 40
0.0109375
  1

  7
WD
 11
6.2909999999999995
 21
13.4555
 31
0.0
100
AcDbAttribute
  2
X8TERM02
 70
1
  0
ATTRIB
  5
216
330
17
100
AcDbEntity
  8
0
100
AcDbText
 10
6.194716414340328
 20
13.606540457527665
 30
0.0
 40
0.01
  1

  7
WD
 72
2
 11
6.2113830810069945
 21
13.606540457527665
 31
0.0
100
AcDbAttribute
  2
FAMILY
 70
9
  0
ATTRIB
  5
217
330
17
100
AcDbEntity
  8
0
  6
Continuous
100
AcDbText
 10
6.2113830810069945
 20
13.569873790860997
 30
0.0
 40
0.01
  1

  7
WD
 72
2
 11
6.2113830810069945
 21
13.569873790860997
 31
0.0
100
AcDbAttribute
  2
CAT
 70
9
  0
ATTRIB
  5
218
330
17
100
AcDbEntity
  8
0
  6
Continuous
100
AcDbText
 10
6.2113830810069945
 20
13.554873790860999
 30
0.0
 40
0.01
  1

  7
WD
 72
2
 11
6.2113830810069945
 21
13.554873790860999
 31
0.0
100
AcDbAttribute
  2
MFG
 70
9
  0
ATTRIB
  5
219
330
17
100
AcDbEntity
  8
0
100
AcDbText
 10
6.3378749999999995
 20
13.643
 30
0.0
 40
0.09375
  1
6A
 50
90.0
  7
WD
 41
0.7
 72
1
 11
6.2909999999999995
 21
13.643
 31
0.0
100
AcDbAttribute
  2
RATING1
 70
0
 74
2
  0
SEQEND
  5
208
330
207
100
AcDbEntity
  8
SLD_SYMS
  0
MTEXT
  5
21A
330
17
100
AcDbEntity
  8
SLD_TEXT
100
AcDbMText
 10
4.927999999999999
 20
14.799
 30
0.0
 40
0.093
 41
0.0
 71
1
  1
52-F1A\P15kV\P1200A\P18kA
  0
MTEXT
  5
21B
330
17
100
AcDbEntity
  8
SLD_TEXT
100
AcDbMText
 10
6.292
 20
17.35
 30
0.0
 40
0.093
 41
0.0
 71
1
  1
\pxqc;SEL-751\PFEEDER\PPROTECTION\PRELAY
  0
MTEXT
  5
21C
330
17
100
AcDbEntity
  8
SLD_TEXT
100
AcDbMText
 10
5.170999999999999
 20
19.31
 30
0.0
 40
0.1
 41
0.0
 71
1
  1
\pxqc;INCOMING\P13.8kV\PMPU-60-1\P5.7MW
  0
MTEXT
  5
21D
330
17
100
AcDbEntity
  8
SLD_TEXT
100
AcDbMText
 10
5.951999999999999
 20
18.168
 30
0.0
 40
0.093
 41
0.0
 71
1
  1
L.A.\P18kV\P15.3kV\PMCOV
  0
LINE
  5
21E
330
17
100
AcDbEntity
  8
SLD_WIRE
100
AcDbLine
 10
5.186999999999999
 20
12.609
 30
0.0
 11
5.186999999999999
 21
9.408
 31
0.0
  0
LINE
  5
21F
330
17
100
AcDbEntity
  8
SLD_WIRE
100
AcDbLine
 10
5.186999999999999
 20
9.252
 30
0.0
 11
5.186999999999999
 21
8.8231
 31
0.0
  0
LINE
  5
220
330
17
100
AcDbEntity
  8
SLD_WIRE
100
AcDbLine
 10
5.186999999999999
 20
7.9025
 30
0.0
 11
5.186999999999999
 21
7.547
 31
0.0
  0
LINE
  5
221
330
17
100
AcDbEntity
  8
SLD_WIRE
100
AcDbLine
 10
5.186999999999999
 20
7.391
 30
0.0
 11
5.186999999999999
 21
3.893
 31
0.0
  0
INSERT
  5
222
330
17
100
AcDbEntity
  8
SLD_SYMS
100
AcDbBlockReference
 66
1
  2
VFU1
 10
6.617999999999999
 20
9.503
 30
0.0
  0
ATTRIB
  5
224
330
17
100
AcDbEntity
  8
0
100
AcDbText
 10
6.899249998957403
 20
9.128000000708662
 30
0.0
 40
0.0625
  1

  7
WD
 41
0.7
 11
6.899249998957403
 21
9.128000000708662
 31
0.0
100
AcDbAttribute
  2
DESC3
 70
1
  0
ATTRIB
  5
225
330
17
100
AcDbEntity
  8
0
100
AcDbText
 10
6.899249998957403
 20
9.212584657032297
 30
0.0
 40
0.0625
  1

  7
WD
 41
0.7
 11
6.899249998957403
 21
9.212584657032297
 31
0.0
100
AcDbAttribute
  2
DESC2
 70
1
  0
ATTRIB
  5
226
330
17
100
AcDbEntity
  8
0
100
AcDbText
 10
6.899249998957403
 20
9.306744936220037
 30
0.0
 40
0.0625
  1

  7
WD
 41
0.7
 11
6.899249998957403
 21
9.306744936220037
 31
0.0
100
AcDbAttribute
  2
DESC1
 70
1
  0
ATTRIB
  5
227
330
17
100
AcDbEntity
  8
0
100
AcDbText
 10
6.899249999999999
 20
9.665925
 30
0.0
 40
0.0625
  1

  7
WD
 41
0.7
 11
6.899249999999999
 21
9.665925
 31
0.0
100
AcDbAttribute
  2
INST
 70
1
  0
ATTRIB
  5
228
330
17
100
AcDbEntity
  8
0
 62
7
100
AcDbText
 10
6.492999999999999
 20
9.503
 30
0.0
 40
0.01
  1

  7
WD
 11
6.492999999999999
 21
9.503
 31
0.0
100
AcDbAttribute
  2
X4LINK
 70
1
  0
ATTRIB
  5
229
330
17
100
AcDbEntity
  8
0
 62
7
100
AcDbText
 10
6.758624999999999
 20
9.503
 30
0.0
 40
0.01
  1

  7
WD
 11
6.758624999999999
 21
9.503
 31
0.0
100
AcDbAttribute
  2
X1LINK
 70
1
  0
ATTRIB
  5
22A
330
17
100
AcDbEntity
  8
0
  6
Continuous
100
AcDbText
 10
6.519516367563949
 20
9.394940348433865
 30
0.0
 40
0.01
  1

  7
WD
 72
1
 11
6.519516367563949
 21
9.394940348433865
 31
0.0
100
AcDbAttribute
  2
ASSYCODE
 70
9
  0
ATTRIB
  5
22B
330
17
100
AcDbEntity
  8
0
100
AcDbText
 10
6.776191437973069
 20
9.44237500000005
 30
0.0
 40
0.109375
  1

  7
WD
 41
0.9
 11
6.776191437973069
 21
9.44237500000005
 31
0.0
100
AcDbAttribute
  2
TAG1
 70
1
  0
ATTRIB
  5
22C
330
17
100
AcDbEntity
  8
0
100
AcDbText
 10
6.899249999999999
 20
9.581125
 30
0.0
 40
0.0625
  1

  7
WD
 41
0.7
 11
6.899249999999999
 21
9.581125
 31
0.0
100
AcDbAttribute
  2
LOC
 70
1
  0
ATTRIB
  5
22D
330
17
100
AcDbEntity
  8
0
  6
Continuous
100
AcDbText
 10
6.563029620844345
 20
9.70962661600492
 30
0.0
 40
0.0625
  1

  7
WD
 72
2
 11
6.563029620844345
 21
9.70962661600492
 31
0.0
100
AcDbAttribute
  2
TERM01
 70
9
  0
ATTRIB
  5
22E
330
17
100
AcDbEntity
  8
0
  6
Continuous
100
AcDbText
 10
6.577298778392005
 20
9.227052969349003
 30
0.0
 40
0.0625
  1

  7
WD
 72
2
 11
6.577298778392005
 21
9.289552969349003
 31
0.0
100
AcDbAttribute
  2
TERM02
 70
9
 74
3
  0
ATTRIB
  5
22F
330
17
100
AcDbEntity
  8
0
 62
7
100
AcDbText
 10
6.617999999999999
 20
9.6905
 30
0.0
 40
0.0109375
  1

  7
WD
 11
6.617999999999999
 21
9.6905
 31
0.0
100
AcDbAttribute
  2
X2TERM01
 70
1
  0
ATTRIB
  5
230
330
17
100
AcDbEntity
  8
0
 62
7
100
AcDbText
 10
6.617999999999999
 20
9.3155
 30
0.0
 40
0.0109375
  1

  7
WD
 11
6.617999999999999
 21
9.3155
 31
0.0
100
AcDbAttribute
  2
X8TERM02
 70
1
  0
ATTRIB
  5
231
330
17
100
AcDbEntity
  8
0
100
AcDbText
 10
6.521716414340328
 20
9.466540457527664
 30
0.0
 40
0.01
  1

  7
WD
 72
2
 11
6.5383830810069945
 21
9.466540457527664
 31
0.0
100
AcDbAttribute
  2
FAMILY
 70
9
  0
ATTRIB
  5
232
330
17
100
AcDbEntity
  8
0
  6
Continuous
100
AcDbText
 10
6.5383830810069945
 20
9.429873790860997
 30
0.0
 40
0.01
  1

  7
WD
 72
2
 11
6.5383830810069945
 21
9.429873790860997
 31
0.0
100
AcDbAttribute
  2
CAT
 70
9
  0
ATTRIB
  5
233
330
17
100
AcDbEntity
  8
0
  6
Continuous
100
AcDbText
 10
6.5383830810069945
 20
9.414873790860998
 30
0.0
 40
0.01
  1

  7
WD
 72
2
 11
6.5383830810069945
 21
9.414873790860998
 31
0.0
100
AcDbAttribute
  2
MFG
 70
9
  0
ATTRIB
  5
234
330
17
100
AcDbEntity
  8
0
100
AcDbText
 10
6.664874999999999
 20
9.503
 30
0.0
 40
0.09375
  1
6A
 50
90.0
  7
WD
 41
0.7
 72
1
 11
6.617999999999999
 21
9.503
 31
0.0
100
AcDbAttribute
  2
RATING1
 70
0
 74
2
  0
SEQEND
  5
223
330
222
100
AcDbEntity
  8
SLD_SYMS
  0
INSERT
  5
235
330
17
100
AcDbEntity
  8
SLD_SYMS
100
AcDbBlockReference
 66
1
  2
VCN1PJ
 10
5.186999999999999
 20
9.346
 30
0.0
  0
ATTRIB
  5
237
330
17
100
AcDbEntity
  8
0
100
AcDbText
 10
5.416166666666666
 20
10.195801758954774
 30
0.0
 40
0.125
  1

  7
WD
 41
0.7
 72
2
 11
5.416166666666666
 21
10.195801758954774
 31
0.0
100
AcDbAttribute
  2
INST
 70
1
  0
ATTRIB
  5
238
330
17
100
AcDbEntity
  8
0
100
AcDbText
 10
5.200072926894986
 20
9.231359872741505
 30
0.0
 40
0.01
  1

  7
WD
 11
5.200072926894986
 21
9.231359872741505
 31
0.0
100
AcDbAttribute
  2
X8TERMDESC01
 70
1
  0
ATTRIB
  5
239
330
17
100
AcDbEntity
  8
0
100
AcDbText
 10
5.213145864499053
 20
9.387609867770696
 30
0.0
 40
0.01
  1

  7
WD
 11
5.213145864499053
 21
9.387609867770696
 31
0.0
100
AcDbAttribute
  2
X2TERMDESC02
 70
1
  0
ATTRIB
  5
23A
330
17
100
AcDbEntity
  8
0
  6
Continuous
100
AcDbText
 10
5.077924736372424
 20
9.332056517835845
 30
0.0
 40
0.01
  1

  7
WD
 72
1
 11
5.077924736372424
 21
9.332056517835845
 31
0.0
100
AcDbAttribute
  2
ASSYCODE
 70
9
  0
ATTRIB
  5
23B
330
17
100
AcDbEntity
  8
0
100
AcDbText
 10
5.061999999999999
 20
9.2835
 30
0.0
 40
0.01
  1

  7
WD
 11
5.061999999999999
 21
9.2835
 31
0.0
100
AcDbAttribute
  2
X4LINK
 70
1
  0
ATTRIB
  5
23C
330
17
100
AcDbEntity
  8
0
100
AcDbText
 10
5.311999999999999
 20
9.2835
 30
0.0
 40
0.01
  1

  7
WD
 11
5.311999999999999
 21
9.2835
 31
0.0
100
AcDbAttribute
  2
X1LINK
 70
1
  0
ATTRIB
  5
23D
330
17
100
AcDbEntity
  8
0
100
AcDbText
 10
5.124499999999999
 20
10.026201758954775
 30
0.0
 40
0.125
  1

  7
WD
 41
0.7
 72
2
 11
5.124499999999999
 21
10.026201758954775
 31
0.0
100
AcDbAttribute
  2
LOC
 70
1
  0
ATTRIB
  5
23E
330
17
100
AcDbEntity
  8
0
  6
Continuous
100
AcDbText
 10
5.078393108449658
 20
9.346039283222856
 30
0.0
 40
0.01
  1

  7
WD
 72
1
 11
5.078393108449658
 21
9.346039283222856
 31
0.0
100
AcDbAttribute
  2
MFG
 70
9
  0
ATTRIB
  5
23F
330
17
100
AcDbEntity
  8
0
  6
Continuous
100
AcDbText
 10
5.080338154089578
 20
9.365481036930307
 30
0.0
 40
0.01
  1

  7
WD
 72
1
 11
5.080338154089578
 21
9.365481036930307
 31
0.0
100
AcDbAttribute
  2
CAT
 70
9
  0
ATTRIB
  5
240
330
17
100
AcDbEntity
  8
0
100
AcDbText
 10
5.055284888151228
 20
9.40965745279007
 30
0.0
 40
0.01
  1

  7
WD
 11
5.055284888151228
 21
9.40965745279007
 31
0.0
100
AcDbAttribute
  2
FAMILY
 70
9
  0
ATTRIB
  5
241
330
17
100
AcDbEntity
  8
0
100
AcDbText
 10
5.124499999999999
 20
9.700278904647664
 30
0.0
 40
0.125
  1

  7
WD
 41
0.7
 72
2
 11
5.124499999999999
 21
9.700278904647664
 31
0.0
100
AcDbAttribute
  2
DESC2
 70
1
  0
ATTRIB
  5
242
330
17
100
AcDbEntity
  8
0
100
AcDbText
 10
5.124499999999999
 20
9.856525331801219
 30
0.0
 40
0.125
  1

  7
WD
 41
0.7
 72
2
 11
5.124499999999999
 21
9.856525331801219
 31
0.0
100
AcDbAttribute
  2
DESC1
 70
1
  0
ATTRIB
  5
243
330
17
100
AcDbEntity
  8
0
100
AcDbText
 10
4.916166666666666
 20
9.43975
 30
0.0
 40
0.125
  1

  7
WD
 72
2
 11
5.124499999999999
 21
9.43975
 31
0.0
100
AcDbAttribute
  2
TAG1
 70
1
  0
ATTRIB
  5
244
330
17
100
AcDbEntity
  8
0
  6
Continuous
100
AcDbText
 10
5.233999999999999
 20
9.06475
 30
0.0
 40
0.125
  1

  7
WD
 11
5.233999999999999
 21
9.18975
 31
0.0
100
AcDbAttribute
  2
TERM01
 70
9
 74
3
  0
ATTRIB
  5
245
330
17
100
AcDbEntity
  8
0
100
AcDbText
 10
5.186999999999999
 20
9.25225
 30
0.0
 40
0.0125
  1

  7
WD
 11
5.186999999999999
 21
9.25225
 31
0.0
100
AcDbAttribute
  2
X8TERM01
 70
1
  0
ATTRIB
  5
246
330
17
100
AcDbEntity
  8
0
100
AcDbText
 10
5.186999999999999
 20
9.4085
 30
0.0
 40
0.0125
  1

  7
WD
 11
5.186999999999999
 21
9.4085
 31
0.0
100
AcDbAttribute
  2
X2TERM02
 70
1
  0
ATTRIB
  5
247
330
17
100
AcDbEntity
  8
0
  6
Continuous
100
AcDbText
 10
5.233999999999999
 20
9.4085
 30
0.0
 40
0.125
  1

  7
WD
 11
5.233999999999999
 21
9.4085
 31
0.0
100
AcDbAttribute
  2
TERM02
 70
9
  0
ATTRIB
  5
248
330
17
100
AcDbEntity
  8
0
100
AcDbText
 10
5.055284888151228
 20
9.391025320458438
 30
0.0
 40
0.01
  1

  7
WD
 11
5.055284888151228
 21
9.391025320458438
 31
0.0
100
AcDbAttribute
  2
WDBLKNAM
 70
9
  0
SEQEND
  5
236
330
235
100
AcDbEntity
  8
SLD_SYMS
  0
CIRCLE
  5
249
330
17
100
AcDbEntity
  8
SLD_SYMS
100
AcDbCircle
 10
6.241999999999999
 20
8.522
 30
0.0
 40
0.176
  0
MTEXT
  5
24A
330
17
100
AcDbEntity
  8
SLD_TEXT
100
AcDbMText
 10
6.1579999999999995
 20
8.576
 30
0.0
 40
0.093
 41
0.0
 71
1
  1
\pxqc;86
  0
LINE
  5
24B
330
17
100
AcDbEntity
  8
SLD_CONTROL
100
AcDbLine
 10
5.561999999999999
 20
8.522
 30
0.0
 11
6.065999999999999
 21
8.522
 31
0.0
  0
LINE
  5
24C
330
17
100
AcDbEntity
  8
SLD_CONTROL
100
AcDbLine
 10
6.241999999999999
 20
8.345
 30
0.0
 11
6.241999999999999
 21
7.918
 31
0.0
  0
LWPOLYLINE
  5
24D
330
17
100
AcDbEntity
  8
SLD_SYMS
100
AcDbPolyline
 90
4
 70
1
 10
4.7722
 20
8.8231
 10
5.5618
 20
8.8231
 10
5.5618
 20
7.9025
 10
4.7722
 20
7.9025
  0
LWPOLYLINE
  5
24E
330
17
100
AcDbEntity
  8
SLD_SYMS
100
AcDbPolyline
 90
4
 70
1
 10
5.702999999999999
 20
7.9183
 10
6.9064
 20
7.9183
 10
6.9064
 20
7.2459
 10
5.702999999999999
 20
7.2459
  0
INSERT
  5
24F
330
17
100
AcDbEntity
  8
SLD_SYMS
100
AcDbBlockReference
 66
1
  2
VCN1PJ
 10
5.186999999999999
 20
7.453
 30
0.0
 50
180.0
  0
ATTRIB
  5
251
330
17
100
AcDbEntity
  8
0
100
AcDbText
 10
4.957833333333332
 20
6.603198241045226
 30
0.0
 40
0.125
  1

 50
180.0
  7
WD
 41
0.7
 72
2
 11
4.957833333333332
 21
6.603198241045226
 31
0.0
100
AcDbAttribute
  2
INST
 70
1
  0
ATTRIB
  5
252
330
17
100
AcDbEntity
  8
0
100
AcDbText
 10
5.173927073105013
 20
7.567640127258495
 30
0.0
 40
0.01
  1

 50
180.0
  7
WD
 11
5.173927073105013
 21
7.567640127258495
 31
0.0
100
AcDbAttribute
  2
X8TERMDESC01
 70
1
  0
ATTRIB
  5
253
330
17
100
AcDbEntity
  8
0
100
AcDbText
 10
5.160854135500946
 20
7.411390132229304
 30
0.0
 40
0.01
  1

 50
180.0
  7
WD
 11
5.160854135500946
 21
7.411390132229304
 31
0.0
100
AcDbAttribute
  2
X2TERMDESC02
 70
1
  0
ATTRIB
  5
254
330
17
100
AcDbEntity
  8
0
  6
Continuous
100
AcDbText
 10
5.296075263627575
 20
7.4669434821641545
 30
0.0
 40
0.01
  1

 50
180.0
  7
WD
 72
1
 11
5.296075263627575
 21
7.4669434821641545
 31
0.0
100
AcDbAttribute
  2
ASSYCODE
 70
9
  0
ATTRIB
  5
255
330
17
100
AcDbEntity
  8
0
100
AcDbText
 10
5.311999999999999
 20
7.5155
 30
0.0
 40
0.01
  1

 50
180.0
  7
WD
 11
5.311999999999999
 21
7.5155
 31
0.0
100
AcDbAttribute
  2
X4LINK
 70
1
  0
ATTRIB
  5
256
330
17
100
AcDbEntity
  8
0
100
AcDbText
 10
5.061999999999999
 20
7.5155
 30
0.0
 40
0.01
  1

 50
180.0
  7
WD
 11
5.061999999999999
 21
7.5155
 31
0.0
100
AcDbAttribute
  2
X1LINK
 70
1
  0
ATTRIB
  5
257
330
17
100
AcDbEntity
  8
0
100
AcDbText
 10
5.249499999999999
 20
6.772798241045226
 30
0.0
 40
0.125
  1

 50
180.0
  7
WD
 41
0.7
 72
2
 11
5.249499999999999
 21
6.772798241045226
 31
0.0
100
AcDbAttribute
  2
LOC
 70
1
  0
ATTRIB
  5
258
330
17
100
AcDbEntity
  8
0
  6
Continuous
100
AcDbText
 10
5.2956068915503405
 20
7.452960716777144
 30
0.0
 40
0.01
  1

 50
180.0
  7
WD
 72
1
 11
5.2956068915503405
 21
7.452960716777144
 31
0.0
100
AcDbAttribute
  2
MFG
 70
9
  0
ATTRIB
  5
259
330
17
100
AcDbEntity
  8
0
  6
Continuous
100
AcDbText
 10
5.293661845910421
 20
7.433518963069694
 30
0.0
 40
0.01
  1

 50
180.0
  7
WD
 72
1
 11
5.293661845910421
 21
7.433518963069694
 31
0.0
100
AcDbAttribute
  2
CAT
 70
9
  0
ATTRIB
  5
25A
330
17
100
AcDbEntity
  8
0
100
AcDbText
 10
5.318715111848771
 20
7.389342547209931
 30
0.0
 40
0.01
  1

 50
180.0
  7
WD
 11
5.318715111848771
 21
7.389342547209931
 31
0.0
100
AcDbAttribute
  2
FAMILY
 70
9
  0
ATTRIB
  5
25B
330
17
100
AcDbEntity
  8
0
100
AcDbText
 10
5.249499999999999
 20
7.098721095352336
 30
0.0
 40
0.125
  1

 50
180.0
  7
WD
 41
0.7
 72
2
 11
5.249499999999999
 21
7.098721095352336
 31
0.0
100
AcDbAttribute
  2
DESC2
 70
1
  0
ATTRIB
  5
25C
330
17
100
AcDbEntity
  8
0
100
AcDbText
 10
5.249499999999999
 20
6.942474668198781
 30
0.0
 40
0.125
  1

 50
180.0
  7
WD
 41
0.7
 72
2
 11
5.249499999999999
 21
6.942474668198781
 31
0.0
100
AcDbAttribute
  2
DESC1
 70
1
  0
ATTRIB
  5
25D
330
17
100
AcDbEntity
  8
0
100
AcDbText
 10
5.457833333333332
 20
7.35925
 30
0.0
 40
0.125
  1

 50
180.0
  7
WD
 72
2
 11
5.249499999999999
 21
7.35925
 31
0.0
100
AcDbAttribute
  2
TAG1
 70
1
  0
ATTRIB
  5
25E
330
17
100
AcDbEntity
  8
0
  6
Continuous
100
AcDbText
 10
5.14
 20
7.73425
 30
0.0
 40
0.125
  1

 50
180.0
  7
WD
 11
5.14
 21
7.60925
 31
0.0
100
AcDbAttribute
  2
TERM01
 70
9
 74
3
  0
ATTRIB
  5
25F
330
17
100
AcDbEntity
  8
0
100
AcDbText
 10
5.186999999999999
 20
7.54675
 30
0.0
 40
0.0125
  1

 50
180.0
  7
WD
 11
5.186999999999999
 21
7.54675
 31
0.0
100
AcDbAttribute
  2
X8TERM01
 70
1
  0
ATTRIB
  5
260
330
17
100
AcDbEntity
  8
0
100
AcDbText
 10
5.186999999999999
 20
7.3905
 30
0.0
 40
0.0125
  1

 50
180.0
  7
WD
 11
5.186999999999999
 21
7.3905
 31
0.0
100
AcDbAttribute
  2
X2TERM02
 70
1
  0
ATTRIB
  5
261
330
17
100
AcDbEntity
  8
0
  6
Continuous
100
AcDbText
 10
5.14
 20
7.3905
 30
0.0
 40
0.125
  1

 50
180.0
  7
WD
 11
5.14
 21
7.3905
 31
0.0
100
AcDbAttribute
  2
TERM02
 70
9
  0
ATTRIB
  5
262
330
17
100
AcDbEntity
  8
0
100
AcDbText
 10
5.318715111848771
 20
7.407974679541563
 30
0.0
 40
0.01
  1

 50
180.0
  7
WD
 11
5.318715111848771
 21
7.407974679541563
 31
0.0
100
AcDbAttribute
  2
WDBLKNAM
 70
9
  0
SEQEND
  5
250
330
24F
100
AcDbEntity
  8
SLD_SYMS
  0
INSERT
  5
263
330
17
100
AcDbEntity
  8
SLD_SYMS
100
AcDbBlockReference
 66
1
  2
VXF1CT
 10
5.378699999999999
 20
6.8035
 30
0.0
  0
ATTRIB
  5
265
330
17
100
AcDbEntity
  8
0
100
AcDbText
 10
5.151616666666666
 20
6.381625
 30
0.0
 40
0.125
  1

  7
WD
 41
0.7
 72
1
 11
5.151616666666666
 21
6.381625
 31
0.0
100
AcDbAttribute
  2
INST
 70
1
  0
ATTRIB
  5
266
330
17
100
AcDbEntity
  8
0
100
AcDbText
 10
5.378699999999999
 20
6.520326474599724
 30
0.0
 40
0.0125
  1

  7
WD
 11
5.378699999999999
 21
6.520326474599724
 31
0.0
100
AcDbAttribute
  2
X8TERM01
 70
1
  0
ATTRIB
  5
267
330
17
100
AcDbEntity
  8
0
100
AcDbText
 10
5.410911762700137
 20
6.552538237299862
 30
0.0
 40
0.0125
  1

  7
WD
 11
5.410911762700137
 21
6.552538237299862
 31
0.0
100
AcDbAttribute
  2
X1TERM01
 70
1
  0
ATTRIB
  5
268
330
17
100
AcDbEntity
  8
0
  6
Continuous
100
AcDbText
 10
5.323762169619042
 20
6.572956032263782
 30
0.0
 40
0.125
  1

  7
WD
 72
2
 11
5.323762169619042
 21
6.572956032263782
 31
0.0
100
AcDbAttribute
  2
TERM01
 70
9
  0
ATTRIB
  5
269
330
17
100
AcDbEntity
  8
0
  6
Continuous
100
AcDbText
 10
5.3337069169510665
 20
7.070465784883833
 30
0.0
 40
0.125
  1

  7
WD
 72
2
 11
5.3337069169510665
 21
7.070465784883833
 31
0.0
100
AcDbAttribute
  2
TERM02
 70
9
  0
ATTRIB
  5
26A
330
17
100
AcDbEntity
  8
0
100
AcDbText
 10
5.410911762700137
 20
7.052538237299862
 30
0.0
 40
0.0125
  1

  7
WD
 11
5.410911762700137
 21
7.052538237299862
 31
0.0
100
AcDbAttribute
  2
X1TERM02
 70
1
  0
ATTRIB
  5
26B
330
17
100
AcDbEntity
  8
0
100
AcDbText
 10
5.378699999999999
 20
7.08475
 30
0.0
 40
0.0125
  1

  7
WD
 11
5.378699999999999
 21
7.08475
 31
0.0
100
AcDbAttribute
  2
X2TERM02
 70
1
  0
ATTRIB
  5
26C
330
17
100
AcDbEntity
  8
0
100
AcDbText
 10
5.659949999999999
 20
6.6785
 30
0.0
 40
0.125
  1

  7
WD
 41
0.7
 11
5.659949999999999
 21
6.6785
 31
0.0
100
AcDbAttribute
  2
RATING1
 70
1
  0
ATTRIB
  5
26D
330
17
100
AcDbEntity
  8
0
100
AcDbText
 10
5.659949999999999
 20
6.83475
 30
0.0
 40
0.125
  1

  7
WD
 11
5.659949999999999
 21
6.83475
 31
0.0
100
AcDbAttribute
  2
TAG1
 70
1
  0
ATTRIB
  5
26E
330
17
100
AcDbEntity
  8
0
100
AcDbText
 10
4.1175999999999995
 20
6.786099999999999
 30
0.0
 40
0.125
  1
400:5A (3)
  7
WD
 41
0.7
 72
1
 11
4.1175999999999995
 21
6.786099999999999
 31
0.0
100
AcDbAttribute
  2
DESC1
 70
0
  0
ATTRIB
  5
26F
330
17
100
AcDbEntity
  8
0
100
AcDbText
 10
4.123199999999999
 20
6.6254
 30
0.0
 40
0.125
  1
CT C200
  7
WD
 41
0.7
 72
1
 11
4.123199999999999
 21
6.6254
 31
0.0
100
AcDbAttribute
  2
DESC2
 70
0
  0
ATTRIB
  5
270
330
17
100
AcDbEntity
  8
0
100
AcDbText
 10
5.17817062227279
 20
6.202451758954774
 30
0.0
 40
0.125
  1

  7
WD
 41
0.7
 72
1
 11
5.17817062227279
 21
6.202451758954774
 31
0.0
100
AcDbAttribute
  2
LOC
 70
1
  0
ATTRIB
  5
271
330
17
100
AcDbEntity
  8
0
  6
Continuous
100
AcDbText
 10
5.207769824898971
 20
6.922455350386372
 30
0.0
 40
0.01
  1

  7
WD
 72
1
 11
5.207769824898971
 21
6.922455350386372
 31
0.0
100
AcDbAttribute
  2
ASSYCODE
 70
9
  0
ATTRIB
  5
272
330
17
100
AcDbEntity
  8
0
100
AcDbText
 10
5.185991666666666
 20
6.756625
 30
0.0
 40
0.125
  1

  7
WD
 72
1
 11
5.331824999999999
 21
6.756625
 31
0.0
100
AcDbAttribute
  2
TYPE
 70
1
  0
ATTRIB
  5
273
330
17
100
AcDbEntity
  8
0
100
AcDbText
 10
5.182892775900367
 20
6.994190293718368
 30
0.0
 40
0.01
  1

  7
WD
 11
5.182892775900367
 21
6.994190293718368
 31
0.0
100
AcDbAttribute
  2
FAMILY
 70
9
  0
ATTRIB
  5
274
330
17
100
AcDbEntity
  8
0
  6
Continuous
100
AcDbText
 10
5.207946041838717
 20
6.965638877858606
 30
0.0
 40
0.01
  1

  7
WD
 72
1
 11
5.207946041838717
 21
6.965638877858606
 31
0.0
100
AcDbAttribute
  2
CAT
 70
9
  0
ATTRIB
  5
275
330
17
100
AcDbEntity
  8
0
  6
Continuous
100
AcDbText
 10
5.206000996198798
 20
6.946197124151155
 30
0.0
 40
0.01
  1

  7
WD
 72
1
 11
5.206000996198798
 21
6.946197124151155
 31
0.0
100
AcDbAttribute
  2
MFG
 70
9
  0
SEQEND
  5
264
330
263
100
AcDbEntity
  8
SLD_SYMS
  0
INSERT
  5
276
330
17
100
AcDbEntity
  8
SLD_SYMS
100
AcDbBlockReference
  2
WDDOT
 10
5.241999999999999
 20
6.4985
 30
0.0
  0
MTEXT
  5
278
330
17
100
AcDbEntity
  8
SLD_TEXT
100
AcDbMText
 10
4.409999999999999
 20
6.571
 30
0.0
 40
0.1
 41
0.0
 71
1
  1
\pxqc;1%%C
  0
INSERT
  5
279
330
17
100
AcDbEntity
  8
SLD_SYMS
100
AcDbBlockReference
 66
1
  2
VXF1CT
 10
5.378699999999999
 20
6.0313
 30
0.0
  0
ATTRIB
  5
27B
330
17
100
AcDbEntity
  8
0
100
AcDbText
 10
5.151616666666666
 20
5.609425
 30
0.0
 40
0.125
  1

  7
WD
 41
0.7
 72
1
 11
5.151616666666666
 21
5.609425
 31
0.0
100
AcDbAttribute
  2
INST
 70
1
  0
ATTRIB
  5
27C
330
17
100
AcDbEntity
  8
0
100
AcDbText
 10
5.378699999999999
 20
5.748126474599724
 30
0.0
 40
0.0125
  1

  7
WD
 11
5.378699999999999
 21
5.748126474599724
 31
0.0
100
AcDbAttribute
  2
X8TERM01
 70
1
  0
ATTRIB
  5
27D
330
17
100
AcDbEntity
  8
0
100
AcDbText
 10
5.410911762700137
 20
5.780338237299862
 30
0.0
 40
0.0125
  1

  7
WD
 11
5.410911762700137
 21
5.780338237299862
 31
0.0
100
AcDbAttribute
  2
X1TERM01
 70
1
  0
ATTRIB
  5
27E
330
17
100
AcDbEntity
  8
0
  6
Continuous
100
AcDbText
 10
5.323762169619042
 20
5.800756032263783
 30
0.0
 40
0.125
  1

  7
WD
 72
2
 11
5.323762169619042
 21
5.800756032263783
 31
0.0
100
AcDbAttribute
  2
TERM01
 70
9
  0
ATTRIB
  5
27F
330
17
100
AcDbEntity
  8
0
  6
Continuous
100
AcDbText
 10
5.3337069169510665
 20
6.298265784883833
 30
0.0
 40
0.125
  1

  7
WD
 72
2
 11
5.3337069169510665
 21
6.298265784883833
 31
0.0
100
AcDbAttribute
  2
TERM02
 70
9
  0
ATTRIB
  5
280
330
17
100
AcDbEntity
  8
0
100
AcDbText
 10
5.410911762700137
 20
6.280338237299862
 30
0.0
 40
0.0125
  1

  7
WD
 11
5.410911762700137
 21
6.280338237299862
 31
0.0
100
AcDbAttribute
  2
X1TERM02
 70
1
  0
ATTRIB
  5
281
330
17
100
AcDbEntity
  8
0
100
AcDbText
 10
5.378699999999999
 20
6.31255
 30
0.0
 40
0.0125
  1

  7
WD
 11
5.378699999999999
 21
6.31255
 31
0.0
100
AcDbAttribute
  2
X2TERM02
 70
1
  0
ATTRIB
  5
282
330
17
100
AcDbEntity
  8
0
100
AcDbText
 10
5.659949999999999
 20
5.9063
 30
0.0
 40
0.125
  1

  7
WD
 41
0.7
 11
5.659949999999999
 21
5.9063
 31
0.0
100
AcDbAttribute
  2
RATING1
 70
1
  0
ATTRIB
  5
283
330
17
100
AcDbEntity
  8
0
100
AcDbText
 10
5.659949999999999
 20
6.06255
 30
0.0
 40
0.125
  1

  7
WD
 11
5.659949999999999
 21
6.06255
 31
0.0
100
AcDbAttribute
  2
TAG1
 70
1
  0
ATTRIB
  5
284
330
17
100
AcDbEntity
  8
0
100
AcDbText
 10
4.1305
 20
6.0139
 30
0.0
 40
0.125
  1
2000:5A (3)
  7
WD
 41
0.7
 72
1
 11
4.1305
 21
6.0139
 31
0.0
100
AcDbAttribute
  2
DESC1
 70
0
  0
ATTRIB
  5
285
330
17
100
AcDbEntity
  8
0
100
AcDbText
 10
4.226699999999999
 20
5.8532
 30
0.0
 40
0.125
  1
CT C200
  7
WD
 41
0.7
 72
1
 11
4.226699999999999
 21
5.8532
 31
0.0
100
AcDbAttribute
  2
DESC2
 70
0
  0
ATTRIB
  5
286
330
17
100
AcDbEntity
  8
0
100
AcDbText
 10
5.17817062227279
 20
5.430251758954774
 30
0.0
 40
0.125
  1

  7
WD
 41
0.7
 72
1
 11
5.17817062227279
 21
5.430251758954774
 31
0.0
100
AcDbAttribute
  2
LOC
 70
1
  0
ATTRIB
  5
287
330
17
100
AcDbEntity
  8
0
  6
Continuous
100
AcDbText
 10
5.207769824898971
 20
6.150255350386372
 30
0.0
 40
0.01
  1

  7
WD
 72
1
 11
5.207769824898971
 21
6.150255350386372
 31
0.0
100
AcDbAttribute
  2
ASSYCODE
 70
9
  0
ATTRIB
  5
288
330
17
100
AcDbEntity
  8
0
100
AcDbText
 10
5.185991666666666
 20
5.984425
 30
0.0
 40
0.125
  1

  7
WD
 72
1
 11
5.331824999999999
 21
5.984425
 31
0.0
100
AcDbAttribute
  2
TYPE
 70
1
  0
ATTRIB
  5
289
330
17
100
AcDbEntity
  8
0
100
AcDbText
 10
5.182892775900367
 20
6.221990293718369
 30
0.0
 40
0.01
  1

  7
WD
 11
5.182892775900367
 21
6.221990293718369
 31
0.0
100
AcDbAttribute
  2
FAMILY
 70
9
  0
ATTRIB
  5
28A
330
17
100
AcDbEntity
  8
0
  6
Continuous
100
AcDbText
 10
5.207946041838717
 20
6.193438877858606
 30
0.0
 40
0.01
  1

  7
WD
 72
1
 11
5.207946041838717
 21
6.193438877858606
 31
0.0
100
AcDbAttribute
  2
CAT
 70
9
  0
ATTRIB
  5
28B
330
17
100
AcDbEntity
  8
0
  6
Continuous
100
AcDbText
 10
5.206000996198798
 20
6.173997124151155
 30
0.0
 40
0.01
  1

  7
WD
 72
1
 11
5.206000996198798
 21
6.173997124151155
 31
0.0
100
AcDbAttribute
  2
MFG
 70
9
  0
SEQEND
  5
27A
330
279
100
AcDbEntity
  8
SLD_SYMS
  0
INSERT
  5
28C
330
17
100
AcDbEntity
  8
SLD_SYMS
100
AcDbBlockReference
  2
WDDOT
 10
5.239999999999999
 20
5.7233
 30
0.0
  0
MTEXT
  5
28E
330
17
100
AcDbEntity
  8
SLD_TEXT
100
AcDbMText
 10
4.409999999999999
 20
5.803
 30
0.0
 40
0.1
 41
0.0
 71
1
  1
\pxqc;1%%C
  0
LWPOLYLINE
  5
28F
330
17
100
AcDbEntity
  8
SLD_SYMS
100
AcDbPolyline
 90
4
 70
1
 10
6.3232
 20
5.8436
 10
6.4549
 20
5.8436
 10
6.4549
 20
5.7209
 10
6.3232
 20
5.7209
  0
LINE
  5
290
330
17
100
AcDbEntity
  8
SLD_SYMS
100
AcDbLine
 10
6.454899999999999
 20
5.8436
 30
0.0
 11
6.3232
 21
5.8436
 31
0.0
  0
LINE
  5
291
330
17
100
AcDbEntity
  8
SLD_SYMS
100
AcDbLine
 10
6.3232
 20
5.7209
 30
0.0
 11
6.454899999999999
 21
5.8436
 31
0.0
  0
LINE
  5
292
330
17
100
AcDbEntity
  8
SLD_SYMS
100
AcDbLine
 10
6.3232
 20
5.8436
 30
0.0
 11
6.454899999999999
 21
5.7209
 31
0.0
  0
INSERT
  5
293
330
17
100
AcDbEntity
  8
SLD_SYMS
100
AcDbBlockReference
  2
WDDOT
 10
5.186999999999999
 20
5.2652
 30
0.0
  0
LINE
  5
295
330
17
100
AcDbEntity
  8
SLD_WIRE
100
AcDbLine
 10
5.186999999999999
 20
5.2652
 30
0.0
 11
4.945499999999999
 21
5.2652
 31
0.0
  0
CIRCLE
  5
296
330
17
100
AcDbEntity
  8
SLD_SYMS
100
AcDbCircle
 10
4.9167
 20
5.2652
 30
0.0
 40
0.0289
  0
CIRCLE
  5
297
330
17
100
AcDbEntity
  8
SLD_SYMS
100
AcDbCircle
 10
4.792299999999999
 20
5.2651
 30
0.0
 40
0.0289
  0
LINE
  5
298
330
17
100
AcDbEntity
  8
SLD_WIRE
100
AcDbLine
 10
4.7635
 20
5.2651
 30
0.0
 11
4.570099999999999
 21
5.2651
 31
0.0
  0
INSERT
  5
299
330
17
100
AcDbEntity
  8
SLD_SYMS
100
AcDbBlockReference
 66
1
  2
HGND2
 10
4.570099999999999
 20
5.2651
 30
0.0
  0
ATTRIB
  5
29B
330
17
100
AcDbEntity
  8
0
100
AcDbText
 10
4.570099999999999
 20
5.2651
 30
0.0
 40
0.01
  1

  7
WD
 11
4.570099999999999
 21
5.2651
 31
0.0
100
AcDbAttribute
  2
X4TERM01
 70
1
  0
SEQEND
  5
29A
330
299
100
AcDbEntity
  8
SLD_SYMS
  0
INSERT
  5
29C
330
17
100
AcDbEntity
  8
SLD_SYMS
100
AcDbBlockReference
 66
1
  2
VCN1PJ
 10
5.186999999999999
 20
3.83
 30
0.0
  0
ATTRIB
  5
29E
330
17
100
AcDbEntity
  8
0
100
AcDbText
 10
5.416166666666666
 20
4.679801758954774
 30
0.0
 40
0.125
  1

  7
WD
 41
0.7
 72
2
 11
5.416166666666666
 21
4.679801758954774
 31
0.0
100
AcDbAttribute
  2
INST
 70
1
  0
ATTRIB
  5
29F
330
17
100
AcDbEntity
  8
0
100
AcDbText
 10
5.200072926894986
 20
3.715359872741505
 30
0.0
 40
0.01
  1

  7
WD
 11
5.200072926894986
 21
3.715359872741505
 31
0.0
100
AcDbAttribute
  2
X8TERMDESC01
 70
1
  0
ATTRIB
  5
2A0
330
17
100
AcDbEntity
  8
0
100
AcDbText
 10
5.213145864499053
 20
3.8716098677706965
 30
0.0
 40
0.01
  1

  7
WD
 11
5.213145864499053
 21
3.8716098677706965
 31
0.0
100
AcDbAttribute
  2
X2TERMDESC02
 70
1
  0
ATTRIB
  5
2A1
330
17
100
AcDbEntity
  8
0
  6
Continuous
100
AcDbText
 10
5.077924736372424
 20
3.8160565178358454
 30
0.0
 40
0.01
  1

  7
WD
 72
1
 11
5.077924736372424
 21
3.8160565178358454
 31
0.0
100
AcDbAttribute
  2
ASSYCODE
 70
9
  0
ATTRIB
  5
2A2
330
17
100
AcDbEntity
  8
0
100
AcDbText
 10
5.061999999999999
 20
3.7675
 30
0.0
 40
0.01
  1

  7
WD
 11
5.061999999999999
 21
3.7675
 31
0.0
100
AcDbAttribute
  2
X4LINK
 70
1
  0
ATTRIB
  5
2A3
330
17
100
AcDbEntity
  8
0
100
AcDbText
 10
5.311999999999999
 20
3.7675
 30
0.0
 40
0.01
  1

  7
WD
 11
5.311999999999999
 21
3.7675
 31
0.0
100
AcDbAttribute
  2
X1LINK
 70
1
  0
ATTRIB
  5
2A4
330
17
100
AcDbEntity
  8
0
100
AcDbText
 10
5.124499999999999
 20
4.510201758954774
 30
0.0
 40
0.125
  1

  7
WD
 41
0.7
 72
2
 11
5.124499999999999
 21
4.510201758954774
 31
0.0
100
AcDbAttribute
  2
LOC
 70
1
  0
ATTRIB
  5
2A5
330
17
100
AcDbEntity
  8
0
  6
Continuous
100
AcDbText
 10
5.078393108449658
 20
3.8300392832228556
 30
0.0
 40
0.01
  1

  7
WD
 72
1
 11
5.078393108449658
 21
3.8300392832228556
 31
0.0
100
AcDbAttribute
  2
MFG
 70
9
  0
ATTRIB
  5
2A6
330
17
100
AcDbEntity
  8
0
  6
Continuous
100
AcDbText
 10
5.080338154089578
 20
3.8494810369303063
 30
0.0
 40
0.01
  1

  7
WD
 72
1
 11
5.080338154089578
 21
3.8494810369303063
 31
0.0
100
AcDbAttribute
  2
CAT
 70
9
  0
ATTRIB
  5
2A7
330
17
100
AcDbEntity
  8
0
100
AcDbText
 10
5.055284888151228
 20
3.8936574527900696
 30
0.0
 40
0.01
  1

  7
WD
 11
5.055284888151228
 21
3.8936574527900696
 31
0.0
100
AcDbAttribute
  2
FAMILY
 70
9
  0
ATTRIB
  5
2A8
330
17
100
AcDbEntity
  8
0
100
AcDbText
 10
5.124499999999999
 20
4.184278904647664
 30
0.0
 40
0.125
  1

  7
WD
 41
0.7
 72
2
 11
5.124499999999999
 21
4.184278904647664
 31
0.0
100
AcDbAttribute
  2
DESC2
 70
1
  0
ATTRIB
  5
2A9
330
17
100
AcDbEntity
  8
0
100
AcDbText
 10
5.124499999999999
 20
4.340525331801219
 30
0.0
 40
0.125
  1

  7
WD
 41
0.7
 72
2
 11
5.124499999999999
 21
4.340525331801219
 31
0.0
100
AcDbAttribute
  2
DESC1
 70
1
  0
ATTRIB
  5
2AA
330
17
100
AcDbEntity
  8
0
100
AcDbText
 10
4.916166666666666
 20
3.92375
 30
0.0
 40
0.125
  1

  7
WD
 72
2
 11
5.124499999999999
 21
3.92375
 31
0.0
100
AcDbAttribute
  2
TAG1
 70
1
  0
ATTRIB
  5
2AB
330
17
100
AcDbEntity
  8
0
  6
Continuous
100
AcDbText
 10
5.233999999999999
 20
3.54875
 30
0.0
 40
0.125
  1

  7
WD
 11
5.233999999999999
 21
3.67375
 31
0.0
100
AcDbAttribute
  2
TERM01
 70
9
 74
3
  0
ATTRIB
  5
2AC
330
17
100
AcDbEntity
  8
0
100
AcDbText
 10
5.186999999999999
 20
3.73625
 30
0.0
 40
0.0125
  1

  7
WD
 11
5.186999999999999
 21
3.73625
 31
0.0
100
AcDbAttribute
  2
X8TERM01
 70
1
  0
ATTRIB
  5
2AD
330
17
100
AcDbEntity
  8
0
100
AcDbText
 10
5.186999999999999
 20
3.8925
 30
0.0
 40
0.0125
  1

  7
WD
 11
5.186999999999999
 21
3.8925
 31
0.0
100
AcDbAttribute
  2
X2TERM02
 70
1
  0
ATTRIB
  5
2AE
330
17
100
AcDbEntity
  8
0
  6
Continuous
100
AcDbText
 10
5.233999999999999
 20
3.8925
 30
0.0
 40
0.125
  1

  7
WD
 11
5.233999999999999
 21
3.8925
 31
0.0
100
AcDbAttribute
  2
TERM02
 70
9
  0
ATTRIB
  5
2AF
330
17
100
AcDbEntity
  8
0
100
AcDbText
 10
5.055284888151228
 20
3.875025320458437
 30
0.0
 40
0.01
  1

  7
WD
 11
5.055284888151228
 21
3.875025320458437
 31
0.0
100
AcDbAttribute
  2
WDBLKNAM
 70
9
  0
SEQEND
  5
29D
330
29C
100
AcDbEntity
  8
SLD_SYMS
  0
MTEXT
  5
2B0
330
17
100
AcDbEntity
  8
SLD_TEXT
100
AcDbMText
 10
4.927999999999999
 20
8.61
 30
0.0
 40
0.093
 41
0.0
 71
1
  1
52-F2A\P15kV\P1200A\P18kA
  0
MTEXT
  5
2B1
330
17
100
AcDbEntity
  8
SLD_TEXT
100
AcDbMText
 10
6.3069999999999995
 20
7.88
 30
0.0
 40
0.093
 41
0.0
 71
1
  1
\pxqc;SEL-751\PFEEDER\PPROTECTION\PRELAY
  0
MTEXT
  5
2B2
330
17
100
AcDbEntity
  8
SLD_TEXT
100
AcDbMText
 10
5.228999999999999
 20
3.668
 30
0.0
 40
0.1
 41
0.0
 71
1
  1
\pxqc;INCOMING\P13.8kV\PMPU-60-2\P5.7MW
  0
MTEXT
  5
2B3
330
17
100
AcDbEntity
  8
SLD_TEXT
100
AcDbMText
 10
3.9589999999999996
 20
5.549
 30
0.0
 40
0.093
 41
0.0
 71
1
  1
L.A.\P18kV\P15.3kV\PMCOV
  0
LINE
  5
2B4
330
17
100
AcDbEntity
  8
SLD_WIRE
100
AcDbLine
 10
8.797
 20
18.572
 30
0.0
 11
8.797
 21
15.598
 31
0.0
  0
LINE
  5
2B5
330
17
100
AcDbEntity
  8
SLD_WIRE
100
AcDbLine
 10
8.797
 20
15.442
 30
0.0
 11
8.797
 21
15.013
 31
0.0
  0
LINE
  5
2B6
330
17
100
AcDbEntity
  8
SLD_WIRE
100
AcDbLine
 10
8.797
 20
14.092
 30
0.0
 11
8.797
 21
13.736
 31
0.0
  0
LINE
  5
2B7
330
17
100
AcDbEntity
  8
SLD_WIRE
100
AcDbLine
 10
8.797
 20
13.58
 30
0.0
 11
8.797
 21
12.609
 31
0.0
  0
INSERT
  5
2B8
330
17
100
AcDbEntity
  8
SLD_SYMS
100
AcDbBlockReference
  2
WDDOT
 10
8.797
 20
12.609
 30
0.0
  0
INSERT
  5
2BA
330
17
100
AcDbEntity
  8
SLD_SYMS
100
AcDbBlockReference
 66
1
  2
VCN1PJ
 10
8.797
 20
18.635
 30
0.0
 50
180.0
  0
ATTRIB
  5
2BC
330
17
100
AcDbEntity
  8
0
100
AcDbText
 10
8.567833333333335
 20
17.785198241045226
 30
0.0
 40
0.125
  1

 50
180.0
  7
WD
 41
0.7
 72
2
 11
8.567833333333335
 21
17.785198241045226
 31
0.0
100
AcDbAttribute
  2
INST
 70
1
  0
ATTRIB
  5
2BD
330
17
100
AcDbEntity
  8
0
100
AcDbText
 10
8.783927073105014
 20
18.749640127258495
 30
0.0
 40
0.01
  1

 50
180.0
  7
WD
 11
8.783927073105014
 21
18.749640127258495
 31
0.0
100
AcDbAttribute
  2
X8TERMDESC01
 70
1
  0
ATTRIB
  5
2BE
330
17
100
AcDbEntity
  8
0
100
AcDbText
 10
8.770854135500947
 20
18.593390132229306
 30
0.0
 40
0.01
  1

 50
180.0
  7
WD
 11
8.770854135500947
 21
18.593390132229306
 31
0.0
100
AcDbAttribute
  2
X2TERMDESC02
 70
1
  0
ATTRIB
  5
2BF
330
17
100
AcDbEntity
  8
0
  6
Continuous
100
AcDbText
 10
8.906075263627576
 20
18.648943482164157
 30
0.0
 40
0.01
  1

 50
180.0
  7
WD
 72
1
 11
8.906075263627576
 21
18.648943482164157
 31
0.0
100
AcDbAttribute
  2
ASSYCODE
 70
9
  0
ATTRIB
  5
2C0
330
17
100
AcDbEntity
  8
0
100
AcDbText
 10
8.922
 20
18.6975
 30
0.0
 40
0.01
  1

 50
180.0
  7
WD
 11
8.922
 21
18.6975
 31
0.0
100
AcDbAttribute
  2
X4LINK
 70
1
  0
ATTRIB
  5
2C1
330
17
100
AcDbEntity
  8
0
100
AcDbText
 10
8.672
 20
18.6975
 30
0.0
 40
0.01
  1

 50
180.0
  7
WD
 11
8.672
 21
18.6975
 31
0.0
100
AcDbAttribute
  2
X1LINK
 70
1
  0
ATTRIB
  5
2C2
330
17
100
AcDbEntity
  8
0
100
AcDbText
 10
8.8595
 20
17.95479824104523
 30
0.0
 40
0.125
  1

 50
180.0
  7
WD
 41
0.7
 72
2
 11
8.8595
 21
17.95479824104523
 31
0.0
100
AcDbAttribute
  2
LOC
 70
1
  0
ATTRIB
  5
2C3
330
17
100
AcDbEntity
  8
0
  6
Continuous
100
AcDbText
 10
8.905606891550342
 20
18.634960716777147
 30
0.0
 40
0.01
  1

 50
180.0
  7
WD
 72
1
 11
8.905606891550342
 21
18.634960716777147
 31
0.0
100
AcDbAttribute
  2
MFG
 70
9
  0
ATTRIB
  5
2C4
330
17
100
AcDbEntity
  8
0
  6
Continuous
100
AcDbText
 10
8.903661845910422
 20
18.615518963069697
 30
0.0
 40
0.01
  1

 50
180.0
  7
WD
 72
1
 11
8.903661845910422
 21
18.615518963069697
 31
0.0
100
AcDbAttribute
  2
CAT
 70
9
  0
ATTRIB
  5
2C5
330
17
100
AcDbEntity
  8
0
100
AcDbText
 10
8.928715111848772
 20
18.571342547209934
 30
0.0
 40
0.01
  1

 50
180.0
  7
WD
 11
8.928715111848772
 21
18.571342547209934
 31
0.0
100
AcDbAttribute
  2
FAMILY
 70
9
  0
ATTRIB
  5
2C6
330
17
100
AcDbEntity
  8
0
100
AcDbText
 10
8.8595
 20
18.280721095352337
 30
0.0
 40
0.125
  1

 50
180.0
  7
WD
 41
0.7
 72
2
 11
8.8595
 21
18.280721095352337
 31
0.0
100
AcDbAttribute
  2
DESC2
 70
1
  0
ATTRIB
  5
2C7
330
17
100
AcDbEntity
  8
0
100
AcDbText
 10
8.8595
 20
18.124474668198783
 30
0.0
 40
0.125
  1

 50
180.0
  7
WD
 41
0.7
 72
2
 11
8.8595
 21
18.124474668198783
 31
0.0
100
AcDbAttribute
  2
DESC1
 70
1
  0
ATTRIB
  5
2C8
330
17
100
AcDbEntity
  8
0
100
AcDbText
 10
9.067833333333335
 20
18.54125
 30
0.0
 40
0.125
  1

 50
180.0
  7
WD
 72
2
 11
8.8595
 21
18.54125
 31
0.0
100
AcDbAttribute
  2
TAG1
 70
1
  0
ATTRIB
  5
2C9
330
17
100
AcDbEntity
  8
0
  6
Continuous
100
AcDbText
 10
8.75
 20
18.91625
 30
0.0
 40
0.125
  1

 50
180.0
  7
WD
 11
8.75
 21
18.79125
 31
0.0
100
AcDbAttribute
  2
TERM01
 70
9
 74
3
  0
ATTRIB
  5
2CA
330
17
100
AcDbEntity
  8
0
100
AcDbText
 10
8.797
 20
18.72875
 30
0.0
 40
0.0125
  1

 50
180.0
  7
WD
 11
8.797
 21
18.72875
 31
0.0
100
AcDbAttribute
  2
X8TERM01
 70
1
  0
ATTRIB
  5
2CB
330
17
100
AcDbEntity
  8
0
100
AcDbText
 10
8.797
 20
18.5725
 30
0.0
 40
0.0125
  1

 50
180.0
  7
WD
 11
8.797
 21
18.5725
 31
0.0
100
AcDbAttribute
  2
X2TERM02
 70
1
  0
ATTRIB
  5
2CC
330
17
100
AcDbEntity
  8
0
  6
Continuous
100
AcDbText
 10
8.75
 20
18.5725
 30
0.0
 40
0.125
  1

 50
180.0
  7
WD
 11
8.75
 21
18.5725
 31
0.0
100
AcDbAttribute
  2
TERM02
 70
9
  0
ATTRIB
  5
2CD
330
17
100
AcDbEntity
  8
0
100
AcDbText
 10
8.928715111848772
 20
18.589974679541566
 30
0.0
 40
0.01
  1

 50
180.0
  7
WD
 11
8.928715111848772
 21
18.589974679541566
 31
0.0
100
AcDbAttribute
  2
WDBLKNAM
 70
9
  0
SEQEND
  5
2BB
330
2BA
100
AcDbEntity
  8
SLD_SYMS
  0
INSERT
  5
2CE
330
17
100
AcDbEntity
  8
SLD_SYMS
100
AcDbBlockReference
  2
WDDOT
 10
8.797
 20
17.879
 30
0.0
  0
LINE
  5
2D0
330
17
100
AcDbEntity
  8
SLD_WIRE
100
AcDbLine
 10
8.797
 20
17.879
 30
0.0
 11
9.038
 21
17.879
 31
0.0
  0
CIRCLE
  5
2D1
330
17
100
AcDbEntity
  8
SLD_SYMS
100
AcDbCircle
 10
9.067
 20
17.879
 30
0.0
 40
0.029
  0
CIRCLE
  5
2D2
330
17
100
AcDbEntity
  8
SLD_SYMS
100
AcDbCircle
 10
9.192
 20
17.879
 30
0.0
 40
0.029
  0
LINE
  5
2D3
330
17
100
AcDbEntity
  8
SLD_WIRE
100
AcDbLine
 10
9.221
 20
17.879
 30
0.0
 11
9.414000000000001
 21
17.879
 31
0.0
  0
INSERT
  5
2D4
330
17
100
AcDbEntity
  8
SLD_SYMS
100
AcDbBlockReference
 66
1
  2
HGND2
 10
9.414000000000001
 20
17.879
 30
0.0
 50
180.0
  0
ATTRIB
  5
2D6
330
17
100
AcDbEntity
  8
0
100
AcDbText
 10
9.414000000000001
 20
17.879
 30
0.0
 40
0.01
  1

 50
180.0
  7
WD
 11
9.414000000000001
 21
17.879
 31
0.0
100
AcDbAttribute
  2
X4TERM01
 70
1
  0
SEQEND
  5
2D5
330
2D4
100
AcDbEntity
  8
SLD_SYMS
  0
LWPOLYLINE
  5
2D7
330
17
100
AcDbEntity
  8
SLD_SYMS
100
AcDbPolyline
 90
4
 70
1
 10
9.312000000000001
 20
17.388
 10
10.491000000000001
 20
17.388
 10
10.491000000000001
 20
16.716
 10
9.312000000000001
 20
16.716
  0
INSERT
  5
2D8
330
17
100
AcDbEntity
  8
SLD_SYMS
100
AcDbBlockReference
 66
1
  2
VXF1CT
 10
8.989
 20
17.072
 30
0.0
  0
ATTRIB
  5
2DA
330
17
100
AcDbEntity
  8
0
100
AcDbText
 10
8.761916666666668
 20
16.650125
 30
0.0
 40
0.125
  1

  7
WD
 41
0.7
 72
1
 11
8.761916666666668
 21
16.650125
 31
0.0
100
AcDbAttribute
  2
INST
 70
1
  0
ATTRIB
  5
2DB
330
17
100
AcDbEntity
  8
0
100
AcDbText
 10
8.989
 20
16.788826474599723
 30
0.0
 40
0.0125
  1

  7
WD
 11
8.989
 21
16.788826474599723
 31
0.0
100
AcDbAttribute
  2
X8TERM01
 70
1
  0
ATTRIB
  5
2DC
330
17
100
AcDbEntity
  8
0
100
AcDbText
 10
9.021211762700139
 20
16.82103823729986
 30
0.0
 40
0.0125
  1

  7
WD
 11
9.021211762700139
 21
16.82103823729986
 31
0.0
100
AcDbAttribute
  2
X1TERM01
 70
1
  0
ATTRIB
  5
2DD
330
17
100
AcDbEntity
  8
0
  6
Continuous
100
AcDbText
 10
8.934062169619043
 20
16.841456032263782
 30
0.0
 40
0.125
  1

  7
WD
 72
2
 11
8.934062169619043
 21
16.841456032263782
 31
0.0
100
AcDbAttribute
  2
TERM01
 70
9
  0
ATTRIB
  5
2DE
330
17
100
AcDbEntity
  8
0
  6
Continuous
100
AcDbText
 10
8.944006916951068
 20
17.338965784883833
 30
0.0
 40
0.125
  1

  7
WD
 72
2
 11
8.944006916951068
 21
17.338965784883833
 31
0.0
100
AcDbAttribute
  2
TERM02
 70
9
  0
ATTRIB
  5
2DF
330
17
100
AcDbEntity
  8
0
100
AcDbText
 10
9.021211762700139
 20
17.321038237299863
 30
0.0
 40
0.0125
  1

  7
WD
 11
9.021211762700139
 21
17.321038237299863
 31
0.0
100
AcDbAttribute
  2
X1TERM02
 70
1
  0
ATTRIB
  5
2E0
330
17
100
AcDbEntity
  8
0
100
AcDbText
 10
8.989
 20
17.35325
 30
0.0
 40
0.0125
  1

  7
WD
 11
8.989
 21
17.35325
 31
0.0
100
AcDbAttribute
  2
X2TERM02
 70
1
  0
ATTRIB
  5
2E1
330
17
100
AcDbEntity
  8
0
100
AcDbText
 10
9.27025
 20
16.947
 30
0.0
 40
0.125
  1

  7
WD
 41
0.7
 11
9.27025
 21
16.947
 31
0.0
100
AcDbAttribute
  2
RATING1
 70
1
  0
ATTRIB
  5
2E2
330
17
100
AcDbEntity
  8
0
100
AcDbText
 10
9.27025
 20
17.10325
 30
0.0
 40
0.125
  1

  7
WD
 11
9.27025
 21
17.10325
 31
0.0
100
AcDbAttribute
  2
TAG1
 70
1
  0
ATTRIB
  5
2E3
330
17
100
AcDbEntity
  8
0
100
AcDbText
 10
7.728000000000001
 20
17.055
 30
0.0
 40
0.125
  1
400:5A (3)
  7
WD
 41
0.7
 72
1
 11
7.728000000000001
 21
17.055
 31
0.0
100
AcDbAttribute
  2
DESC1
 70
0
  0
ATTRIB
  5
2E4
330
17
100
AcDbEntity
  8
0
100
AcDbText
 10
7.602
 20
16.894
 30
0.0
 40
0.125
  1
CT C200 MR
  7
WD
 41
0.7
 72
1
 11
7.602
 21
16.894
 31
0.0
100
AcDbAttribute
  2
DESC2
 70
0
  0
ATTRIB
  5
2E5
330
17
100
AcDbEntity
  8
0
100
AcDbText
 10
8.788470622272792
 20
16.470951758954772
 30
0.0
 40
0.125
  1

  7
WD
 41
0.7
 72
1
 11
8.788470622272792
 21
16.470951758954772
 31
0.0
100
AcDbAttribute
  2
LOC
 70
1
  0
ATTRIB
  5
2E6
330
17
100
AcDbEntity
  8
0
  6
Continuous
100
AcDbText
 10
8.818069824898974
 20
17.19095535038637
 30
0.0
 40
0.01
  1

  7
WD
 72
1
 11
8.818069824898974
 21
17.19095535038637
 31
0.0
100
AcDbAttribute
  2
ASSYCODE
 70
9
  0
ATTRIB
  5
2E7
330
17
100
AcDbEntity
  8
0
100
AcDbText
 10
8.796291666666667
 20
17.025125
 30
0.0
 40
0.125
  1

  7
WD
 72
1
 11
8.942125
 21
17.025125
 31
0.0
100
AcDbAttribute
  2
TYPE
 70
1
  0
ATTRIB
  5
2E8
330
17
100
AcDbEntity
  8
0
100
AcDbText
 10
8.793192775900367
 20
17.262690293718368
 30
0.0
 40
0.01
  1

  7
WD
 11
8.793192775900367
 21
17.262690293718368
 31
0.0
100
AcDbAttribute
  2
FAMILY
 70
9
  0
ATTRIB
  5
2E9
330
17
100
AcDbEntity
  8
0
  6
Continuous
100
AcDbText
 10
8.818246041838718
 20
17.234138877858605
 30
0.0
 40
0.01
  1

  7
WD
 72
1
 11
8.818246041838718
 21
17.234138877858605
 31
0.0
100
AcDbAttribute
  2
CAT
 70
9
  0
ATTRIB
  5
2EA
330
17
100
AcDbEntity
  8
0
  6
Continuous
100
AcDbText
 10
8.8163009961988
 20
17.214697124151154
 30
0.0
 40
0.01
  1

  7
WD
 72
1
 11
8.8163009961988
 21
17.214697124151154
 31
0.0
100
AcDbAttribute
  2
MFG
 70
9
  0
SEQEND
  5
2D9
330
2D8
100
AcDbEntity
  8
SLD_SYMS
  0
INSERT
  5
2EB
330
17
100
AcDbEntity
  8
SLD_SYMS
100
AcDbBlockReference
  2
WDDOT
 10
8.846
 20
17.367
 30
0.0
  0
MTEXT
  5
2ED
330
17
100
AcDbEntity
  8
SLD_TEXT
100
AcDbMText
 10
7.905
 20
16.849
 30
0.0
 40
0.1
 41
0.0
 71
1
  1
\pxqc;1%%C
  0
LWPOLYLINE
  5
2EE
330
17
100
AcDbEntity
  8
SLD_SYMS
100
AcDbPolyline
 90
4
 70
1
 10
9.4551
 20
16.4384
 10
9.5868
 20
16.4384
 10
9.5868
 20
16.3157
 10
9.4551
 20
16.3157
  0
LINE
  5
2EF
330
17
100
AcDbEntity
  8
SLD_SYMS
100
AcDbLine
 10
9.5868
 20
16.4384
 30
0.0
 11
9.4551
 21
16.4384
 31
0.0
  0
LINE
  5
2F0
330
17
100
AcDbEntity
  8
SLD_SYMS
100
AcDbLine
 10
9.4551
 20
16.3157
 30
0.0
 11
9.5868
 21
16.4384
 31
0.0
  0
LINE
  5
2F1
330
17
100
AcDbEntity
  8
SLD_SYMS
100
AcDbLine
 10
9.4551
 20
16.4384
 30
0.0
 11
9.5868
 21
16.3157
 31
0.0
  0
INSERT
  5
2F2
330
17
100
AcDbEntity
  8
SLD_SYMS
100
AcDbBlockReference
 66
1
  2
VXF1CT
 10
8.989
 20
16.128
 30
0.0
  0
ATTRIB
  5
2F4
330
17
100
AcDbEntity
  8
0
100
AcDbText
 10
8.761916666666668
 20
15.706125
 30
0.0
 40
0.125
  1

  7
WD
 41
0.7
 72
1
 11
8.761916666666668
 21
15.706125
 31
0.0
100
AcDbAttribute
  2
INST
 70
1
  0
ATTRIB
  5
2F5
330
17
100
AcDbEntity
  8
0
100
AcDbText
 10
8.989
 20
15.844826474599724
 30
0.0
 40
0.0125
  1

  7
WD
 11
8.989
 21
15.844826474599724
 31
0.0
100
AcDbAttribute
  2
X8TERM01
 70
1
  0
ATTRIB
  5
2F6
330
17
100
AcDbEntity
  8
0
100
AcDbText
 10
9.021211762700139
 20
15.877038237299862
 30
0.0
 40
0.0125
  1

  7
WD
 11
9.021211762700139
 21
15.877038237299862
 31
0.0
100
AcDbAttribute
  2
X1TERM01
 70
1
  0
ATTRIB
  5
2F7
330
17
100
AcDbEntity
  8
0
  6
Continuous
100
AcDbText
 10
8.934062169619043
 20
15.897456032263783
 30
0.0
 40
0.125
  1

  7
WD
 72
2
 11
8.934062169619043
 21
15.897456032263783
 31
0.0
100
AcDbAttribute
  2
TERM01
 70
9
  0
ATTRIB
  5
2F8
330
17
100
AcDbEntity
  8
0
  6
Continuous
100
AcDbText
 10
8.944006916951068
 20
16.394965784883833
 30
0.0
 40
0.125
  1

  7
WD
 72
2
 11
8.944006916951068
 21
16.394965784883833
 31
0.0
100
AcDbAttribute
  2
TERM02
 70
9
  0
ATTRIB
  5
2F9
330
17
100
AcDbEntity
  8
0
100
AcDbText
 10
9.021211762700139
 20
16.377038237299864
 30
0.0
 40
0.0125
  1

  7
WD
 11
9.021211762700139
 21
16.377038237299864
 31
0.0
100
AcDbAttribute
  2
X1TERM02
 70
1
  0
ATTRIB
  5
2FA
330
17
100
AcDbEntity
  8
0
100
AcDbText
 10
8.989
 20
16.40925
 30
0.0
 40
0.0125
  1

  7
WD
 11
8.989
 21
16.40925
 31
0.0
100
AcDbAttribute
  2
X2TERM02
 70
1
  0
ATTRIB
  5
2FB
330
17
100
AcDbEntity
  8
0
100
AcDbText
 10
9.27025
 20
16.003
 30
0.0
 40
0.125
  1

  7
WD
 41
0.7
 11
9.27025
 21
16.003
 31
0.0
100
AcDbAttribute
  2
RATING1
 70
1
  0
ATTRIB
  5
2FC
330
17
100
AcDbEntity
  8
0
100
AcDbText
 10
9.27025
 20
16.15925
 30
0.0
 40
0.125
  1

  7
WD
 11
9.27025
 21
16.15925
 31
0.0
100
AcDbAttribute
  2
TAG1
 70
1
  0
ATTRIB
  5
2FD
330
17
100
AcDbEntity
  8
0
100
AcDbText
 10
7.699000000000001
 20
16.111
 30
0.0
 40
0.125
  1
1200:5A (3)
  7
WD
 41
0.7
 72
1
 11
7.699000000000001
 21
16.111
 31
0.0
100
AcDbAttribute
  2
DESC1
 70
0
  0
ATTRIB
  5
2FE
330
17
100
AcDbEntity
  8
0
100
AcDbText
 10
7.602
 20
15.95
 30
0.0
 40
0.125
  1
CT C200 MR
  7
WD
 41
0.7
 72
1
 11
7.602
 21
15.95
 31
0.0
100
AcDbAttribute
  2
DESC2
 70
0
  0
ATTRIB
  5
2FF
330
17
100
AcDbEntity
  8
0
100
AcDbText
 10
8.788470622272792
 20
15.526951758954773
 30
0.0
 40
0.125
  1

  7
WD
 41
0.7
 72
1
 11
8.788470622272792
 21
15.526951758954773
 31
0.0
100
AcDbAttribute
  2
LOC
 70
1
  0
ATTRIB
  5
300
330
17
100
AcDbEntity
  8
0
  6
Continuous
100
AcDbText
 10
8.818069824898974
 20
16.246955350386372
 30
0.0
 40
0.01
  1

  7
WD
 72
1
 11
8.818069824898974
 21
16.246955350386372
 31
0.0
100
AcDbAttribute
  2
ASSYCODE
 70
9
  0
ATTRIB
  5
301
330
17
100
AcDbEntity
  8
0
100
AcDbText
 10
8.796291666666667
 20
16.081125
 30
0.0
 40
0.125
  1

  7
WD
 72
1
 11
8.942125
 21
16.081125
 31
0.0
100
AcDbAttribute
  2
TYPE
 70
1
  0
ATTRIB
  5
302
330
17
100
AcDbEntity
  8
0
100
AcDbText
 10
8.793192775900367
 20
16.31869029371837
 30
0.0
 40
0.01
  1

  7
WD
 11
8.793192775900367
 21
16.31869029371837
 31
0.0
100
AcDbAttribute
  2
FAMILY
 70
9
  0
ATTRIB
  5
303
330
17
100
AcDbEntity
  8
0
  6
Continuous
100
AcDbText
 10
8.818246041838718
 20
16.290138877858606
 30
0.0
 40
0.01
  1

  7
WD
 72
1
 11
8.818246041838718
 21
16.290138877858606
 31
0.0
100
AcDbAttribute
  2
CAT
 70
9
  0
ATTRIB
  5
304
330
17
100
AcDbEntity
  8
0
  6
Continuous
100
AcDbText
 10
8.8163009961988
 20
16.270697124151155
 30
0.0
 40
0.01
  1

  7
WD
 72
1
 11
8.8163009961988
 21
16.270697124151155
 31
0.0
100
AcDbAttribute
  2
MFG
 70
9
  0
SEQEND
  5
2F3
330
2F2
100
AcDbEntity
  8
SLD_SYMS
  0
INSERT
  5
305
330
17
100
AcDbEntity
  8
SLD_SYMS
100
AcDbBlockReference
  2
WDDOT
 10
8.846
 20
16.423000000000002
 30
0.0
  0
MTEXT
  5
307
330
17
100
AcDbEntity
  8
SLD_TEXT
100
AcDbMText
 10
7.912000000000001
 20
15.9
 30
0.0
 40
0.1
 41
0.0
 71
1
  1
\pxqc;1%%C
  0
INSERT
  5
308
330
17
100
AcDbEntity
  8
SLD_SYMS
100
AcDbBlockReference
 66
1
  2
VCN1PJ
 10
8.797
 20
15.535
 30
0.0
  0
ATTRIB
  5
30A
330
17
100
AcDbEntity
  8
0
100
AcDbText
 10
9.026166666666667
 20
16.384801758954776
 30
0.0
 40
0.125
  1

  7
WD
 41
0.7
 72
2
 11
9.026166666666667
 21
16.384801758954776
 31
0.0
100
AcDbAttribute
  2
INST
 70
1
  0
ATTRIB
  5
30B
330
17
100
AcDbEntity
  8
0
100
AcDbText
 10
8.810072926894987
 20
15.420359872741505
 30
0.0
 40
0.01
  1

  7
WD
 11
8.810072926894987
 21
15.420359872741505
 31
0.0
100
AcDbAttribute
  2
X8TERMDESC01
 70
1
  0
ATTRIB
  5
30C
330
17
100
AcDbEntity
  8
0
100
AcDbText
 10
8.823145864499054
 20
15.576609867770696
 30
0.0
 40
0.01
  1

  7
WD
 11
8.823145864499054
 21
15.576609867770696
 31
0.0
100
AcDbAttribute
  2
X2TERMDESC02
 70
1
  0
ATTRIB
  5
30D
330
17
100
AcDbEntity
  8
0
  6
Continuous
100
AcDbText
 10
8.687924736372425
 20
15.521056517835845
 30
0.0
 40
0.01
  1

  7
WD
 72
1
 11
8.687924736372425
 21
15.521056517835845
 31
0.0
100
AcDbAttribute
  2
ASSYCODE
 70
9
  0
ATTRIB
  5
30E
330
17
100
AcDbEntity
  8
0
100
AcDbText
 10
8.672
 20
15.4725
 30
0.0
 40
0.01
  1

  7
WD
 11
8.672
 21
15.4725
 31
0.0
100
AcDbAttribute
  2
X4LINK
 70
1
  0
ATTRIB
  5
30F
330
17
100
AcDbEntity
  8
0
100
AcDbText
 10
8.922
 20
15.4725
 30
0.0
 40
0.01
  1

  7
WD
 11
8.922
 21
15.4725
 31
0.0
100
AcDbAttribute
  2
X1LINK
 70
1
  0
ATTRIB
  5
310
330
17
100
AcDbEntity
  8
0
100
AcDbText
 10
8.7345
 20
16.215201758954773
 30
0.0
 40
0.125
  1

  7
WD
 41
0.7
 72
2
 11
8.7345
 21
16.215201758954773
 31
0.0
100
AcDbAttribute
  2
LOC
 70
1
  0
ATTRIB
  5
311
330
17
100
AcDbEntity
  8
0
  6
Continuous
100
AcDbText
 10
8.68839310844966
 20
15.535039283222856
 30
0.0
 40
0.01
  1

  7
WD
 72
1
 11
8.68839310844966
 21
15.535039283222856
 31
0.0
100
AcDbAttribute
  2
MFG
 70
9
  0
ATTRIB
  5
312
330
17
100
AcDbEntity
  8
0
  6
Continuous
100
AcDbText
 10
8.690338154089579
 20
15.554481036930307
 30
0.0
 40
0.01
  1

  7
WD
 72
1
 11
8.690338154089579
 21
15.554481036930307
 31
0.0
100
AcDbAttribute
  2
CAT
 70
9
  0
ATTRIB
  5
313
330
17
100
AcDbEntity
  8
0
100
AcDbText
 10
8.665284888151229
 20
15.59865745279007
 30
0.0
 40
0.01
  1

  7
WD
 11
8.665284888151229
 21
15.59865745279007
 31
0.0
100
AcDbAttribute
  2
FAMILY
 70
9
  0
ATTRIB
  5
314
330
17
100
AcDbEntity
  8
0
100
AcDbText
 10
8.7345
 20
15.889278904647664
 30
0.0
 40
0.125
  1

  7
WD
 41
0.7
 72
2
 11
8.7345
 21
15.889278904647664
 31
0.0
100
AcDbAttribute
  2
DESC2
 70
1
  0
ATTRIB
  5
315
330
17
100
AcDbEntity
  8
0
100
AcDbText
 10
8.7345
 20
16.04552533180122
 30
0.0
 40
0.125
  1

  7
WD
 41
0.7
 72
2
 11
8.7345
 21
16.04552533180122
 31
0.0
100
AcDbAttribute
  2
DESC1
 70
1
  0
ATTRIB
  5
316
330
17
100
AcDbEntity
  8
0
100
AcDbText
 10
8.526166666666667
 20
15.62875
 30
0.0
 40
0.125
  1

  7
WD
 72
2
 11
8.7345
 21
15.62875
 31
0.0
100
AcDbAttribute
  2
TAG1
 70
1
  0
ATTRIB
  5
317
330
17
100
AcDbEntity
  8
0
  6
Continuous
100
AcDbText
 10
8.844000000000001
 20
15.25375
 30
0.0
 40
0.125
  1

  7
WD
 11
8.844000000000001
 21
15.37875
 31
0.0
100
AcDbAttribute
  2
TERM01
 70
9
 74
3
  0
ATTRIB
  5
318
330
17
100
AcDbEntity
  8
0
100
AcDbText
 10
8.797
 20
15.44125
 30
0.0
 40
0.0125
  1

  7
WD
 11
8.797
 21
15.44125
 31
0.0
100
AcDbAttribute
  2
X8TERM01
 70
1
  0
ATTRIB
  5
319
330
17
100
AcDbEntity
  8
0
100
AcDbText
 10
8.797
 20
15.5975
 30
0.0
 40
0.0125
  1

  7
WD
 11
8.797
 21
15.5975
 31
0.0
100
AcDbAttribute
  2
X2TERM02
 70
1
  0
ATTRIB
  5
31A
330
17
100
AcDbEntity
  8
0
  6
Continuous
100
AcDbText
 10
8.844000000000001
 20
15.5975
 30
0.0
 40
0.125
  1

  7
WD
 11
8.844000000000001
 21
15.5975
 31
0.0
100
AcDbAttribute
  2
TERM02
 70
9
  0
ATTRIB
  5
31B
330
17
100
AcDbEntity
  8
0
100
AcDbText
 10
8.665284888151229
 20
15.580025320458438
 30
0.0
 40
0.01
  1

  7
WD
 11
8.665284888151229
 21
15.580025320458438
 31
0.0
100
AcDbAttribute
  2
WDBLKNAM
 70
9
  0
SEQEND
  5
309
330
308
100
AcDbEntity
  8
SLD_SYMS
  0
LWPOLYLINE
  5
31C
330
17
100
AcDbEntity
  8
SLD_SYMS
100
AcDbPolyline
 90
4
 70
1
 10
8.382000000000001
 20
15.013
 10
9.172
 20
15.013
 10
9.172
 20
14.092
 10
8.382000000000001
 20
14.092
  0
INSERT
  5
31D
330
17
100
AcDbEntity
  8
SLD_SYMS
100
AcDbBlockReference
 66
1
  2
VCN1PJ
 10
8.797
 20
13.643
 30
0.0
 50
180.0
  0
ATTRIB
  5
31F
330
17
100
AcDbEntity
  8
0
100
AcDbText
 10
8.567833333333335
 20
12.793198241045227
 30
0.0
 40
0.125
  1

 50
180.0
  7
WD
 41
0.7
 72
2
 11
8.567833333333335
 21
12.793198241045227
 31
0.0
100
AcDbAttribute
  2
INST
 70
1
  0
ATTRIB
  5
320
330
17
100
AcDbEntity
  8
0
100
AcDbText
 10
8.783927073105014
 20
13.757640127258496
 30
0.0
 40
0.01
  1

 50
180.0
  7
WD
 11
8.783927073105014
 21
13.757640127258496
 31
0.0
100
AcDbAttribute
  2
X8TERMDESC01
 70
1
  0
ATTRIB
  5
321
330
17
100
AcDbEntity
  8
0
100
AcDbText
 10
8.770854135500947
 20
13.601390132229305
 30
0.0
 40
0.01
  1

 50
180.0
  7
WD
 11
8.770854135500947
 21
13.601390132229305
 31
0.0
100
AcDbAttribute
  2
X2TERMDESC02
 70
1
  0
ATTRIB
  5
322
330
17
100
AcDbEntity
  8
0
  6
Continuous
100
AcDbText
 10
8.906075263627576
 20
13.656943482164156
 30
0.0
 40
0.01
  1

 50
180.0
  7
WD
 72
1
 11
8.906075263627576
 21
13.656943482164156
 31
0.0
100
AcDbAttribute
  2
ASSYCODE
 70
9
  0
ATTRIB
  5
323
330
17
100
AcDbEntity
  8
0
100
AcDbText
 10
8.922
 20
13.7055
 30
0.0
 40
0.01
  1

 50
180.0
  7
WD
 11
8.922
 21
13.7055
 31
0.0
100
AcDbAttribute
  2
X4LINK
 70
1
  0
ATTRIB
  5
324
330
17
100
AcDbEntity
  8
0
100
AcDbText
 10
8.672
 20
13.7055
 30
0.0
 40
0.01
  1

 50
180.0
  7
WD
 11
8.672
 21
13.7055
 31
0.0
100
AcDbAttribute
  2
X1LINK
 70
1
  0
ATTRIB
  5
325
330
17
100
AcDbEntity
  8
0
100
AcDbText
 10
8.8595
 20
12.962798241045226
 30
0.0
 40
0.125
  1

 50
180.0
  7
WD
 41
0.7
 72
2
 11
8.8595
 21
12.962798241045226
 31
0.0
100
AcDbAttribute
  2
LOC
 70
1
  0
ATTRIB
  5
326
330
17
100
AcDbEntity
  8
0
  6
Continuous
100
AcDbText
 10
8.905606891550342
 20
13.642960716777145
 30
0.0
 40
0.01
  1

 50
180.0
  7
WD
 72
1
 11
8.905606891550342
 21
13.642960716777145
 31
0.0
100
AcDbAttribute
  2
MFG
 70
9
  0
ATTRIB
  5
327
330
17
100
AcDbEntity
  8
0
  6
Continuous
100
AcDbText
 10
8.903661845910422
 20
13.623518963069694
 30
0.0
 40
0.01
  1

 50
180.0
  7
WD
 72
1
 11
8.903661845910422
 21
13.623518963069694
 31
0.0
100
AcDbAttribute
  2
CAT
 70
9
  0
ATTRIB
  5
328
330
17
100
AcDbEntity
  8
0
100
AcDbText
 10
8.928715111848772
 20
13.579342547209931
 30
0.0
 40
0.01
  1

 50
180.0
  7
WD
 11
8.928715111848772
 21
13.579342547209931
 31
0.0
100
AcDbAttribute
  2
FAMILY
 70
9
  0
ATTRIB
  5
329
330
17
100
AcDbEntity
  8
0
100
AcDbText
 10
8.8595
 20
13.288721095352336
 30
0.0
 40
0.125
  1

 50
180.0
  7
WD
 41
0.7
 72
2
 11
8.8595
 21
13.288721095352336
 31
0.0
100
AcDbAttribute
  2
DESC2
 70
1
  0
ATTRIB
  5
32A
330
17
100
AcDbEntity
  8
0
100
AcDbText
 10
8.8595
 20
13.132474668198782
 30
0.0
 40
0.125
  1

 50
180.0
  7
WD
 41
0.7
 72
2
 11
8.8595
 21
13.132474668198782
 31
0.0
100
AcDbAttribute
  2
DESC1
 70
1
  0
ATTRIB
  5
32B
330
17
100
AcDbEntity
  8
0
100
AcDbText
 10
9.067833333333335
 20
13.54925
 30
0.0
 40
0.125
  1

 50
180.0
  7
WD
 72
2
 11
8.8595
 21
13.54925
 31
0.0
100
AcDbAttribute
  2
TAG1
 70
1
  0
ATTRIB
  5
32C
330
17
100
AcDbEntity
  8
0
  6
Continuous
100
AcDbText
 10
8.75
 20
13.92425
 30
0.0
 40
0.125
  1

 50
180.0
  7
WD
 11
8.75
 21
13.79925
 31
0.0
100
AcDbAttribute
  2
TERM01
 70
9
 74
3
  0
ATTRIB
  5
32D
330
17
100
AcDbEntity
  8
0
100
AcDbText
 10
8.797
 20
13.73675
 30
0.0
 40
0.0125
  1

 50
180.0
  7
WD
 11
8.797
 21
13.73675
 31
0.0
100
AcDbAttribute
  2
X8TERM01
 70
1
  0
ATTRIB
  5
32E
330
17
100
AcDbEntity
  8
0
100
AcDbText
 10
8.797
 20
13.5805
 30
0.0
 40
0.0125
  1

 50
180.0
  7
WD
 11
8.797
 21
13.5805
 31
0.0
100
AcDbAttribute
  2
X2TERM02
 70
1
  0
ATTRIB
  5
32F
330
17
100
AcDbEntity
  8
0
  6
Continuous
100
AcDbText
 10
8.75
 20
13.5805
 30
0.0
 40
0.125
  1

 50
180.0
  7
WD
 11
8.75
 21
13.5805
 31
0.0
100
AcDbAttribute
  2
TERM02
 70
9
  0
ATTRIB
  5
330
330
17
100
AcDbEntity
  8
0
100
AcDbText
 10
8.928715111848772
 20
13.597974679541563
 30
0.0
 40
0.01
  1

 50
180.0
  7
WD
 11
8.928715111848772
 21
13.597974679541563
 31
0.0
100
AcDbAttribute
  2
WDBLKNAM
 70
9
  0
SEQEND
  5
31E
330
31D
100
AcDbEntity
  8
SLD_SYMS
  0
INSERT
  5
331
330
17
100
AcDbEntity
  8
SLD_SYMS
100
AcDbBlockReference
 66
1
  2
VFU1
 10
9.901
 20
13.643
 30
0.0
  0
ATTRIB
  5
333
330
17
100
AcDbEntity
  8
0
100
AcDbText
 10
10.182249998957403
 20
13.268000000708662
 30
0.0
 40
0.0625
  1

  7
WD
 41
0.7
 11
10.182249998957403
 21
13.268000000708662
 31
0.0
100
AcDbAttribute
  2
DESC3
 70
1
  0
ATTRIB
  5
334
330
17
100
AcDbEntity
  8
0
100
AcDbText
 10
10.182249998957403
 20
13.352584657032297
 30
0.0
 40
0.0625
  1

  7
WD
 41
0.7
 11
10.182249998957403
 21
13.352584657032297
 31
0.0
100
AcDbAttribute
  2
DESC2
 70
1
  0
ATTRIB
  5
335
330
17
100
AcDbEntity
  8
0
100
AcDbText
 10
10.182249998957403
 20
13.446744936220037
 30
0.0
 40
0.0625
  1

  7
WD
 41
0.7
 11
10.182249998957403
 21
13.446744936220037
 31
0.0
100
AcDbAttribute
  2
DESC1
 70
1
  0
ATTRIB
  5
336
330
17
100
AcDbEntity
  8
0
100
AcDbText
 10
10.18225
 20
13.805925
 30
0.0
 40
0.0625
  1

  7
WD
 41
0.7
 11
10.18225
 21
13.805925
 31
0.0
100
AcDbAttribute
  2
INST
 70
1
  0
ATTRIB
  5
337
330
17
100
AcDbEntity
  8
0
 62
7
100
AcDbText
 10
9.776
 20
13.643
 30
0.0
 40
0.01
  1

  7
WD
 11
9.776
 21
13.643
 31
0.0
100
AcDbAttribute
  2
X4LINK
 70
1
  0
ATTRIB
  5
338
330
17
100
AcDbEntity
  8
0
 62
7
100
AcDbText
 10
10.041625
 20
13.643
 30
0.0
 40
0.01
  1

  7
WD
 11
10.041625
 21
13.643
 31
0.0
100
AcDbAttribute
  2
X1LINK
 70
1
  0
ATTRIB
  5
339
330
17
100
AcDbEntity
  8
0
  6
Continuous
100
AcDbText
 10
9.80251636756395
 20
13.534940348433866
 30
0.0
 40
0.01
  1

  7
WD
 72
1
 11
9.80251636756395
 21
13.534940348433866
 31
0.0
100
AcDbAttribute
  2
ASSYCODE
 70
9
  0
ATTRIB
  5
33A
330
17
100
AcDbEntity
  8
0
100
AcDbText
 10
10.05919143797307
 20
13.58237500000005
 30
0.0
 40
0.109375
  1

  7
WD
 41
0.9
 11
10.05919143797307
 21
13.58237500000005
 31
0.0
100
AcDbAttribute
  2
TAG1
 70
1
  0
ATTRIB
  5
33B
330
17
100
AcDbEntity
  8
0
100
AcDbText
 10
10.18225
 20
13.721125
 30
0.0
 40
0.0625
  1

  7
WD
 41
0.7
 11
10.18225
 21
13.721125
 31
0.0
100
AcDbAttribute
  2
LOC
 70
1
  0
ATTRIB
  5
33C
330
17
100
AcDbEntity
  8
0
  6
Continuous
100
AcDbText
 10
9.846029620844345
 20
13.84962661600492
 30
0.0
 40
0.0625
  1

  7
WD
 72
2
 11
9.846029620844345
 21
13.84962661600492
 31
0.0
100
AcDbAttribute
  2
TERM01
 70
9
  0
ATTRIB
  5
33D
330
17
100
AcDbEntity
  8
0
  6
Continuous
100
AcDbText
 10
9.860298778392005
 20
13.367052969349004
 30
0.0
 40
0.0625
  1

  7
WD
 72
2
 11
9.860298778392005
 21
13.429552969349004
 31
0.0
100
AcDbAttribute
  2
TERM02
 70
9
 74
3
  0
ATTRIB
  5
33E
330
17
100
AcDbEntity
  8
0
 62
7
100
AcDbText
 10
9.901
 20
13.8305
 30
0.0
 40
0.0109375
  1

  7
WD
 11
9.901
 21
13.8305
 31
0.0
100
AcDbAttribute
  2
X2TERM01
 70
1
  0
ATTRIB
  5
33F
330
17
100
AcDbEntity
  8
0
 62
7
100
AcDbText
 10
9.901
 20
13.4555
 30
0.0
 40
0.0109375
  1

  7
WD
 11
9.901
 21
13.4555
 31
0.0
100
AcDbAttribute
  2
X8TERM02
 70
1
  0
ATTRIB
  5
340
330
17
100
AcDbEntity
  8
0
100
AcDbText
 10
9.804716414340328
 20
13.606540457527665
 30
0.0
 40
0.01
  1

  7
WD
 72
2
 11
9.821383081006994
 21
13.606540457527665
 31
0.0
100
AcDbAttribute
  2
FAMILY
 70
9
  0
ATTRIB
  5
341
330
17
100
AcDbEntity
  8
0
  6
Continuous
100
AcDbText
 10
9.821383081006994
 20
13.569873790860997
 30
0.0
 40
0.01
  1

  7
WD
 72
2
 11
9.821383081006994
 21
13.569873790860997
 31
0.0
100
AcDbAttribute
  2
CAT
 70
9
  0
ATTRIB
  5
342
330
17
100
AcDbEntity
  8
0
  6
Continuous
100
AcDbText
 10
9.821383081006994
 20
13.554873790860999
 30
0.0
 40
0.01
  1

  7
WD
 72
2
 11
9.821383081006994
 21
13.554873790860999
 31
0.0
100
AcDbAttribute
  2
MFG
 70
9
  0
ATTRIB
  5
343
330
17
100
AcDbEntity
  8
0
100
AcDbText
 10
9.947875
 20
13.643
 30
0.0
 40
0.09375
  1
6A
 50
90.0
  7
WD
 41
0.7
 72
1
 11
9.901
 21
13.643
 31
0.0
100
AcDbAttribute
  2
RATING1
 70
0
 74
2
  0
SEQEND
  5
332
330
331
100
AcDbEntity
  8
SLD_SYMS
  0
MTEXT
  5
344
330
17
100
AcDbEntity
  8
SLD_TEXT
100
AcDbMText
 10
8.538
 20
14.799
 30
0.0
 40
0.093
 41
0.0
 71
1
  1
52-F3A\P15kV\P1200A\P18kA
  0
MTEXT
  5
345
330
17
100
AcDbEntity
  8
SLD_TEXT
100
AcDbMText
 10
9.902000000000001
 20
17.35
 30
0.0
 40
0.093
 41
0.0
 71
1
  1
\pxqc;SEL-751\PFEEDER\PPROTECTION\PRELAY
  0
MTEXT
  5
346
330
17
100
AcDbEntity
  8
SLD_TEXT
100
AcDbMText
 10
8.781
 20
19.31
 30
0.0
 40
0.1
 41
0.0
 71
1
  1
\pxqc;INCOMING\P13.8kV\PMPU-60-3\P5.7MW
  0
MTEXT
  5
347
330
17
100
AcDbEntity
  8
SLD_TEXT
100
AcDbMText
 10
9.562000000000001
 20
18.168
 30
0.0
 40
0.093
 41
0.0
 71
1
  1
L.A.\P18kV\P15.3kV\PMCOV
  0
LINE
  5
348
330
17
100
AcDbEntity
  8
SLD_WIRE
100
AcDbLine
 10
8.797
 20
12.609
 30
0.0
 11
8.797
 21
9.408
 31
0.0
  0
LINE
  5
349
330
17
100
AcDbEntity
  8
SLD_WIRE
100
AcDbLine
 10
8.797
 20
9.252
 30
0.0
 11
8.797
 21
8.8231
 31
0.0
  0
LINE
  5
34A
330
17
100
AcDbEntity
  8
SLD_WIRE
100
AcDbLine
 10
8.797
 20
7.9025
 30
0.0
 11
8.797
 21
7.547
 31
0.0
  0
LINE
  5
34B
330
17
100
AcDbEntity
  8
SLD_WIRE
100
AcDbLine
 10
8.797
 20
7.391
 30
0.0
 11
8.797
 21
3.893
 31
0.0
  0
INSERT
  5
34C
330
17
100
AcDbEntity
  8
SLD_SYMS
100
AcDbBlockReference
 66
1
  2
VFU1
 10
10.228000000000002
 20
9.503
 30
0.0
  0
ATTRIB
  5
34E
330
17
100
AcDbEntity
  8
0
100
AcDbText
 10
10.509249998957404
 20
9.128000000708662
 30
0.0
 40
0.0625
  1

  7
WD
 41
0.7
 11
10.509249998957404
 21
9.128000000708662
 31
0.0
100
AcDbAttribute
  2
DESC3
 70
1
  0
ATTRIB
  5
34F
330
17
100
AcDbEntity
  8
0
100
AcDbText
 10
10.509249998957404
 20
9.212584657032297
 30
0.0
 40
0.0625
  1

  7
WD
 41
0.7
 11
10.509249998957404
 21
9.212584657032297
 31
0.0
100
AcDbAttribute
  2
DESC2
 70
1
  0
ATTRIB
  5
350
330
17
100
AcDbEntity
  8
0
100
AcDbText
 10
10.509249998957404
 20
9.306744936220037
 30
0.0
 40
0.0625
  1

  7
WD
 41
0.7
 11
10.509249998957404
 21
9.306744936220037
 31
0.0
100
AcDbAttribute
  2
DESC1
 70
1
  0
ATTRIB
  5
351
330
17
100
AcDbEntity
  8
0
100
AcDbText
 10
10.509250000000002
 20
9.665925
 30
0.0
 40
0.0625
  1

  7
WD
 41
0.7
 11
10.509250000000002
 21
9.665925
 31
0.0
100
AcDbAttribute
  2
INST
 70
1
  0
ATTRIB
  5
352
330
17
100
AcDbEntity
  8
0
 62
7
100
AcDbText
 10
10.103000000000002
 20
9.503
 30
0.0
 40
0.01
  1

  7
WD
 11
10.103000000000002
 21
9.503
 31
0.0
100
AcDbAttribute
  2
X4LINK
 70
1
  0
ATTRIB
  5
353
330
17
100
AcDbEntity
  8
0
 62
7
100
AcDbText
 10
10.368625000000002
 20
9.503
 30
0.0
 40
0.01
  1

  7
WD
 11
10.368625000000002
 21
9.503
 31
0.0
100
AcDbAttribute
  2
X1LINK
 70
1
  0
ATTRIB
  5
354
330
17
100
AcDbEntity
  8
0
  6
Continuous
100
AcDbText
 10
10.129516367563951
 20
9.394940348433865
 30
0.0
 40
0.01
  1

  7
WD
 72
1
 11
10.129516367563951
 21
9.394940348433865
 31
0.0
100
AcDbAttribute
  2
ASSYCODE
 70
9
  0
ATTRIB
  5
355
330
17
100
AcDbEntity
  8
0
100
AcDbText
 10
10.386191437973071
 20
9.44237500000005
 30
0.0
 40
0.109375
  1

  7
WD
 41
0.9
 11
10.386191437973071
 21
9.44237500000005
 31
0.0
100
AcDbAttribute
  2
TAG1
 70
1
  0
ATTRIB
  5
356
330
17
100
AcDbEntity
  8
0
100
AcDbText
 10
10.509250000000002
 20
9.581125
 30
0.0
 40
0.0625
  1

  7
WD
 41
0.7
 11
10.509250000000002
 21
9.581125
 31
0.0
100
AcDbAttribute
  2
LOC
 70
1
  0
ATTRIB
  5
357
330
17
100
AcDbEntity
  8
0
  6
Continuous
100
AcDbText
 10
10.173029620844346
 20
9.70962661600492
 30
0.0
 40
0.0625
  1

  7
WD
 72
2
 11
10.173029620844346
 21
9.70962661600492
 31
0.0
100
AcDbAttribute
  2
TERM01
 70
9
  0
ATTRIB
  5
358
330
17
100
AcDbEntity
  8
0
  6
Continuous
100
AcDbText
 10
10.187298778392007
 20
9.227052969349003
 30
0.0
 40
0.0625
  1

  7
WD
 72
2
 11
10.187298778392007
 21
9.289552969349003
 31
0.0
100
AcDbAttribute
  2
TERM02
 70
9
 74
3
  0
ATTRIB
  5
359
330
17
100
AcDbEntity
  8
0
 62
7
100
AcDbText
 10
10.228000000000002
 20
9.6905
 30
0.0
 40
0.0109375
  1

  7
WD
 11
10.228000000000002
 21
9.6905
 31
0.0
100
AcDbAttribute
  2
X2TERM01
 70
1
  0
ATTRIB
  5
35A
330
17
100
AcDbEntity
  8
0
 62
7
100
AcDbText
 10
10.228000000000002
 20
9.3155
 30
0.0
 40
0.0109375
  1

  7
WD
 11
10.228000000000002
 21
9.3155
 31
0.0
100
AcDbAttribute
  2
X8TERM02
 70
1
  0
ATTRIB
  5
35B
330
17
100
AcDbEntity
  8
0
100
AcDbText
 10
10.13171641434033
 20
9.466540457527664
 30
0.0
 40
0.01
  1

  7
WD
 72
2
 11
10.148383081006996
 21
9.466540457527664
 31
0.0
100
AcDbAttribute
  2
FAMILY
 70
9
  0
ATTRIB
  5
35C
330
17
100
AcDbEntity
  8
0
  6
Continuous
100
AcDbText
 10
10.148383081006996
 20
9.429873790860997
 30
0.0
 40
0.01
  1

  7
WD
 72
2
 11
10.148383081006996
 21
9.429873790860997
 31
0.0
100
AcDbAttribute
  2
CAT
 70
9
  0
ATTRIB
  5
35D
330
17
100
AcDbEntity
  8
0
  6
Continuous
100
AcDbText
 10
10.148383081006996
 20
9.414873790860998
 30
0.0
 40
0.01
  1

  7
WD
 72
2
 11
10.148383081006996
 21
9.414873790860998
 31
0.0
100
AcDbAttribute
  2
MFG
 70
9
  0
ATTRIB
  5
35E
330
17
100
AcDbEntity
  8
0
100
AcDbText
 10
10.274875000000002
 20
9.503
 30
0.0
 40
0.09375
  1
6A
 50
90.0
  7
WD
 41
0.7
 72
1
 11
10.228000000000002
 21
9.503
 31
0.0
100
AcDbAttribute
  2
RATING1
 70
0
 74
2
  0
SEQEND
  5
34D
330
34C
100
AcDbEntity
  8
SLD_SYMS
  0
INSERT
  5
35F
330
17
100
AcDbEntity
  8
SLD_SYMS
100
AcDbBlockReference
 66
1
  2
VCN1PJ
 10
8.797
 20
9.346
 30
0.0
  0
ATTRIB
  5
361
330
17
100
AcDbEntity
  8
0
100
AcDbText
 10
9.026166666666667
 20
10.195801758954774
 30
0.0
 40
0.125
  1

  7
WD
 41
0.7
 72
2
 11
9.026166666666667
 21
10.195801758954774
 31
0.0
100
AcDbAttribute
  2
INST
 70
1
  0
ATTRIB
  5
362
330
17
100
AcDbEntity
  8
0
100
AcDbText
 10
8.810072926894987
 20
9.231359872741505
 30
0.0
 40
0.01
  1

  7
WD
 11
8.810072926894987
 21
9.231359872741505
 31
0.0
100
AcDbAttribute
  2
X8TERMDESC01
 70
1
  0
ATTRIB
  5
363
330
17
100
AcDbEntity
  8
0
100
AcDbText
 10
8.823145864499054
 20
9.387609867770696
 30
0.0
 40
0.01
  1

  7
WD
 11
8.823145864499054
 21
9.387609867770696
 31
0.0
100
AcDbAttribute
  2
X2TERMDESC02
 70
1
  0
ATTRIB
  5
364
330
17
100
AcDbEntity
  8
0
  6
Continuous
100
AcDbText
 10
8.687924736372425
 20
9.332056517835845
 30
0.0
 40
0.01
  1

  7
WD
 72
1
 11
8.687924736372425
 21
9.332056517835845
 31
0.0
100
AcDbAttribute
  2
ASSYCODE
 70
9
  0
ATTRIB
  5
365
330
17
100
AcDbEntity
  8
0
100
AcDbText
 10
8.672
 20
9.2835
 30
0.0
 40
0.01
  1

  7
WD
 11
8.672
 21
9.2835
 31
0.0
100
AcDbAttribute
  2
X4LINK
 70
1
  0
ATTRIB
  5
366
330
17
100
AcDbEntity
  8
0
100
AcDbText
 10
8.922
 20
9.2835
 30
0.0
 40
0.01
  1

  7
WD
 11
8.922
 21
9.2835
 31
0.0
100
AcDbAttribute
  2
X1LINK
 70
1
  0
ATTRIB
  5
367
330
17
100
AcDbEntity
  8
0
100
AcDbText
 10
8.7345
 20
10.026201758954775
 30
0.0
 40
0.125
  1

  7
WD
 41
0.7
 72
2
 11
8.7345
 21
10.026201758954775
 31
0.0
100
AcDbAttribute
  2
LOC
 70
1
  0
ATTRIB
  5
368
330
17
100
AcDbEntity
  8
0
  6
Continuous
100
AcDbText
 10
8.68839310844966
 20
9.346039283222856
 30
0.0
 40
0.01
  1

  7
WD
 72
1
 11
8.68839310844966
 21
9.346039283222856
 31
0.0
100
AcDbAttribute
  2
MFG
 70
9
  0
ATTRIB
  5
369
330
17
100
AcDbEntity
  8
0
  6
Continuous
100
AcDbText
 10
8.690338154089579
 20
9.365481036930307
 30
0.0
 40
0.01
  1

  7
WD
 72
1
 11
8.690338154089579
 21
9.365481036930307
 31
0.0
100
AcDbAttribute
  2
CAT
 70
9
  0
ATTRIB
  5
36A
330
17
100
AcDbEntity
  8
0
100
AcDbText
 10
8.665284888151229
 20
9.40965745279007
 30
0.0
 40
0.01
  1

  7
WD
 11
8.665284888151229
 21
9.40965745279007
 31
0.0
100
AcDbAttribute
  2
FAMILY
 70
9
  0
ATTRIB
  5
36B
330
17
100
AcDbEntity
  8
0
100
AcDbText
 10
8.7345
 20
9.700278904647664
 30
0.0
 40
0.125
  1

  7
WD
 41
0.7
 72
2
 11
8.7345
 21
9.700278904647664
 31
0.0
100
AcDbAttribute
  2
DESC2
 70
1
  0
ATTRIB
  5
36C
330
17
100
AcDbEntity
  8
0
100
AcDbText
 10
8.7345
 20
9.856525331801219
 30
0.0
 40
0.125
  1

  7
WD
 41
0.7
 72
2
 11
8.7345
 21
9.856525331801219
 31
0.0
100
AcDbAttribute
  2
DESC1
 70
1
  0
ATTRIB
  5
36D
330
17
100
AcDbEntity
  8
0
100
AcDbText
 10
8.526166666666667
 20
9.43975
 30
0.0
 40
0.125
  1

  7
WD
 72
2
 11
8.7345
 21
9.43975
 31
0.0
100
AcDbAttribute
  2
TAG1
 70
1
  0
ATTRIB
  5
36E
330
17
100
AcDbEntity
  8
0
  6
Continuous
100
AcDbText
 10
8.844000000000001
 20
9.06475
 30
0.0
 40
0.125
  1

  7
WD
 11
8.844000000000001
 21
9.18975
 31
0.0
100
AcDbAttribute
  2
TERM01
 70
9
 74
3
  0
ATTRIB
  5
36F
330
17
100
AcDbEntity
  8
0
100
AcDbText
 10
8.797
 20
9.25225
 30
0.0
 40
0.0125
  1

  7
WD
 11
8.797
 21
9.25225
 31
0.0
100
AcDbAttribute
  2
X8TERM01
 70
1
  0
ATTRIB
  5
370
330
17
100
AcDbEntity
  8
0
100
AcDbText
 10
8.797
 20
9.4085
 30
0.0
 40
0.0125
  1

  7
WD
 11
8.797
 21
9.4085
 31
0.0
100
AcDbAttribute
  2
X2TERM02
 70
1
  0
ATTRIB
  5
371
330
17
100
AcDbEntity
  8
0
  6
Continuous
100
AcDbText
 10
8.844000000000001
 20
9.4085
 30
0.0
 40
0.125
  1

  7
WD
 11
8.844000000000001
 21
9.4085
 31
0.0
100
AcDbAttribute
  2
TERM02
 70
9
  0
ATTRIB
  5
372
330
17
100
AcDbEntity
  8
0
100
AcDbText
 10
8.665284888151229
 20
9.391025320458438
 30
0.0
 40
0.01
  1

  7
WD
 11
8.665284888151229
 21
9.391025320458438
 31
0.0
100
AcDbAttribute
  2
WDBLKNAM
 70
9
  0
SEQEND
  5
360
330
35F
100
AcDbEntity
  8
SLD_SYMS
  0
CIRCLE
  5
373
330
17
100
AcDbEntity
  8
SLD_SYMS
100
AcDbCircle
 10
9.852
 20
8.522
 30
0.0
 40
0.176
  0
MTEXT
  5
374
330
17
100
AcDbEntity
  8
SLD_TEXT
100
AcDbMText
 10
9.768
 20
8.576
 30
0.0
 40
0.093
 41
0.0
 71
1
  1
\pxqc;86
  0
LINE
  5
375
330
17
100
AcDbEntity
  8
SLD_CONTROL
100
AcDbLine
 10
9.172
 20
8.522
 30
0.0
 11
9.676
 21
8.522
 31
0.0
  0
LINE
  5
376
330
17
100
AcDbEntity
  8
SLD_CONTROL
100
AcDbLine
 10
9.852
 20
8.345
 30
0.0
 11
9.852
 21
7.918
 31
0.0
  0
LWPOLYLINE
  5
377
330
17
100
AcDbEntity
  8
SLD_SYMS
100
AcDbPolyline
 90
4
 70
1
 10
8.382200000000001
 20
8.8231
 10
9.171800000000001
 20
8.8231
 10
9.171800000000001
 20
7.9025
 10
8.382200000000001
 20
7.9025
  0
LWPOLYLINE
  5
378
330
17
100
AcDbEntity
  8
SLD_SYMS
100
AcDbPolyline
 90
4
 70
1
 10
9.313
 20
7.9183
 10
10.5164
 20
7.9183
 10
10.5164
 20
7.2459
 10
9.313
 20
7.2459
  0
INSERT
  5
379
330
17
100
AcDbEntity
  8
SLD_SYMS
100
AcDbBlockReference
 66
1
  2
VCN1PJ
 10
8.797
 20
7.453
 30
0.0
 50
180.0
  0
ATTRIB
  5
37B
330
17
100
AcDbEntity
  8
0
100
AcDbText
 10
8.567833333333335
 20
6.603198241045226
 30
0.0
 40
0.125
  1

 50
180.0
  7
WD
 41
0.7
 72
2
 11
8.567833333333335
 21
6.603198241045226
 31
0.0
100
AcDbAttribute
  2
INST
 70
1
  0
ATTRIB
  5
37C
330
17
100
AcDbEntity
  8
0
100
AcDbText
 10
8.783927073105014
 20
7.567640127258495
 30
0.0
 40
0.01
  1

 50
180.0
  7
WD
 11
8.783927073105014
 21
7.567640127258495
 31
0.0
100
AcDbAttribute
  2
X8TERMDESC01
 70
1
  0
ATTRIB
  5
37D
330
17
100
AcDbEntity
  8
0
100
AcDbText
 10
8.770854135500947
 20
7.411390132229304
 30
0.0
 40
0.01
  1

 50
180.0
  7
WD
 11
8.770854135500947
 21
7.411390132229304
 31
0.0
100
AcDbAttribute
  2
X2TERMDESC02
 70
1
  0
ATTRIB
  5
37E
330
17
100
AcDbEntity
  8
0
  6
Continuous
100
AcDbText
 10
8.906075263627576
 20
7.4669434821641545
 30
0.0
 40
0.01
  1

 50
180.0
  7
WD
 72
1
 11
8.906075263627576
 21
7.4669434821641545
 31
0.0
100
AcDbAttribute
  2
ASSYCODE
 70
9
  0
ATTRIB
  5
37F
330
17
100
AcDbEntity
  8
0
100
AcDbText
 10
8.922
 20
7.5155
 30
0.0
 40
0.01
  1

 50
180.0
  7
WD
 11
8.922
 21
7.5155
 31
0.0
100
AcDbAttribute
  2
X4LINK
 70
1
  0
ATTRIB
  5
380
330
17
100
AcDbEntity
  8
0
100
AcDbText
 10
8.672
 20
7.5155
 30
0.0
 40
0.01
  1

 50
180.0
  7
WD
 11
8.672
 21
7.5155
 31
0.0
100
AcDbAttribute
  2
X1LINK
 70
1
  0
ATTRIB
  5
381
330
17
100
AcDbEntity
  8
0
100
AcDbText
 10
8.8595
 20
6.772798241045226
 30
0.0
 40
0.125
  1

 50
180.0
  7
WD
 41
0.7
 72
2
 11
8.8595
 21
6.772798241045226
 31
0.0
100
AcDbAttribute
  2
LOC
 70
1
  0
ATTRIB
  5
382
330
17
100
AcDbEntity
  8
0
  6
Continuous
100
AcDbText
 10
8.905606891550342
 20
7.452960716777144
 30
0.0
 40
0.01
  1

 50
180.0
  7
WD
 72
1
 11
8.905606891550342
 21
7.452960716777144
 31
0.0
100
AcDbAttribute
  2
MFG
 70
9
  0
ATTRIB
  5
383
330
17
100
AcDbEntity
  8
0
  6
Continuous
100
AcDbText
 10
8.903661845910422
 20
7.433518963069694
 30
0.0
 40
0.01
  1

 50
180.0
  7
WD
 72
1
 11
8.903661845910422
 21
7.433518963069694
 31
0.0
100
AcDbAttribute
  2
CAT
 70
9
  0
ATTRIB
  5
384
330
17
100
AcDbEntity
  8
0
100
AcDbText
 10
8.928715111848772
 20
7.389342547209931
 30
0.0
 40
0.01
  1

 50
180.0
  7
WD
 11
8.928715111848772
 21
7.389342547209931
 31
0.0
100
AcDbAttribute
  2
FAMILY
 70
9
  0
ATTRIB
  5
385
330
17
100
AcDbEntity
  8
0
100
AcDbText
 10
8.8595
 20
7.098721095352336
 30
0.0
 40
0.125
  1

 50
180.0
  7
WD
 41
0.7
 72
2
 11
8.8595
 21
7.098721095352336
 31
0.0
100
AcDbAttribute
  2
DESC2
 70
1
  0
ATTRIB
  5
386
330
17
100
AcDbEntity
  8
0
100
AcDbText
 10
8.8595
 20
6.942474668198781
 30
0.0
 40
0.125
  1

 50
180.0
  7
WD
 41
0.7
 72
2
 11
8.8595
 21
6.942474668198781
 31
0.0
100
AcDbAttribute
  2
DESC1
 70
1
  0
ATTRIB
  5
387
330
17
100
AcDbEntity
  8
0
100
AcDbText
 10
9.067833333333335
 20
7.35925
 30
0.0
 40
0.125
  1

 50
180.0
  7
WD
 72
2
 11
8.8595
 21
7.35925
 31
0.0
100
AcDbAttribute
  2
TAG1
 70
1
  0
ATTRIB
  5
388
330
17
100
AcDbEntity
  8
0
  6
Continuous
100
AcDbText
 10
8.75
 20
7.73425
 30
0.0
 40
0.125
  1

 50
180.0
  7
WD
 11
8.75
 21
7.60925
 31
0.0
100
AcDbAttribute
  2
TERM01
 70
9
 74
3
  0
ATTRIB
  5
389
330
17
100
AcDbEntity
  8
0
100
AcDbText
 10
8.797
 20
7.54675
 30
0.0
 40
0.0125
  1

 50
180.0
  7
WD
 11
8.797
 21
7.54675
 31
0.0
100
AcDbAttribute
  2
X8TERM01
 70
1
  0
ATTRIB
  5
38A
330
17
100
AcDbEntity
  8
0
100
AcDbText
 10
8.797
 20
7.3905
 30
0.0
 40
0.0125
  1

 50
180.0
  7
WD
 11
8.797
 21
7.3905
 31
0.0
100
AcDbAttribute
  2
X2TERM02
 70
1
  0
ATTRIB
  5
38B
330
17
100
AcDbEntity
  8
0
  6
Continuous
100
AcDbText
 10
8.75
 20
7.3905
 30
0.0
 40
0.125
  1

 50
180.0
  7
WD
 11
8.75
 21
7.3905
 31
0.0
100
AcDbAttribute
  2
TERM02
 70
9
  0
ATTRIB
  5
38C
330
17
100
AcDbEntity
  8
0
100
AcDbText
 10
8.928715111848772
 20
7.407974679541563
 30
0.0
 40
0.01
  1

 50
180.0
  7
WD
 11
8.928715111848772
 21
7.407974679541563
 31
0.0
100
AcDbAttribute
  2
WDBLKNAM
 70
9
  0
SEQEND
  5
37A
330
379
100
AcDbEntity
  8
SLD_SYMS
  0
INSERT
  5
38D
330
17
100
AcDbEntity
  8
SLD_SYMS
100
AcDbBlockReference
 66
1
  2
VXF1CT
 10
8.988700000000001
 20
6.8035
 30
0.0
  0
ATTRIB
  5
38F
330
17
100
AcDbEntity
  8
0
100
AcDbText
 10
8.761616666666669
 20
6.381625
 30
0.0
 40
0.125
  1

  7
WD
 41
0.7
 72
1
 11
8.761616666666669
 21
6.381625
 31
0.0
100
AcDbAttribute
  2
INST
 70
1
  0
ATTRIB
  5
390
330
17
100
AcDbEntity
  8
0
100
AcDbText
 10
8.988700000000001
 20
6.520326474599724
 30
0.0
 40
0.0125
  1

  7
WD
 11
8.988700000000001
 21
6.520326474599724
 31
0.0
100
AcDbAttribute
  2
X8TERM01
 70
1
  0
ATTRIB
  5
391
330
17
100
AcDbEntity
  8
0
100
AcDbText
 10
9.02091176270014
 20
6.552538237299862
 30
0.0
 40
0.0125
  1

  7
WD
 11
9.02091176270014
 21
6.552538237299862
 31
0.0
100
AcDbAttribute
  2
X1TERM01
 70
1
  0
ATTRIB
  5
392
330
17
100
AcDbEntity
  8
0
  6
Continuous
100
AcDbText
 10
8.933762169619044
 20
6.572956032263782
 30
0.0
 40
0.125
  1

  7
WD
 72
2
 11
8.933762169619044
 21
6.572956032263782
 31
0.0
100
AcDbAttribute
  2
TERM01
 70
9
  0
ATTRIB
  5
393
330
17
100
AcDbEntity
  8
0
  6
Continuous
100
AcDbText
 10
8.943706916951069
 20
7.070465784883833
 30
0.0
 40
0.125
  1

  7
WD
 72
2
 11
8.943706916951069
 21
7.070465784883833
 31
0.0
100
AcDbAttribute
  2
TERM02
 70
9
  0
ATTRIB
  5
394
330
17
100
AcDbEntity
  8
0
100
AcDbText
 10
9.02091176270014
 20
7.052538237299862
 30
0.0
 40
0.0125
  1

  7
WD
 11
9.02091176270014
 21
7.052538237299862
 31
0.0
100
AcDbAttribute
  2
X1TERM02
 70
1
  0
ATTRIB
  5
395
330
17
100
AcDbEntity
  8
0
100
AcDbText
 10
8.988700000000001
 20
7.08475
 30
0.0
 40
0.0125
  1

  7
WD
 11
8.988700000000001
 21
7.08475
 31
0.0
100
AcDbAttribute
  2
X2TERM02
 70
1
  0
ATTRIB
  5
396
330
17
100
AcDbEntity
  8
0
100
AcDbText
 10
9.269950000000001
 20
6.6785
 30
0.0
 40
0.125
  1

  7
WD
 41
0.7
 11
9.269950000000001
 21
6.6785
 31
0.0
100
AcDbAttribute
  2
RATING1
 70
1
  0
ATTRIB
  5
397
330
17
100
AcDbEntity
  8
0
100
AcDbText
 10
9.269950000000001
 20
6.83475
 30
0.0
 40
0.125
  1

  7
WD
 11
9.269950000000001
 21
6.83475
 31
0.0
100
AcDbAttribute
  2
TAG1
 70
1
  0
ATTRIB
  5
398
330
17
100
AcDbEntity
  8
0
100
AcDbText
 10
7.727600000000002
 20
6.786099999999999
 30
0.0
 40
0.125
  1
400:5A (3)
  7
WD
 41
0.7
 72
1
 11
7.727600000000002
 21
6.786099999999999
 31
0.0
100
AcDbAttribute
  2
DESC1
 70
0
  0
ATTRIB
  5
399
330
17
100
AcDbEntity
  8
0
100
AcDbText
 10
7.733200000000002
 20
6.6254
 30
0.0
 40
0.125
  1
CT C200
  7
WD
 41
0.7
 72
1
 11
7.733200000000002
 21
6.6254
 31
0.0
100
AcDbAttribute
  2
DESC2
 70
0
  0
ATTRIB
  5
39A
330
17
100
AcDbEntity
  8
0
100
AcDbText
 10
8.788170622272792
 20
6.202451758954774
 30
0.0
 40
0.125
  1

  7
WD
 41
0.7
 72
1
 11
8.788170622272792
 21
6.202451758954774
 31
0.0
100
AcDbAttribute
  2
LOC
 70
1
  0
ATTRIB
  5
39B
330
17
100
AcDbEntity
  8
0
  6
Continuous
100
AcDbText
 10
8.817769824898974
 20
6.922455350386372
 30
0.0
 40
0.01
  1

  7
WD
 72
1
 11
8.817769824898974
 21
6.922455350386372
 31
0.0
100
AcDbAttribute
  2
ASSYCODE
 70
9
  0
ATTRIB
  5
39C
330
17
100
AcDbEntity
  8
0
100
AcDbText
 10
8.795991666666668
 20
6.756625
 30
0.0
 40
0.125
  1

  7
WD
 72
1
 11
8.941825000000001
 21
6.756625
 31
0.0
100
AcDbAttribute
  2
TYPE
 70
1
  0
ATTRIB
  5
39D
330
17
100
AcDbEntity
  8
0
100
AcDbText
 10
8.792892775900368
 20
6.994190293718368
 30
0.0
 40
0.01
  1

  7
WD
 11
8.792892775900368
 21
6.994190293718368
 31
0.0
100
AcDbAttribute
  2
FAMILY
 70
9
  0
ATTRIB
  5
39E
330
17
100
AcDbEntity
  8
0
  6
Continuous
100
AcDbText
 10
8.817946041838718
 20
6.965638877858606
 30
0.0
 40
0.01
  1

  7
WD
 72
1
 11
8.817946041838718
 21
6.965638877858606
 31
0.0
100
AcDbAttribute
  2
CAT
 70
9
  0
ATTRIB
  5
39F
330
17
100
AcDbEntity
  8
0
  6
Continuous
100
AcDbText
 10
8.8160009961988
 20
6.946197124151155
 30
0.0
 40
0.01
  1

  7
WD
 72
1
 11
8.8160009961988
 21
6.946197124151155
 31
0.0
100
AcDbAttribute
  2
MFG
 70
9
  0
SEQEND
  5
38E
330
38D
100
AcDbEntity
  8
SLD_SYMS
  0
INSERT
  5
3A0
330
17
100
AcDbEntity
  8
SLD_SYMS
100
AcDbBlockReference
  2
WDDOT
 10
8.852
 20
6.4985
 30
0.0
  0
MTEXT
  5
3A2
330
17
100
AcDbEntity
  8
SLD_TEXT
100
AcDbMText
 10
8.020000000000001
 20
6.571
 30
0.0
 40
0.1
 41
0.0
 71
1
  1
\pxqc;1%%C
  0
INSERT
  5
3A3
330
17
100
AcDbEntity
  8
SLD_SYMS
100
AcDbBlockReference
 66
1
  2
VXF1CT
 10
8.988700000000001
 20
6.0313
 30
0.0
  0
ATTRIB
  5
3A5
330
17
100
AcDbEntity
  8
0
100
AcDbText
 10
8.761616666666669
 20
5.609425
 30
0.0
 40
0.125
  1

  7
WD
 41
0.7
 72
1
 11
8.761616666666669
 21
5.609425
 31
0.0
100
AcDbAttribute
  2
INST
 70
1
  0
ATTRIB
  5
3A6
330
17
100
AcDbEntity
  8
0
100
AcDbText
 10
8.988700000000001
 20
5.748126474599724
 30
0.0
 40
0.0125
  1

  7
WD
 11
8.988700000000001
 21
5.748126474599724
 31
0.0
100
AcDbAttribute
  2
X8TERM01
 70
1
  0
ATTRIB
  5
3A7
330
17
100
AcDbEntity
  8
0
100
AcDbText
 10
9.02091176270014
 20
5.780338237299862
 30
0.0
 40
0.0125
  1

  7
WD
 11
9.02091176270014
 21
5.780338237299862
 31
0.0
100
AcDbAttribute
  2
X1TERM01
 70
1
  0
ATTRIB
  5
3A8
330
17
100
AcDbEntity
  8
0
  6
Continuous
100
AcDbText
 10
8.933762169619044
 20
5.800756032263783
 30
0.0
 40
0.125
  1

  7
WD
 72
2
 11
8.933762169619044
 21
5.800756032263783
 31
0.0
100
AcDbAttribute
  2
TERM01
 70
9
  0
ATTRIB
  5
3A9
330
17
100
AcDbEntity
  8
0
  6
Continuous
100
AcDbText
 10
8.943706916951069
 20
6.298265784883833
 30
0.0
 40
0.125
  1

  7
WD
 72
2
 11
8.943706916951069
 21
6.298265784883833
 31
0.0
100
AcDbAttribute
  2
TERM02
 70
9
  0
ATTRIB
  5
3AA
330
17
100
AcDbEntity
  8
0
100
AcDbText
 10
9.02091176270014
 20
6.280338237299862
 30
0.0
 40
0.0125
  1

  7
WD
 11
9.02091176270014
 21
6.280338237299862
 31
0.0
100
AcDbAttribute
  2
X1TERM02
 70
1
  0
ATTRIB
  5
3AB
330
17
100
AcDbEntity
  8
0
100
AcDbText
 10
8.988700000000001
 20
6.31255
 30
0.0
 40
0.0125
  1

  7
WD
 11
8.988700000000001
 21
6.31255
 31
0.0
100
AcDbAttribute
  2
X2TERM02
 70
1
  0
ATTRIB
  5
3AC
330
17
100
AcDbEntity
  8
0
100
AcDbText
 10
9.269950000000001
 20
5.9063
 30
0.0
 40
0.125
  1

  7
WD
 41
0.7
 11
9.269950000000001
 21
5.9063
 31
0.0
100
AcDbAttribute
  2
RATING1
 70
1
  0
ATTRIB
  5
3AD
330
17
100
AcDbEntity
  8
0
100
AcDbText
 10
9.269950000000001
 20
6.06255
 30
0.0
 40
0.125
  1

  7
WD
 11
9.269950000000001
 21
6.06255
 31
0.0
100
AcDbAttribute
  2
TAG1
 70
1
  0
ATTRIB
  5
3AE
330
17
100
AcDbEntity
  8
0
100
AcDbText
 10
7.740500000000002
 20
6.0139
 30
0.0
 40
0.125
  1
2000:5A (3)
  7
WD
 41
0.7
 72
1
 11
7.740500000000002
 21
6.0139
 31
0.0
100
AcDbAttribute
  2
DESC1
 70
0
  0
ATTRIB
  5
3AF
330
17
100
AcDbEntity
  8
0
100
AcDbText
 10
7.836700000000001
 20
5.8532
 30
0.0
 40
0.125
  1
CT C200
  7
WD
 41
0.7
 72
1
 11
7.836700000000001
 21
5.8532
 31
0.0
100
AcDbAttribute
  2
DESC2
 70
0
  0
ATTRIB
  5
3B0
330
17
100
AcDbEntity
  8
0
100
AcDbText
 10
8.788170622272792
 20
5.430251758954774
 30
0.0
 40
0.125
  1

  7
WD
 41
0.7
 72
1
 11
8.788170622272792
 21
5.430251758954774
 31
0.0
100
AcDbAttribute
  2
LOC
 70
1
  0
ATTRIB
  5
3B1
330
17
100
AcDbEntity
  8
0
  6
Continuous
100
AcDbText
 10
8.817769824898974
 20
6.150255350386372
 30
0.0
 40
0.01
  1

  7
WD
 72
1
 11
8.817769824898974
 21
6.150255350386372
 31
0.0
100
AcDbAttribute
  2
ASSYCODE
 70
9
  0
ATTRIB
  5
3B2
330
17
100
AcDbEntity
  8
0
100
AcDbText
 10
8.795991666666668
 20
5.984425
 30
0.0
 40
0.125
  1

  7
WD
 72
1
 11
8.941825000000001
 21
5.984425
 31
0.0
100
AcDbAttribute
  2
TYPE
 70
1
  0
ATTRIB
  5
3B3
330
17
100
AcDbEntity
  8
0
100
AcDbText
 10
8.792892775900368
 20
6.221990293718369
 30
0.0
 40
0.01
  1

  7
WD
 11
8.792892775900368
 21
6.221990293718369
 31
0.0
100
AcDbAttribute
  2
FAMILY
 70
9
  0
ATTRIB
  5
3B4
330
17
100
AcDbEntity
  8
0
  6
Continuous
100
AcDbText
 10
8.817946041838718
 20
6.193438877858606
 30
0.0
 40
0.01
  1

  7
WD
 72
1
 11
8.817946041838718
 21
6.193438877858606
 31
0.0
100
AcDbAttribute
  2
CAT
 70
9
  0
ATTRIB
  5
3B5
330
17
100
AcDbEntity
  8
0
  6
Continuous
100
AcDbText
 10
8.8160009961988
 20
6.173997124151155
 30
0.0
 40
0.01
  1

  7
WD
 72
1
 11
8.8160009961988
 21
6.173997124151155
 31
0.0
100
AcDbAttribute
  2
MFG
 70
9
  0
SEQEND
  5
3A4
330
3A3
100
AcDbEntity
  8
SLD_SYMS
  0
INSERT
  5
3B6
330
17
100
AcDbEntity
  8
SLD_SYMS
100
AcDbBlockReference
  2
WDDOT
 10
8.850000000000001
 20
5.7233
 30
0.0
  0
MTEXT
  5
3B8
330
17
100
AcDbEntity
  8
SLD_TEXT
100
AcDbMText
 10
8.020000000000001
 20
5.803
 30
0.0
 40
0.1
 41
0.0
 71
1
  1
\pxqc;1%%C
  0
LWPOLYLINE
  5
3B9
330
17
100
AcDbEntity
  8
SLD_SYMS
100
AcDbPolyline
 90
4
 70
1
 10
9.933200000000001
 20
5.8436
 10
10.064900000000002
 20
5.8436
 10
10.064900000000002
 20
5.7209
 10
9.933200000000001
 20
5.7209
  0
LINE
  5
3BA
330
17
100
AcDbEntity
  8
SLD_SYMS
100
AcDbLine
 10
10.064900000000002
 20
5.8436
 30
0.0
 11
9.933200000000001
 21
5.8436
 31
0.0
  0
LINE
  5
3BB
330
17
100
AcDbEntity
  8
SLD_SYMS
100
AcDbLine
 10
9.933200000000001
 20
5.7209
 30
0.0
 11
10.064900000000002
 21
5.8436
 31
0.0
  0
LINE
  5
3BC
330
17
100
AcDbEntity
  8
SLD_SYMS
100
AcDbLine
 10
9.933200000000001
 20
5.8436
 30
0.0
 11
10.064900000000002
 21
5.7209
 31
0.0
  0
INSERT
  5
3BD
330
17
100
AcDbEntity
  8
SLD_SYMS
100
AcDbBlockReference
  2
WDDOT
 10
8.797
 20
5.2652
 30
0.0
  0
LINE
  5
3BF
330
17
100
AcDbEntity
  8
SLD_WIRE
100
AcDbLine
 10
8.797
 20
5.2652
 30
0.0
 11
8.5555
 21
5.2652
 31
0.0
  0
CIRCLE
  5
3C0
330
17
100
AcDbEntity
  8
SLD_SYMS
100
AcDbCircle
 10
8.5267
 20
5.2652
 30
0.0
 40
0.0289
  0
CIRCLE
  5
3C1
330
17
100
AcDbEntity
  8
SLD_SYMS
100
AcDbCircle
 10
8.4023
 20
5.2651
 30
0.0
 40
0.0289
  0
LINE
  5
3C2
330
17
100
AcDbEntity
  8
SLD_WIRE
100
AcDbLine
 10
8.3735
 20
5.2651
 30
0.0
 11
8.180100000000001
 21
5.2651
 31
0.0
  0
INSERT
  5
3C3
330
17
100
AcDbEntity
  8
SLD_SYMS
100
AcDbBlockReference
 66
1
  2
HGND2
 10
8.180100000000001
 20
5.2651
 30
0.0
  0
ATTRIB
  5
3C5
330
17
100
AcDbEntity
  8
0
100
AcDbText
 10
8.180100000000001
 20
5.2651
 30
0.0
 40
0.01
  1

  7
WD
 11
8.180100000000001
 21
5.2651
 31
0.0
100
AcDbAttribute
  2
X4TERM01
 70
1
  0
SEQEND
  5
3C4
330
3C3
100
AcDbEntity
  8
SLD_SYMS
  0
INSERT
  5
3C6
330
17
100
AcDbEntity
  8
SLD_SYMS
100
AcDbBlockReference
 66
1
  2
VCN1PJ
 10
8.797
 20
3.83
 30
0.0
  0
ATTRIB
  5
3C8
330
17
100
AcDbEntity
  8
0
100
AcDbText
 10
9.026166666666667
 20
4.679801758954774
 30
0.0
 40
0.125
  1

  7
WD
 41
0.7
 72
2
 11
9.026166666666667
 21
4.679801758954774
 31
0.0
100
AcDbAttribute
  2
INST
 70
1
  0
ATTRIB
  5
3C9
330
17
100
AcDbEntity
  8
0
100
AcDbText
 10
8.810072926894987
 20
3.715359872741505
 30
0.0
 40
0.01
  1

  7
WD
 11
8.810072926894987
 21
3.715359872741505
 31
0.0
100
AcDbAttribute
  2
X8TERMDESC01
 70
1
  0
ATTRIB
  5
3CA
330
17
100
AcDbEntity
  8
0
100
AcDbText
 10
8.823145864499054
 20
3.8716098677706965
 30
0.0
 40
0.01
  1

  7
WD
 11
8.823145864499054
 21
3.8716098677706965
 31
0.0
100
AcDbAttribute
  2
X2TERMDESC02
 70
1
  0
ATTRIB
  5
3CB
330
17
100
AcDbEntity
  8
0
  6
Continuous
100
AcDbText
 10
8.687924736372425
 20
3.8160565178358454
 30
0.0
 40
0.01
  1

  7
WD
 72
1
 11
8.687924736372425
 21
3.8160565178358454
 31
0.0
100
AcDbAttribute
  2
ASSYCODE
 70
9
  0
ATTRIB
  5
3CC
330
17
100
AcDbEntity
  8
0
100
AcDbText
 10
8.672
 20
3.7675
 30
0.0
 40
0.01
  1

  7
WD
 11
8.672
 21
3.7675
 31
0.0
100
AcDbAttribute
  2
X4LINK
 70
1
  0
ATTRIB
  5
3CD
330
17
100
AcDbEntity
  8
0
100
AcDbText
 10
8.922
 20
3.7675
 30
0.0
 40
0.01
  1

  7
WD
 11
8.922
 21
3.7675
 31
0.0
100
AcDbAttribute
  2
X1LINK
 70
1
  0
ATTRIB
  5
3CE
330
17
100
AcDbEntity
  8
0
100
AcDbText
 10
8.7345
 20
4.510201758954774
 30
0.0
 40
0.125
  1

  7
WD
 41
0.7
 72
2
 11
8.7345
 21
4.510201758954774
 31
0.0
100
AcDbAttribute
  2
LOC
 70
1
  0
ATTRIB
  5
3CF
330
17
100
AcDbEntity
  8
0
  6
Continuous
100
AcDbText
 10
8.68839310844966
 20
3.8300392832228556
 30
0.0
 40
0.01
  1

  7
WD
 72
1
 11
8.68839310844966
 21
3.8300392832228556
 31
0.0
100
AcDbAttribute
  2
MFG
 70
9
  0
ATTRIB
  5
3D0
330
17
100
AcDbEntity
  8
0
  6
Continuous
100
AcDbText
 10
8.690338154089579
 20
3.8494810369303063
 30
0.0
 40
0.01
  1

  7
WD
 72
1
 11
8.690338154089579
 21
3.8494810369303063
 31
0.0
100
AcDbAttribute
  2
CAT
 70
9
  0
ATTRIB
  5
3D1
330
17
100
AcDbEntity
  8
0
100
AcDbText
 10
8.665284888151229
 20
3.8936574527900696
 30
0.0
 40
0.01
  1

  7
WD
 11
8.665284888151229
 21
3.8936574527900696
 31
0.0
100
AcDbAttribute
  2
FAMILY
 70
9
  0
ATTRIB
  5
3D2
330
17
100
AcDbEntity
  8
0
100
AcDbText
 10
8.7345
 20
4.184278904647664
 30
0.0
 40
0.125
  1

  7
WD
 41
0.7
 72
2
 11
8.7345
 21
4.184278904647664
 31
0.0
100
AcDbAttribute
  2
DESC2
 70
1
  0
ATTRIB
  5
3D3
330
17
100
AcDbEntity
  8
0
100
AcDbText
 10
8.7345
 20
4.340525331801219
 30
0.0
 40
0.125
  1

  7
WD
 41
0.7
 72
2
 11
8.7345
 21
4.340525331801219
 31
0.0
100
AcDbAttribute
  2
DESC1
 70
1
  0
ATTRIB
  5
3D4
330
17
100
AcDbEntity
  8
0
100
AcDbText
 10
8.526166666666667
 20
3.92375
 30
0.0
 40
0.125
  1

  7
WD
 72
2
 11
8.7345
 21
3.92375
 31
0.0
100
AcDbAttribute
  2
TAG1
 70
1
  0
ATTRIB
  5
3D5
330
17
100
AcDbEntity
  8
0
  6
Continuous
100
AcDbText
 10
8.844000000000001
 20
3.54875
 30
0.0
 40
0.125
  1

  7
WD
 11
8.844000000000001
 21
3.67375
 31
0.0
100
AcDbAttribute
  2
TERM01
 70
9
 74
3
  0
ATTRIB
  5
3D6
330
17
100
AcDbEntity
  8
0
100
AcDbText
 10
8.797
 20
3.73625
 30
0.0
 40
0.0125
  1

  7
WD
 11
8.797
 21
3.73625
 31
0.0
100
AcDbAttribute
  2
X8TERM01
 70
1
  0
ATTRIB
  5
3D7
330
17
100
AcDbEntity
  8
0
100
AcDbText
 10
8.797
 20
3.8925
 30
0.0
 40
0.0125
  1

  7
WD
 11
8.797
 21
3.8925
 31
0.0
100
AcDbAttribute
  2
X2TERM02
 70
1
  0
ATTRIB
  5
3D8
330
17
100
AcDbEntity
  8
0
  6
Continuous
100
AcDbText
 10
8.844000000000001
 20
3.8925
 30
0.0
 40
0.125
  1

  7
WD
 11
8.844000000000001
 21
3.8925
 31
0.0
100
AcDbAttribute
  2
TERM02
 70
9
  0
ATTRIB
  5
3D9
330
17
100
AcDbEntity
  8
0
100
AcDbText
 10
8.665284888151229
 20
3.875025320458437
 30
0.0
 40
0.01
  1

  7
WD
 11
8.665284888151229
 21
3.875025320458437
 31
0.0
100
AcDbAttribute
  2
WDBLKNAM
 70
9
  0
SEQEND
  5
3C7
330
3C6
100
AcDbEntity
  8
SLD_SYMS
  0
MTEXT
  5
3DA
330
17
100
AcDbEntity
  8
SLD_TEXT
100
AcDbMText
 10
8.538
 20
8.61
 30
0.0
 40
0.093
 41
0.0
 71
1
  1
52-F4A\P15kV\P1200A\P18kA
  0
MTEXT
  5
3DB
330
17
100
AcDbEntity
  8
SLD_TEXT
100
AcDbMText
 10
9.917000000000002
 20
7.88
 30
0.0
 40
0.093
 41
0.0
 71
1
  1
\pxqc;SEL-751\PFEEDER\PPROTECTION\PRELAY
  0
MTEXT
  5
3DC
330
17
100
AcDbEntity
  8
SLD_TEXT
100
AcDbMText
 10
8.839
 20
3.668
 30
0.0
 40
0.1
 41
0.0
 71
1
  1
\pxqc;SPARE\PGENERATOR\PBREAKER
  0
MTEXT
  5
3DD
330
17
100
AcDbEntity
  8
SLD_TEXT
100
AcDbMText
 10
7.569000000000001
 20
5.549
 30
0.0
 40
0.093
 41
0.0
 71
1
  1
L.A.\P18kV\P15.3kV\PMCOV
  0
LINE
  5
3DE
330
17
100
AcDbEntity
  8
SLD_CONTROL
100
AcDbLine
 10
1.801
 20
17.321
 30
0.0
 11
2.092
 21
17.321
 31
0.0
  0
LINE
  5
3DF
330
17
100
AcDbEntity
  8
SLD_CONTROL
100
AcDbLine
 10
1.801
 20
16.377
 30
0.0
 11
2.235
 21
16.377
 31
0.0
  0
LINE
  5
3E0
330
17
100
AcDbEntity
  8
SLD_CONTROL
100
AcDbLine
 10
2.681
 20
11.386
 30
0.0
 11
2.681
 21
13.455
 31
0.0
  0
LINE
  5
3E1
330
17
100
AcDbEntity
  8
SLD_CONTROL
100
AcDbLine
 10
2.681
 20
13.83
 30
0.0
 11
2.681
 21
16.716
 31
0.0
  0
INSERT
  5
3E2
330
17
100
AcDbEntity
  8
SLD_SYMS
100
AcDbBlockReference
  2
WDDOT
 10
2.681
 20
11.386
 30
0.0
  0
LINE
  5
3E4
330
17
100
AcDbEntity
  8
SLD_CONTROL
100
AcDbLine
 10
5.411
 20
17.321
 30
0.0
 11
5.701999999999999
 21
17.321
 31
0.0
  0
LINE
  5
3E5
330
17
100
AcDbEntity
  8
SLD_CONTROL
100
AcDbLine
 10
5.411
 20
16.377
 30
0.0
 11
5.845
 21
16.377
 31
0.0
  0
LINE
  5
3E6
330
17
100
AcDbEntity
  8
SLD_CONTROL
100
AcDbLine
 10
6.2909999999999995
 20
11.386
 30
0.0
 11
6.2909999999999995
 21
13.455
 31
0.0
  0
LINE
  5
3E7
330
17
100
AcDbEntity
  8
SLD_CONTROL
100
AcDbLine
 10
6.2909999999999995
 20
13.83
 30
0.0
 11
6.2909999999999995
 21
16.716
 31
0.0
  0
INSERT
  5
3E8
330
17
100
AcDbEntity
  8
SLD_SYMS
100
AcDbBlockReference
  2
WDDOT
 10
6.2909999999999995
 20
11.386
 30
0.0
  0
LINE
  5
3EA
330
17
100
AcDbEntity
  8
SLD_CONTROL
100
AcDbLine
 10
5.411
 20
6.5545
 30
0.0
 11
6.6175999999999995
 21
6.5545
 31
0.0
  0
LINE
  5
3EB
330
17
100
AcDbEntity
  8
SLD_CONTROL
100
AcDbLine
 10
5.4109
 20
5.7823
 30
0.0
 11
6.3232
 21
5.7823
 31
0.0
  0
LINE
  5
3EC
330
17
100
AcDbEntity
  8
SLD_CONTROL
100
AcDbLine
 10
6.6175999999999995
 20
6.5545
 30
0.0
 11
6.6175999999999995
 21
7.2459
 31
0.0
  0
LINE
  5
3ED
330
17
100
AcDbEntity
  8
SLD_CONTROL
100
AcDbLine
 10
6.6175999999999995
 20
7.9183
 30
0.0
 11
6.6175999999999995
 21
9.3156
 31
0.0
  0
LINE
  5
3EE
330
17
100
AcDbEntity
  8
SLD_CONTROL
100
AcDbLine
 10
6.6175999999999995
 20
9.6906
 30
0.0
 11
6.6175999999999995
 21
11.386
 31
0.0
  0
INSERT
  5
3EF
330
17
100
AcDbEntity
  8
SLD_SYMS
100
AcDbBlockReference
  2
WDDOT
 10
6.6175999999999995
 20
11.386
 30
0.0
  0
LINE
  5
3F1
330
17
100
AcDbEntity
  8
SLD_CONTROL
100
AcDbLine
 10
9.021
 20
17.321
 30
0.0
 11
9.312000000000001
 21
17.321
 31
0.0
  0
LINE
  5
3F2
330
17
100
AcDbEntity
  8
SLD_CONTROL
100
AcDbLine
 10
9.021
 20
16.377
 30
0.0
 11
9.455
 21
16.377
 31
0.0
  0
LINE
  5
3F3
330
17
100
AcDbEntity
  8
SLD_CONTROL
100
AcDbLine
 10
9.901
 20
11.386
 30
0.0
 11
9.901
 21
13.455
 31
0.0
  0
LINE
  5
3F4
330
17
100
AcDbEntity
  8
SLD_CONTROL
100
AcDbLine
 10
9.901
 20
13.83
 30
0.0
 11
9.901
 21
16.716
 31
0.0
  0
INSERT
  5
3F5
330
17
100
AcDbEntity
  8
SLD_SYMS
100
AcDbBlockReference
  2
WDDOT
 10
9.901
 20
11.386
 30
0.0
  0
LINE
  5
3F7
330
17
100
AcDbEntity
  8
SLD_CONTROL
100
AcDbLine
 10
9.021
 20
6.5545
 30
0.0
 11
10.2276
 21
6.5545
 31
0.0
  0
LINE
  5
3F8
330
17
100
AcDbEntity
  8
SLD_CONTROL
100
AcDbLine
 10
9.020900000000001
 20
5.7823
 30
0.0
 11
9.933200000000001
 21
5.7823
 31
0.0
  0
LINE
  5
3F9
330
17
100
AcDbEntity
  8
SLD_CONTROL
100
AcDbLine
 10
10.2276
 20
6.5545
 30
0.0
 11
10.2276
 21
7.2459
 31
0.0
  0
LINE
  5
3FA
330
17
100
AcDbEntity
  8
SLD_CONTROL
100
AcDbLine
 10
10.2276
 20
7.9183
 30
0.0
 11
10.2276
 21
9.3156
 31
0.0
  0
LINE
  5
3FB
330
17
100
AcDbEntity
  8
SLD_CONTROL
100
AcDbLine
 10
10.2276
 20
9.6906
 30
0.0
 11
10.2276
 21
11.386
 31
0.0
  0
LINE
  5
3FC
330
17
100
AcDbEntity
  8
SLD_CONTROL
100
AcDbLine
 10
2.681
 20
11.386
 30
0.0
 11
5.137
 21
11.386
 31
0.0
  0
ARC
  5
3FD
330
17
100
AcDbEntity
  8
SLD_CONTROL
100
AcDbCircle
 10
5.186999999999999
 20
11.386
 30
0.0
 40
0.05
100
AcDbArc
 50
0.0
 51
180.0
  0
LINE
  5
3FE
330
17
100
AcDbEntity
  8
SLD_CONTROL
100
AcDbLine
 10
5.236999999999999
 20
11.386
 30
0.0
 11
8.747
 21
11.386
 31
0.0
  0
ARC
  5
3FF
330
17
100
AcDbEntity
  8
SLD_CONTROL
100
AcDbCircle
 10
8.797
 20
11.386
 30
0.0
 40
0.05
100
AcDbArc
 50
0.0
 51
180.0
  0
LINE
  5
400
330
17
100
AcDbEntity
  8
SLD_CONTROL
100
AcDbLine
 10
8.847000000000001
 20
11.386
 30
0.0
 11
9.901
 21
11.386
 31
0.0
  0
ENDSEC
  0
SECTION
  2
OBJECTS
  0
DICTIONARY
  5
A
330
0
100
AcDbDictionary
281
1
  3
ACAD_COLOR
350
B
  3
ACAD_GROUP
350
C
  3
ACAD_LAYOUT
350
D
  3
ACAD_MATERIAL
350
E
  3
ACAD_MLEADERSTYLE
350
F
  3
ACAD_MLINESTYLE
350
10
  3
ACAD_PLOTSETTINGS
350
11
  3
ACAD_PLOTSTYLENAME
350
12
  3
ACAD_SCALELIST
350
14
  3
ACAD_TABLESTYLE
350
15
  3
ACAD_VISUALSTYLE
350
16
  3
EZDXF_META
350
2D
  0
DICTIONARY
  5
B
330
A
100
AcDbDictionary
281
1
  0
DICTIONARY
  5
C
330
A
100
AcDbDictionary
281
1
  0
DICTIONARY
  5
D
330
A
100
AcDbDictionary
281
1
  3
Model
350
1A
  3
Layout1
350
1E
  0
DICTIONARY
  5
E
330
A
100
AcDbDictionary
281
1
  3
ByBlock
350
1F
  3
ByLayer
350
20
  3
Global
350
21
  0
DICTIONARY
  5
F
330
A
100
AcDbDictionary
281
1
  3
Standard
350
2C
  0
DICTIONARY
  5
10
330
A
100
AcDbDictionary
281
1
  3
Standard
350
22
  0
DICTIONARY
  5
11
330
A
100
AcDbDictionary
281
1
  0
ACDBDICTIONARYWDFLT
  5
12
330
A
100
AcDbDictionary
281
1
  3
Normal
350
13
100
AcDbDictionaryWithDefault
340
13
  0
ACDBPLACEHOLDER
  5
13
330
12
  0
DICTIONARY
  5
14
330
A
100
AcDbDictionary
281
1
  0
DICTIONARY
  5
15
330
A
100
AcDbDictionary
281
1
  0
DICTIONARY
  5
16
330
A
100
AcDbDictionary
281
1
  3
2dWireframe
350
5A
  3
Basic
350
5B
  3
Brighten
350
5C
  3
ColorChange
350
5D
  3
Conceptual
350
5E
  3
Dim
350
5F
  3
EdgeColorOff
350
60
  3
Facepattern
350
61
  3
Flat
350
62
  3
FlatWithEdges
350
63
  3
Gouraud
350
64
  3
GouraudWithEdges
350
65
  3
Hidden
350
66
  3
JitterOff
350
67
  3
Linepattern
350
68
  3
Modeling
350
69
  3
OverhangOff
350
6A
  3
Realistic
350
6B
  3
Shaded
350
6C
  3
Shaded with edges
350
6D
  3
Shades of Gray
350
6E
  3
Sketchy
350
6F
  3
Thicken
350
70
  3
Wireframe
350
71
  3
X-Ray
350
72
  0
LAYOUT
  5
1A
330
D
100
AcDbPlotSettings
  1

  4
A3
  6

 40
7.5
 41
20.0
 42
7.5
 43
20.0
 44
420.0
 45
297.0
 46
0.0
 47
0.0
 48
0.0
 49
0.0
140
0.0
141
0.0
142
1.0
143
1.0
 70
1024
 72
1
 73
0
 74
5
  7

 75
16
 76
0
 77
2
 78
300
147
1.0
148
0.0
149
0.0
100
AcDbLayout
  1
Model
 70
1
 71
0
 10
0.0
 20
0.0
 11
420.0
 21
297.0
 12
0.0
 22
0.0
 32
0.0
 14
1e+20
 24
1e+20
 34
1e+20
 15
-1e+20
 25
-1e+20
 35
-1e+20
146
0.0
 13
0.0
 23
0.0
 33
0.0
 16
1.0
 26
0.0
 36
0.0
 17
0.0
 27
1.0
 37
0.0
 76
1
330
17
  0
LAYOUT
  5
1E
330
D
100
AcDbPlotSettings
  1

  4
A3
  6

 40
7.5
 41
20.0
 42
7.5
 43
20.0
 44
420.0
 45
297.0
 46
0.0
 47
0.0
 48
0.0
 49
0.0
140
0.0
141
0.0
142
1.0
143
1.0
 70
0
 72
1
 73
0
 74
5
  7

 75
16
 76
0
 77
2
 78
300
147
1.0
148
0.0
149
0.0
100
AcDbLayout
  1
Layout1
 70
1
 71
1
 10
0.0
 20
0.0
 11
420.0
 21
297.0
 12
0.0
 22
0.0
 32
0.0
 14
1e+20
 24
1e+20
 34
1e+20
 15
-1e+20
 25
-1e+20
 35
-1e+20
146
0.0
 13
0.0
 23
0.0
 33
0.0
 16
1.0
 26
0.0
 36
0.0
 17
0.0
 27
1.0
 37
0.0
 76
1
330
1B
  0
MATERIAL
  5
1F
102
{ACAD_REACTORS
330
E
102
}
330
E
100
AcDbMaterial
  1
ByBlock
  2

 70
0
 40
1.0
 71
1
 41
1.0
 91
-1023410177
 42
1.0
 72
1
  3

 73
1
 74
1
 75
1
 44
0.5
 73
0
 45
1.0
 46
1.0
 77
1
  4

 78
1
 79
1
170
1
 48
1.0
171
1
  6

172
1
173
1
174
1
140
1.0
141
1.0
175
1
  7

176
1
177
1
178
1
143
1.0
179
1
  8

270
1
271
1
272
1
145
1.0
146
1.0
273
1
  9

274
1
275
1
276
1
 42
1.0
 72
1
  3

 73
1
 74
1
 75
1
 94
63
  0
MATERIAL
  5
20
102
{ACAD_REACTORS
330
E
102
}
330
E
100
AcDbMaterial
  1
ByLayer
  2

 70
0
 40
1.0
 71
1
 41
1.0
 91
-1023410177
 42
1.0
 72
1
  3

 73
1
 74
1
 75
1
 44
0.5
 73
0
 45
1.0
 46
1.0
 77
1
  4

 78
1
 79
1
170
1
 48
1.0
171
1
  6

172
1
173
1
174
1
140
1.0
141
1.0
175
1
  7

176
1
177
1
178
1
143
1.0
179
1
  8

270
1
271
1
272
1
145
1.0
146
1.0
273
1
  9

274
1
275
1
276
1
 42
1.0
 72
1
  3

 73
1
 74
1
 75
1
 94
63
  0
MATERIAL
  5
21
102
{ACAD_REACTORS
330
E
102
}
330
E
100
AcDbMaterial
  1
Global
  2

 70
0
 40
1.0
 71
1
 41
1.0
 91
-1023410177
 42
1.0
 72
1
  3

 73
1
 74
1
 75
1
 44
0.5
 73
0
 45
1.0
 46
1.0
 77
1
  4

 78
1
 79
1
170
1
 48
1.0
171
1
  6

172
1
173
1
174
1
140
1.0
141
1.0
175
1
  7

176
1
177
1
178
1
143
1.0
179
1
  8

270
1
271
1
272
1
145
1.0
146
1.0
273
1
  9

274
1
275
1
276
1
 42
1.0
 72
1
  3

 73
1
 74
1
 75
1
 94
63
  0
MLINESTYLE
  5
22
102
{ACAD_REACTORS
330
10
102
}
330
10
100
AcDbMlineStyle
  2
Standard
 70
0
  3

 62
256
 51
90.0
 52
90.0
 71
2
 49
0.5
 62
256
  6
BYLAYER
 49
-0.5
 62
256
  6
BYLAYER
  0
MLEADERSTYLE
  5
2C
102
{ACAD_REACTORS
330
F
102
}
330
F
100
AcDbMLeaderStyle
179
2
170
2
171
1
172
0
 90
2
 40
0.0
 41
0.0
173
1
 91
-1056964608
 92
-2
290
1
 42
2.0
291
1
 43
8.0
  3
Standard
 44
4.0
300

342
29
174
1
175
1
176
0
178
1
 93
-1056964608
 45
4.0
292
0
297
0
 46
4.0
 94
-1056964608
 47
1.0
 49
1.0
140
1.0
294
1
141
0.0
177
0
142
1.0
295
0
296
0
143
3.75
271
0
272
9
273
9
  0
DICTIONARY
  5
2D
330
A
100
AcDbDictionary
280
1
281
1
  3
CREATED_BY_EZDXF
350
2E
  3
WRITTEN_BY_EZDXF
350
403
  0
DICTIONARYVAR
  5
2E
330
2D
100
DictionaryVariables
280
0
  1
1.4.4 @ 2026-08-06T21:51:29.823063+00:00
  0
VISUALSTYLE
  5
5A
102
{ACAD_REACTORS
330
16
102
}
330
16
100
AcDbVisualStyle
  2
2dWireframe
 70
4
177
3
291
0
 70
58
 90
2
176
1
 90
2
176
1
 90
0
176
1
 90
0
176
1
 40
0.6
176
1
 40
30.0
176
1
 62
7
420
16777215
176
1
 90
1
176
1
 90
4
176
1
 62
7
176
1
 62
257
176
1
 90
1
176
1
 90
1
176
1
 40
1.0
176
1
 90
8
176
1
 62
7
176
1
 40
1.0
176
1
 90
1
176
1
 90
6
176
1
 90
2
176
1
 62
7
176
1
 90
5
176
1
 90
0
176
1
 90
0
176
1
290
0
176
1
 90
1
176
1
 40
0.0
176
1
 90
0
176
1
290
1
176
1
290
1
176
1
290
0
176
1
290
0
176
1
290
0
176
1
290
0
176
1
290
0
176
1
290
0
176
1
290
0
176
1
 90
50
176
1
 40
0.0
176
1
 40
1.0
176
1
 90
0
176
1
 62
18
420
0
176
1
 90
50
176
1
 90
3
176
1
 62
5
420
255
176
1
290
0
176
1
 90
50
176
1
 90
50
176
1
 90
50
176
1
290
0
176
1
 90
50
176
1
 62
256
176
0
 40
1.0
176
0
 90
2
176
1
  1
strokes_ogs.tif
176
1
290
0
176
1
 40
1.0
176
1
 40
1.0
176
1
  0
VISUALSTYLE
  5
5B
102
{ACAD_REACTORS
330
16
102
}
330
16
100
AcDbVisualStyle
  2
Basic
 70
7
177
3
291
1
 70
58
 90
2
176
1
 90
2
176
1
 90
0
176
1
 90
1
176
1
 40
0.6
176
1
 40
30.0
176
1
 62
7
420
16777215
176
1
 90
1
176
1
 90
4
176
1
 62
7
176
1
 62
257
176
1
 90
1
176
1
 90
1
176
1
 40
1.0
176
1
 90
8
176
1
 62
7
176
1
 40
1.0
176
1
 90
1
176
1
 90
6
176
1
 90
2
176
1
 62
7
176
1
 90
5
176
1
 90
0
176
1
 90
0
176
1
290
0
176
1
 90
1
176
1
 40
0.0
176
1
 90
0
176
1
290
0
176
1
290
1
176
1
290
1
176
1
290
0
176
1
290
0
176
1
290
0
176
1
290
0
176
1
290
0
176
1
290
0
176
1
 90
50
176
1
 40
0.0
176
1
 40
1.0
176
1
 90
0
176
1
 62
18
420
0
176
1
 90
50
176
1
 90
3
176
1
 62
5
420
255
176
1
290
0
176
1
 90
50
176
1
 90
50
176
1
 90
50
176
1
290
0
176
1
 90
50
176
1
 62
256
176
0
 40
1.0
176
0
 90
2
176
1
  1
strokes_ogs.tif
176
1
290
0
176
1
 40
1.0
176
1
 40
1.0
176
1
  0
VISUALSTYLE
  5
5C
102
{ACAD_REACTORS
330
16
102
}
330
16
100
AcDbVisualStyle
  2
Brighten
 70
12
177
3
291
1
 70
58
 90
2
176
1
 90
2
176
1
 90
0
176
1
 90
2
176
1
 40
0.6
176
1
 40
30.0
176
1
 62
7
420
16777215
176
1
 90
1
176
1
 90
4
176
1
 62
7
176
1
 62
257
176
1
 90
1
176
1
 90
1
176
1
 40
1.0
176
1
 90
8
176
1
 62
7
176
1
 40
1.0
176
1
 90
1
176
1
 90
6
176
1
 90
2
176
1
 62
7
176
1
 90
5
176
1
 90
0
176
1
 90
0
176
1
290
0
176
1
 90
1
176
1
 40
0.0
176
1
 90
0
176
1
290
0
176
1
290
1
176
1
290
1
176
1
290
0
176
1
290
0
176
1
290
0
176
1
290
0
176
1
290
0
176
1
290
0
176
1
 90
50
176
1
 40
0.0
176
1
 40
1.0
176
1
 90
0
176
1
 62
18
420
0
176
1
 90
50
176
1
 90
3
176
1
 62
5
420
255
176
1
290
0
176
1
 90
50
176
1
 90
50
176
1
 90
50
176
1
290
0
176
1
 90
50
176
1
 62
256
176
0
 40
1.0
176
0
 90
2
176
1
  1
strokes_ogs.tif
176
1
290
0
176
1
 40
1.0
176
1
 40
1.0
176
1
  0
VISUALSTYLE
  5
5D
102
{ACAD_REACTORS
330
16
102
}
330
16
100
AcDbVisualStyle
  2
ColorChange
 70
16
177
3
291
1
 70
58
 90
2
176
1
 90
2
176
1
 90
0
176
1
 90
2
176
1
 40
0.6
176
1
 40
30.0
176
1
 62
7
420
16777215
176
1
 90
1
176
1
 90
4
176
1
 62
7
176
1
 62
257
176
1
 90
1
176
1
 90
1
176
1
 40
1.0
176
1
 90
8
176
1
 62
7
176
1
 40
1.0
176
1
 90
1
176
1
 90
6
176
1
 90
2
176
1
 62
7
176
1
 90
5
176
1
 90
0
176
1
 90
0
176
1
290
0
176
1
 90
1
176
1
 40
0.0
176
1
 90
0
176
1
290
0
176
1
290
1
176
1
290
1
176
1
290
0
176
1
290
0
176
1
290
0
176
1
290
0
176
1
290
0
176
1
290
0
176
1
 90
50
176
1
 40
0.0
176
1
 40
1.0
176
1
 90
0
176
1
 62
18
420
0
176
1
 90
50
176
1
 90
3
176
1
 62
5
420
255
176
1
290
0
176
1
 90
50
176
1
 90
50
176
1
 90
50
176
1
290
0
176
1
 90
50
176
1
 62
256
176
0
 40
1.0
176
0
 90
2
176
1
  1
strokes_ogs.tif
176
1
290
0
176
1
 40
1.0
176
1
 40
1.0
176
1
  0
VISUALSTYLE
  5
5E
102
{ACAD_REACTORS
330
16
102
}
330
16
100
AcDbVisualStyle
  2
Conceptual
 70
9
177
3
291
0
 70
58
 90
2
176
1
 90
2
176
1
 90
0
176
1
 90
3
176
1
 40
0.6
176
1
 40
30.0
176
1
 62
7
420
16777215
176
1
 90
1
176
1
 90
4
176
1
 62
7
176
1
 62
257
176
1
 90
1
176
1
 90
1
176
1
 40
1.0
176
1
 90
8
176
1
 62
7
176
1
 40
1.0
176
1
 90
1
176
1
 90
6
176
1
 90
2
176
1
 62
7
176
1
 90
5
176
1
 90
0
176
1
 90
0
176
1
290
0
176
1
 90
1
176
1
 40
0.0
176
1
 90
0
176
1
290
0
176
1
290
1
176
1
290
1
176
1
290
0
176
1
290
0
176
1
290
0
176
1
290
0
176
1
290
0
176
1
290
0
176
1
 90
50
176
1
 40
0.0
176
1
 40
1.0
176
1
 90
0
176
1
 62
18
420
0
176
1
 90
50
176
1
 90
3
176
1
 62
5
420
255
176
1
290
0
176
1
 90
50
176
1
 90
50
176
1
 90
50
176
1
290
0
176
1
 90
50
176
1
 62
256
176
0
 40
1.0
176
0
 90
2
176
1
  1
strokes_ogs.tif
176
1
290
0
176
1
 40
1.0
176
1
 40
1.0
176
1
  0
VISUALSTYLE
  5
5F
102
{ACAD_REACTORS
330
16
102
}
330
16
100
AcDbVisualStyle
  2
Dim
 70
11
177
3
291
1
 70
58
 90
2
176
1
 90
2
176
1
 90
0
176
1
 90
2
176
1
 40
0.6
176
1
 40
30.0
176
1
 62
7
420
16777215
176
1
 90
1
176
1
 90
4
176
1
 62
7
176
1
 62
257
176
1
 90
1
176
1
 90
1
176
1
 40
1.0
176
1
 90
8
176
1
 62
7
176
1
 40
1.0
176
1
 90
1
176
1
 90
6
176
1
 90
2
176
1
 62
7
176
1
 90
5
176
1
 90
0
176
1
 90
0
176
1
290
0
176
1
 90
1
176
1
 40
0.0
176
1
 90
0
176
1
290
0
176
1
290
1
176
1
290
1
176
1
290
0
176
1
290
0
176
1
290
0
176
1
290
0
176
1
290
0
176
1
290
0
176
1
 90
50
176
1
 40
0.0
176
1
 40
1.0
176
1
 90
0
176
1
 62
18
420
0
176
1
 90
50
176
1
 90
3
176
1
 62
5
420
255
176
1
290
0
176
1
 90
50
176
1
 90
50
176
1
 90
50
176
1
290
0
176
1
 90
50
176
1
 62
256
176
0
 40
1.0
176
0
 90
2
176
1
  1
strokes_ogs.tif
176
1
290
0
176
1
 40
1.0
176
1
 40
1.0
176
1
  0
VISUALSTYLE
  5
60
102
{ACAD_REACTORS
330
16
102
}
330
16
100
AcDbVisualStyle
  2
EdgeColorOff
 70
22
177
3
291
1
 70
58
 90
2
176
1
 90
2
176
1
 90
0
176
1
 90
2
176
1
 40
0.6
176
1
 40
30.0
176
1
 62
7
420
16777215
176
1
 90
1
176
1
 90
4
176
1
 62
7
176
1
 62
257
176
1
 90
1
176
1
 90
1
176
1
 40
1.0
176
1
 90
8
176
1
 62
7
176
1
 40
1.0
176
1
 90
1
176
1
 90
6
176
1
 90
2
176
1
 62
7
176
1
 90
5
176
1
 90
0
176
1
 90
0
176
1
290
0
176
1
 90
1
176
1
 40
0.0
176
1
 90
0
176
1
290
0
176
1
290
1
176
1
290
1
176
1
290
0
176
1
290
0
176
1
290
0
176
1
290
0
176
1
290
0
176
1
290
0
176
1
 90
50
176
1
 40
0.0
176
1
 40
1.0
176
1
 90
0
176
1
 62
18
420
0
176
1
 90
50
176
1
 90
3
176
1
 62
5
420
255
176
1
290
0
176
1
 90
50
176
1
 90
50
176
1
 90
50
176
1
290
0
176
1
 90
50
176
1
 62
256
176
0
 40
1.0
176
0
 90
2
176
1
  1
strokes_ogs.tif
176
1
290
0
176
1
 40
1.0
176
1
 40
1.0
176
1
  0
VISUALSTYLE
  5
61
102
{ACAD_REACTORS
330
16
102
}
330
16
100
AcDbVisualStyle
  2
Facepattern
 70
15
177
3
291
1
 70
58
 90
2
176
1
 90
2
176
1
 90
0
176
1
 90
2
176
1
 40
0.6
176
1
 40
30.0
176
1
 62
7
420
16777215
176
1
 90
1
176
1
 90
4
176
1
 62
7
176
1
 62
257
176
1
 90
1
176
1
 90
1
176
1
 40
1.0
176
1
 90
8
176
1
 62
7
176
1
 40
1.0
176
1
 90
1
176
1
 90
6
176
1
 90
2
176
1
 62
7
176
1
 90
5
176
1
 90
0
176
1
 90
0
176
1
290
0
176
1
 90
1
176
1
 40
0.0
176
1
 90
0
176
1
290
0
176
1
290
1
176
1
290
1
176
1
290
0
176
1
290
0
176
1
290
0
176
1
290
0
176
1
290
0
176
1
290
0
176
1
 90
50
176
1
 40
0.0
176
1
 40
1.0
176
1
 90
0
176
1
 62
18
420
0
176
1
 90
50
176
1
 90
3
176
1
 62
5
420
255
176
1
290
0
176
1
 90
50
176
1
 90
50
176
1
 90
50
176
1
290
0
176
1
 90
50
176
1
 62
256
176
0
 40
1.0
176
0
 90
2
176
1
  1
strokes_ogs.tif
176
1
290
0
176
1
 40
1.0
176
1
 40
1.0
176
1
  0
VISUALSTYLE
  5
62
102
{ACAD_REACTORS
330
16
102
}
330
16
100
AcDbVisualStyle
  2
Flat
 70
0
177
3
291
1
 70
58
 90
2
176
1
 90
2
176
1
 90
0
176
1
 90
2
176
1
 40
0.6
176
1
 40
30.0
176
1
 62
7
420
16777215
176
1
 90
1
176
1
 90
4
176
1
 62
7
176
1
 62
257
176
1
 90
1
176
1
 90
1
176
1
 40
1.0
176
1
 90
8
176
1
 62
7
176
1
 40
1.0
176
1
 90
1
176
1
 90
6
176
1
 90
2
176
1
 62
7
176
1
 90
5
176
1
 90
0
176
1
 90
0
176
1
290
0
176
1
 90
1
176
1
 40
0.0
176
1
 90
0
176
1
290
0
176
1
290
1
176
1
290
1
176
1
290
0
176
1
290
0
176
1
290
0
176
1
290
0
176
1
290
0
176
1
290
0
176
1
 90
50
176
1
 40
0.0
176
1
 40
1.0
176
1
 90
0
176
1
 62
18
420
0
176
1
 90
50
176
1
 90
3
176
1
 62
5
420
255
176
1
290
0
176
1
 90
50
176
1
 90
50
176
1
 90
50
176
1
290
0
176
1
 90
50
176
1
 62
256
176
0
 40
1.0
176
0
 90
2
176
1
  1
strokes_ogs.tif
176
1
290
0
176
1
 40
1.0
176
1
 40
1.0
176
1
  0
VISUALSTYLE
  5
63
102
{ACAD_REACTORS
330
16
102
}
330
16
100
AcDbVisualStyle
  2
FlatWithEdges
 70
1
177
3
291
1
 70
58
 90
2
176
1
 90
2
176
1
 90
0
176
1
 90
2
176
1
 40
0.6
176
1
 40
30.0
176
1
 62
7
420
16777215
176
1
 90
1
176
1
 90
4
176
1
 62
7
176
1
 62
257
176
1
 90
1
176
1
 90
1
176
1
 40
1.0
176
1
 90
8
176
1
 62
7
176
1
 40
1.0
176
1
 90
1
176
1
 90
6
176
1
 90
2
176
1
 62
7
176
1
 90
5
176
1
 90
0
176
1
 90
0
176
1
290
0
176
1
 90
1
176
1
 40
0.0
176
1
 90
0
176
1
290
0
176
1
290
1
176
1
290
1
176
1
290
0
176
1
290
0
176
1
290
0
176
1
290
0
176
1
290
0
176
1
290
0
176
1
 90
50
176
1
 40
0.0
176
1
 40
1.0
176
1
 90
0
176
1
 62
18
420
0
176
1
 90
50
176
1
 90
3
176
1
 62
5
420
255
176
1
290
0
176
1
 90
50
176
1
 90
50
176
1
 90
50
176
1
290
0
176
1
 90
50
176
1
 62
256
176
0
 40
1.0
176
0
 90
2
176
1
  1
strokes_ogs.tif
176
1
290
0
176
1
 40
1.0
176
1
 40
1.0
176
1
  0
VISUALSTYLE
  5
64
102
{ACAD_REACTORS
330
16
102
}
330
16
100
AcDbVisualStyle
  2
Gouraud
 70
2
177
3
291
1
 70
58
 90
2
176
1
 90
2
176
1
 90
0
176
1
 90
2
176
1
 40
0.6
176
1
 40
30.0
176
1
 62
7
420
16777215
176
1
 90
1
176
1
 90
4
176
1
 62
7
176
1
 62
257
176
1
 90
1
176
1
 90
1
176
1
 40
1.0
176
1
 90
8
176
1
 62
7
176
1
 40
1.0
176
1
 90
1
176
1
 90
6
176
1
 90
2
176
1
 62
7
176
1
 90
5
176
1
 90
0
176
1
 90
0
176
1
290
0
176
1
 90
1
176
1
 40
0.0
176
1
 90
0
176
1
290
0
176
1
290
1
176
1
290
1
176
1
290
0
176
1
290
0
176
1
290
0
176
1
290
0
176
1
290
0
176
1
290
0
176
1
 90
50
176
1
 40
0.0
176
1
 40
1.0
176
1
 90
0
176
1
 62
18
420
0
176
1
 90
50
176
1
 90
3
176
1
 62
5
420
255
176
1
290
0
176
1
 90
50
176
1
 90
50
176
1
 90
50
176
1
290
0
176
1
 90
50
176
1
 62
256
176
0
 40
1.0
176
0
 90
2
176
1
  1
strokes_ogs.tif
176
1
290
0
176
1
 40
1.0
176
1
 40
1.0
176
1
  0
VISUALSTYLE
  5
65
102
{ACAD_REACTORS
330
16
102
}
330
16
100
AcDbVisualStyle
  2
GouraudWithEdges
 70
3
177
3
291
1
 70
58
 90
2
176
1
 90
2
176
1
 90
0
176
1
 90
2
176
1
 40
0.6
176
1
 40
30.0
176
1
 62
7
420
16777215
176
1
 90
1
176
1
 90
4
176
1
 62
7
176
1
 62
257
176
1
 90
1
176
1
 90
1
176
1
 40
1.0
176
1
 90
8
176
1
 62
7
176
1
 40
1.0
176
1
 90
1
176
1
 90
6
176
1
 90
2
176
1
 62
7
176
1
 90
5
176
1
 90
0
176
1
 90
0
176
1
290
0
176
1
 90
1
176
1
 40
0.0
176
1
 90
0
176
1
290
0
176
1
290
1
176
1
290
1
176
1
290
0
176
1
290
0
176
1
290
0
176
1
290
0
176
1
290
0
176
1
290
0
176
1
 90
50
176
1
 40
0.0
176
1
 40
1.0
176
1
 90
0
176
1
 62
18
420
0
176
1
 90
50
176
1
 90
3
176
1
 62
5
420
255
176
1
290
0
176
1
 90
50
176
1
 90
50
176
1
 90
50
176
1
290
0
176
1
 90
50
176
1
 62
256
176
0
 40
1.0
176
0
 90
2
176
1
  1
strokes_ogs.tif
176
1
290
0
176
1
 40
1.0
176
1
 40
1.0
176
1
  0
VISUALSTYLE
  5
66
102
{ACAD_REACTORS
330
16
102
}
330
16
100
AcDbVisualStyle
  2
Hidden
 70
6
177
3
291
0
 70
58
 90
2
176
1
 90
2
176
1
 90
0
176
1
 90
1
176
1
 40
0.6
176
1
 40
30.0
176
1
 62
7
420
16777215
176
1
 90
1
176
1
 90
4
176
1
 62
7
176
1
 62
257
176
1
 90
1
176
1
 90
1
176
1
 40
1.0
176
1
 90
8
176
1
 62
7
176
1
 40
1.0
176
1
 90
1
176
1
 90
6
176
1
 90
2
176
1
 62
7
176
1
 90
5
176
1
 90
0
176
1
 90
0
176
1
290
0
176
1
 90
1
176
1
 40
0.0
176
1
 90
0
176
1
290
0
176
1
290
1
176
1
290
1
176
1
290
0
176
1
290
0
176
1
290
0
176
1
290
0
176
1
290
0
176
1
290
0
176
1
 90
50
176
1
 40
0.0
176
1
 40
1.0
176
1
 90
0
176
1
 62
18
420
0
176
1
 90
50
176
1
 90
3
176
1
 62
5
420
255
176
1
290
0
176
1
 90
50
176
1
 90
50
176
1
 90
50
176
1
290
0
176
1
 90
50
176
1
 62
256
176
0
 40
1.0
176
0
 90
2
176
1
  1
strokes_ogs.tif
176
1
290
0
176
1
 40
1.0
176
1
 40
1.0
176
1
  0
VISUALSTYLE
  5
67
102
{ACAD_REACTORS
330
16
102
}
330
16
100
AcDbVisualStyle
  2
JitterOff
 70
20
177
3
291
1
 70
58
 90
2
176
1
 90
2
176
1
 90
0
176
1
 90
2
176
1
 40
0.6
176
1
 40
30.0
176
1
 62
7
420
16777215
176
1
 90
1
176
1
 90
4
176
1
 62
7
176
1
 62
257
176
1
 90
1
176
1
 90
1
176
1
 40
1.0
176
1
 90
8
176
1
 62
7
176
1
 40
1.0
176
1
 90
1
176
1
 90
6
176
1
 90
2
176
1
 62
7
176
1
 90
5
176
1
 90
0
176
1
 90
0
176
1
290
0
176
1
 90
1
176
1
 40
0.0
176
1
 90
0
176
1
290
0
176
1
290
1
176
1
290
1
176
1
290
0
176
1
290
0
176
1
290
0
176
1
290
0
176
1
290
0
176
1
290
0
176
1
 90
50
176
1
 40
0.0
176
1
 40
1.0
176
1
 90
0
176
1
 62
18
420
0
176
1
 90
50
176
1
 90
3
176
1
 62
5
420
255
176
1
290
0
176
1
 90
50
176
1
 90
50
176
1
 90
50
176
1
290
0
176
1
 90
50
176
1
 62
256
176
0
 40
1.0
176
0
 90
2
176
1
  1
strokes_ogs.tif
176
1
290
0
176
1
 40
1.0
176
1
 40
1.0
176
1
  0
VISUALSTYLE
  5
68
102
{ACAD_REACTORS
330
16
102
}
330
16
100
AcDbVisualStyle
  2
Linepattern
 70
14
177
3
291
1
 70
58
 90
2
176
1
 90
2
176
1
 90
0
176
1
 90
2
176
1
 40
0.6
176
1
 40
30.0
176
1
 62
7
420
16777215
176
1
 90
1
176
1
 90
4
176
1
 62
7
176
1
 62
257
176
1
 90
1
176
1
 90
1
176
1
 40
1.0
176
1
 90
8
176
1
 62
7
176
1
 40
1.0
176
1
 90
1
176
1
 90
6
176
1
 90
2
176
1
 62
7
176
1
 90
5
176
1
 90
0
176
1
 90
0
176
1
290
0
176
1
 90
1
176
1
 40
0.0
176
1
 90
0
176
1
290
0
176
1
290
1
176
1
290
1
176
1
290
0
176
1
290
0
176
1
290
0
176
1
290
0
176
1
290
0
176
1
290
0
176
1
 90
50
176
1
 40
0.0
176
1
 40
1.0
176
1
 90
0
176
1
 62
18
420
0
176
1
 90
50
176
1
 90
3
176
1
 62
5
420
255
176
1
290
0
176
1
 90
50
176
1
 90
50
176
1
 90
50
176
1
290
0
176
1
 90
50
176
1
 62
256
176
0
 40
1.0
176
0
 90
2
176
1
  1
strokes_ogs.tif
176
1
290
0
176
1
 40
1.0
176
1
 40
1.0
176
1
  0
VISUALSTYLE
  5
69
102
{ACAD_REACTORS
330
16
102
}
330
16
100
AcDbVisualStyle
  2
Modeling
 70
10
177
3
291
0
 70
58
 90
2
176
1
 90
2
176
1
 90
0
176
1
 90
2
176
1
 40
0.6
176
1
 40
30.0
176
1
 62
7
420
16777215
176
1
 90
1
176
1
 90
4
176
1
 62
7
176
1
 62
257
176
1
 90
1
176
1
 90
1
176
1
 40
1.0
176
1
 90
8
176
1
 62
7
176
1
 40
1.0
176
1
 90
1
176
1
 90
6
176
1
 90
2
176
1
 62
7
176
1
 90
5
176
1
 90
0
176
1
 90
0
176
1
290
0
176
1
 90
1
176
1
 40
0.0
176
1
 90
0
176
1
290
0
176
1
290
1
176
1
290
1
176
1
290
0
176
1
290
0
176
1
290
0
176
1
290
0
176
1
290
0
176
1
290
0
176
1
 90
50
176
1
 40
0.0
176
1
 40
1.0
176
1
 90
0
176
1
 62
18
420
0
176
1
 90
50
176
1
 90
3
176
1
 62
5
420
255
176
1
290
0
176
1
 90
50
176
1
 90
50
176
1
 90
50
176
1
290
0
176
1
 90
50
176
1
 62
256
176
0
 40
1.0
176
0
 90
2
176
1
  1
strokes_ogs.tif
176
1
290
0
176
1
 40
1.0
176
1
 40
1.0
176
1
  0
VISUALSTYLE
  5
6A
102
{ACAD_REACTORS
330
16
102
}
330
16
100
AcDbVisualStyle
  2
OverhangOff
 70
21
177
3
291
1
 70
58
 90
2
176
1
 90
2
176
1
 90
0
176
1
 90
2
176
1
 40
0.6
176
1
 40
30.0
176
1
 62
7
420
16777215
176
1
 90
1
176
1
 90
4
176
1
 62
7
176
1
 62
257
176
1
 90
1
176
1
 90
1
176
1
 40
1.0
176
1
 90
8
176
1
 62
7
176
1
 40
1.0
176
1
 90
1
176
1
 90
6
176
1
 90
2
176
1
 62
7
176
1
 90
5
176
1
 90
0
176
1
 90
0
176
1
290
0
176
1
 90
1
176
1
 40
0.0
176
1
 90
0
176
1
290
0
176
1
290
1
176
1
290
1
176
1
290
0
176
1
290
0
176
1
290
0
176
1
290
0
176
1
290
0
176
1
290
0
176
1
 90
50
176
1
 40
0.0
176
1
 40
1.0
176
1
 90
0
176
1
 62
18
420
0
176
1
 90
50
176
1
 90
3
176
1
 62
5
420
255
176
1
290
0
176
1
 90
50
176
1
 90
50
176
1
 90
50
176
1
290
0
176
1
 90
50
176
1
 62
256
176
0
 40
1.0
176
0
 90
2
176
1
  1
strokes_ogs.tif
176
1
290
0
176
1
 40
1.0
176
1
 40
1.0
176
1
  0
VISUALSTYLE
  5
6B
102
{ACAD_REACTORS
330
16
102
}
330
16
100
AcDbVisualStyle
  2
Realistic
 70
8
177
3
291
0
 70
58
 90
2
176
1
 90
2
176
1
 90
0
176
1
 90
2
176
1
 40
0.6
176
1
 40
30.0
176
1
 62
7
420
16777215
176
1
 90
1
176
1
 90
4
176
1
 62
7
176
1
 62
257
176
1
 90
1
176
1
 90
1
176
1
 40
1.0
176
1
 90
8
176
1
 62
7
176
1
 40
1.0
176
1
 90
1
176
1
 90
6
176
1
 90
2
176
1
 62
7
176
1
 90
5
176
1
 90
0
176
1
 90
0
176
1
290
0
176
1
 90
1
176
1
 40
0.0
176
1
 90
0
176
1
290
0
176
1
290
1
176
1
290
1
176
1
290
0
176
1
290
0
176
1
290
0
176
1
290
0
176
1
290
0
176
1
290
0
176
1
 90
50
176
1
 40
0.0
176
1
 40
1.0
176
1
 90
0
176
1
 62
18
420
0
176
1
 90
50
176
1
 90
3
176
1
 62
5
420
255
176
1
290
0
176
1
 90
50
176
1
 90
50
176
1
 90
50
176
1
290
0
176
1
 90
50
176
1
 62
256
176
0
 40
1.0
176
0
 90
2
176
1
  1
strokes_ogs.tif
176
1
290
0
176
1
 40
1.0
176
1
 40
1.0
176
1
  0
VISUALSTYLE
  5
6C
102
{ACAD_REACTORS
330
16
102
}
330
16
100
AcDbVisualStyle
  2
Shaded
 70
27
177
3
291
0
 70
58
 90
2
176
1
 90
2
176
1
 90
0
176
1
 90
2
176
1
 40
0.6
176
1
 40
30.0
176
1
 62
7
420
16777215
176
1
 90
1
176
1
 90
4
176
1
 62
7
176
1
 62
257
176
1
 90
1
176
1
 90
1
176
1
 40
1.0
176
1
 90
8
176
1
 62
7
176
1
 40
1.0
176
1
 90
1
176
1
 90
6
176
1
 90
2
176
1
 62
7
176
1
 90
5
176
1
 90
0
176
1
 90
0
176
1
290
0
176
1
 90
1
176
1
 40
0.0
176
1
 90
0
176
1
290
0
176
1
290
1
176
1
290
1
176
1
290
0
176
1
290
0
176
1
290
0
176
1
290
0
176
1
290
0
176
1
290
0
176
1
 90
50
176
1
 40
0.0
176
1
 40
1.0
176
1
 90
0
176
1
 62
18
420
0
176
1
 90
50
176
1
 90
3
176
1
 62
5
420
255
176
1
290
0
176
1
 90
50
176
1
 90
50
176
1
 90
50
176
1
290
0
176
1
 90
50
176
1
 62
256
176
0
 40
1.0
176
0
 90
2
176
1
  1
strokes_ogs.tif
176
1
290
0
176
1
 40
1.0
176
1
 40
1.0
176
1
  0
VISUALSTYLE
  5
6D
102
{ACAD_REACTORS
330
16
102
}
330
16
100
AcDbVisualStyle
  2
Shaded with edges
 70
26
177
3
291
0
 70
58
 90
2
176
1
 90
2
176
1
 90
0
176
1
 90
2
176
1
 40
0.6
176
1
 40
30.0
176
1
 62
7
420
16777215
176
1
 90
1
176
1
 90
4
176
1
 62
7
176
1
 62
257
176
1
 90
1
176
1
 90
1
176
1
 40
1.0
176
1
 90
8
176
1
 62
7
176
1
 40
1.0
176
1
 90
1
176
1
 90
6
176
1
 90
2
176
1
 62
7
176
1
 90
5
176
1
 90
0
176
1
 90
0
176
1
290
0
176
1
 90
1
176
1
 40
0.0
176
1
 90
0
176
1
290
0
176
1
290
1
176
1
290
1
176
1
290
0
176
1
290
0
176
1
290
0
176
1
290
0
176
1
290
0
176
1
290
0
176
1
 90
50
176
1
 40
0.0
176
1
 40
1.0
176
1
 90
0
176
1
 62
18
420
0
176
1
 90
50
176
1
 90
3
176
1
 62
5
420
255
176
1
290
0
176
1
 90
50
176
1
 90
50
176
1
 90
50
176
1
290
0
176
1
 90
50
176
1
 62
256
176
0
 40
1.0
176
0
 90
2
176
1
  1
strokes_ogs.tif
176
1
290
0
176
1
 40
1.0
176
1
 40
1.0
176
1
  0
VISUALSTYLE
  5
6E
102
{ACAD_REACTORS
330
16
102
}
330
16
100
AcDbVisualStyle
  2
Shades of Gray
 70
23
177
3
291
0
 70
58
 90
2
176
1
 90
2
176
1
 90
0
176
1
 90
2
176
1
 40
0.6
176
1
 40
30.0
176
1
 62
7
420
16777215
176
1
 90
1
176
1
 90
4
176
1
 62
7
176
1
 62
257
176
1
 90
1
176
1
 90
1
176
1
 40
1.0
176
1
 90
8
176
1
 62
7
176
1
 40
1.0
176
1
 90
1
176
1
 90
6
176
1
 90
2
176
1
 62
7
176
1
 90
5
176
1
 90
0
176
1
 90
0
176
1
290
0
176
1
 90
1
176
1
 40
0.0
176
1
 90
0
176
1
290
0
176
1
290
1
176
1
290
1
176
1
290
0
176
1
290
0
176
1
290
0
176
1
290
0
176
1
290
0
176
1
290
0
176
1
 90
50
176
1
 40
0.0
176
1
 40
1.0
176
1
 90
0
176
1
 62
18
420
0
176
1
 90
50
176
1
 90
3
176
1
 62
5
420
255
176
1
290
0
176
1
 90
50
176
1
 90
50
176
1
 90
50
176
1
290
0
176
1
 90
50
176
1
 62
256
176
0
 40
1.0
176
0
 90
2
176
1
  1
strokes_ogs.tif
176
1
290
0
176
1
 40
1.0
176
1
 40
1.0
176
1
  0
VISUALSTYLE
  5
6F
102
{ACAD_REACTORS
330
16
102
}
330
16
100
AcDbVisualStyle
  2
Sketchy
 70
24
177
3
291
0
 70
58
 90
2
176
1
 90
2
176
1
 90
0
176
1
 90
1
176
1
 40
0.6
176
1
 40
30.0
176
1
 62
7
420
16777215
176
1
 90
1
176
1
 90
4
176
1
 62
7
176
1
 62
257
176
1
 90
1
176
1
 90
1
176
1
 40
1.0
176
1
 90
8
176
1
 62
7
176
1
 40
1.0
176
1
 90
1
176
1
 90
6
176
1
 90
2
176
1
 62
7
176
1
 90
5
176
1
 90
0
176
1
 90
0
176
1
290
0
176
1
 90
1
176
1
 40
0.0
176
1
 90
0
176
1
290
0
176
1
290
1
176
1
290
1
176
1
290
0
176
1
290
0
176
1
290
0
176
1
290
0
176
1
290
0
176
1
290
0
176
1
 90
50
176
1
 40
0.0
176
1
 40
1.0
176
1
 90
0
176
1
 62
18
420
0
176
1
 90
50
176
1
 90
3
176
1
 62
5
420
255
176
1
290
0
176
1
 90
50
176
1
 90
50
176
1
 90
50
176
1
290
0
176
1
 90
50
176
1
 62
256
176
0
 40
1.0
176
0
 90
2
176
1
  1
strokes_ogs.tif
176
1
290
0
176
1
 40
1.0
176
1
 40
1.0
176
1
  0
VISUALSTYLE
  5
70
102
{ACAD_REACTORS
330
16
102
}
330
16
100
AcDbVisualStyle
  2
Thicken
 70
13
177
3
291
1
 70
58
 90
2
176
1
 90
2
176
1
 90
0
176
1
 90
2
176
1
 40
0.6
176
1
 40
30.0
176
1
 62
7
420
16777215
176
1
 90
1
176
1
 90
4
176
1
 62
7
176
1
 62
257
176
1
 90
1
176
1
 90
1
176
1
 40
1.0
176
1
 90
8
176
1
 62
7
176
1
 40
1.0
176
1
 90
1
176
1
 90
6
176
1
 90
2
176
1
 62
7
176
1
 90
5
176
1
 90
0
176
1
 90
0
176
1
290
0
176
1
 90
1
176
1
 40
0.0
176
1
 90
0
176
1
290
0
176
1
290
1
176
1
290
1
176
1
290
0
176
1
290
0
176
1
290
0
176
1
290
0
176
1
290
0
176
1
290
0
176
1
 90
50
176
1
 40
0.0
176
1
 40
1.0
176
1
 90
0
176
1
 62
18
420
0
176
1
 90
50
176
1
 90
3
176
1
 62
5
420
255
176
1
290
0
176
1
 90
50
176
1
 90
50
176
1
 90
50
176
1
290
0
176
1
 90
50
176
1
 62
256
176
0
 40
1.0
176
0
 90
2
176
1
  1
strokes_ogs.tif
176
1
290
0
176
1
 40
1.0
176
1
 40
1.0
176
1
  0
VISUALSTYLE
  5
71
102
{ACAD_REACTORS
330
16
102
}
330
16
100
AcDbVisualStyle
  2
Wireframe
 70
5
177
3
291
0
 70
58
 90
2
176
1
 90
2
176
1
 90
0
176
1
 90
0
176
1
 40
0.6
176
1
 40
30.0
176
1
 62
7
420
16777215
176
1
 90
1
176
1
 90
4
176
1
 62
7
176
1
 62
257
176
1
 90
1
176
1
 90
1
176
1
 40
1.0
176
1
 90
8
176
1
 62
7
176
1
 40
1.0
176
1
 90
1
176
1
 90
6
176
1
 90
2
176
1
 62
7
176
1
 90
5
176
1
 90
0
176
1
 90
0
176
1
290
0
176
1
 90
1
176
1
 40
0.0
176
1
 90
0
176
1
290
0
176
1
290
1
176
1
290
1
176
1
290
0
176
1
290
0
176
1
290
0
176
1
290
0
176
1
290
0
176
1
290
0
176
1
 90
50
176
1
 40
0.0
176
1
 40
1.0
176
1
 90
0
176
1
 62
18
420
0
176
1
 90
50
176
1
 90
3
176
1
 62
5
420
255
176
1
290
0
176
1
 90
50
176
1
 90
50
176
1
 90
50
176
1
290
0
176
1
 90
50
176
1
 62
256
176
0
 40
1.0
176
0
 90
2
176
1
  1
strokes_ogs.tif
176
1
290
0
176
1
 40
1.0
176
1
 40
1.0
176
1
  0
VISUALSTYLE
  5
72
102
{ACAD_REACTORS
330
16
102
}
330
16
100
AcDbVisualStyle
  2
X-Ray
 70
25
177
3
291
0
 70
58
 90
2
176
1
 90
2
176
1
 90
0
176
1
 90
2
176
1
 40
0.5
176
1
 40
30.0
176
1
 62
7
420
16777215
176
1
 90
1
176
1
 90
4
176
1
 62
7
176
1
 62
257
176
1
 90
1
176
1
 90
1
176
1
 40
1.0
176
1
 90
8
176
1
 62
7
176
1
 40
1.0
176
1
 90
1
176
1
 90
6
176
1
 90
2
176
1
 62
7
176
1
 90
5
176
1
 90
0
176
1
 90
0
176
1
290
0
176
1
 90
1
176
1
 40
0.0
176
1
 90
0
176
1
290
0
176
1
290
1
176
1
290
1
176
1
290
0
176
1
290
0
176
1
290
0
176
1
290
0
176
1
290
0
176
1
290
0
176
1
 90
50
176
1
 40
0.0
176
1
 40
1.0
176
1
 90
0
176
1
 62
18
420
0
176
1
 90
50
176
1
 90
3
176
1
 62
5
420
255
176
1
290
0
176
1
 90
50
176
1
 90
50
176
1
 90
50
176
1
290
0
176
1
 90
50
176
1
 62
256
176
0
 40
1.0
176
0
 90
2
176
1
  1
strokes_ogs.tif
176
1
290
0
176
1
 40
1.0
176
1
 40
1.0
176
1
  0
DICTIONARYVAR
  5
403
330
2D
100
DictionaryVariables
280
0
  1
1.4.4 @ 2026-08-06T21:51:29.916491+00:00
  0
ENDSEC
  0
EOF
