  0
SECTION
  2
HEADER
  9
$ACADVER
  1
AC1027
  9
$ACADMAINTVER
 70
105
  9
$DWGCODEPAGE
  3
ANSI_1252
  9
$LASTSAVEDBY
  1
ezdxf
  9
$REQUIREDVERSIONS
160
0
  9
$INSBASE
 10
0.0
 20
0.0
 30
0.0
  9
$EXTMIN
 10
1e+20
 20
1e+20
 30
1e+20
  9
$EXTMAX
 10
-1e+20
 20
-1e+20
 30
-1e+20
  9
$LIMMIN
 10
0.0
 20
0.0
  9
$LIMMAX
 10
420.0
 20
297.0
  9
$ORTHOMODE
 70
0
  9
$REGENMODE
 70
1
  9
$FILLMODE
 70
1
  9
$QTEXTMODE
 70
0
  9
$MIRRTEXT
 70
1
  9
$LTSCALE
 40
0.15
  9
$ATTMODE
 70
1
  9
$TEXTSIZE
 40
2.5
  9
$TRACEWID
 40
1.0
  9
$TEXTSTYLE
  7
OpenSans
  9
$CLAYER
  8
0
  9
$CELTYPE
  6
ByLayer
  9
$CECOLOR
 62
256
  9
$CELTSCALE
 40
1.0
  9
$DISPSILH
 70
0
  9
$DIMSCALE
 40
1.0
  9
$DIMASZ
 40
0.175
  9
$DIMEXO
 40
0.125
  9
$DIMDLI
 40
3.75
  9
$DIMRND
 40
0.0
  9
$DIMDLE
 40
0.0
  9
$DIMEXE
 40
0.375
  9
$DIMTP
 40
0.0
  9
$DIMTM
 40
0.0
  9
$DIMTXT
 40
0.25
  9
$DIMCEN
 40
2.5
  9
$DIMTSZ
 40
0.0
  9
$DIMTOL
 70
0
  9
$DIMLIM
 70
0
  9
$DIMTIH
 70
0
  9
$DIMTOH
 70
0
  9
$DIMSE1
 70
0
  9
$DIMSE2
 70
0
  9
$DIMTAD
 70
1
  9
$DIMZIN
 70
12
  9
$DIMBLK
  1
ARCHTICK
  9
$DIMASO
 70
1
  9
$DIMSHO
 70
1
  9
$DIMPOST
  1

  9
$DIMAPOST
  1

  9
$DIMALT
 70
0
  9
$DIMALTD
 70
3
  9
$DIMALTF
 40
0.03937007874
  9
$DIMLFAC
 40
100.0
  9
$DIMTOFL
 70
1
  9
$DIMTVP
 40
0.0
  9
$DIMTIX
 70
0
  9
$DIMSOXD
 70
0
  9
$DIMSAH
 70
0
  9
$DIMBLK1
  1

  9
$DIMBLK2
  1

  9
$DIMSTYLE
  2
EZDXF
  9
$DIMCLRD
 70
0
  9
$DIMCLRE
 70
0
  9
$DIMCLRT
 70
0
  9
$DIMTFAC
 40
0.5
  9
$DIMGAP
 40
0.1
  9
$DIMJUST
 70
0
  9
$DIMSD1
 70
0
  9
$DIMSD2
 70
0
  9
$DIMTOLJ
 70
0
  9
$DIMTZIN
 70
8
  9
$DIMALTZ
 70
0
  9
$DIMALTTZ
 70
0
  9
$DIMUPT
 70
1
  9
$DIMDEC
 70
2
  9
$DIMTDEC
 70
2
  9
$DIMALTU
 70
2
  9
$DIMALTTD
 70
3
  9
$DIMTXSTY
  7
OpenSansCondensed-Light
  9
$DIMAUNIT
 70
0
  9
$DIMADEC
 70
2
  9
$DIMALTRND
 40
0.0
  9
$DIMAZIN
 70
3
  9
$DIMDSEP
 70
46
  9
$DIMATFIT
 70
3
  9
$DIMFRAC
 70
0
  9
$DIMLDRBLK
  1

  9
$DIMLUNIT
 70
2
  9
$DIMLWD
 70
-2
  9
$DIMLWE
 70
-2
  9
$DIMTMOVE
 70
2
  9
$DIMFXL
 40
1.0
  9
$DIMFXLON
 70
0
  9
$DIMJOGANG
 40
0.785398163397
  9
$DIMTFILL
 70
0
  9
$DIMTFILLCLR
 70
0
  9
$DIMARCSYM
 70
0
  9
$DIMLTYPE
  6

  9
$DIMLTEX1
  6

  9
$DIMLTEX2
  6

  9
$DIMTXTDIRECTION
 70
0
  9
$LUNITS
 70
2
  9
$LUPREC
 70
4
  9
$SKETCHINC
 40
1.0
  9
$FILLETRAD
 40
10.0
  9
$AUNITS
 70
0
  9
$AUPREC
 70
2
  9
$MENU
  1
.
  9
$ELEVATION
 40
0.0
  9
$PELEVATION
 40
0.0
  9
$THICKNESS
 40
0.0
  9
$LIMCHECK
 70
0
  9
$CHAMFERA
 40
0.0
  9
$CHAMFERB
 40
0.0
  9
$CHAMFERC
 40
0.0
  9
$CHAMFERD
 40
0.0
  9
$SKPOLY
 70
0
  9
$TDCREATE
 40
2461259.8175810184
  9
$TDUCREATE
 40
2458532.153996898
  9
$TDUPDATE
 40
2461259.8175810184
  9
$TDUUPDATE
 40
2458532.1544311
  9
$TDINDWG
 40
0.0
  9
$TDUSRTIMER
 40
0.0
  9
$USRTIMER
 70
1
  9
$ANGBASE
 50
0.0
  9
$ANGDIR
 70
0
  9
$PDMODE
 70
0
  9
$PDSIZE
 40
0.0
  9
$PLINEWID
 40
0.0
  9
$SPLFRAME
 70
0
  9
$SPLINETYPE
 70
6
  9
$SPLINESEGS
 70
8
  9
$HANDSEED
  5
80B
  9
$SURFTAB1
 70
6
  9
$SURFTAB2
 70
6
  9
$SURFTYPE
 70
6
  9
$SURFU
 70
6
  9
$SURFV
 70
6
  9
$UCSBASE
  2

  9
$UCSNAME
  2

  9
$UCSORG
 10
0.0
 20
0.0
 30
0.0
  9
$UCSXDIR
 10
1.0
 20
0.0
 30
0.0
  9
$UCSYDIR
 10
0.0
 20
1.0
 30
0.0
  9
$UCSORTHOREF
  2

  9
$UCSORTHOVIEW
 70
0
  9
$UCSORGTOP
 10
0.0
 20
0.0
 30
0.0
  9
$UCSORGBOTTOM
 10
0.0
 20
0.0
 30
0.0
  9
$UCSORGLEFT
 10
0.0
 20
0.0
 30
0.0
  9
$UCSORGRIGHT
 10
0.0
 20
0.0
 30
0.0
  9
$UCSORGFRONT
 10
0.0
 20
0.0
 30
0.0
  9
$UCSORGBACK
 10
0.0
 20
0.0
 30
0.0
  9
$PUCSBASE
  2

  9
$PUCSNAME
  2

  9
$PUCSORG
 10
0.0
 20
0.0
 30
0.0
  9
$PUCSXDIR
 10
1.0
 20
0.0
 30
0.0
  9
$PUCSYDIR
 10
0.0
 20
1.0
 30
0.0
  9
$PUCSORTHOREF
  2

  9
$PUCSORTHOVIEW
 70
0
  9
$PUCSORGTOP
 10
0.0
 20
0.0
 30
0.0
  9
$PUCSORGBOTTOM
 10
0.0
 20
0.0
 30
0.0
  9
$PUCSORGLEFT
 10
0.0
 20
0.0
 30
0.0
  9
$PUCSORGRIGHT
 10
0.0
 20
0.0
 30
0.0
  9
$PUCSORGFRONT
 10
0.0
 20
0.0
 30
0.0
  9
$PUCSORGBACK
 10
0.0
 20
0.0
 30
0.0
  9
$USERI1
 70
0
  9
$USERI2
 70
0
  9
$USERI3
 70
0
  9
$USERI4
 70
0
  9
$USERI5
 70
0
  9
$USERR1
 40
0.0
  9
$USERR2
 40
0.0
  9
$USERR3
 40
0.0
  9
$USERR4
 40
0.0
  9
$USERR5
 40
0.0
  9
$WORLDVIEW
 70
1
  9
$SHADEDGE
 70
3
  9
$SHADEDIF
 70
70
  9
$TILEMODE
 70
1
  9
$MAXACTVP
 70
64
  9
$PINSBASE
 10
0.0
 20
0.0
 30
0.0
  9
$PLIMCHECK
 70
0
  9
$PEXTMIN
 10
1e+20
 20
1e+20
 30
1e+20
  9
$PEXTMAX
 10
-1e+20
 20
-1e+20
 30
-1e+20
  9
$PLIMMIN
 10
0.0
 20
0.0
  9
$PLIMMAX
 10
420.0
 20
297.0
  9
$UNITMODE
 70
0
  9
$VISRETAIN
 70
1
  9
$PLINEGEN
 70
0
  9
$PSLTSCALE
 70
1
  9
$TREEDEPTH
 70
3020
  9
$CMLSTYLE
  2
Standard
  9
$CMLJUST
 70
0
  9
$CMLSCALE
 40
20.0
  9
$PROXYGRAPHICS
 70
1
  9
$MEASUREMENT
 70
1
  9
$CELWEIGHT
370
-1
  9
$ENDCAPS
280
0
  9
$JOINSTYLE
280
0
  9
$LWDISPLAY
290
0
  9
$INSUNITS
 70
6
  9
$HYPERLINKBASE
  1

  9
$STYLESHEET
  1

  9
$XEDIT
290
1
  9
$CEPSNTYPE
380
0
  9
$PSTYLEMODE
290
1
  9
$FINGERPRINTGUID
  2
{9A39C376-4593-4BB1-9803-57A7DB7A6919}
  9
$VERSIONGUID
  2
{64B0D96C-007B-489C-8164-6F2ED8894EC9}
  9
$EXTNAMES
290
1
  9
$PSVPSCALE
 40
0.0
  9
$OLESTARTUP
290
0
  9
$SORTENTS
280
127
  9
$INDEXCTL
280
0
  9
$HIDETEXT
280
1
  9
$XCLIPFRAME
280
1
  9
$HALOGAP
280
0
  9
$OBSCOLOR
 70
257
  9
$OBSLTYPE
280
0
  9
$INTERSECTIONDISPLAY
280
0
  9
$INTERSECTIONCOLOR
 70
257
  9
$DIMASSOC
280
2
  9
$PROJECTNAME
  1

  9
$CAMERADISPLAY
290
0
  9
$LENSLENGTH
 40
50.0
  9
$CAMERAHEIGHT
 40
0.0
  9
$STEPSPERSEC
 40
24.0
  9
$STEPSIZE
 40
100.0
  9
$3DDWFPREC
 40
2.0
  9
$PSOLWIDTH
 40
0.005
  9
$PSOLHEIGHT
 40
0.08
  9
$LOFTANG1
 40
1.570796326795
  9
$LOFTANG2
 40
1.570796326795
  9
$LOFTMAG1
 40
0.0
  9
$LOFTMAG2
 40
0.0
  9
$LOFTPARAM
 70
7
  9
$LOFTNORMALS
280
1
  9
$LATITUDE
 40
37.795
  9
$LONGITUDE
 40
-122.394
  9
$NORTHDIRECTION
 40
0.0
  9
$TIMEZONE
 70
-8000
  9
$LIGHTGLYPHDISPLAY
280
1
  9
$TILEMODELIGHTSYNCH
280
1
  9
$CMATERIAL
347
20
  9
$SOLIDHIST
280
0
  9
$SHOWHIST
280
1
  9
$DWFFRAME
280
2
  9
$DGNFRAME
280
2
  9
$REALWORLDSCALE
290
1
  9
$INTERFERECOLOR
 62
256
  9
$CSHADOW
280
0
  9
$SHADOWPLANELOCATION
 40
0.0
  0
ENDSEC
  0
SECTION
  2
CLASSES
  0
CLASS
  1
ACDBDICTIONARYWDFLT
  2
AcDbDictionaryWithDefault
  3
ObjectDBX Classes
 90
0
 91
0
280
0
281
0
  0
CLASS
  1
SUN
  2
AcDbSun
  3
SCENEOE
 90
1153
 91
0
280
0
281
0
  0
CLASS
  1
VISUALSTYLE
  2
AcDbVisualStyle
  3
ObjectDBX Classes
 90
4095
 91
0
280
0
281
0
  0
CLASS
  1
MATERIAL
  2
AcDbMaterial
  3
ObjectDBX Classes
 90
1153
 91
0
280
0
281
0
  0
CLASS
  1
SCALE
  2
AcDbScale
  3
ObjectDBX Classes
 90
1153
 91
0
280
0
281
0
  0
CLASS
  1
TABLESTYLE
  2
AcDbTableStyle
  3
ObjectDBX Classes
 90
4095
 91
0
280
0
281
0
  0
CLASS
  1
MLEADERSTYLE
  2
AcDbMLeaderStyle
  3
ACDB_MLEADERSTYLE_CLASS
 90
4095
 91
0
280
0
281
0
  0
CLASS
  1
DICTIONARYVAR
  2
AcDbDictionaryVar
  3
ObjectDBX Classes
 90
0
 91
0
280
0
281
0
  0
CLASS
  1
CELLSTYLEMAP
  2
AcDbCellStyleMap
  3
ObjectDBX Classes
 90
1152
 91
0
280
0
281
0
  0
CLASS
  1
MENTALRAYRENDERSETTINGS
  2
AcDbMentalRayRenderSettings
  3
SCENEOE
 90
1024
 91
0
280
0
281
0
  0
CLASS
  1
ACDBDETAILVIEWSTYLE
  2
AcDbDetailViewStyle
  3
ObjectDBX Classes
 90
1025
 91
0
280
0
281
0
  0
CLASS
  1
ACDBSECTIONVIEWSTYLE
  2
AcDbSectionViewStyle
  3
ObjectDBX Classes
 90
1025
 91
0
280
0
281
0
  0
CLASS
  1
RASTERVARIABLES
  2
AcDbRasterVariables
  3
ISM
 90
0
 91
0
280
0
281
0
  0
CLASS
  1
LAYOUT
  2
AcDbLayout
  3
ObjectDBX Classes
 90
0
 91
0
280
0
281
0
  0
CLASS
  1
ACDBPLACEHOLDER
  2
AcDbPlaceHolder
  3
ObjectDBX Classes
 90
0
 91
0
280
0
281
0
  0
ENDSEC
  0
SECTION
  2
TABLES
  0
TABLE
  2
VPORT
  5
8
330
0
100
AcDbSymbolTable
 70
1
  0
VPORT
  5
23
330
8
100
AcDbSymbolTableRecord
100
AcDbViewportTableRecord
  2
*Active
 70
0
 10
0.0
 20
0.0
 11
1.0
 21
1.0
 12
0.0
 22
0.0
 13
0.0
 23
0.0
 14
0.5
 24
0.5
 15
0.5
 25
0.5
 16
0.0
 26
0.0
 36
1.0
 17
0.0
 27
0.0
 37
0.0
 40
1000.0
 41
1.34
 42
50.0
 43
0.0
 44
0.0
 50
0.0
 51
0.0
 71
0
 72
1000
 73
1
 74
3
 75
0
 76
0
 77
0
 78
0
281
0
 65
0
146
0.0
  0
ENDTAB
  0
TABLE
  2
LTYPE
  5
2
330
0
100
AcDbSymbolTable
 70
21
  0
LTYPE
  5
24
330
2
100
AcDbSymbolTableRecord
100
AcDbLinetypeTableRecord
  2
ByBlock
 70
0
  3

 72
65
 73
0
 40
0.0
  0
LTYPE
  5
25
330
2
100
AcDbSymbolTableRecord
100
AcDbLinetypeTableRecord
  2
ByLayer
 70
0
  3

 72
65
 73
0
 40
0.0
  0
LTYPE
  5
26
330
2
100
AcDbSymbolTableRecord
100
AcDbLinetypeTableRecord
  2
Continuous
 70
0
  3

 72
65
 73
0
 40
0.0
  0
LTYPE
  5
2F
330
2
100
AcDbSymbolTableRecord
100
AcDbLinetypeTableRecord
  2
CENTER
 70
0
  3
Center ____ _ ____ _ ____ _ ____ _ ____ _ ____
 72
65
 73
4
 40
5.08
 49
3.175
 74
0
 49
-0.635
 74
0
 49
0.635
 74
0
 49
-0.635
 74
0
  0
LTYPE
  5
30
330
2
100
AcDbSymbolTableRecord
100
AcDbLinetypeTableRecord
  2
CENTERX2
 70
0
  3
Center (2x) ________  __  ________  __  ________
 72
65
 73
4
 40
8.89
 49
6.35
 74
0
 49
-0.635
 74
0
 49
1.27
 74
0
 49
-0.635
 74
0
  0
LTYPE
  5
31
330
2
100
AcDbSymbolTableRecord
100
AcDbLinetypeTableRecord
  2
CENTER2
 70
0
  3
Center (.5x) ____ _ ____ _ ____ _ ____ _ ____
 72
65
 73
4
 40
2.54
 49
1.587
 74
0
 49
-0.318
 74
0
 49
0.318
 74
0
 49
-0.318
 74
0
  0
LTYPE
  5
32
330
2
100
AcDbSymbolTableRecord
100
AcDbLinetypeTableRecord
  2
DASHED
 70
0
  3
Dashed __ __ __ __ __ __ __ __ __ __ __ __ __ _
 72
65
 73
2
 40
1.524
 49
1.27
 74
0
 49
-0.254
 74
0
  0
LTYPE
  5
33
330
2
100
AcDbSymbolTableRecord
100
AcDbLinetypeTableRecord
  2
DASHEDX2
 70
0
  3
Dashed (2x) ____  ____  ____  ____  ____  ____
 72
65
 73
2
 40
3.048
 49
2.54
 74
0
 49
-0.508
 74
0
  0
LTYPE
  5
34
330
2
100
AcDbSymbolTableRecord
100
AcDbLinetypeTableRecord
  2
DASHED2
 70
0
  3
Dashed (.5x) _ _ _ _ _ _ _ _ _ _ _ _ _ _
 72
65
 73
2
 40
0.762
 49
0.635
 74
0
 49
-0.127
 74
0
  0
LTYPE
  5
35
330
2
100
AcDbSymbolTableRecord
100
AcDbLinetypeTableRecord
  2
PHANTOM
 70
0
  3
Phantom ______  __  __  ______  __  __  ______
 72
65
 73
6
 40
6.35
 49
3.175
 74
0
 49
-0.635
 74
0
 49
0.635
 74
0
 49
-0.635
 74
0
 49
0.635
 74
0
 49
-0.635
 74
0
  0
LTYPE
  5
36
330
2
100
AcDbSymbolTableRecord
100
AcDbLinetypeTableRecord
  2
PHANTOMX2
 70
0
  3
Phantom (2x)____________    ____    ____    ____________
 72
65
 73
6
 40
10.795
 49
6.35
 74
0
 49
-0.635
 74
0
 49
1.27
 74
0
 49
-0.635
 74
0
 49
1.27
 74
0
 49
-0.635
 74
0
  0
LTYPE
  5
37
330
2
100
AcDbSymbolTableRecord
100
AcDbLinetypeTableRecord
  2
PHANTOM2
 70
0
  3
Phantom (.5x) ___ _ _ ___ _ _ ___ _ _ ___ _ _ ___
 72
65
 73
6
 40
3.175
 49
1.587
 74
0
 49
-0.318
 74
0
 49
0.318
 74
0
 49
-0.318
 74
0
 49
0.318
 74
0
 49
-0.318
 74
0
  0
LTYPE
  5
38
330
2
100
AcDbSymbolTableRecord
100
AcDbLinetypeTableRecord
  2
DASHDOT
 70
0
  3
Dash dot __ . __ . __ . __ . __ . __ . __ . __
 72
65
 73
4
 40
3.556
 49
2.54
 74
0
 49
-0.508
 74
0
 49
0.0
 74
0
 49
-0.508
 74
0
  0
LTYPE
  5
39
330
2
100
AcDbSymbolTableRecord
100
AcDbLinetypeTableRecord
  2
DASHDOTX2
 70
0
  3
Dash dot (2x) ____  .  ____  .  ____  .  ____
 72
65
 73
4
 40
6.096
 49
5.08
 74
0
 49
-0.508
 74
0
 49
0.0
 74
0
 49
-0.508
 74
0
  0
LTYPE
  5
3A
330
2
100
AcDbSymbolTableRecord
100
AcDbLinetypeTableRecord
  2
DASHDOT2
 70
0
  3
Dash dot (.5x) _ . _ . _ . _ . _ . _ . _ . _
 72
65
 73
4
 40
1.778
 49
1.27
 74
0
 49
-0.254
 74
0
 49
0.0
 74
0
 49
-0.254
 74
0
  0
LTYPE
  5
3B
330
2
100
AcDbSymbolTableRecord
100
AcDbLinetypeTableRecord
  2
DOT
 70
0
  3
Dot .  .  .  .  .  .  .  .  .  .  .  .  .  .  .  .
 72
65
 73
2
 40
0.508
 49
0.0
 74
0
 49
-0.508
 74
0
  0
LTYPE
  5
3C
330
2
100
AcDbSymbolTableRecord
100
AcDbLinetypeTableRecord
  2
DOTX2
 70
0
  3
Dot (2x) .    .    .    .    .    .    .    . 
 72
65
 73
2
 40
1.016
 49
0.0
 74
0
 49
-1.016
 74
0
  0
LTYPE
  5
3D
330
2
100
AcDbSymbolTableRecord
100
AcDbLinetypeTableRecord
  2
DOT2
 70
0
  3
Dot (.5) . . . . . . . . . . . . . . . . . . . 
 72
65
 73
2
 40
0.254
 49
0.0
 74
0
 49
-0.254
 74
0
  0
LTYPE
  5
3E
330
2
100
AcDbSymbolTableRecord
100
AcDbLinetypeTableRecord
  2
DIVIDE
 70
0
  3
Divide __ . . __ . . __ . . __ . . __ . . __
 72
65
 73
6
 40
4.064
 49
2.54
 74
0
 49
-0.508
 74
0
 49
0.0
 74
0
 49
-0.508
 74
0
 49
0.0
 74
0
 49
-0.508
 74
0
  0
LTYPE
  5
3F
330
2
100
AcDbSymbolTableRecord
100
AcDbLinetypeTableRecord
  2
DIVIDEX2
 70
0
  3
Divide (2x) ____  . .  ____  . .  ____  . .  ____
 72
65
 73
6
 40
6.604
 49
5.08
 74
0
 49
-0.508
 74
0
 49
0.0
 74
0
 49
-0.508
 74
0
 49
0.0
 74
0
 49
-0.508
 74
0
  0
LTYPE
  5
40
330
2
100
AcDbSymbolTableRecord
100
AcDbLinetypeTableRecord
  2
DIVIDE2
 70
0
  3
Divide(.5x) _ . _ . _ . _ . _ . _ . _ . _
 72
65
 73
6
 40
2.032
 49
1.27
 74
0
 49
-0.254
 74
0
 49
0.0
 74
0
 49
-0.254
 74
0
 49
0.0
 74
0
 49
-0.254
 74
0
  0
ENDTAB
  0
TABLE
  2
LAYER
  5
1
330
0
100
AcDbSymbolTable
 70
8
  0
LAYER
  5
27
330
1
100
AcDbSymbolTableRecord
100
AcDbLayerTableRecord
  2
0
 70
0
 62
7
  6
Continuous
370
-3
390
13
347
21
  0
LAYER
  5
28
330
1
100
AcDbSymbolTableRecord
100
AcDbLayerTableRecord
  2
Defpoints
 70
0
 62
7
  6
Continuous
290
0
370
-3
390
13
347
21
  0
LAYER
  5
8A
330
1
100
AcDbSymbolTableRecord
100
AcDbLayerTableRecord
  2
SLD_BUS
 70
0
 62
5
  6
Continuous
370
50
390
13
347
21
  0
LAYER
  5
8B
330
1
100
AcDbSymbolTableRecord
100
AcDbLayerTableRecord
  2
SLD_WIRE
 70
0
 62
7
  6
Continuous
370
25
390
13
347
21
  0
LAYER
  5
8C
330
1
100
AcDbSymbolTableRecord
100
AcDbLayerTableRecord
  2
SLD_SYMS
 70
0
 62
7
  6
Continuous
370
25
390
13
347
21
  0
LAYER
  5
8D
330
1
100
AcDbSymbolTableRecord
100
AcDbLayerTableRecord
  2
SLD_CUBICLE
 70
0
 62
8
  6
Continuous
370
13
390
13
347
21
  0
LAYER
  5
8E
330
1
100
AcDbSymbolTableRecord
100
AcDbLayerTableRecord
  2
SLD_TEXT
 70
0
 62
7
  6
Continuous
370
13
390
13
347
21
  0
LAYER
  5
8F
330
1
100
AcDbSymbolTableRecord
100
AcDbLayerTableRecord
  2
SLD_CONTROL
 70
0
 62
7
  6
Continuous
370
13
390
13
347
21
  0
ENDTAB
  0
TABLE
  2
STYLE
  5
5
330
0
100
AcDbSymbolTable
 70
27
  0
STYLE
  5
29
330
5
100
AcDbSymbolTableRecord
100
AcDbTextStyleTableRecord
  2
Standard
 70
0
 40
0.0
 41
1.0
 50
0.0
 71
0
 42
2.5
  3
txt
  4

  0
STYLE
  5
41
330
5
100
AcDbSymbolTableRecord
100
AcDbTextStyleTableRecord
  2
OpenSans-Light
 70
0
 40
0.0
 41
1.0
 50
0.0
 71
0
 42
2.5
  3
OpenSans-Light.ttf
  4

  0
STYLE
  5
42
330
5
100
AcDbSymbolTableRecord
100
AcDbTextStyleTableRecord
  2
OpenSans-Light-Italic
 70
0
 40
0.0
 41
1.0
 50
0.0
 71
0
 42
2.5
  3
OpenSans-LightItalic.ttf
  4

  0
STYLE
  5
43
330
5
100
AcDbSymbolTableRecord
100
AcDbTextStyleTableRecord
  2
OpenSans
 70
0
 40
0.0
 41
1.0
 50
0.0
 71
0
 42
2.5
  3
OpenSans-Regular.ttf
  4

  0
STYLE
  5
44
330
5
100
AcDbSymbolTableRecord
100
AcDbTextStyleTableRecord
  2
OpenSans-Italic
 70
0
 40
0.0
 41
1.0
 50
0.0
 71
0
 42
2.5
  3
OpenSans-Italic.ttf
  4

  0
STYLE
  5
45
330
5
100
AcDbSymbolTableRecord
100
AcDbTextStyleTableRecord
  2
OpenSans-SemiBold
 70
0
 40
0.0
 41
1.0
 50
0.0
 71
0
 42
2.5
  3
OpenSans-SemiBold.ttf
  4

  0
STYLE
  5
46
330
5
100
AcDbSymbolTableRecord
100
AcDbTextStyleTableRecord
  2
OpenSans-SemiBoldItalic
 70
0
 40
0.0
 41
1.0
 50
0.0
 71
0
 42
2.5
  3
OpenSans-SemiBoldItalic.ttf
  4

  0
STYLE
  5
47
330
5
100
AcDbSymbolTableRecord
100
AcDbTextStyleTableRecord
  2
OpenSans-Bold
 70
0
 40
0.0
 41
1.0
 50
0.0
 71
0
 42
2.5
  3
OpenSans-Bold.ttf
  4

  0
STYLE
  5
48
330
5
100
AcDbSymbolTableRecord
100
AcDbTextStyleTableRecord
  2
OpenSans-BoldItalic
 70
0
 40
0.0
 41
1.0
 50
0.0
 71
0
 42
2.5
  3
OpenSans-BoldItalic.ttf
  4

  0
STYLE
  5
49
330
5
100
AcDbSymbolTableRecord
100
AcDbTextStyleTableRecord
  2
OpenSans-ExtraBold
 70
0
 40
0.0
 41
1.0
 50
0.0
 71
0
 42
2.5
  3
OpenSans-ExtraBold.ttf
  4

  0
STYLE
  5
4A
330
5
100
AcDbSymbolTableRecord
100
AcDbTextStyleTableRecord
  2
OpenSans-ExtraBoldItalic
 70
0
 40
0.0
 41
1.0
 50
0.0
 71
0
 42
2.5
  3
OpenSans-ExtraBoldItalic.ttf
  4

  0
STYLE
  5
4B
330
5
100
AcDbSymbolTableRecord
100
AcDbTextStyleTableRecord
  2
OpenSansCondensed-Bold
 70
0
 40
0.0
 41
1.0
 50
0.0
 71
0
 42
2.5
  3
OpenSansCondensed-Bold.ttf
  4

  0
STYLE
  5
4C
330
5
100
AcDbSymbolTableRecord
100
AcDbTextStyleTableRecord
  2
OpenSansCondensed-Light
 70
0
 40
0.0
 41
1.0
 50
0.0
 71
0
 42
2.5
  3
OpenSansCondensed-Light.ttf
  4

  0
STYLE
  5
4D
330
5
100
AcDbSymbolTableRecord
100
AcDbTextStyleTableRecord
  2
OpenSansCondensed-Italic
 70
0
 40
0.0
 41
1.0
 50
0.0
 71
0
 42
2.5
  3
OpenSansCondensed-LightItalic.ttf
  4

  0
STYLE
  5
4E
330
5
100
AcDbSymbolTableRecord
100
AcDbTextStyleTableRecord
  2
LiberationSans
 70
0
 40
0.0
 41
1.0
 50
0.0
 71
0
 42
2.5
  3
LiberationSans-Regular.ttf
  4

  0
STYLE
  5
4F
330
5
100
AcDbSymbolTableRecord
100
AcDbTextStyleTableRecord
  2
LiberationSans-Bold
 70
0
 40
0.0
 41
1.0
 50
0.0
 71
0
 42
2.5
  3
LiberationSans-Bold.ttf
  4

  0
STYLE
  5
50
330
5
100
AcDbSymbolTableRecord
100
AcDbTextStyleTableRecord
  2
LiberationSans-BoldItalic
 70
0
 40
0.0
 41
1.0
 50
0.0
 71
0
 42
2.5
  3
LiberationSans-BoldItalic.ttf
  4

  0
STYLE
  5
51
330
5
100
AcDbSymbolTableRecord
100
AcDbTextStyleTableRecord
  2
LiberationSans-Italic
 70
0
 40
0.0
 41
1.0
 50
0.0
 71
0
 42
2.5
  3
LiberationSans-Italic.ttf
  4

  0
STYLE
  5
52
330
5
100
AcDbSymbolTableRecord
100
AcDbTextStyleTableRecord
  2
LiberationSerif
 70
0
 40
0.0
 41
1.0
 50
0.0
 71
0
 42
2.5
  3
LiberationSerif-Regular.ttf
  4

  0
STYLE
  5
53
330
5
100
AcDbSymbolTableRecord
100
AcDbTextStyleTableRecord
  2
LiberationSerif-Bold
 70
0
 40
0.0
 41
1.0
 50
0.0
 71
0
 42
2.5
  3
LiberationSerif-Bold.ttf
  4

  0
STYLE
  5
54
330
5
100
AcDbSymbolTableRecord
100
AcDbTextStyleTableRecord
  2
LiberationSerif-BoldItalic
 70
0
 40
0.0
 41
1.0
 50
0.0
 71
0
 42
2.5
  3
LiberationSerif-BoldItalic.ttf
  4

  0
STYLE
  5
55
330
5
100
AcDbSymbolTableRecord
100
AcDbTextStyleTableRecord
  2
LiberationSerif-Italic
 70
0
 40
0.0
 41
1.0
 50
0.0
 71
0
 42
2.5
  3
LiberationSerif-Italic.ttf
  4

  0
STYLE
  5
56
330
5
100
AcDbSymbolTableRecord
100
AcDbTextStyleTableRecord
  2
LiberationMono
 70
0
 40
0.0
 41
1.0
 50
0.0
 71
0
 42
2.5
  3
LiberationMono-Regular.ttf
  4

  0
STYLE
  5
57
330
5
100
AcDbSymbolTableRecord
100
AcDbTextStyleTableRecord
  2
LiberationMono-Bold
 70
0
 40
0.0
 41
1.0
 50
0.0
 71
0
 42
2.5
  3
LiberationMono-Bold.ttf
  4

  0
STYLE
  5
58
330
5
100
AcDbSymbolTableRecord
100
AcDbTextStyleTableRecord
  2
LiberationMono-BoldItalic
 70
0
 40
0.0
 41
1.0
 50
0.0
 71
0
 42
2.5
  3
LiberationMono-BoldItalic.ttf
  4

  0
STYLE
  5
59
330
5
100
AcDbSymbolTableRecord
100
AcDbTextStyleTableRecord
  2
LiberationMono-Italic
 70
0
 40
0.0
 41
1.0
 50
0.0
 71
0
 42
2.5
  3
LiberationMono-Italic.ttf
  4

  0
STYLE
  5
163
330
5
100
AcDbSymbolTableRecord
100
AcDbTextStyleTableRecord
  2
WD
 70
0
 40
0.0
 41
1.0
 50
0.0
 71
0
 42
0.15
  3
txt
  4

  0
ENDTAB
  0
TABLE
  2
VIEW
  5
7
330
0
100
AcDbSymbolTable
 70
0
  0
ENDTAB
  0
TABLE
  2
UCS
  5
6
330
0
100
AcDbSymbolTable
 70
0
  0
ENDTAB
  0
TABLE
  2
APPID
  5
3
330
0
100
AcDbSymbolTable
 70
3
  0
APPID
  5
2A
330
3
100
AcDbSymbolTableRecord
100
AcDbRegAppTableRecord
  2
ACAD
 70
0
  0
APPID
  5
808
330
3
100
AcDbSymbolTableRecord
100
AcDbRegAppTableRecord
  2
HATCHBACKGROUNDCOLOR
 70
0
  0
APPID
  5
809
330
3
100
AcDbSymbolTableRecord
100
AcDbRegAppTableRecord
  2
EZDXF
 70
0
  0
ENDTAB
  0
TABLE
  2
DIMSTYLE
  5
4
330
0
100
AcDbSymbolTable
 70
12
100
AcDbDimStyleTable
  0
DIMSTYLE
105
2B
330
4
100
AcDbSymbolTableRecord
100
AcDbDimStyleTableRecord
  2
Standard
 70
0
 40
1.0
 41
2.5
 42
0.625
 43
3.75
 44
1.25
 45
0.0
 46
0.0
 47
0.0
 48
0.0
 49
2.5
140
2.5
141
2.5
142
0.0
143
0.03937007874
144
1.0
145
0.0
146
1.0
147
0.625
148
0.0
 69
0
 70
0
 71
0
 72
0
 73
0
 74
0
 75
0
 76
0
 77
1
 78
8
 79
3
170
0
171
3
172
1
173
0
174
0
175
0
176
0
177
0
178
0
179
2
271
2
272
2
273
2
274
3
275
0
276
0
277
2
278
44
279
0
280
0
281
0
282
0
283
0
284
8
285
0
286
0
288
0
289
3
290
0
371
-2
372
-2
  0
DIMSTYLE
105
73
330
4
100
AcDbSymbolTableRecord
100
AcDbDimStyleTableRecord
  2
EZDXF
 70
0
 40
1.0
 41
0.175
 42
0.125
 43
3.75
 44
0.375
 45
0.0
 46
0.0
 47
0.0
 48
0.0
 49
2.5
140
0.25
141
2.5
142
0.0
143
0.03937007874
144
100.0
145
0.0
146
0.5
147
0.1
148
0.0
 69
0
 70
0
 71
0
 72
0
 73
0
 74
0
 75
0
 76
0
 77
1
 78
12
 79
3
170
0
171
3
172
1
173
0
174
0
175
0
176
0
177
0
178
0
179
2
271
2
272
2
273
2
274
3
275
0
276
0
277
2
278
46
279
2
280
0
281
0
282
0
283
0
284
8
285
0
286
0
288
1
289
3
290
0
340
4C
342
74
371
-2
372
-2
  0
DIMSTYLE
105
7C
330
4
100
AcDbSymbolTableRecord
100
AcDbDimStyleTableRecord
  2
EZ_M_100_H25_CM
 70
0
 40
1.0
 41
0.25
 42
0.125
 43
3.75
 44
0.375
 45
0.0
 46
0.0
 47
0.0
 48
0.0
 49
2.5
140
0.25
141
2.5
142
0.125
143
0.03937007874
144
100.0
145
0.0
146
0.5
147
0.1
148
0.0
 69
0
 70
0
 71
0
 72
0
 73
0
 74
0
 75
0
 76
0
 77
1
 78
12
 79
3
170
0
171
3
172
1
173
0
174
0
175
0
176
0
177
0
178
0
179
2
271
2
272
2
273
2
274
3
275
0
276
0
277
2
278
46
279
2
280
0
281
0
282
0
283
0
284
8
285
0
286
0
288
1
289
3
290
0
340
4C
371
-2
372
-2
  0
DIMSTYLE
105
7D
330
4
100
AcDbSymbolTableRecord
100
AcDbDimStyleTableRecord
  2
EZ_M_50_H25_CM
 70
0
 40
1.0
 41
0.125
 42
0.0625
 43
3.75
 44
0.1875
 45
0.0
 46
0.0
 47
0.0
 48
0.0
 49
2.5
140
0.125
141
2.5
142
0.0625
143
0.03937007874
144
100.0
145
0.0
146
0.5
147
0.05
148
0.0
 69
0
 70
0
 71
0
 72
0
 73
0
 74
0
 75
0
 76
0
 77
1
 78
12
 79
3
170
0
171
3
172
1
173
0
174
0
175
0
176
0
177
0
178
0
179
2
271
2
272
2
273
2
274
3
275
0
276
0
277
2
278
46
279
2
280
0
281
0
282
0
283
0
284
8
285
0
286
0
288
1
289
3
290
0
340
4C
371
-2
372
-2
  0
DIMSTYLE
105
7E
330
4
100
AcDbSymbolTableRecord
100
AcDbDimStyleTableRecord
  2
EZ_M_25_H25_CM
 70
0
 40
1.0
 41
0.0625
 42
0.03125
 43
3.75
 44
0.09375
 45
0.0
 46
0.0
 47
0.0
 48
0.0
 49
2.5
140
0.0625
141
2.5
142
0.03125
143
0.03937007874
144
100.0
145
0.0
146
0.5
147
0.025
148
0.0
 69
0
 70
0
 71
0
 72
0
 73
0
 74
0
 75
0
 76
0
 77
1
 78
12
 79
3
170
0
171
3
172
1
173
0
174
0
175
0
176
0
177
0
178
0
179
2
271
2
272
2
273
2
274
3
275
0
276
0
277
2
278
46
279
2
280
0
281
0
282
0
283
0
284
8
285
0
286
0
288
1
289
3
290
0
340
4C
371
-2
372
-2
  0
DIMSTYLE
105
7F
330
4
100
AcDbSymbolTableRecord
100
AcDbDimStyleTableRecord
  2
EZ_M_20_H25_CM
 70
0
 40
1.0
 41
0.05
 42
0.025
 43
3.75
 44
0.07500000000000001
 45
0.0
 46
0.0
 47
0.0
 48
0.0
 49
2.5
140
0.05
141
2.5
142
0.025
143
0.03937007874
144
100.0
145
0.0
146
0.5
147
0.020000000000000004
148
0.0
 69
0
 70
0
 71
0
 72
0
 73
0
 74
0
 75
0
 76
0
 77
1
 78
12
 79
3
170
0
171
3
172
1
173
0
174
0
175
0
176
0
177
0
178
0
179
2
271
2
272
2
273
2
274
3
275
0
276
0
277
2
278
46
279
2
280
0
281
0
282
0
283
0
284
8
285
0
286
0
288
1
289
3
290
0
340
4C
371
-2
372
-2
  0
DIMSTYLE
105
80
330
4
100
AcDbSymbolTableRecord
100
AcDbDimStyleTableRecord
  2
EZ_M_10_H25_CM
 70
0
 40
1.0
 41
0.025
 42
0.0125
 43
3.75
 44
0.037500000000000006
 45
0.0
 46
0.0
 47
0.0
 48
0.0
 49
2.5
140
0.025
141
2.5
142
0.0125
143
0.03937007874
144
100.0
145
0.0
146
0.5
147
0.010000000000000002
148
0.0
 69
0
 70
0
 71
0
 72
0
 73
0
 74
0
 75
0
 76
0
 77
1
 78
12
 79
3
170
0
171
3
172
1
173
0
174
0
175
0
176
0
177
0
178
0
179
2
271
2
272
2
273
2
274
3
275
0
276
0
277
2
278
46
279
2
280
0
281
0
282
0
283
0
284
8
285
0
286
0
288
1
289
3
290
0
340
4C
371
-2
372
-2
  0
DIMSTYLE
105
81
330
4
100
AcDbSymbolTableRecord
100
AcDbDimStyleTableRecord
  2
EZ_M_5_H25_CM
 70
0
 40
1.0
 41
0.0125
 42
0.00625
 43
3.75
 44
0.018750000000000003
 45
0.0
 46
0.0
 47
0.0
 48
0.0
 49
2.5
140
0.0125
141
2.5
142
0.00625
143
0.03937007874
144
100.0
145
0.0
146
0.5
147
0.005000000000000001
148
0.0
 69
0
 70
0
 71
0
 72
0
 73
0
 74
0
 75
0
 76
0
 77
1
 78
12
 79
3
170
0
171
3
172
1
173
0
174
0
175
0
176
0
177
0
178
0
179
2
271
2
272
2
273
2
274
3
275
0
276
0
277
2
278
46
279
2
280
0
281
0
282
0
283
0
284
8
285
0
286
0
288
1
289
3
290
0
340
4C
371
-2
372
-2
  0
DIMSTYLE
105
82
330
4
100
AcDbSymbolTableRecord
100
AcDbDimStyleTableRecord
  2
EZ_M_1_H25_CM
 70
0
 40
1.0
 41
0.0025
 42
0.00125
 43
3.75
 44
0.00375
 45
0.0
 46
0.0
 47
0.0
 48
0.0
 49
2.5
140
0.0025
141
2.5
142
0.00125
143
0.03937007874
144
100.0
145
0.0
146
0.5
147
0.001
148
0.0
 69
0
 70
0
 71
0
 72
0
 73
0
 74
0
 75
0
 76
0
 77
1
 78
12
 79
3
170
0
171
3
172
1
173
0
174
0
175
0
176
0
177
0
178
0
179
2
271
2
272
2
273
2
274
3
275
0
276
0
277
2
278
46
279
2
280
0
281
0
282
0
283
0
284
8
285
0
286
0
288
1
289
3
290
0
340
4C
371
-2
372
-2
  0
DIMSTYLE
105
83
330
4
100
AcDbSymbolTableRecord
100
AcDbDimStyleTableRecord
  2
EZ_RADIUS
 70
0
 40
1.0
 41
0.25
 42
0.125
 43
3.75
 44
0.375
 45
0.0
 46
0.0
 47
0.0
 48
0.0
 49
2.5
140
0.25
141
0.0
142
0.0
143
0.03937007874
144
100.0
145
0.0
146
0.5
147
0.1
148
0.0
 69
0
 70
0
 71
0
 72
0
 73
0
 74
0
 75
0
 76
0
 77
1
 78
12
 79
3
170
0
171
3
172
0
173
0
174
0
175
0
176
0
177
0
178
0
179
2
271
2
272
2
273
2
274
3
275
0
276
0
277
2
278
46
279
1
280
0
281
0
282
0
283
0
284
8
285
0
286
0
288
1
289
3
290
0
340
4C
342
84
371
-2
372
-2
  0
DIMSTYLE
105
88
330
4
100
AcDbSymbolTableRecord
100
AcDbDimStyleTableRecord
  2
EZ_RADIUS_INSIDE
 70
0
 40
1.0
 41
0.25
 42
0.125
 43
3.75
 44
0.375
 45
0.0
 46
0.0
 47
0.0
 48
0.0
 49
2.5
140
0.25
141
0.0
142
0.0
143
0.03937007874
144
100.0
145
0.0
146
0.5
147
0.1
148
0.0
 69
0
 70
0
 71
0
 72
0
 73
0
 74
0
 75
0
 76
0
 77
0
 78
12
 79
3
170
0
171
3
172
0
173
0
174
1
175
0
176
0
177
0
178
0
179
2
271
2
272
2
273
2
274
3
275
0
276
0
277
2
278
46
279
0
280
0
281
0
282
0
283
0
284
8
285
0
286
0
288
1
289
0
290
0
340
4C
342
84
371
-2
372
-2
  0
DIMSTYLE
105
89
330
4
100
AcDbSymbolTableRecord
100
AcDbDimStyleTableRecord
  2
EZ_CURVED
 70
0
 40
1.0
 41
0.25
 42
0.125
 43
3.75
 44
0.375
 45
0.0
 46
0.0
 47
0.0
 48
0.0
 49
2.5
140
0.25
141
2.5
142
0.0
143
0.03937007874
144
100.0
145
0.0
146
0.5
147
0.1
148
0.0
 69
0
 70
0
 71
0
 72
0
 73
0
 74
0
 75
0
 76
0
 77
1
 78
12
 79
2
 90
2
170
0
171
3
172
1
173
0
174
0
175
0
176
0
177
0
178
0
179
2
271
2
272
2
273
2
274
3
275
0
276
0
277
2
278
46
279
2
280
0
281
0
282
0
283
0
284
8
285
0
286
0
288
1
289
3
290
0
340
4C
371
-2
372
-2
  0
ENDTAB
  0
TABLE
  2
BLOCK_RECORD
  5
9
330
0
100
AcDbSymbolTable
 70
14
  0
BLOCK_RECORD
  5
17
330
9
100
AcDbSymbolTableRecord
100
AcDbBlockTableRecord
  2
*Model_Space
340
1A
 70
0
280
1
281
0
  0
BLOCK_RECORD
  5
1B
330
9
100
AcDbSymbolTableRecord
100
AcDbBlockTableRecord
  2
*Paper_Space
340
1E
 70
0
280
1
281
0
  0
BLOCK_RECORD
  5
74
330
9
100
AcDbSymbolTableRecord
100
AcDbBlockTableRecord
  2
_ARCHTICK
340
0
 70
0
280
1
281
0
  0
BLOCK_RECORD
  5
78
330
9
100
AcDbSymbolTableRecord
100
AcDbBlockTableRecord
  2
_CLOSEDFILLED
340
0
 70
0
280
1
281
0
  0
BLOCK_RECORD
  5
84
330
9
100
AcDbSymbolTableRecord
100
AcDbBlockTableRecord
  2
_CLOSEDBLANK
340
0
 70
0
280
1
281
0
  0
BLOCK_RECORD
  5
90
330
9
100
AcDbSymbolTableRecord
100
AcDbBlockTableRecord
  2
HFU1
340
0
 70
0
280
1
281
0
  0
BLOCK_RECORD
  5
AA
330
9
100
AcDbSymbolTableRecord
100
AcDbBlockTableRecord
  2
HGND2
340
0
 70
0
280
1
281
0
  0
BLOCK_RECORD
  5
B1
330
9
100
AcDbSymbolTableRecord
100
AcDbBlockTableRecord
  2
HXF1CT
340
0
 70
0
280
1
281
0
  0
BLOCK_RECORD
  5
CC
330
9
100
AcDbSymbolTableRecord
100
AcDbBlockTableRecord
  2
HXF1T1_1-
340
0
 70
0
280
1
281
0
  0
BLOCK_RECORD
  5
ED
330
9
100
AcDbSymbolTableRecord
100
AcDbBlockTableRecord
  2
VCN1PJ
340
0
 70
0
280
1
281
0
  0
BLOCK_RECORD
  5
107
330
9
100
AcDbSymbolTableRecord
100
AcDbBlockTableRecord
  2
VFU1
340
0
 70
0
280
1
281
0
  0
BLOCK_RECORD
  5
121
330
9
100
AcDbSymbolTableRecord
100
AcDbBlockTableRecord
  2
VXF1CT
340
0
 70
0
280
1
281
0
  0
BLOCK_RECORD
  5
13C
330
9
100
AcDbSymbolTableRecord
100
AcDbBlockTableRecord
  2
VXF1T1_1-
340
0
 70
0
280
1
281
0
  0
BLOCK_RECORD
  5
15D
330
9
100
AcDbSymbolTableRecord
100
AcDbBlockTableRecord
  2
WDDOT
340
0
 70
0
280
1
281
0
  0
ENDTAB
  0
ENDSEC
  0
SECTION
  2
BLOCKS
  0
BLOCK
  5
18
330
17
100
AcDbEntity
  8
0
100
AcDbBlockBegin
  2
*Model_Space
 70
0
 10
0.0
 20
0.0
 30
0.0
  3
*Model_Space
  1

  0
ENDBLK
  5
19
330
17
100
AcDbEntity
  8
0
100
AcDbBlockEnd
  0
BLOCK
  5
1C
330
1B
100
AcDbEntity
  8
0
100
AcDbBlockBegin
  2
*Paper_Space
 70
0
 10
0.0
 20
0.0
 30
0.0
  3
*Paper_Space
  1

  0
ENDBLK
  5
1D
330
1B
100
AcDbEntity
  8
0
100
AcDbBlockEnd
  0
BLOCK
  5
75
330
74
100
AcDbEntity
  8
0
100
AcDbBlockBegin
  2
_ARCHTICK
 70
0
 10
0.0
 20
0.0
 30
0.0
  3
_ARCHTICK
  1

  0
LWPOLYLINE
  5
77
330
74
100
AcDbEntity
  8
0
  6
BYBLOCK
 62
0
100
AcDbPolyline
 90
2
 70
0
 43
0.15
 10
-0.5
 20
-0.5
 10
0.5
 20
0.5
  0
ENDBLK
  5
76
330
74
100
AcDbEntity
  8
0
100
AcDbBlockEnd
  0
BLOCK
  5
79
330
78
100
AcDbEntity
  8
0
100
AcDbBlockBegin
  2
_CLOSEDFILLED
 70
0
 10
0.0
 20
0.0
 30
0.0
  3
_CLOSEDFILLED
  1

  0
SOLID
  5
7B
330
78
100
AcDbEntity
  8
0
  6
BYBLOCK
 62
0
100
AcDbTrace
 10
-1.0
 20
0.16439898372402537
 30
0.0
 11
0.0
 21
0.0
 31
0.0
 12
-1.0
 22
-0.16439898372402537
 32
0.0
 13
-1.0
 23
-0.16439898372402537
 33
0.0
  0
ENDBLK
  5
7A
330
78
100
AcDbEntity
  8
0
100
AcDbBlockEnd
  0
BLOCK
  5
85
330
84
100
AcDbEntity
  8
0
100
AcDbBlockBegin
  2
_CLOSEDBLANK
 70
0
 10
0.0
 20
0.0
 30
0.0
  3
_CLOSEDBLANK
  1

  0
LWPOLYLINE
  5
87
330
84
100
AcDbEntity
  8
0
  6
BYBLOCK
 62
0
100
AcDbPolyline
 90
3
 70
1
 10
-1.0
 20
0.16439898372402537
 10
0.0
 20
0.0
 10
-1.0
 20
-0.16439898372402537
  0
ENDBLK
  5
86
330
84
100
AcDbEntity
  8
0
100
AcDbBlockEnd
  0
BLOCK
  5
91
330
90
100
AcDbEntity
  8
0
100
AcDbBlockBegin
  2
HFU1
 70
2
 10
0.0
 20
0.0
 30
0.0
  3
HFU1
  1

  0
LINE
  5
93
330
90
100
AcDbEntity
  8
0
100
AcDbLine
 10
-0.1875
 20
-0.078125
 30
0.0
 11
-0.1875
 21
0.078125
 31
0.0
  0
LINE
  5
94
330
90
100
AcDbEntity
  8
0
100
AcDbLine
 10
-0.1875
 20
0.078125
 30
0.0
 11
0.1875
 21
0.078125
 31
0.0
  0
LINE
  5
95
330
90
100
AcDbEntity
  8
0
100
AcDbLine
 10
0.1875
 20
0.078125
 30
0.0
 11
0.1875
 21
-0.078125
 31
0.0
  0
LINE
  5
96
330
90
100
AcDbEntity
  8
0
100
AcDbLine
 10
0.1875
 20
-0.078125
 30
0.0
 11
-0.1875
 21
-0.078125
 31
0.0
  0
LINE
  5
97
330
90
100
AcDbEntity
  8
0
100
AcDbLine
 10
-0.15625
 20
0.078125
 30
0.0
 11
-0.15625
 21
-0.078125
 31
0.0
  0
LINE
  5
98
330
90
100
AcDbEntity
  8
0
100
AcDbLine
 10
0.15625
 20
0.078125
 30
0.0
 11
0.15625
 21
-0.078125
 31
0.0
  0
ATTDEF
  5
99
330
90
100
AcDbEntity
  8
0
100
AcDbText
 10
0.0083333331736872
 20
-0.2275050648071837
 30
0.0
 40
0.0625
  1

  7
WD
 41
0.7
 72
1
 11
0.0083333331736872
 21
-0.2275050648071837
 31
0.0
100
AcDbAttributeDefinition
  3

  2
DESC1
 70
0
  0
ATTDEF
  5
9A
330
90
100
AcDbEntity
  8
0
100
AcDbText
 10
0.0083333331736872
 20
-0.3216653439949231
 30
0.0
 40
0.0625
  1

  7
WD
 41
0.7
 72
1
 11
0.0083333331736872
 21
-0.3216653439949231
 31
0.0
100
AcDbAttributeDefinition
  3

  2
DESC2
 70
0
  0
ATTDEF
  5
9B
330
90
100
AcDbEntity
  8
0
100
AcDbText
 10
0.0083333331736872
 20
-0.4062500003185587
 30
0.0
 40
0.0625
  1

  7
WD
 41
0.7
 72
1
 11
0.0083333331736872
 21
-0.4062500003185587
 31
0.0
100
AcDbAttributeDefinition
  3

  2
DESC3
 70
0
  0
ATTDEF
  5
9C
330
90
100
AcDbEntity
  8
0
100
AcDbText
 10
0.0
 20
0.36605
 30
0.0
 40
0.0625
  1

  7
WD
 41
0.7
 72
1
 11
0.0
 21
0.36605
 31
0.0
100
AcDbAttributeDefinition
  3

  2
INST
 70
0
  0
ATTDEF
  5
9D
330
90
100
AcDbEntity
  8
0
100
AcDbText
 10
0.0
 20
0.109375
 30
0.0
 40
0.01
  1

  7
WD
100
AcDbAttributeDefinition
  3

  2
X2LINK
 70
0
  0
ATTDEF
  5
9E
330
90
100
AcDbEntity
  8
0
100
AcDbText
 10
0.0
 20
-0.109375
 30
0.0
 40
0.01
  1

  7
WD
100
AcDbAttributeDefinition
  3

  2
X8LINK
 70
0
  0
ATTDEF
  5
9F
330
90
100
AcDbEntity
  8
0
  6
Continuous
100
AcDbText
 10
0.1568995424030899
 20
0.250864915199555
 30
0.0
 40
0.01
  1

  7
WD
 72
1
 11
0.1568995424030899
 21
0.250864915199555
 31
0.0
100
AcDbAttributeDefinition
  3

  2
ASSYCODE
 70
9
  0
ATTDEF
  5
A0
330
90
100
AcDbEntity
  8
0
100
AcDbText
 10
0.0
 20
-0.046875
 30
0.0
 40
0.09375
  1

  7
WD
 41
0.7
 72
1
 11
0.0
 21
0.0
 31
0.0
100
AcDbAttributeDefinition
  3

  2
RATING1
 70
0
 74
2
  0
ATTDEF
  5
A1
330
90
100
AcDbEntity
  8
0
100
AcDbText
 10
0.0
 20
0.28125
 30
0.0
 40
0.0625
  1

  7
WD
 41
0.7
 72
1
 11
0.0
 21
0.28125
 31
0.0
100
AcDbAttributeDefinition
  3

  2
LOC
 70
0
  0
ATTDEF
  5
A2
330
90
100
AcDbEntity
  8
0
100
AcDbText
 10
0.1875
 20
0.0
 30
0.0
 40
0.0109375
  1

  7
WD
100
AcDbAttributeDefinition
  3

  2
X1TERM02
 70
1
  0
ATTDEF
  5
A3
330
90
100
AcDbEntity
  8
0
  6
Continuous
100
AcDbText
 10
0.25
 20
-0.0782500000000001
 30
0.0
 40
0.0625
  1

  7
WD
 11
0.25
 21
-0.0157500000000001
 31
0.0
100
AcDbAttributeDefinition
  3

  2
TERM02
 70
8
 74
3
  0
ATTDEF
  5
A4
330
90
100
AcDbEntity
  8
0
100
AcDbText
 10
-0.1875
 20
0.0
 30
0.0
 40
0.0109375
  1

  7
WD
100
AcDbAttributeDefinition
  3

  2
X4TERM01
 70
1
  0
ATTDEF
  5
A5
330
90
100
AcDbEntity
  8
0
  6
Continuous
100
AcDbText
 10
-0.25
 20
-0.0782500000000001
 30
0.0
 40
0.0625
  1

  7
WD
 72
2
 11
-0.25
 21
-0.0157500000000001
 31
0.0
100
AcDbAttributeDefinition
  3

  2
TERM01
 70
8
 74
3
  0
ATTDEF
  5
A6
330
90
100
AcDbEntity
  8
0
  6
Continuous
100
AcDbText
 10
0.1563915552533349
 20
0.0827268551461195
 30
0.0
 40
0.01
  1

  7
WD
 72
1
 11
0.1563915552533349
 21
0.0827268551461195
 31
0.0
100
AcDbAttributeDefinition
  3

  2
MFG
 70
9
  0
ATTDEF
  5
A7
330
90
100
AcDbEntity
  8
0
  6
Continuous
100
AcDbText
 10
0.1563915552533349
 20
0.1022493477050739
 30
0.0
 40
0.01
  1

  7
WD
 72
1
 11
0.1563915552533349
 21
0.1022493477050739
 31
0.0
100
AcDbAttributeDefinition
  3

  2
CAT
 70
9
  0
ATTDEF
  5
A8
330
90
100
AcDbEntity
  8
0
100
AcDbText
 10
0.129231561178928
 20
0.1076371251936318
 30
0.0
 40
0.01
  1
FU
  7
WD
100
AcDbAttributeDefinition
  3

  2
FAMILY
 70
9
  0
ATTDEF
  5
A9
330
90
100
AcDbEntity
  8
0
100
AcDbText
 10
-0.0911458333333333
 20
0.125
 30
0.0
 40
0.109375
  1
FU
  7
WD
 72
1
 11
0.0
 21
0.125
 31
0.0
100
AcDbAttributeDefinition
  3

  2
TAG1
 70
0
  0
ENDBLK
  5
92
330
90
100
AcDbEntity
  8
0
100
AcDbBlockEnd
  0
BLOCK
  5
AB
330
AA
100
AcDbEntity
  8
0
100
AcDbBlockBegin
  2
HGND2
 70
2
 10
0.0
 20
0.0
 30
0.0
  3
HGND2
  1

  0
LINE
  5
AD
330
AA
100
AcDbEntity
  8
0
100
AcDbLine
 10
0.0
 20
0.09375
 30
0.0
 11
0.0
 21
-0.09375
 31
0.0
  0
LINE
  5
AE
330
AA
100
AcDbEntity
  8
0
100
AcDbLine
 10
0.046875
 20
0.0625
 30
0.0
 11
0.046875
 21
-0.0625
 31
0.0
  0
LINE
  5
AF
330
AA
100
AcDbEntity
  8
0
100
AcDbLine
 10
0.09375
 20
0.03125
 30
0.0
 11
0.09375
 21
-0.03125
 31
0.0
  0
ATTDEF
  5
B0
330
AA
100
AcDbEntity
  8
0
100
AcDbText
 10
0.0
 20
0.0
 30
0.0
 40
0.01
  1

  7
WD
100
AcDbAttributeDefinition
  3

  2
X4TERM01
 70
1
  0
ENDBLK
  5
AC
330
AA
100
AcDbEntity
  8
0
100
AcDbBlockEnd
  0
BLOCK
  5
B2
330
B1
100
AcDbEntity
  8
0
100
AcDbBlockBegin
  2
HXF1CT
 70
2
 10
0.0
 20
0.0
 30
0.0
  3
HXF1CT
  1

  0
ARC
  5
B4
330
B1
100
AcDbEntity
  8
0
100
AcDbCircle
 10
-0.125
 20
0.34375
 30
0.0
 40
0.125
100
AcDbArc
 50
0.0
 51
180.0
  0
ARC
  5
B5
330
B1
100
AcDbEntity
  8
0
100
AcDbCircle
 10
0.125
 20
0.34375
 30
0.0
 40
0.125
100
AcDbArc
 50
0.0
 51
180.0
  0
LINE
  5
B6
330
B1
100
AcDbEntity
  8
0
100
AcDbLine
 10
0.0
 20
0.34375
 30
0.0
 11
0.0
 21
0.28125
 31
0.0
  0
CIRCLE
  5
B7
330
B1
100
AcDbEntity
  8
0
100
AcDbCircle
 10
-0.2490382372998621
 20
0.0
 30
0.0
 40
0.032211762700138
  0
CIRCLE
  5
B8
330
B1
100
AcDbEntity
  8
0
100
AcDbCircle
 10
0.2490382372998621
 20
0.0
 30
0.0
 40
0.032211762700138
  0
LINE
  5
B9
330
B1
100
AcDbEntity
  8
0
100
AcDbLine
 10
0.25
 20
0.34375
 30
0.0
 11
0.25
 21
0.0321974015839574
 31
0.0
  0
LINE
  5
BA
330
B1
100
AcDbEntity
  8
0
100
AcDbLine
 10
-0.25
 20
0.34375
 30
0.0
 11
-0.25
 21
0.0321974015839574
 31
0.0
  0
ATTDEF
  5
BB
330
B1
100
AcDbEntity
  8
0
100
AcDbText
 10
-0.388029377727209
 20
0.5774653318012195
 30
0.0
 40
0.125
  1

  7
WD
 41
0.7
 72
2
 11
-0.388029377727209
 21
0.5774653318012195
 31
0.0
100
AcDbAttributeDefinition
  3

  2
INST
 70
0
  0
ATTDEF
  5
BC
330
B1
100
AcDbEntity
  8
0
  6
Continuous
100
AcDbText
 10
0.328125
 20
0.125
 30
0.0
 40
0.01
  1

  7
WD
 72
1
 11
0.328125
 21
0.125
 31
0.0
100
AcDbAttributeDefinition
  3

  2
ASSYCODE
 70
9
  0
ATTDEF
  5
BD
330
B1
100
AcDbEntity
  8
0
100
AcDbText
 10
0.28125
 20
0.0
 30
0.0
 40
0.0125
  1

  7
WD
100
AcDbAttributeDefinition
  3

  2
X1TERM02
 70
1
  0
ATTDEF
  5
BE
330
B1
100
AcDbEntity
  8
0
100
AcDbText
 10
0.2490382372998621
 20
-0.032211762700138
 30
0.0
 40
0.0125
  1

  7
WD
100
AcDbAttributeDefinition
  3

  2
X8TERM02
 70
1
  0
ATTDEF
  5
BF
330
B1
100
AcDbEntity
  8
0
100
AcDbText
 10
-0.28125
 20
0.0
 30
0.0
 40
0.0125
  1

  7
WD
100
AcDbAttributeDefinition
  3

  2
X4TERM01
 70
1
  0
ATTDEF
  5
C0
330
B1
100
AcDbEntity
  8
0
100
AcDbText
 10
-0.2490382372998621
 20
-0.032211762700138
 30
0.0
 40
0.0125
  1

  7
WD
100
AcDbAttributeDefinition
  3

  2
X8TERM01
 70
1
  0
ATTDEF
  5
C1
330
B1
100
AcDbEntity
  8
0
100
AcDbText
 10
-0.1458333333333333
 20
0.125
 30
0.0
 40
0.125
  1
C.T.
  7
WD
 72
1
 11
0.0
 21
0.125
 31
0.0
100
AcDbAttributeDefinition
  3

  2
TYPE
 70
0
  0
ATTDEF
  5
C2
330
B1
100
AcDbEntity
  8
0
  6
Continuous
100
AcDbText
 10
-0.1875
 20
-0.15625
 30
0.0
 40
0.125
  1

  7
WD
 11
-0.1875
 21
-0.03125
 31
0.0
100
AcDbAttributeDefinition
  3

  2
TERM01
 70
8
 74
3
  0
ATTDEF
  5
C3
330
B1
100
AcDbEntity
  8
0
  6
Continuous
100
AcDbText
 10
0.328125
 20
-0.15625
 30
0.0
 40
0.125
  1

  7
WD
 11
0.328125
 21
-0.03125
 31
0.0
100
AcDbAttributeDefinition
  3

  2
TERM02
 70
8
 74
3
  0
ATTDEF
  5
C4
330
B1
100
AcDbEntity
  8
0
100
AcDbText
 10
0.368125
 20
0.03125
 30
0.0
 40
0.125
  1

  7
WD
 41
0.7
100
AcDbAttributeDefinition
  3

  2
RATING1
 70
0
  0
ATTDEF
  5
C5
330
B1
100
AcDbEntity
  8
0
100
AcDbText
 10
0.368125
 20
0.1875
 30
0.0
 40
0.125
  1
XF
  7
WD
100
AcDbAttributeDefinition
  3

  2
TAG1
 70
0
  0
ATTDEF
  5
C6
330
B1
100
AcDbEntity
  8
0
100
AcDbText
 10
-0.388029377727209
 20
0.2516153318012193
 30
0.0
 40
0.125
  1

  7
WD
 41
0.7
 72
2
 11
-0.388029377727209
 21
0.2516153318012193
 31
0.0
100
AcDbAttributeDefinition
  3

  2
DESC1
 70
0
  0
ATTDEF
  5
C7
330
B1
100
AcDbEntity
  8
0
100
AcDbText
 10
-0.388029377727209
 20
0.0953653318012193
 30
0.0
 40
0.125
  1

  7
WD
 41
0.7
 72
2
 11
-0.388029377727209
 21
0.0953653318012193
 31
0.0
100
AcDbAttributeDefinition
  3

  2
DESC2
 70
0
  0
ATTDEF
  5
C8
330
B1
100
AcDbEntity
  8
0
100
AcDbText
 10
-0.388029377727209
 20
0.4078653318012195
 30
0.0
 40
0.125
  1

  7
WD
 41
0.7
 72
2
 11
-0.388029377727209
 21
0.4078653318012195
 31
0.0
100
AcDbAttributeDefinition
  3

  2
LOC
 70
0
  0
ATTDEF
  5
C9
330
B1
100
AcDbEntity
  8
0
100
AcDbText
 10
0.3041927759003675
 20
0.1906902937183689
 30
0.0
 40
0.01
  1
XF
  7
WD
100
AcDbAttributeDefinition
  3

  2
FAMILY
 70
9
  0
ATTDEF
  5
CA
330
B1
100
AcDbEntity
  8
0
  6
Continuous
100
AcDbText
 10
0.3292460418387173
 20
0.1621388778586058
 30
0.0
 40
0.01
  1

  7
WD
 72
1
 11
0.3292460418387173
 21
0.1621388778586058
 31
0.0
100
AcDbAttributeDefinition
  3

  2
CAT
 70
9
  0
ATTDEF
  5
CB
330
B1
100
AcDbEntity
  8
0
  6
Continuous
100
AcDbText
 10
0.3273009961987987
 20
0.1426971241511551
 30
0.0
 40
0.01
  1

  7
WD
 72
1
 11
0.3273009961987987
 21
0.1426971241511551
 31
0.0
100
AcDbAttributeDefinition
  3

  2
MFG
 70
9
  0
ENDBLK
  5
B3
330
B1
100
AcDbEntity
  8
0
100
AcDbBlockEnd
  0
BLOCK
  5
CD
330
CC
100
AcDbEntity
  8
0
100
AcDbBlockBegin
  2
HXF1T1_1-
 70
2
 10
0.0
 20
0.0
 30
0.0
  3
HXF1T1_1-
  1

  0
ATTDEF
  5
CF
330
CC
100
AcDbEntity
  8
0
  6
Continuous
100
AcDbText
 10
0.21875
 20
0.0625
 30
0.0
 40
0.01
  1

  7
WD
 72
1
 11
0.21875
 21
0.0625
 31
0.0
100
AcDbAttributeDefinition
  3

  2
ASSYCODE
 70
9
  0
ATTDEF
  5
D0
330
CC
100
AcDbEntity
  8
0
100
AcDbText
 10
0.0
 20
0.15625
 30
0.0
 40
0.01
  1

  7
WD
100
AcDbAttributeDefinition
  3

  2
X2LINK
 70
0
  0
ATTDEF
  5
D1
330
CC
100
AcDbEntity
  8
0
100
AcDbText
 10
0.0
 20
-0.171875
 30
0.0
 40
0.01
  1

  7
WD
100
AcDbAttributeDefinition
  3

  2
X8LINK
 70
0
  0
ATTDEF
  5
D2
330
CC
100
AcDbEntity
  8
0
  6
Continuous
100
AcDbText
 10
0.227797819576856
 20
0.0887266596591497
 30
0.0
 40
0.01
  1

  7
WD
 72
1
 11
0.227797819576856
 21
0.0887266596591497
 31
0.0
100
AcDbAttributeDefinition
  3

  2
MFG
 70
9
  0
ATTDEF
  5
D3
330
CC
100
AcDbEntity
  8
0
  6
Continuous
100
AcDbText
 10
0.2297428652167746
 20
0.1081684133666007
 30
0.0
 40
0.01
  1

  7
WD
 72
1
 11
0.2297428652167746
 21
0.1081684133666007
 31
0.0
100
AcDbAttributeDefinition
  3

  2
CAT
 70
9
  0
ATTDEF
  5
D4
330
CC
100
AcDbEntity
  8
0
100
AcDbText
 10
0.2062459949469165
 20
0.130565050798622
 30
0.0
 40
0.01
  1
XF
  7
WD
100
AcDbAttributeDefinition
  3

  2
FAMILY
 70
9
  0
ATTDEF
  5
D5
330
CC
100
AcDbEntity
  8
0
100
AcDbText
 10
0.2062459949469165
 20
0.040072249971904
 30
0.0
 40
0.01
  1
NO
  7
WD
100
AcDbAttributeDefinition
  3

  2
CONTACT
 70
9
  0
ATTDEF
  5
D6
330
CC
100
AcDbEntity
  8
0
100
AcDbText
 10
-0.2342613780164024
 20
0.0747558932534971
 30
0.0
 40
0.01
  1
1-
  7
WD
 72
2
 11
-0.2209280446830691
 21
0.0747558932534971
 31
0.0
100
AcDbAttributeDefinition
  3

  2
WDTYPE
 70
9
  0
ATTDEF
  5
D7
330
CC
100
AcDbEntity
  8
0
100
AcDbText
 10
-0.0123581012365755
 20
0.5918750014890417
 30
0.0
 40
0.125
  1

  7
WD
 41
0.85
 72
1
 11
-0.0123581012365755
 21
0.5918750014890417
 31
0.0
100
AcDbAttributeDefinition
  3

  2
INST
 70
0
  0
ATTDEF
  5
D8
330
CC
100
AcDbEntity
  8
0
100
AcDbText
 10
-0.0989583299301724
 20
0.2500000014890915
 30
0.0
 40
0.125
  1
XF
  7
WD
 41
0.85
 72
1
 11
-0.0104166632635057
 21
0.2500000014890915
 31
0.0
100
AcDbAttributeDefinition
  3

  2
TAG1
 70
0
  0
ATTDEF
  5
D9
330
CC
100
AcDbEntity
  8
0
100
AcDbText
 10
-0.0123581012365755
 20
0.4200000014890417
 30
0.0
 40
0.125
  1

  7
WD
 41
0.85
 72
1
 11
-0.0123581012365755
 21
0.4200000014890417
 31
0.0
100
AcDbAttributeDefinition
  3

  2
LOC
 70
0
  0
ATTDEF
  5
DA
330
CC
100
AcDbEntity
  8
0
100
AcDbText
 10
-0.0104166632635057
 20
-0.8593749985109083
 30
0.0
 40
0.125
  1

  7
WD
 41
0.85
 72
1
 11
-0.0104166632635057
 21
-0.8593749985109083
 31
0.0
100
AcDbAttributeDefinition
  3

  2
DESC2
 70
0
  0
ATTDEF
  5
DB
330
CC
100
AcDbEntity
  8
0
100
AcDbText
 10
-0.0104166632635057
 20
-0.6874999985109085
 30
0.0
 40
0.125
  1

  7
WD
 41
0.85
 72
1
 11
-0.0104166632635057
 21
-0.6874999985109085
 31
0.0
100
AcDbAttributeDefinition
  3

  2
DESC1
 70
0
  0
ATTDEF
  5
DC
330
CC
100
AcDbEntity
  8
0
100
AcDbText
 10
-0.0104166632635057
 20
-1.031249998510907
 30
0.0
 40
0.125
  1

  7
WD
 41
0.85
 72
1
 11
-0.0104166632635057
 21
-1.031249998510907
 31
0.0
100
AcDbAttributeDefinition
  3

  2
DESC3
 70
0
  0
ATTDEF
  5
DD
330
CC
100
AcDbEntity
  8
0
 62
7
100
AcDbText
 10
0.15625
 20
0.0
 30
0.0
 40
0.0125
  1

  7
WD
100
AcDbAttributeDefinition
  3

  2
X1TERM02
 70
1
  0
ATTDEF
  5
DE
330
CC
100
AcDbEntity
  8
0
 62
7
100
AcDbText
 10
-0.15625
 20
0.0
 30
0.0
 40
0.0125
  1

  7
WD
100
AcDbAttributeDefinition
  3

  2
X4TERM01
 70
1
  0
ATTDEF
  5
DF
330
CC
100
AcDbEntity
  8
0
  6
Continuous
100
AcDbText
 10
0.2083333367364943
 20
-0.1563749985109085
 30
0.0
 40
0.125
  1

  7
WD
 11
0.2083333367364943
 21
-0.0313749985109085
 31
0.0
100
AcDbAttributeDefinition
  3

  2
TERM02
 70
8
 74
3
  0
ATTDEF
  5
E0
330
CC
100
AcDbEntity
  8
0
  6
Continuous
100
AcDbText
 10
-0.2291666632635056
 20
-0.1563749985109085
 30
0.0
 40
0.125
  1

  7
WD
 72
2
 11
-0.2291666632635056
 21
-0.0313749985109085
 31
0.0
100
AcDbAttributeDefinition
  3

  2
TERM01
 70
8
 74
3
  0
ATTDEF
  5
E1
330
CC
100
AcDbEntity
  8
0
100
AcDbText
 10
-0.0104166632635057
 20
-0.5156249985109085
 30
0.0
 40
0.125
  1

  7
WD
 41
0.85
 72
1
 11
-0.0104166632635057
 21
-0.5156249985109085
 31
0.0
100
AcDbAttributeDefinition
  3

  2
RATING2
 70
0
  0
ATTDEF
  5
E2
330
CC
100
AcDbEntity
  8
0
100
AcDbText
 10
-0.0104166632635057
 20
-0.3437499985109085
 30
0.0
 40
0.125
  1

  7
WD
 41
0.85
 72
1
 11
-0.0104166632635057
 21
-0.3437499985109085
 31
0.0
100
AcDbAttributeDefinition
  3

  2
RATING1
 70
0
  0
LWPOLYLINE
  5
E3
330
CC
100
AcDbEntity
  8
0
100
AcDbPolyline
 90
2
 70
0
 43
0.0125
 10
0.015625
 20
-0.140625
 10
0.015625
 20
0.140625
  0
LWPOLYLINE
  5
E4
330
CC
100
AcDbEntity
  8
0
100
AcDbPolyline
 90
2
 70
0
 43
0.0125
 10
-0.015625
 20
-0.140625
 10
-0.015625
 20
0.140625
  0
LWPOLYLINE
  5
E5
330
CC
100
AcDbEntity
  8
0
100
AcDbPolyline
 90
3
 70
0
 10
0.15625
 20
0.0
 40
0.0125
 41
0.0125
 10
0.1241161890382753
 20
0.0
 40
0.0125
 41
0.0125
 42
0.9943769052811418
 10
0.1250027463848736
 20
-0.1562450006121466
  0
LWPOLYLINE
  5
E6
330
CC
100
AcDbEntity
  8
0
100
AcDbPolyline
 90
2
 70
0
 43
0.0125
 10
0.1249986216425859
 20
0.1562450006482603
 42
1.000008755414071
 10
0.1250027463848736
 20
-4.9992913077e-06
  0
LWPOLYLINE
  5
E7
330
CC
100
AcDbEntity
  8
0
100
AcDbPolyline
 90
2
 70
0
 43
0.0125
 10
0.15625
 20
0.15625
 10
0.125
 20
0.15625
  0
LWPOLYLINE
  5
E8
330
CC
100
AcDbEntity
  8
0
100
AcDbPolyline
 90
2
 70
0
 43
0.0125
 10
0.15625
 20
-0.15625
 10
0.125
 20
-0.15625
  0
LWPOLYLINE
  5
E9
330
CC
100
AcDbEntity
  8
0
100
AcDbPolyline
 90
2
 70
0
 43
0.0125
 10
-0.15625
 20
-0.15625
 10
-0.125
 20
-0.15625
  0
LWPOLYLINE
  5
EA
330
CC
100
AcDbEntity
  8
0
100
AcDbPolyline
 90
2
 70
0
 43
0.0125
 10
-0.125
 20
-0.1562450006604195
 42
1.000009054788699
 10
-0.125001414804329
 20
4.9993267699e-06
  0
LWPOLYLINE
  5
EB
330
CC
100
AcDbEntity
  8
0
100
AcDbPolyline
 90
3
 70
0
 10
-0.15625
 20
0.0
 40
0.0125
 41
0.0125
 10
-0.1258838109617247
 20
0.0
 40
0.0125
 41
0.0125
 42
1.005681675710494
 10
-0.125001414804329
 20
0.1562450006476088
  0
LWPOLYLINE
  5
EC
330
CC
100
AcDbEntity
  8
0
100
AcDbPolyline
 90
2
 70
0
 43
0.0125
 10
-0.15625
 20
0.15625
 10
-0.125
 20
0.15625
  0
ENDBLK
  5
CE
330
CC
100
AcDbEntity
  8
0
100
AcDbBlockEnd
  0
BLOCK
  5
EE
330
ED
100
AcDbEntity
  8
0
100
AcDbBlockBegin
  2
VCN1PJ
 70
2
 10
0.0
 20
0.0
 30
0.0
  3
VCN1PJ
  1

  0
LINE
  5
F0
330
ED
100
AcDbEntity
  8
0
100
AcDbLine
 10
0.0
 20
-0.03125
 30
0.0
 11
-0.0625
 21
-0.125
 31
0.0
  0
LINE
  5
F1
330
ED
100
AcDbEntity
  8
0
100
AcDbLine
 10
0.0
 20
-0.03125
 30
0.0
 11
0.0625
 21
-0.125
 31
0.0
  0
LINE
  5
F2
330
ED
100
AcDbEntity
  8
0
100
AcDbLine
 10
0.0
 20
0.0625
 30
0.0
 11
-0.09375
 21
-0.0625
 31
0.0
  0
LINE
  5
F3
330
ED
100
AcDbEntity
  8
0
100
AcDbLine
 10
0.0
 20
0.0625
 30
0.0
 11
0.09375
 21
-0.0625
 31
0.0
  0
LINE
  5
F4
330
ED
100
AcDbEntity
  8
0
100
AcDbLine
 10
0.0
 20
-0.03125
 30
0.0
 11
0.0
 21
-0.09375
 31
0.0
  0
ATTDEF
  5
F5
330
ED
100
AcDbEntity
  8
0
100
AcDbText
 10
0.2291666666666667
 20
0.8498017589547741
 30
0.0
 40
0.125
  1

  7
WD
 41
0.7
 72
2
 11
0.2291666666666667
 21
0.8498017589547741
 31
0.0
100
AcDbAttributeDefinition
  3

  2
INST
 70
0
  0
ATTDEF
  5
F6
330
ED
100
AcDbEntity
  8
0
100
AcDbText
 10
0.0130729268949868
 20
-0.1146401272584949
 30
0.0
 40
0.01
  1
P
  7
WD
100
AcDbAttributeDefinition
  3

  2
X8TERMDESC01
 70
1
  0
ATTDEF
  5
F7
330
ED
100
AcDbEntity
  8
0
100
AcDbText
 10
0.0261458644990533
 20
0.0416098677706964
 30
0.0
 40
0.01
  1
J
  7
WD
100
AcDbAttributeDefinition
  3

  2
X2TERMDESC02
 70
1
  0
ATTDEF
  5
F8
330
ED
100
AcDbEntity
  8
0
  6
Continuous
100
AcDbText
 10
-0.1090752636275756
 20
-0.0139434821641545
 30
0.0
 40
0.01
  1

  7
WD
 72
1
 11
-0.1090752636275756
 21
-0.0139434821641545
 31
0.0
100
AcDbAttributeDefinition
  3

  2
ASSYCODE
 70
9
  0
ATTDEF
  5
F9
330
ED
100
AcDbEntity
  8
0
100
AcDbText
 10
-0.125
 20
-0.0625
 30
0.0
 40
0.01
  1

  7
WD
100
AcDbAttributeDefinition
  3

  2
X4LINK
 70
0
  0
ATTDEF
  5
FA
330
ED
100
AcDbEntity
  8
0
100
AcDbText
 10
0.125
 20
-0.0625
 30
0.0
 40
0.01
  1

  7
WD
100
AcDbAttributeDefinition
  3

  2
X1LINK
 70
0
  0
ATTDEF
  5
FB
330
ED
100
AcDbEntity
  8
0
100
AcDbText
 10
-0.0625
 20
0.6802017589547742
 30
0.0
 40
0.125
  1

  7
WD
 41
0.7
 72
2
 11
-0.0625
 21
0.6802017589547742
 31
0.0
100
AcDbAttributeDefinition
  3

  2
LOC
 70
0
  0
ATTDEF
  5
FC
330
ED
100
AcDbEntity
  8
0
  6
Continuous
100
AcDbText
 10
-0.1086068915503407
 20
3.92832228555e-05
 30
0.0
 40
0.01
  1

  7
WD
 72
1
 11
-0.1086068915503407
 21
3.92832228555e-05
 31
0.0
100
AcDbAttributeDefinition
  3

  2
MFG
 70
9
  0
ATTDEF
  5
FD
330
ED
100
AcDbEntity
  8
0
  6
Continuous
100
AcDbText
 10
-0.1066618459104218
 20
0.0194810369303064
 30
0.0
 40
0.01
  1

  7
WD
 72
1
 11
-0.1066618459104218
 21
0.0194810369303064
 31
0.0
100
AcDbAttributeDefinition
  3

  2
CAT
 70
9
  0
ATTDEF
  5
FE
330
ED
100
AcDbEntity
  8
0
100
AcDbText
 10
-0.131715111848772
 20
0.0636574527900694
 30
0.0
 40
0.01
  1
PJ
  7
WD
100
AcDbAttributeDefinition
  3

  2
FAMILY
 70
9
  0
ATTDEF
  5
FF
330
ED
100
AcDbEntity
  8
0
100
AcDbText
 10
-0.0625
 20
0.3542789046476642
 30
0.0
 40
0.125
  1

  7
WD
 41
0.7
 72
2
 11
-0.0625
 21
0.3542789046476642
 31
0.0
100
AcDbAttributeDefinition
  3

  2
DESC2
 70
0
  0
ATTDEF
  5
100
330
ED
100
AcDbEntity
  8
0
100
AcDbText
 10
-0.0625
 20
0.5105253318012193
 30
0.0
 40
0.125
  1

  7
WD
 41
0.7
 72
2
 11
-0.0625
 21
0.5105253318012193
 31
0.0
100
AcDbAttributeDefinition
  3

  2
DESC1
 70
0
  0
ATTDEF
  5
101
330
ED
100
AcDbEntity
  8
0
100
AcDbText
 10
-0.2708333333333334
 20
0.09375
 30
0.0
 40
0.125
  1
PJ
  7
WD
 72
2
 11
-0.0625
 21
0.09375
 31
0.0
100
AcDbAttributeDefinition
  3

  2
TAG1
 70
0
  0
ATTDEF
  5
102
330
ED
100
AcDbEntity
  8
0
  6
Continuous
100
AcDbText
 10
0.047
 20
-0.28125
 30
0.0
 40
0.125
  1
1
  7
WD
 11
0.047
 21
-0.15625
 31
0.0
100
AcDbAttributeDefinition
  3

  2
TERM01
 70
8
 74
3
  0
ATTDEF
  5
103
330
ED
100
AcDbEntity
  8
0
100
AcDbText
 10
0.0
 20
-0.09375
 30
0.0
 40
0.0125
  1

  7
WD
100
AcDbAttributeDefinition
  3

  2
X8TERM01
 70
1
  0
ATTDEF
  5
104
330
ED
100
AcDbEntity
  8
0
100
AcDbText
 10
0.0
 20
0.0625
 30
0.0
 40
0.0125
  1

  7
WD
100
AcDbAttributeDefinition
  3

  2
X2TERM02
 70
1
  0
ATTDEF
  5
105
330
ED
100
AcDbEntity
  8
0
  6
Continuous
100
AcDbText
 10
0.047
 20
0.0625
 30
0.0
 40
0.125
  1
1
  7
WD
100
AcDbAttributeDefinition
  3

  2
TERM02
 70
8
  0
ATTDEF
  5
106
330
ED
100
AcDbEntity
  8
0
100
AcDbText
 10
-0.131715111848772
 20
0.045025320458437
 30
0.0
 40
0.01
  1
VC0
  7
WD
100
AcDbAttributeDefinition
  3

  2
WDBLKNAM
 70
9
  0
ENDBLK
  5
EF
330
ED
100
AcDbEntity
  8
0
100
AcDbBlockEnd
  0
BLOCK
  5
108
330
107
100
AcDbEntity
  8
0
100
AcDbBlockBegin
  2
VFU1
 70
2
 10
0.0
 20
0.0
 30
0.0
  3
VFU1
  1

  0
LINE
  5
10A
330
107
100
AcDbEntity
  8
0
100
AcDbLine
 10
0.078125
 20
-0.1875
 30
0.0
 11
-0.078125
 21
-0.1875
 31
0.0
  0
LINE
  5
10B
330
107
100
AcDbEntity
  8
0
100
AcDbLine
 10
-0.078125
 20
-0.1875
 30
0.0
 11
-0.078125
 21
0.1875
 31
0.0
  0
LINE
  5
10C
330
107
100
AcDbEntity
  8
0
100
AcDbLine
 10
-0.078125
 20
0.1875
 30
0.0
 11
0.078125
 21
0.1875
 31
0.0
  0
LINE
  5
10D
330
107
100
AcDbEntity
  8
0
100
AcDbLine
 10
0.078125
 20
0.1875
 30
0.0
 11
0.078125
 21
-0.1875
 31
0.0
  0
LINE
  5
10E
330
107
100
AcDbEntity
  8
0
100
AcDbLine
 10
-0.078125
 20
-0.15625
 30
0.0
 11
0.078125
 21
-0.15625
 31
0.0
  0
LINE
  5
10F
330
107
100
AcDbEntity
  8
0
100
AcDbLine
 10
-0.078125
 20
0.15625
 30
0.0
 11
0.078125
 21
0.15625
 31
0.0
  0
ATTDEF
  5
110
330
107
100
AcDbEntity
  8
0
100
AcDbText
 10
0.2812499989574033
 20
-0.3749999992913386
 30
0.0
 40
0.0625
  1

  7
WD
 41
0.7
100
AcDbAttributeDefinition
  3

  2
DESC3
 70
0
  0
ATTDEF
  5
111
330
107
100
AcDbEntity
  8
0
100
AcDbText
 10
0.2812499989574033
 20
-0.290415342967703
 30
0.0
 40
0.0625
  1

  7
WD
 41
0.7
100
AcDbAttributeDefinition
  3

  2
DESC2
 70
0
  0
ATTDEF
  5
112
330
107
100
AcDbEntity
  8
0
100
AcDbText
 10
0.2812499989574033
 20
-0.1962550637799636
 30
0.0
 40
0.0625
  1

  7
WD
 41
0.7
100
AcDbAttributeDefinition
  3

  2
DESC1
 70
0
  0
ATTDEF
  5
113
330
107
100
AcDbEntity
  8
0
100
AcDbText
 10
0.28125
 20
0.162925
 30
0.0
 40
0.0625
  1

  7
WD
 41
0.7
100
AcDbAttributeDefinition
  3

  2
INST
 70
0
  0
ATTDEF
  5
114
330
107
100
AcDbEntity
  8
0
 62
7
100
AcDbText
 10
-0.125
 20
0.0
 30
0.0
 40
0.01
  1

  7
WD
100
AcDbAttributeDefinition
  3

  2
X4LINK
 70
0
  0
ATTDEF
  5
115
330
107
100
AcDbEntity
  8
0
 62
7
100
AcDbText
 10
0.140625
 20
0.0
 30
0.0
 40
0.01
  1

  7
WD
100
AcDbAttributeDefinition
  3

  2
X1LINK
 70
0
  0
ATTDEF
  5
116
330
107
100
AcDbEntity
  8
0
  6
Continuous
100
AcDbText
 10
-0.0984836324360505
 20
-0.1080596515661348
 30
0.0
 40
0.01
  1

  7
WD
 72
1
 11
-0.0984836324360505
 21
-0.1080596515661348
 31
0.0
100
AcDbAttributeDefinition
  3

  2
ASSYCODE
 70
9
  0
ATTDEF
  5
117
330
107
100
AcDbEntity
  8
0
100
AcDbText
 10
0.1581914379730698
 20
-0.0606249999999502
 30
0.0
 40
0.109375
  1
FU
  7
WD
 41
0.9
100
AcDbAttributeDefinition
  3

  2
TAG1
 70
0
  0
ATTDEF
  5
118
330
107
100
AcDbEntity
  8
0
100
AcDbText
 10
0.28125
 20
0.078125
 30
0.0
 40
0.0625
  1

  7
WD
 41
0.7
100
AcDbAttributeDefinition
  3

  2
LOC
 70
0
  0
ATTDEF
  5
119
330
107
100
AcDbEntity
  8
0
  6
Continuous
100
AcDbText
 10
-0.0549703791556545
 20
0.2066266160049203
 30
0.0
 40
0.0625
  1

  7
WD
 72
2
 11
-0.0549703791556545
 21
0.2066266160049203
 31
0.0
100
AcDbAttributeDefinition
  3

  2
TERM01
 70
8
  0
ATTDEF
  5
11A
330
107
100
AcDbEntity
  8
0
  6
Continuous
100
AcDbText
 10
-0.0407012216079946
 20
-0.2759470306509962
 30
0.0
 40
0.0625
  1

  7
WD
 72
2
 11
-0.0407012216079946
 21
-0.2134470306509962
 31
0.0
100
AcDbAttributeDefinition
  3

  2
TERM02
 70
8
 74
3
  0
ATTDEF
  5
11B
330
107
100
AcDbEntity
  8
0
 62
7
100
AcDbText
 10
0.0
 20
0.1875
 30
0.0
 40
0.0109375
  1

  7
WD
100
AcDbAttributeDefinition
  3

  2
X2TERM01
 70
1
  0
ATTDEF
  5
11C
330
107
100
AcDbEntity
  8
0
 62
7
100
AcDbText
 10
0.0
 20
-0.1875
 30
0.0
 40
0.0109375
  1

  7
WD
100
AcDbAttributeDefinition
  3

  2
X8TERM02
 70
1
  0
ATTDEF
  5
11D
330
107
100
AcDbEntity
  8
0
100
AcDbText
 10
-0.0962835856596718
 20
-0.0364595424723361
 30
0.0
 40
0.01
  1
FU
  7
WD
 72
2
 11
-0.0796169189930052
 21
-0.0364595424723361
 31
0.0
100
AcDbAttributeDefinition
  3

  2
FAMILY
 70
9
  0
ATTDEF
  5
11E
330
107
100
AcDbEntity
  8
0
  6
Continuous
100
AcDbText
 10
-0.0796169189930052
 20
-0.0731262091390027
 30
0.0
 40
0.01
  1

  7
WD
 72
2
 11
-0.0796169189930052
 21
-0.0731262091390027
 31
0.0
100
AcDbAttributeDefinition
  3

  2
CAT
 70
9
  0
ATTDEF
  5
11F
330
107
100
AcDbEntity
  8
0
  6
Continuous
100
AcDbText
 10
-0.0796169189930052
 20
-0.0881262091390027
 30
0.0
 40
0.01
  1

  7
WD
 72
2
 11
-0.0796169189930052
 21
-0.0881262091390027
 31
0.0
100
AcDbAttributeDefinition
  3

  2
MFG
 70
9
  0
ATTDEF
  5
120
330
107
100
AcDbEntity
  8
0
100
AcDbText
 10
0.046875
 20
0.0
 30
0.0
 40
0.09375
  1

 50
90.0
  7
WD
 41
0.7
 72
1
 11
0.0
 21
0.0
 31
0.0
100
AcDbAttributeDefinition
  3

  2
RATING1
 70
0
 74
2
  0
ENDBLK
  5
109
330
107
100
AcDbEntity
  8
0
100
AcDbBlockEnd
  0
BLOCK
  5
122
330
121
100
AcDbEntity
  8
0
100
AcDbBlockBegin
  2
VXF1CT
 70
2
 10
0.0
 20
0.0
 30
0.0
  3
VXF1CT
  1

  0
ARC
  5
124
330
121
100
AcDbEntity
  8
0
100
AcDbCircle
 10
-0.34375
 20
-0.125
 30
0.0
 40
0.125
100
AcDbArc
 50
90.0
 51
270.0
  0
ARC
  5
125
330
121
100
AcDbEntity
  8
0
100
AcDbCircle
 10
-0.34375
 20
0.125
 30
0.0
 40
0.125
100
AcDbArc
 50
90.0
 51
270.0
  0
LINE
  5
126
330
121
100
AcDbEntity
  8
0
100
AcDbLine
 10
-0.34375
 20
0.0
 30
0.0
 11
-0.28125
 21
0.0
 31
0.0
  0
LINE
  5
127
330
121
100
AcDbEntity
  8
0
100
AcDbLine
 10
-0.34375
 20
-0.25
 30
0.0
 11
-0.0321974015839574
 21
-0.25
 31
0.0
  0
LINE
  5
128
330
121
100
AcDbEntity
  8
0
100
AcDbLine
 10
-0.34375
 20
0.25
 30
0.0
 11
-0.0321974015839574
 21
0.25
 31
0.0
  0
CIRCLE
  5
129
330
121
100
AcDbEntity
  8
0
100
AcDbCircle
 10
0.0
 20
0.2490382372998621
 30
0.0
 40
0.032211762700138
  0
CIRCLE
  5
12A
330
121
100
AcDbEntity
  8
0
100
AcDbCircle
 10
0.0
 20
-0.2490382372998621
 30
0.0
 40
0.032211762700138
  0
ATTDEF
  5
12B
330
121
100
AcDbEntity
  8
0
100
AcDbText
 10
-0.2270833333333333
 20
-0.421875
 30
0.0
 40
0.125
  1

  7
WD
 41
0.7
 72
1
 11
-0.2270833333333333
 21
-0.421875
 31
0.0
100
AcDbAttributeDefinition
  3

  2
INST
 70
0
  0
ATTDEF
  5
12C
330
121
100
AcDbEntity
  8
0
100
AcDbText
 10
0.0
 20
-0.2831735254002758
 30
0.0
 40
0.0125
  1

  7
WD
100
AcDbAttributeDefinition
  3

  2
X8TERM01
 70
1
  0
ATTDEF
  5
12D
330
121
100
AcDbEntity
  8
0
100
AcDbText
 10
0.0322117627001379
 20
-0.2509617627001379
 30
0.0
 40
0.0125
  1

  7
WD
100
AcDbAttributeDefinition
  3

  2
X1TERM01
 70
1
  0
ATTDEF
  5
12E
330
121
100
AcDbEntity
  8
0
  6
Continuous
100
AcDbText
 10
-0.0549378303809576
 20
-0.2305439677362169
 30
0.0
 40
0.125
  1

  7
WD
 72
2
 11
-0.0549378303809576
 21
-0.2305439677362169
 31
0.0
100
AcDbAttributeDefinition
  3

  2
TERM01
 70
8
  0
ATTDEF
  5
12F
330
121
100
AcDbEntity
  8
0
  6
Continuous
100
AcDbText
 10
-0.0449930830489329
 20
0.2669657848838338
 30
0.0
 40
0.125
  1

  7
WD
 72
2
 11
-0.0449930830489329
 21
0.2669657848838338
 31
0.0
100
AcDbAttributeDefinition
  3

  2
TERM02
 70
8
  0
ATTDEF
  5
130
330
121
100
AcDbEntity
  8
0
100
AcDbText
 10
0.0322117627001379
 20
0.2490382372998621
 30
0.0
 40
0.0125
  1

  7
WD
100
AcDbAttributeDefinition
  3

  2
X1TERM02
 70
1
  0
ATTDEF
  5
131
330
121
100
AcDbEntity
  8
0
100
AcDbText
 10
0.0
 20
0.28125
 30
0.0
 40
0.0125
  1

  7
WD
100
AcDbAttributeDefinition
  3

  2
X2TERM02
 70
1
  0
ATTDEF
  5
132
330
121
100
AcDbEntity
  8
0
100
AcDbText
 10
0.28125
 20
-0.125
 30
0.0
 40
0.125
  1

  7
WD
 41
0.7
100
AcDbAttributeDefinition
  3

  2
RATING1
 70
0
  0
ATTDEF
  5
133
330
121
100
AcDbEntity
  8
0
100
AcDbText
 10
0.28125
 20
0.03125
 30
0.0
 40
0.125
  1
XF
  7
WD
100
AcDbAttributeDefinition
  3

  2
TAG1
 70
0
  0
ATTDEF
  5
134
330
121
100
AcDbEntity
  8
0
100
AcDbText
 10
-0.200529377727209
 20
-0.7572946681987807
 30
0.0
 40
0.125
  1

  7
WD
 41
0.7
 72
1
 11
-0.200529377727209
 21
-0.7572946681987807
 31
0.0
100
AcDbAttributeDefinition
  3

  2
DESC1
 70
0
  0
ATTDEF
  5
135
330
121
100
AcDbEntity
  8
0
100
AcDbText
 10
-0.200529377727209
 20
-0.913541095352336
 30
0.0
 40
0.125
  1

  7
WD
 41
0.7
 72
1
 11
-0.200529377727209
 21
-0.913541095352336
 31
0.0
100
AcDbAttributeDefinition
  3

  2
DESC2
 70
0
  0
ATTDEF
  5
136
330
121
100
AcDbEntity
  8
0
100
AcDbText
 10
-0.200529377727209
 20
-0.601048241045226
 30
0.0
 40
0.125
  1

  7
WD
 41
0.7
 72
1
 11
-0.200529377727209
 21
-0.601048241045226
 31
0.0
100
AcDbAttributeDefinition
  3

  2
LOC
 70
0
  0
ATTDEF
  5
137
330
121
100
AcDbEntity
  8
0
  6
Continuous
100
AcDbText
 10
-0.1709301751010279
 20
0.1189553503863717
 30
0.0
 40
0.01
  1

  7
WD
 72
1
 11
-0.1709301751010279
 21
0.1189553503863717
 31
0.0
100
AcDbAttributeDefinition
  3

  2
ASSYCODE
 70
9
  0
ATTDEF
  5
138
330
121
100
AcDbEntity
  8
0
100
AcDbText
 10
-0.1927083333333333
 20
-0.046875
 30
0.0
 40
0.125
  1
C.T.
  7
WD
 72
1
 11
-0.046875
 21
-0.046875
 31
0.0
100
AcDbAttributeDefinition
  3

  2
TYPE
 70
0
  0
ATTDEF
  5
139
330
121
100
AcDbEntity
  8
0
100
AcDbText
 10
-0.1958072240996325
 20
0.1906902937183689
 30
0.0
 40
0.01
  1
XF
  7
WD
100
AcDbAttributeDefinition
  3

  2
FAMILY
 70
9
  0
ATTDEF
  5
13A
330
121
100
AcDbEntity
  8
0
  6
Continuous
100
AcDbText
 10
-0.1707539581612827
 20
0.1621388778586058
 30
0.0
 40
0.01
  1

  7
WD
 72
1
 11
-0.1707539581612827
 21
0.1621388778586058
 31
0.0
100
AcDbAttributeDefinition
  3

  2
CAT
 70
9
  0
ATTDEF
  5
13B
330
121
100
AcDbEntity
  8
0
  6
Continuous
100
AcDbText
 10
-0.1726990038012013
 20
0.1426971241511551
 30
0.0
 40
0.01
  1

  7
WD
 72
1
 11
-0.1726990038012013
 21
0.1426971241511551
 31
0.0
100
AcDbAttributeDefinition
  3

  2
MFG
 70
9
  0
ENDBLK
  5
123
330
121
100
AcDbEntity
  8
0
100
AcDbBlockEnd
  0
BLOCK
  5
13D
330
13C
100
AcDbEntity
  8
0
100
AcDbBlockBegin
  2
VXF1T1_1-
 70
2
 10
0.0
 20
0.0
 30
0.0
  3
VXF1T1_1-
  1

  0
ATTDEF
  5
13F
330
13C
100
AcDbEntity
  8
0
100
AcDbText
 10
0.203125
 20
0.28125
 30
0.0
 40
0.125
  1

  7
WD
 41
0.85
100
AcDbAttributeDefinition
  3

  2
INST
 70
0
  0
ATTDEF
  5
140
330
13C
100
AcDbEntity
  8
0
  6
Continuous
100
AcDbText
 10
-0.2157796356183921
 20
-0.0905248358372156
 30
0.0
 40
0.01
  1

  7
WD
 72
1
 11
-0.2157796356183921
 21
-0.0905248358372156
 31
0.0
100
AcDbAttributeDefinition
  3

  2
ASSYCODE
 70
9
  0
ATTDEF
  5
141
330
13C
100
AcDbEntity
  8
0
100
AcDbText
 10
-0.28125
 20
0.03125
 30
0.0
 40
0.125
  1

  7
WD
 41
0.85
 72
2
 11
-0.28125
 21
0.03125
 31
0.0
100
AcDbAttributeDefinition
  3

  2
RATING1
 70
0
  0
ATTDEF
  5
142
330
13C
100
AcDbEntity
  8
0
100
AcDbText
 10
0.203125
 20
-0.40625
 30
0.0
 40
0.125
  1

  7
WD
 41
0.85
100
AcDbAttributeDefinition
  3

  2
DESC2
 70
0
  0
ATTDEF
  5
143
330
13C
100
AcDbEntity
  8
0
100
AcDbText
 10
0.203125
 20
-0.234375
 30
0.0
 40
0.125
  1

  7
WD
 41
0.85
100
AcDbAttributeDefinition
  3

  2
DESC1
 70
0
  0
ATTDEF
  5
144
330
13C
100
AcDbEntity
  8
0
100
AcDbText
 10
0.2050664379730698
 20
-0.0606249999999502
 30
0.0
 40
0.125
  1
XF
  7
WD
 41
0.85
100
AcDbAttributeDefinition
  3

  2
TAG1
 70
0
  0
ATTDEF
  5
145
330
13C
100
AcDbEntity
  8
0
100
AcDbText
 10
0.203125
 20
0.109375
 30
0.0
 40
0.125
  1

  7
WD
 41
0.85
100
AcDbAttributeDefinition
  3

  2
LOC
 70
0
  0
ATTDEF
  5
146
330
13C
100
AcDbEntity
  8
0
  6
Continuous
100
AcDbText
 10
-0.2046169189930051
 20
-0.0725012091390027
 30
0.0
 40
0.01
  1

  7
WD
 72
2
 11
-0.2046169189930051
 21
-0.0725012091390027
 31
0.0
100
AcDbAttributeDefinition
  3

  2
MFG
 70
9
  0
ATTDEF
  5
147
330
13C
100
AcDbEntity
  8
0
  6
Continuous
100
AcDbText
 10
-0.2046169189930051
 20
-0.0575012091390027
 30
0.0
 40
0.01
  1

  7
WD
 72
2
 11
-0.2046169189930051
 21
-0.0575012091390027
 31
0.0
100
AcDbAttributeDefinition
  3

  2
CAT
 70
9
  0
ATTDEF
  5
148
330
13C
100
AcDbEntity
  8
0
100
AcDbText
 10
-0.2212835856596718
 20
-0.0208345424723361
 30
0.0
 40
0.01
  1
XF
  7
WD
 72
2
 11
-0.2046169189930051
 21
-0.0208345424723361
 31
0.0
100
AcDbAttributeDefinition
  3

  2
FAMILY
 70
9
  0
ATTDEF
  5
149
330
13C
100
AcDbEntity
  8
0
 62
7
100
AcDbText
 10
0.0
 20
-0.15625
 30
0.0
 40
0.0125
  1

  7
WD
100
AcDbAttributeDefinition
  3

  2
X8TERM02
 70
1
  0
ATTDEF
  5
14A
330
13C
100
AcDbEntity
  8
0
 62
7
100
AcDbText
 10
0.0
 20
0.15625
 30
0.0
 40
0.0125
  1

  7
WD
100
AcDbAttributeDefinition
  3

  2
X2TERM01
 70
1
  0
ATTDEF
  5
14B
330
13C
100
AcDbEntity
  8
0
  6
Continuous
100
AcDbText
 10
-0.0407012216079947
 20
-0.3384470306509963
 30
0.0
 40
0.125
  1

  7
WD
 41
0.85
 72
2
 11
-0.0407012216079947
 21
-0.2134470306509962
 31
0.0
100
AcDbAttributeDefinition
  3

  2
TERM02
 70
8
 74
3
  0
ATTDEF
  5
14C
330
13C
100
AcDbEntity
  8
0
  6
Continuous
100
AcDbText
 10
-0.0549703791556545
 20
0.2378766160049203
 30
0.0
 40
0.125
  1

  7
WD
 41
0.85
 72
2
 11
-0.0549703791556545
 21
0.2378766160049203
 31
0.0
100
AcDbAttributeDefinition
  3

  2
TERM01
 70
8
  0
ATTDEF
  5
14D
330
13C
100
AcDbEntity
  8
0
100
AcDbText
 10
-0.2046169189930051
 20
-0.137611882760555
 30
0.0
 40
0.01
  1
1-
  7
WD
 72
2
 11
-0.1912835856596718
 21
-0.137611882760555
 31
0.0
100
AcDbAttributeDefinition
  3

  2
WDTYPE
 70
9
  0
ATTDEF
  5
14E
330
13C
100
AcDbEntity
  8
0
100
AcDbText
 10
0.203125
 20
-0.578125
 30
0.0
 40
0.125
  1

  7
WD
 41
0.85
100
AcDbAttributeDefinition
  3

  2
DESC3
 70
0
  0
ATTDEF
  5
14F
330
13C
100
AcDbEntity
  8
0
100
AcDbText
 10
-0.1912835856596718
 20
-0.153236882760555
 30
0.0
 40
0.01
  1

  7
WD
 72
2
 11
-0.1912835856596718
 21
-0.153236882760555
 31
0.0
100
AcDbAttributeDefinition
  3

  2
WDBLKNAM
 70
9
  0
ATTDEF
  5
150
330
13C
100
AcDbEntity
  8
0
100
AcDbText
 10
-0.28125
 20
-0.140625
 30
0.0
 40
0.125
  1

  7
WD
 41
0.85
 72
2
 11
-0.28125
 21
-0.140625
 31
0.0
100
AcDbAttributeDefinition
  3

  2
RATING2
 70
0
  0
LWPOLYLINE
  5
151
330
13C
100
AcDbEntity
  8
0
100
AcDbPolyline
 90
2
 70
0
 43
0.0125
 10
-0.140625
 20
-0.015625
 10
0.140625
 20
-0.015625
  0
LWPOLYLINE
  5
152
330
13C
100
AcDbEntity
  8
0
100
AcDbPolyline
 90
2
 70
0
 43
0.0125
 10
-0.140625
 20
0.015625
 10
0.140625
 20
0.015625
  0
LWPOLYLINE
  5
153
330
13C
100
AcDbEntity
  8
0
100
AcDbPolyline
 90
2
 70
0
 43
0.0125
 10
4.9993274214e-06
 20
-0.1249986216425859
 42
1.000008755414071
 10
-0.1562450006121466
 20
-0.1250027463848736
  0
LWPOLYLINE
  5
154
330
13C
100
AcDbEntity
  8
0
100
AcDbPolyline
 90
2
 70
0
 43
0.0125
 10
0.1562450006482603
 20
-0.1249986216425859
 42
1.000008755414071
 10
-4.9992913077e-06
 20
-0.1250027463848736
  0
LWPOLYLINE
  5
155
330
13C
100
AcDbEntity
  8
0
100
AcDbPolyline
 90
2
 70
0
 43
0.0125
 10
0.15625
 20
-0.15625
 10
0.15625
 20
-0.125
  0
LWPOLYLINE
  5
156
330
13C
100
AcDbEntity
  8
0
100
AcDbPolyline
 90
2
 70
0
 43
0.0125
 10
0.0
 20
-0.15625
 10
0.0
 20
-0.125
  0
LWPOLYLINE
  5
157
330
13C
100
AcDbEntity
  8
0
100
AcDbPolyline
 90
2
 70
0
 43
0.0125
 10
-0.15625
 20
-0.15625
 10
-0.15625
 20
-0.125
  0
LWPOLYLINE
  5
158
330
13C
100
AcDbEntity
  8
0
100
AcDbPolyline
 90
2
 70
0
 43
0.0125
 10
-0.15625
 20
0.15625
 10
-0.15625
 20
0.125
  0
LWPOLYLINE
  5
159
330
13C
100
AcDbEntity
  8
0
100
AcDbPolyline
 90
2
 70
0
 43
0.0125
 10
-0.1562450006604195
 20
0.125
 42
1.000009054788699
 10
4.9993267698e-06
 20
0.125001414804329
  0
LWPOLYLINE
  5
15A
330
13C
100
AcDbEntity
  8
0
100
AcDbPolyline
 90
2
 70
0
 43
0.0125
 10
0.0
 20
0.15625
 10
0.0
 20
0.125
  0
LWPOLYLINE
  5
15B
330
13C
100
AcDbEntity
  8
0
100
AcDbPolyline
 90
2
 70
0
 43
0.0125
 10
-4.9993395805e-06
 20
0.125
 42
1.000009054788699
 10
0.1562450006476088
 20
0.125001414804329
  0
LWPOLYLINE
  5
15C
330
13C
100
AcDbEntity
  8
0
100
AcDbPolyline
 90
2
 70
0
 43
0.0125
 10
0.15625
 20
0.15625
 10
0.15625
 20
0.125
  0
ENDBLK
  5
13E
330
13C
100
AcDbEntity
  8
0
100
AcDbBlockEnd
  0
BLOCK
  5
15E
330
15D
100
AcDbEntity
  8
0
100
AcDbBlockBegin
  2
WDDOT
 70
0
 10
0.0
 20
0.0
 30
0.0
  3
WDDOT
  1

  0
CIRCLE
  5
160
330
15D
100
AcDbEntity
  8
0
100
AcDbCircle
 10
0.0
 20
0.0
 30
0.0
 40
0.0300000000000003
  0
CIRCLE
  5
161
330
15D
100
AcDbEntity
  8
0
100
AcDbCircle
 10
0.0
 20
0.0
 30
0.0
 40
0.0187012496499282
  0
CIRCLE
  5
162
330
15D
100
AcDbEntity
  8
0
100
AcDbCircle
 10
0.0
 20
0.0
 30
0.0
 40
0.0092948236686489
  0
ENDBLK
  5
15F
330
15D
100
AcDbEntity
  8
0
100
AcDbBlockEnd
  0
ENDSEC
  0
SECTION
  2
ENTITIES
  0
LWPOLYLINE
  5
164
330
17
100
AcDbEntity
  8
SLD_CUBICLE
100
AcDbPolyline
 90
4
 70
1
 10
0.243
 20
18.281
 10
3.8529999999999998
 20
18.281
 10
3.8529999999999998
 20
4.231
 10
0.243
 20
4.231
  0
LWPOLYLINE
  5
165
330
17
100
AcDbEntity
  8
SLD_CUBICLE
100
AcDbPolyline
 90
4
 70
1
 10
3.8529999999999998
 20
18.281
 10
7.462999999999999
 20
18.281
 10
7.462999999999999
 20
4.231
 10
3.8529999999999998
 20
4.231
  0
LWPOLYLINE
  5
166
330
17
100
AcDbEntity
  8
SLD_CUBICLE
100
AcDbPolyline
 90
4
 70
1
 10
7.463
 20
18.281
 10
11.073
 20
18.281
 10
11.073
 20
4.231
 10
7.463
 20
4.231
  0
LWPOLYLINE
  5
167
330
17
100
AcDbEntity
  8
SLD_CUBICLE
100
AcDbPolyline
 90
4
 70
1
 10
11.073
 20
18.281
 10
14.683
 20
18.281
 10
14.683
 20
4.231
 10
11.073
 20
4.231
  0
LWPOLYLINE
  5
168
330
17
100
AcDbEntity
  8
SLD_CUBICLE
100
AcDbPolyline
 90
4
 70
1
 10
14.683
 20
18.281
 10
18.293
 20
18.281
 10
18.293
 20
4.231
 10
14.683
 20
4.231
  0
LWPOLYLINE
  5
169
330
17
100
AcDbEntity
  8
SLD_CUBICLE
100
AcDbPolyline
 90
4
 70
1
 10
18.293
 20
18.281
 10
21.903
 20
18.281
 10
21.903
 20
4.231
 10
18.293
 20
4.231
  0
LINE
  5
16A
330
17
100
AcDbEntity
  8
SLD_BUS
100
AcDbLine
 10
1.577
 20
12.609
 30
0.0
 11
6.241
 21
12.609
 31
0.0
  0
ARC
  5
16B
330
17
100
AcDbEntity
  8
SLD_BUS
100
AcDbCircle
 10
6.2909999999999995
 20
12.609
 30
0.0
 40
0.05
100
AcDbArc
 50
0.0
 51
180.0
  0
LINE
  5
16C
330
17
100
AcDbEntity
  8
SLD_BUS
100
AcDbLine
 10
6.340999999999999
 20
12.609
 30
0.0
 11
9.850999999999999
 21
12.609
 31
0.0
  0
ARC
  5
16D
330
17
100
AcDbEntity
  8
SLD_BUS
100
AcDbCircle
 10
9.901
 20
12.609
 30
0.0
 40
0.05
100
AcDbArc
 50
0.0
 51
180.0
  0
LINE
  5
16E
330
17
100
AcDbEntity
  8
SLD_BUS
100
AcDbLine
 10
9.951
 20
12.609
 30
0.0
 11
13.460999999999999
 21
12.609
 31
0.0
  0
ARC
  5
16F
330
17
100
AcDbEntity
  8
SLD_BUS
100
AcDbCircle
 10
13.511
 20
12.609
 30
0.0
 40
0.05
100
AcDbArc
 50
0.0
 51
180.0
  0
LINE
  5
170
330
17
100
AcDbEntity
  8
SLD_BUS
100
AcDbLine
 10
13.561
 20
12.609
 30
0.0
 11
17.070999999999998
 21
12.609
 31
0.0
  0
ARC
  5
171
330
17
100
AcDbEntity
  8
SLD_BUS
100
AcDbCircle
 10
17.121
 20
12.609
 30
0.0
 40
0.05
100
AcDbArc
 50
0.0
 51
180.0
  0
LINE
  5
172
330
17
100
AcDbEntity
  8
SLD_BUS
100
AcDbLine
 10
17.171
 20
12.609
 30
0.0
 11
19.316
 21
12.609
 31
0.0
  0
LINE
  5
173
330
17
100
AcDbEntity
  8
SLD_WIRE
100
AcDbLine
 10
1.577
 20
12.609
 30
0.0
 11
1.577
 21
11.1916
 31
0.0
  0
LINE
  5
174
330
17
100
AcDbEntity
  8
SLD_WIRE
100
AcDbLine
 10
1.577
 20
11.0353
 30
0.0
 11
1.577
 21
10.6065
 31
0.0
  0
LINE
  5
175
330
17
100
AcDbEntity
  8
SLD_WIRE
100
AcDbLine
 10
1.577
 20
9.6859
 30
0.0
 11
1.577
 21
9.3303
 31
0.0
  0
LINE
  5
176
330
17
100
AcDbEntity
  8
SLD_WIRE
100
AcDbLine
 10
1.577
 20
9.174
 30
0.0
 11
1.577
 21
3.8927
 31
0.0
  0
MTEXT
  5
177
330
17
100
AcDbEntity
  8
SLD_TEXT
100
AcDbMText
 10
0.9219999999999999
 20
12.825
 30
0.0
 40
0.1
 41
0.0
 71
1
  1
BUS A, 2000A, 37KAIC,3PH,13.8kV
  0
INSERT
  5
178
330
17
100
AcDbEntity
  8
SLD_SYMS
100
AcDbBlockReference
  2
WDDOT
 10
2.1562
 20
12.6085
 30
0.0
  0
INSERT
  5
17A
330
17
100
AcDbEntity
  8
SLD_SYMS
100
AcDbBlockReference
 66
1
  2
VXF1T1_1-
 10
2.1562
 20
12.2286
 30
0.0
  0
ATTRIB
  5
17C
330
17
100
AcDbEntity
  8
0
100
AcDbText
 10
2.359325
 20
12.50985
 30
0.0
 40
0.125
  1

  7
WD
 41
0.85
 11
2.359325
 21
12.50985
 31
0.0
100
AcDbAttribute
  2
INST
 70
1
  0
ATTRIB
  5
17D
330
17
100
AcDbEntity
  8
0
  6
Continuous
100
AcDbText
 10
1.940420364381608
 20
12.138075164162785
 30
0.0
 40
0.01
  1

  7
WD
 72
1
 11
1.940420364381608
 21
12.138075164162785
 31
0.0
100
AcDbAttribute
  2
ASSYCODE
 70
9
  0
ATTRIB
  5
17E
330
17
100
AcDbEntity
  8
0
100
AcDbText
 10
1.8749500000000001
 20
12.25985
 30
0.0
 40
0.125
  1

  7
WD
 41
0.85
 72
2
 11
1.8749500000000001
 21
12.25985
 31
0.0
100
AcDbAttribute
  2
RATING1
 70
1
  0
ATTRIB
  5
17F
330
17
100
AcDbEntity
  8
0
100
AcDbText
 10
2.3628
 20
12.1425
 30
0.0
 40
0.125
  1
PT (3)
  7
WD
 41
0.85
 11
2.3628
 21
12.1425
 31
0.0
100
AcDbAttribute
  2
DESC2
 70
0
  0
ATTRIB
  5
180
330
17
100
AcDbEntity
  8
0
100
AcDbText
 10
2.3586
 20
12.3081
 30
0.0
 40
0.125
  1
BUS A
  7
WD
 41
0.85
 11
2.3586
 21
12.3081
 31
0.0
100
AcDbAttribute
  2
DESC1
 70
0
  0
ATTRIB
  5
181
330
17
100
AcDbEntity
  8
0
100
AcDbText
 10
2.36126643797307
 20
12.16797500000005
 30
0.0
 40
0.125
  1

  7
WD
 41
0.85
 11
2.36126643797307
 21
12.16797500000005
 31
0.0
100
AcDbAttribute
  2
TAG1
 70
1
  0
ATTRIB
  5
182
330
17
100
AcDbEntity
  8
0
100
AcDbText
 10
2.359325
 20
12.337975
 30
0.0
 40
0.125
  1

  7
WD
 41
0.85
 11
2.359325
 21
12.337975
 31
0.0
100
AcDbAttribute
  2
LOC
 70
1
  0
ATTRIB
  5
183
330
17
100
AcDbEntity
  8
0
  6
Continuous
100
AcDbText
 10
1.951583081006995
 20
12.156098790860998
 30
0.0
 40
0.01
  1

  7
WD
 72
2
 11
1.951583081006995
 21
12.156098790860998
 31
0.0
100
AcDbAttribute
  2
MFG
 70
9
  0
ATTRIB
  5
184
330
17
100
AcDbEntity
  8
0
  6
Continuous
100
AcDbText
 10
1.951583081006995
 20
12.171098790860997
 30
0.0
 40
0.01
  1

  7
WD
 72
2
 11
1.951583081006995
 21
12.171098790860997
 31
0.0
100
AcDbAttribute
  2
CAT
 70
9
  0
ATTRIB
  5
185
330
17
100
AcDbEntity
  8
0
100
AcDbText
 10
1.9349164143403284
 20
12.207765457527664
 30
0.0
 40
0.01
  1

  7
WD
 72
2
 11
1.951583081006995
 21
12.207765457527664
 31
0.0
100
AcDbAttribute
  2
FAMILY
 70
9
  0
ATTRIB
  5
186
330
17
100
AcDbEntity
  8
0
 62
7
100
AcDbText
 10
2.1562
 20
12.07235
 30
0.0
 40
0.0125
  1

  7
WD
 11
2.1562
 21
12.07235
 31
0.0
100
AcDbAttribute
  2
X8TERM02
 70
1
  0
ATTRIB
  5
187
330
17
100
AcDbEntity
  8
0
 62
7
100
AcDbText
 10
2.1562
 20
12.38485
 30
0.0
 40
0.0125
  1

  7
WD
 11
2.1562
 21
12.38485
 31
0.0
100
AcDbAttribute
  2
X2TERM01
 70
1
  0
ATTRIB
  5
188
330
17
100
AcDbEntity
  8
0
  6
Continuous
100
AcDbText
 10
2.1154987783920056
 20
11.890152969349003
 30
0.0
 40
0.125
  1

  7
WD
 41
0.85
 72
2
 11
2.1154987783920056
 21
12.015152969349003
 31
0.0
100
AcDbAttribute
  2
TERM02
 70
9
 74
3
  0
ATTRIB
  5
189
330
17
100
AcDbEntity
  8
0
  6
Continuous
100
AcDbText
 10
2.1012296208443457
 20
12.46647661600492
 30
0.0
 40
0.125
  1

  7
WD
 41
0.85
 72
2
 11
2.1012296208443457
 21
12.46647661600492
 31
0.0
100
AcDbAttribute
  2
TERM01
 70
9
  0
ATTRIB
  5
18A
330
17
100
AcDbEntity
  8
0
100
AcDbText
 10
1.951583081006995
 20
12.090988117239446
 30
0.0
 40
0.01
  1

  7
WD
 72
2
 11
1.9649164143403284
 21
12.090988117239446
 31
0.0
100
AcDbAttribute
  2
WDTYPE
 70
9
  0
ATTRIB
  5
18B
330
17
100
AcDbEntity
  8
0
100
AcDbText
 10
2.3623000000000003
 20
11.9744
 30
0.0
 40
0.125
  1
14.4kV/120V
  7
WD
 41
0.85
 11
2.3623000000000003
 21
11.9744
 31
0.0
100
AcDbAttribute
  2
DESC3
 70
0
  0
ATTRIB
  5
18C
330
17
100
AcDbEntity
  8
0
100
AcDbText
 10
1.9649164143403284
 20
12.075363117239446
 30
0.0
 40
0.01
  1

  7
WD
 72
2
 11
1.9649164143403284
 21
12.075363117239446
 31
0.0
100
AcDbAttribute
  2
WDBLKNAM
 70
9
  0
ATTRIB
  5
18D
330
17
100
AcDbEntity
  8
0
100
AcDbText
 10
1.8749500000000001
 20
12.087975
 30
0.0
 40
0.125
  1

  7
WD
 41
0.85
 72
2
 11
1.8749500000000001
 21
12.087975
 31
0.0
100
AcDbAttribute
  2
RATING2
 70
1
  0
SEQEND
  5
17B
330
17A
100
AcDbEntity
  8
SLD_SYMS
  0
INSERT
  5
18E
330
17
100
AcDbEntity
  8
SLD_SYMS
100
AcDbBlockReference
 66
1
  2
VFU1
 10
2.1562
 20
11.729
 30
0.0
  0
ATTRIB
  5
190
330
17
100
AcDbEntity
  8
0
100
AcDbText
 10
2.4374499989574034
 20
11.35400000070866
 30
0.0
 40
0.0625
  1

  7
WD
 41
0.7
 11
2.4374499989574034
 21
11.35400000070866
 31
0.0
100
AcDbAttribute
  2
DESC3
 70
1
  0
ATTRIB
  5
191
330
17
100
AcDbEntity
  8
0
100
AcDbText
 10
2.4374499989574034
 20
11.438584657032296
 30
0.0
 40
0.0625
  1

  7
WD
 41
0.7
 11
2.4374499989574034
 21
11.438584657032296
 31
0.0
100
AcDbAttribute
  2
DESC2
 70
1
  0
ATTRIB
  5
192
330
17
100
AcDbEntity
  8
0
100
AcDbText
 10
2.4374499989574034
 20
11.532744936220036
 30
0.0
 40
0.0625
  1

  7
WD
 41
0.7
 11
2.4374499989574034
 21
11.532744936220036
 31
0.0
100
AcDbAttribute
  2
DESC1
 70
1
  0
ATTRIB
  5
193
330
17
100
AcDbEntity
  8
0
100
AcDbText
 10
2.43745
 20
11.891924999999999
 30
0.0
 40
0.0625
  1

  7
WD
 41
0.7
 11
2.43745
 21
11.891924999999999
 31
0.0
100
AcDbAttribute
  2
INST
 70
1
  0
ATTRIB
  5
194
330
17
100
AcDbEntity
  8
0
 62
7
100
AcDbText
 10
2.0312
 20
11.729
 30
0.0
 40
0.01
  1

  7
WD
 11
2.0312
 21
11.729
 31
0.0
100
AcDbAttribute
  2
X4LINK
 70
1
  0
ATTRIB
  5
195
330
17
100
AcDbEntity
  8
0
 62
7
100
AcDbText
 10
2.296825
 20
11.729
 30
0.0
 40
0.01
  1

  7
WD
 11
2.296825
 21
11.729
 31
0.0
100
AcDbAttribute
  2
X1LINK
 70
1
  0
ATTRIB
  5
196
330
17
100
AcDbEntity
  8
0
  6
Continuous
100
AcDbText
 10
2.0577163675639496
 20
11.620940348433864
 30
0.0
 40
0.01
  1

  7
WD
 72
1
 11
2.0577163675639496
 21
11.620940348433864
 31
0.0
100
AcDbAttribute
  2
ASSYCODE
 70
9
  0
ATTRIB
  5
197
330
17
100
AcDbEntity
  8
0
100
AcDbText
 10
2.31439143797307
 20
11.668375000000049
 30
0.0
 40
0.109375
  1

  7
WD
 41
0.9
 11
2.31439143797307
 21
11.668375000000049
 31
0.0
100
AcDbAttribute
  2
TAG1
 70
1
  0
ATTRIB
  5
198
330
17
100
AcDbEntity
  8
0
100
AcDbText
 10
2.43745
 20
11.807125
 30
0.0
 40
0.0625
  1

  7
WD
 41
0.7
 11
2.43745
 21
11.807125
 31
0.0
100
AcDbAttribute
  2
LOC
 70
1
  0
ATTRIB
  5
199
330
17
100
AcDbEntity
  8
0
  6
Continuous
100
AcDbText
 10
2.1012296208443457
 20
11.93562661600492
 30
0.0
 40
0.0625
  1

  7
WD
 72
2
 11
2.1012296208443457
 21
11.93562661600492
 31
0.0
100
AcDbAttribute
  2
TERM01
 70
9
  0
ATTRIB
  5
19A
330
17
100
AcDbEntity
  8
0
  6
Continuous
100
AcDbText
 10
2.1154987783920056
 20
11.453052969349002
 30
0.0
 40
0.0625
  1

  7
WD
 72
2
 11
2.1154987783920056
 21
11.515552969349002
 31
0.0
100
AcDbAttribute
  2
TERM02
 70
9
 74
3
  0
ATTRIB
  5
19B
330
17
100
AcDbEntity
  8
0
 62
7
100
AcDbText
 10
2.1562
 20
11.9165
 30
0.0
 40
0.0109375
  1

  7
WD
 11
2.1562
 21
11.9165
 31
0.0
100
AcDbAttribute
  2
X2TERM01
 70
1
  0
ATTRIB
  5
19C
330
17
100
AcDbEntity
  8
0
 62
7
100
AcDbText
 10
2.1562
 20
11.5415
 30
0.0
 40
0.0109375
  1

  7
WD
 11
2.1562
 21
11.5415
 31
0.0
100
AcDbAttribute
  2
X8TERM02
 70
1
  0
ATTRIB
  5
19D
330
17
100
AcDbEntity
  8
0
100
AcDbText
 10
2.059916414340328
 20
11.692540457527663
 30
0.0
 40
0.01
  1

  7
WD
 72
2
 11
2.0765830810069947
 21
11.692540457527663
 31
0.0
100
AcDbAttribute
  2
FAMILY
 70
9
  0
ATTRIB
  5
19E
330
17
100
AcDbEntity
  8
0
  6
Continuous
100
AcDbText
 10
2.0765830810069947
 20
11.655873790860996
 30
0.0
 40
0.01
  1

  7
WD
 72
2
 11
2.0765830810069947
 21
11.655873790860996
 31
0.0
100
AcDbAttribute
  2
CAT
 70
9
  0
ATTRIB
  5
19F
330
17
100
AcDbEntity
  8
0
  6
Continuous
100
AcDbText
 10
2.0765830810069947
 20
11.640873790860997
 30
0.0
 40
0.01
  1

  7
WD
 72
2
 11
2.0765830810069947
 21
11.640873790860997
 31
0.0
100
AcDbAttribute
  2
MFG
 70
9
  0
ATTRIB
  5
1A0
330
17
100
AcDbEntity
  8
0
100
AcDbText
 10
2.2885
 20
11.695799999999998
 30
0.0
 40
0.09375
  1
6A
 50
90.0
  7
WD
 41
0.7
 72
1
 11
2.2885
 21
11.695799999999998
 31
0.0
100
AcDbAttribute
  2
RATING1
 70
0
 74
2
  0
SEQEND
  5
18F
330
18E
100
AcDbEntity
  8
SLD_SYMS
  0
INSERT
  5
1A1
330
17
100
AcDbEntity
  8
SLD_SYMS
100
AcDbBlockReference
 66
1
  2
VCN1PJ
 10
1.577
 20
11.129
 30
0.0
  0
ATTRIB
  5
1A3
330
17
100
AcDbEntity
  8
0
100
AcDbText
 10
1.8061666666666667
 20
11.978801758954774
 30
0.0
 40
0.125
  1

  7
WD
 41
0.7
 72
2
 11
1.8061666666666667
 21
11.978801758954774
 31
0.0
100
AcDbAttribute
  2
INST
 70
1
  0
ATTRIB
  5
1A4
330
17
100
AcDbEntity
  8
0
100
AcDbText
 10
1.5900729268949867
 20
11.014359872741505
 30
0.0
 40
0.01
  1

  7
WD
 11
1.5900729268949867
 21
11.014359872741505
 31
0.0
100
AcDbAttribute
  2
X8TERMDESC01
 70
1
  0
ATTRIB
  5
1A5
330
17
100
AcDbEntity
  8
0
100
AcDbText
 10
1.6031458644990533
 20
11.170609867770695
 30
0.0
 40
0.01
  1

  7
WD
 11
1.6031458644990533
 21
11.170609867770695
 31
0.0
100
AcDbAttribute
  2
X2TERMDESC02
 70
1
  0
ATTRIB
  5
1A6
330
17
100
AcDbEntity
  8
0
  6
Continuous
100
AcDbText
 10
1.4679247363724244
 20
11.115056517835844
 30
0.0
 40
0.01
  1

  7
WD
 72
1
 11
1.4679247363724244
 21
11.115056517835844
 31
0.0
100
AcDbAttribute
  2
ASSYCODE
 70
9
  0
ATTRIB
  5
1A7
330
17
100
AcDbEntity
  8
0
100
AcDbText
 10
1.452
 20
11.0665
 30
0.0
 40
0.01
  1

  7
WD
 11
1.452
 21
11.0665
 31
0.0
100
AcDbAttribute
  2
X4LINK
 70
1
  0
ATTRIB
  5
1A8
330
17
100
AcDbEntity
  8
0
100
AcDbText
 10
1.702
 20
11.0665
 30
0.0
 40
0.01
  1

  7
WD
 11
1.702
 21
11.0665
 31
0.0
100
AcDbAttribute
  2
X1LINK
 70
1
  0
ATTRIB
  5
1A9
330
17
100
AcDbEntity
  8
0
100
AcDbText
 10
1.5145
 20
11.809201758954774
 30
0.0
 40
0.125
  1

  7
WD
 41
0.7
 72
2
 11
1.5145
 21
11.809201758954774
 31
0.0
100
AcDbAttribute
  2
LOC
 70
1
  0
ATTRIB
  5
1AA
330
17
100
AcDbEntity
  8
0
  6
Continuous
100
AcDbText
 10
1.4683931084496593
 20
11.129039283222856
 30
0.0
 40
0.01
  1

  7
WD
 72
1
 11
1.4683931084496593
 21
11.129039283222856
 31
0.0
100
AcDbAttribute
  2
MFG
 70
9
  0
ATTRIB
  5
1AB
330
17
100
AcDbEntity
  8
0
  6
Continuous
100
AcDbText
 10
1.4703381540895781
 20
11.148481036930306
 30
0.0
 40
0.01
  1

  7
WD
 72
1
 11
1.4703381540895781
 21
11.148481036930306
 31
0.0
100
AcDbAttribute
  2
CAT
 70
9
  0
ATTRIB
  5
1AC
330
17
100
AcDbEntity
  8
0
100
AcDbText
 10
1.445284888151228
 20
11.192657452790069
 30
0.0
 40
0.01
  1

  7
WD
 11
1.445284888151228
 21
11.192657452790069
 31
0.0
100
AcDbAttribute
  2
FAMILY
 70
9
  0
ATTRIB
  5
1AD
330
17
100
AcDbEntity
  8
0
100
AcDbText
 10
1.5145
 20
11.483278904647664
 30
0.0
 40
0.125
  1

  7
WD
 41
0.7
 72
2
 11
1.5145
 21
11.483278904647664
 31
0.0
100
AcDbAttribute
  2
DESC2
 70
1
  0
ATTRIB
  5
1AE
330
17
100
AcDbEntity
  8
0
100
AcDbText
 10
1.5145
 20
11.639525331801218
 30
0.0
 40
0.125
  1

  7
WD
 41
0.7
 72
2
 11
1.5145
 21
11.639525331801218
 31
0.0
100
AcDbAttribute
  2
DESC1
 70
1
  0
ATTRIB
  5
1AF
330
17
100
AcDbEntity
  8
0
100
AcDbText
 10
1.3061666666666665
 20
11.22275
 30
0.0
 40
0.125
  1

  7
WD
 72
2
 11
1.5145
 21
11.22275
 31
0.0
100
AcDbAttribute
  2
TAG1
 70
1
  0
ATTRIB
  5
1B0
330
17
100
AcDbEntity
  8
0
  6
Continuous
100
AcDbText
 10
1.6239999999999999
 20
10.84775
 30
0.0
 40
0.125
  1

  7
WD
 11
1.6239999999999999
 21
10.97275
 31
0.0
100
AcDbAttribute
  2
TERM01
 70
9
 74
3
  0
ATTRIB
  5
1B1
330
17
100
AcDbEntity
  8
0
100
AcDbText
 10
1.577
 20
11.03525
 30
0.0
 40
0.0125
  1

  7
WD
 11
1.577
 21
11.03525
 31
0.0
100
AcDbAttribute
  2
X8TERM01
 70
1
  0
ATTRIB
  5
1B2
330
17
100
AcDbEntity
  8
0
100
AcDbText
 10
1.577
 20
11.1915
 30
0.0
 40
0.0125
  1

  7
WD
 11
1.577
 21
11.1915
 31
0.0
100
AcDbAttribute
  2
X2TERM02
 70
1
  0
ATTRIB
  5
1B3
330
17
100
AcDbEntity
  8
0
  6
Continuous
100
AcDbText
 10
1.6239999999999999
 20
11.1915
 30
0.0
 40
0.125
  1

  7
WD
 11
1.6239999999999999
 21
11.1915
 31
0.0
100
AcDbAttribute
  2
TERM02
 70
9
  0
ATTRIB
  5
1B4
330
17
100
AcDbEntity
  8
0
100
AcDbText
 10
1.445284888151228
 20
11.174025320458437
 30
0.0
 40
0.01
  1

  7
WD
 11
1.445284888151228
 21
11.174025320458437
 31
0.0
100
AcDbAttribute
  2
WDBLKNAM
 70
9
  0
SEQEND
  5
1A2
330
1A1
100
AcDbEntity
  8
SLD_SYMS
  0
CIRCLE
  5
1B5
330
17
100
AcDbEntity
  8
SLD_SYMS
100
AcDbCircle
 10
2.6323999999999996
 20
10.303
 30
0.0
 40
0.1762
  0
MTEXT
  5
1B6
330
17
100
AcDbEntity
  8
SLD_TEXT
100
AcDbMText
 10
2.548
 20
10.358
 30
0.0
 40
0.093
 41
0.0
 71
1
  1
\pxqc;86
  0
LINE
  5
1B7
330
17
100
AcDbEntity
  8
SLD_CONTROL
100
AcDbLine
 10
1.9407
 20
10.303
 30
0.0
 11
2.4562
 21
10.303
 31
0.0
  0
LINE
  5
1B8
330
17
100
AcDbEntity
  8
SLD_CONTROL
100
AcDbLine
 10
2.6323999999999996
 20
10.1269
 30
0.0
 11
2.6323999999999996
 21
9.6998
 31
0.0
  0
LWPOLYLINE
  5
1B9
330
17
100
AcDbEntity
  8
SLD_SYMS
100
AcDbPolyline
 90
4
 70
1
 10
1.1641
 20
10.6065
 10
1.9406999999999999
 20
10.6065
 10
1.9406999999999999
 20
9.6859
 10
1.1641
 20
9.6859
  0
LWPOLYLINE
  5
1BA
330
17
100
AcDbEntity
  8
SLD_SYMS
100
AcDbPolyline
 90
4
 70
1
 10
2.0524
 20
9.6998
 10
3.2311
 20
9.6998
 10
3.2311
 20
9.0274
 10
2.0524
 20
9.0274
  0
INSERT
  5
1BB
330
17
100
AcDbEntity
  8
SLD_SYMS
100
AcDbBlockReference
 66
1
  2
VCN1PJ
 10
1.577
 20
9.237
 30
0.0
 50
180.0
  0
ATTRIB
  5
1BD
330
17
100
AcDbEntity
  8
0
100
AcDbText
 10
1.3478333333333332
 20
8.387198241045226
 30
0.0
 40
0.125
  1

 50
180.0
  7
WD
 41
0.7
 72
2
 11
1.3478333333333332
 21
8.387198241045226
 31
0.0
100
AcDbAttribute
  2
INST
 70
1
  0
ATTRIB
  5
1BE
330
17
100
AcDbEntity
  8
0
100
AcDbText
 10
1.5639270731050132
 20
9.351640127258495
 30
0.0
 40
0.01
  1

 50
180.0
  7
WD
 11
1.5639270731050132
 21
9.351640127258495
 31
0.0
100
AcDbAttribute
  2
X8TERMDESC01
 70
1
  0
ATTRIB
  5
1BF
330
17
100
AcDbEntity
  8
0
100
AcDbText
 10
1.5508541355009466
 20
9.195390132229305
 30
0.0
 40
0.01
  1

 50
180.0
  7
WD
 11
1.5508541355009466
 21
9.195390132229305
 31
0.0
100
AcDbAttribute
  2
X2TERMDESC02
 70
1
  0
ATTRIB
  5
1C0
330
17
100
AcDbEntity
  8
0
  6
Continuous
100
AcDbText
 10
1.6860752636275755
 20
9.250943482164155
 30
0.0
 40
0.01
  1

 50
180.0
  7
WD
 72
1
 11
1.6860752636275755
 21
9.250943482164155
 31
0.0
100
AcDbAttribute
  2
ASSYCODE
 70
9
  0
ATTRIB
  5
1C1
330
17
100
AcDbEntity
  8
0
100
AcDbText
 10
1.702
 20
9.2995
 30
0.0
 40
0.01
  1

 50
180.0
  7
WD
 11
1.702
 21
9.2995
 31
0.0
100
AcDbAttribute
  2
X4LINK
 70
1
  0
ATTRIB
  5
1C2
330
17
100
AcDbEntity
  8
0
100
AcDbText
 10
1.452
 20
9.2995
 30
0.0
 40
0.01
  1

 50
180.0
  7
WD
 11
1.452
 21
9.2995
 31
0.0
100
AcDbAttribute
  2
X1LINK
 70
1
  0
ATTRIB
  5
1C3
330
17
100
AcDbEntity
  8
0
100
AcDbText
 10
1.6395
 20
8.556798241045225
 30
0.0
 40
0.125
  1

 50
180.0
  7
WD
 41
0.7
 72
2
 11
1.6395
 21
8.556798241045225
 31
0.0
100
AcDbAttribute
  2
LOC
 70
1
  0
ATTRIB
  5
1C4
330
17
100
AcDbEntity
  8
0
  6
Continuous
100
AcDbText
 10
1.6856068915503406
 20
9.236960716777144
 30
0.0
 40
0.01
  1

 50
180.0
  7
WD
 72
1
 11
1.6856068915503406
 21
9.236960716777144
 31
0.0
100
AcDbAttribute
  2
MFG
 70
9
  0
ATTRIB
  5
1C5
330
17
100
AcDbEntity
  8
0
  6
Continuous
100
AcDbText
 10
1.6836618459104218
 20
9.217518963069693
 30
0.0
 40
0.01
  1

 50
180.0
  7
WD
 72
1
 11
1.6836618459104218
 21
9.217518963069693
 31
0.0
100
AcDbAttribute
  2
CAT
 70
9
  0
ATTRIB
  5
1C6
330
17
100
AcDbEntity
  8
0
100
AcDbText
 10
1.708715111848772
 20
9.17334254720993
 30
0.0
 40
0.01
  1

 50
180.0
  7
WD
 11
1.708715111848772
 21
9.17334254720993
 31
0.0
100
AcDbAttribute
  2
FAMILY
 70
9
  0
ATTRIB
  5
1C7
330
17
100
AcDbEntity
  8
0
100
AcDbText
 10
1.6395
 20
8.882721095352336
 30
0.0
 40
0.125
  1

 50
180.0
  7
WD
 41
0.7
 72
2
 11
1.6395
 21
8.882721095352336
 31
0.0
100
AcDbAttribute
  2
DESC2
 70
1
  0
ATTRIB
  5
1C8
330
17
100
AcDbEntity
  8
0
100
AcDbText
 10
1.6395
 20
8.726474668198781
 30
0.0
 40
0.125
  1

 50
180.0
  7
WD
 41
0.7
 72
2
 11
1.6395
 21
8.726474668198781
 31
0.0
100
AcDbAttribute
  2
DESC1
 70
1
  0
ATTRIB
  5
1C9
330
17
100
AcDbEntity
  8
0
100
AcDbText
 10
1.8478333333333334
 20
9.14325
 30
0.0
 40
0.125
  1

 50
180.0
  7
WD
 72
2
 11
1.6395
 21
9.14325
 31
0.0
100
AcDbAttribute
  2
TAG1
 70
1
  0
ATTRIB
  5
1CA
330
17
100
AcDbEntity
  8
0
  6
Continuous
100
AcDbText
 10
1.53
 20
9.51825
 30
0.0
 40
0.125
  1

 50
180.0
  7
WD
 11
1.53
 21
9.39325
 31
0.0
100
AcDbAttribute
  2
TERM01
 70
9
 74
3
  0
ATTRIB
  5
1CB
330
17
100
AcDbEntity
  8
0
100
AcDbText
 10
1.577
 20
9.33075
 30
0.0
 40
0.0125
  1

 50
180.0
  7
WD
 11
1.577
 21
9.33075
 31
0.0
100
AcDbAttribute
  2
X8TERM01
 70
1
  0
ATTRIB
  5
1CC
330
17
100
AcDbEntity
  8
0
100
AcDbText
 10
1.577
 20
9.1745
 30
0.0
 40
0.0125
  1

 50
180.0
  7
WD
 11
1.577
 21
9.1745
 31
0.0
100
AcDbAttribute
  2
X2TERM02
 70
1
  0
ATTRIB
  5
1CD
330
17
100
AcDbEntity
  8
0
  6
Continuous
100
AcDbText
 10
1.53
 20
9.1745
 30
0.0
 40
0.125
  1

 50
180.0
  7
WD
 11
1.53
 21
9.1745
 31
0.0
100
AcDbAttribute
  2
TERM02
 70
9
  0
ATTRIB
  5
1CE
330
17
100
AcDbEntity
  8
0
100
AcDbText
 10
1.708715111848772
 20
9.191974679541563
 30
0.0
 40
0.01
  1

 50
180.0
  7
WD
 11
1.708715111848772
 21
9.191974679541563
 31
0.0
100
AcDbAttribute
  2
WDBLKNAM
 70
9
  0
SEQEND
  5
1BC
330
1BB
100
AcDbEntity
  8
SLD_SYMS
  0
INSERT
  5
1CF
330
17
100
AcDbEntity
  8
SLD_SYMS
100
AcDbBlockReference
 66
1
  2
VXF1CT
 10
1.7689
 20
8.3799
 30
0.0
  0
ATTRIB
  5
1D1
330
17
100
AcDbEntity
  8
0
100
AcDbText
 10
1.5418166666666666
 20
7.958024999999999
 30
0.0
 40
0.125
  1

  7
WD
 41
0.7
 72
1
 11
1.5418166666666666
 21
7.958024999999999
 31
0.0
100
AcDbAttribute
  2
INST
 70
1
  0
ATTRIB
  5
1D2
330
17
100
AcDbEntity
  8
0
100
AcDbText
 10
1.7689
 20
8.096726474599723
 30
0.0
 40
0.0125
  1

  7
WD
 11
1.7689
 21
8.096726474599723
 31
0.0
100
AcDbAttribute
  2
X8TERM01
 70
1
  0
ATTRIB
  5
1D3
330
17
100
AcDbEntity
  8
0
100
AcDbText
 10
1.8011117627001378
 20
8.128938237299861
 30
0.0
 40
0.0125
  1

  7
WD
 11
1.8011117627001378
 21
8.128938237299861
 31
0.0
100
AcDbAttribute
  2
X1TERM01
 70
1
  0
ATTRIB
  5
1D4
330
17
100
AcDbEntity
  8
0
  6
Continuous
100
AcDbText
 10
1.7139621696190424
 20
8.149356032263782
 30
0.0
 40
0.125
  1

  7
WD
 72
2
 11
1.7139621696190424
 21
8.149356032263782
 31
0.0
100
AcDbAttribute
  2
TERM01
 70
9
  0
ATTRIB
  5
1D5
330
17
100
AcDbEntity
  8
0
  6
Continuous
100
AcDbText
 10
1.723906916951067
 20
8.646865784883833
 30
0.0
 40
0.125
  1

  7
WD
 72
2
 11
1.723906916951067
 21
8.646865784883833
 31
0.0
100
AcDbAttribute
  2
TERM02
 70
9
  0
ATTRIB
  5
1D6
330
17
100
AcDbEntity
  8
0
100
AcDbText
 10
1.8011117627001378
 20
8.628938237299861
 30
0.0
 40
0.0125
  1

  7
WD
 11
1.8011117627001378
 21
8.628938237299861
 31
0.0
100
AcDbAttribute
  2
X1TERM02
 70
1
  0
ATTRIB
  5
1D7
330
17
100
AcDbEntity
  8
0
100
AcDbText
 10
1.7689
 20
8.66115
 30
0.0
 40
0.0125
  1

  7
WD
 11
1.7689
 21
8.66115
 31
0.0
100
AcDbAttribute
  2
X2TERM02
 70
1
  0
ATTRIB
  5
1D8
330
17
100
AcDbEntity
  8
0
100
AcDbText
 10
2.05015
 20
8.2549
 30
0.0
 40
0.125
  1

  7
WD
 41
0.7
 11
2.05015
 21
8.2549
 31
0.0
100
AcDbAttribute
  2
RATING1
 70
1
  0
ATTRIB
  5
1D9
330
17
100
AcDbEntity
  8
0
100
AcDbText
 10
2.05015
 20
8.41115
 30
0.0
 40
0.125
  1

  7
WD
 11
2.05015
 21
8.41115
 31
0.0
100
AcDbAttribute
  2
TAG1
 70
1
  0
ATTRIB
  5
1DA
330
17
100
AcDbEntity
  8
0
100
AcDbText
 10
0.4786999999999999
 20
8.362499999999999
 30
0.0
 40
0.125
  1
1200:5A (3)
  7
WD
 41
0.7
 72
1
 11
0.4786999999999999
 21
8.362499999999999
 31
0.0
100
AcDbAttribute
  2
DESC1
 70
0
  0
ATTRIB
  5
1DB
330
17
100
AcDbEntity
  8
0
100
AcDbText
 10
0.3821999999999999
 20
8.201799999999999
 30
0.0
 40
0.125
  1
CT C200 MR
  7
WD
 41
0.7
 72
1
 11
0.3821999999999999
 21
8.201799999999999
 31
0.0
100
AcDbAttribute
  2
DESC2
 70
0
  0
ATTRIB
  5
1DC
330
17
100
AcDbEntity
  8
0
100
AcDbText
 10
1.568370622272791
 20
7.778851758954773
 30
0.0
 40
0.125
  1

  7
WD
 41
0.7
 72
1
 11
1.568370622272791
 21
7.778851758954773
 31
0.0
100
AcDbAttribute
  2
LOC
 70
1
  0
ATTRIB
  5
1DD
330
17
100
AcDbEntity
  8
0
  6
Continuous
100
AcDbText
 10
1.597969824898972
 20
8.498855350386371
 30
0.0
 40
0.01
  1

  7
WD
 72
1
 11
1.597969824898972
 21
8.498855350386371
 31
0.0
100
AcDbAttribute
  2
ASSYCODE
 70
9
  0
ATTRIB
  5
1DE
330
17
100
AcDbEntity
  8
0
100
AcDbText
 10
1.5761916666666667
 20
8.333025
 30
0.0
 40
0.125
  1

  7
WD
 72
1
 11
1.722025
 21
8.333025
 31
0.0
100
AcDbAttribute
  2
TYPE
 70
1
  0
ATTRIB
  5
1DF
330
17
100
AcDbEntity
  8
0
100
AcDbText
 10
1.5730927759003674
 20
8.570590293718368
 30
0.0
 40
0.01
  1

  7
WD
 11
1.5730927759003674
 21
8.570590293718368
 31
0.0
100
AcDbAttribute
  2
FAMILY
 70
9
  0
ATTRIB
  5
1E0
330
17
100
AcDbEntity
  8
0
  6
Continuous
100
AcDbText
 10
1.5981460418387172
 20
8.542038877858605
 30
0.0
 40
0.01
  1

  7
WD
 72
1
 11
1.5981460418387172
 21
8.542038877858605
 31
0.0
100
AcDbAttribute
  2
CAT
 70
9
  0
ATTRIB
  5
1E1
330
17
100
AcDbEntity
  8
0
  6
Continuous
100
AcDbText
 10
1.5962009961987986
 20
8.522597124151154
 30
0.0
 40
0.01
  1

  7
WD
 72
1
 11
1.5962009961987986
 21
8.522597124151154
 31
0.0
100
AcDbAttribute
  2
MFG
 70
9
  0
SEQEND
  5
1D0
330
1CF
100
AcDbEntity
  8
SLD_SYMS
  0
INSERT
  5
1E2
330
17
100
AcDbEntity
  8
SLD_SYMS
100
AcDbBlockReference
  2
WDDOT
 10
1.626
 20
8.075899999999999
 30
0.0
  0
MTEXT
  5
1E4
330
17
100
AcDbEntity
  8
SLD_TEXT
100
AcDbMText
 10
0.7999999999999999
 20
8.147
 30
0.0
 40
0.1
 41
0.0
 71
1
  1
\pxqc;1%%C
  0
LWPOLYLINE
  5
1E5
330
17
100
AcDbEntity
  8
SLD_SYMS
100
AcDbPolyline
 90
4
 70
1
 10
2.1943
 20
7.8527
 10
2.326
 20
7.8527
 10
2.326
 20
7.73
 10
2.1943
 20
7.73
  0
LINE
  5
1E6
330
17
100
AcDbEntity
  8
SLD_SYMS
100
AcDbLine
 10
2.326
 20
7.8527
 30
0.0
 11
2.1943
 21
7.8527
 31
0.0
  0
LINE
  5
1E7
330
17
100
AcDbEntity
  8
SLD_SYMS
100
AcDbLine
 10
2.1943
 20
7.73
 30
0.0
 11
2.326
 21
7.8527
 31
0.0
  0
LINE
  5
1E8
330
17
100
AcDbEntity
  8
SLD_SYMS
100
AcDbLine
 10
2.1943
 20
7.8527
 30
0.0
 11
2.326
 21
7.73
 31
0.0
  0
INSERT
  5
1E9
330
17
100
AcDbEntity
  8
SLD_SYMS
100
AcDbBlockReference
 66
1
  2
VXF1CT
 10
1.7689
 20
7.5423
 30
0.0
  0
ATTRIB
  5
1EB
330
17
100
AcDbEntity
  8
0
100
AcDbText
 10
1.5418166666666666
 20
7.120425
 30
0.0
 40
0.125
  1

  7
WD
 41
0.7
 72
1
 11
1.5418166666666666
 21
7.120425
 31
0.0
100
AcDbAttribute
  2
INST
 70
1
  0
ATTRIB
  5
1EC
330
17
100
AcDbEntity
  8
0
100
AcDbText
 10
1.7689
 20
7.259126474599724
 30
0.0
 40
0.0125
  1

  7
WD
 11
1.7689
 21
7.259126474599724
 31
0.0
100
AcDbAttribute
  2
X8TERM01
 70
1
  0
ATTRIB
  5
1ED
330
17
100
AcDbEntity
  8
0
100
AcDbText
 10
1.8011117627001378
 20
7.291338237299862
 30
0.0
 40
0.0125
  1

  7
WD
 11
1.8011117627001378
 21
7.291338237299862
 31
0.0
100
AcDbAttribute
  2
X1TERM01
 70
1
  0
ATTRIB
  5
1EE
330
17
100
AcDbEntity
  8
0
  6
Continuous
100
AcDbText
 10
1.7139621696190424
 20
7.311756032263783
 30
0.0
 40
0.125
  1

  7
WD
 72
2
 11
1.7139621696190424
 21
7.311756032263783
 31
0.0
100
AcDbAttribute
  2
TERM01
 70
9
  0
ATTRIB
  5
1EF
330
17
100
AcDbEntity
  8
0
  6
Continuous
100
AcDbText
 10
1.723906916951067
 20
7.809265784883834
 30
0.0
 40
0.125
  1

  7
WD
 72
2
 11
1.723906916951067
 21
7.809265784883834
 31
0.0
100
AcDbAttribute
  2
TERM02
 70
9
  0
ATTRIB
  5
1F0
330
17
100
AcDbEntity
  8
0
100
AcDbText
 10
1.8011117627001378
 20
7.791338237299862
 30
0.0
 40
0.0125
  1

  7
WD
 11
1.8011117627001378
 21
7.791338237299862
 31
0.0
100
AcDbAttribute
  2
X1TERM02
 70
1
  0
ATTRIB
  5
1F1
330
17
100
AcDbEntity
  8
0
100
AcDbText
 10
1.7689
 20
7.82355
 30
0.0
 40
0.0125
  1

  7
WD
 11
1.7689
 21
7.82355
 31
0.0
100
AcDbAttribute
  2
X2TERM02
 70
1
  0
ATTRIB
  5
1F2
330
17
100
AcDbEntity
  8
0
100
AcDbText
 10
2.05015
 20
7.4173
 30
0.0
 40
0.125
  1

  7
WD
 41
0.7
 11
2.05015
 21
7.4173
 31
0.0
100
AcDbAttribute
  2
RATING1
 70
1
  0
ATTRIB
  5
1F3
330
17
100
AcDbEntity
  8
0
100
AcDbText
 10
2.05015
 20
7.57355
 30
0.0
 40
0.125
  1

  7
WD
 11
2.05015
 21
7.57355
 31
0.0
100
AcDbAttribute
  2
TAG1
 70
1
  0
ATTRIB
  5
1F4
330
17
100
AcDbEntity
  8
0
100
AcDbText
 10
0.4713999999999998
 20
7.5249
 30
0.0
 40
0.125
  1
2000:5A (3)
  7
WD
 41
0.7
 72
1
 11
0.4713999999999998
 21
7.5249
 31
0.0
100
AcDbAttribute
  2
DESC1
 70
0
  0
ATTRIB
  5
1F5
330
17
100
AcDbEntity
  8
0
100
AcDbText
 10
0.3821999999999999
 20
7.3642
 30
0.0
 40
0.125
  1
CT C200 MR
  7
WD
 41
0.7
 72
1
 11
0.3821999999999999
 21
7.3642
 31
0.0
100
AcDbAttribute
  2
DESC2
 70
0
  0
ATTRIB
  5
1F6
330
17
100
AcDbEntity
  8
0
100
AcDbText
 10
1.568370622272791
 20
6.941251758954774
 30
0.0
 40
0.125
  1

  7
WD
 41
0.7
 72
1
 11
1.568370622272791
 21
6.941251758954774
 31
0.0
100
AcDbAttribute
  2
LOC
 70
1
  0
ATTRIB
  5
1F7
330
17
100
AcDbEntity
  8
0
  6
Continuous
100
AcDbText
 10
1.597969824898972
 20
7.661255350386372
 30
0.0
 40
0.01
  1

  7
WD
 72
1
 11
1.597969824898972
 21
7.661255350386372
 31
0.0
100
AcDbAttribute
  2
ASSYCODE
 70
9
  0
ATTRIB
  5
1F8
330
17
100
AcDbEntity
  8
0
100
AcDbText
 10
1.5761916666666667
 20
7.495425
 30
0.0
 40
0.125
  1

  7
WD
 72
1
 11
1.722025
 21
7.495425
 31
0.0
100
AcDbAttribute
  2
TYPE
 70
1
  0
ATTRIB
  5
1F9
330
17
100
AcDbEntity
  8
0
100
AcDbText
 10
1.5730927759003674
 20
7.732990293718369
 30
0.0
 40
0.01
  1

  7
WD
 11
1.5730927759003674
 21
7.732990293718369
 31
0.0
100
AcDbAttribute
  2
FAMILY
 70
9
  0
ATTRIB
  5
1FA
330
17
100
AcDbEntity
  8
0
  6
Continuous
100
AcDbText
 10
1.5981460418387172
 20
7.704438877858606
 30
0.0
 40
0.01
  1

  7
WD
 72
1
 11
1.5981460418387172
 21
7.704438877858606
 31
0.0
100
AcDbAttribute
  2
CAT
 70
9
  0
ATTRIB
  5
1FB
330
17
100
AcDbEntity
  8
0
  6
Continuous
100
AcDbText
 10
1.5962009961987986
 20
7.684997124151155
 30
0.0
 40
0.01
  1

  7
WD
 72
1
 11
1.5962009961987986
 21
7.684997124151155
 31
0.0
100
AcDbAttribute
  2
MFG
 70
9
  0
SEQEND
  5
1EA
330
1E9
100
AcDbEntity
  8
SLD_SYMS
  0
INSERT
  5
1FC
330
17
100
AcDbEntity
  8
SLD_SYMS
100
AcDbBlockReference
  2
WDDOT
 10
1.626
 20
7.2383
 30
0.0
  0
MTEXT
  5
1FE
330
17
100
AcDbEntity
  8
SLD_TEXT
100
AcDbMText
 10
0.7999999999999999
 20
7.309
 30
0.0
 40
0.1
 41
0.0
 71
1
  1
\pxqc;1%%C
  0
INSERT
  5
1FF
330
17
100
AcDbEntity
  8
SLD_SYMS
100
AcDbBlockReference
 66
1
  2
VXF1CT
 10
1.7689
 20
6.6973
 30
0.0
  0
ATTRIB
  5
201
330
17
100
AcDbEntity
  8
0
100
AcDbText
 10
1.5418166666666666
 20
6.275425
 30
0.0
 40
0.125
  1

  7
WD
 41
0.7
 72
1
 11
1.5418166666666666
 21
6.275425
 31
0.0
100
AcDbAttribute
  2
INST
 70
1
  0
ATTRIB
  5
202
330
17
100
AcDbEntity
  8
0
100
AcDbText
 10
1.7689
 20
6.414126474599724
 30
0.0
 40
0.0125
  1

  7
WD
 11
1.7689
 21
6.414126474599724
 31
0.0
100
AcDbAttribute
  2
X8TERM01
 70
1
  0
ATTRIB
  5
203
330
17
100
AcDbEntity
  8
0
100
AcDbText
 10
1.8011117627001378
 20
6.446338237299862
 30
0.0
 40
0.0125
  1

  7
WD
 11
1.8011117627001378
 21
6.446338237299862
 31
0.0
100
AcDbAttribute
  2
X1TERM01
 70
1
  0
ATTRIB
  5
204
330
17
100
AcDbEntity
  8
0
  6
Continuous
100
AcDbText
 10
1.7139621696190424
 20
6.466756032263783
 30
0.0
 40
0.125
  1

  7
WD
 72
2
 11
1.7139621696190424
 21
6.466756032263783
 31
0.0
100
AcDbAttribute
  2
TERM01
 70
9
  0
ATTRIB
  5
205
330
17
100
AcDbEntity
  8
0
  6
Continuous
100
AcDbText
 10
1.723906916951067
 20
6.964265784883834
 30
0.0
 40
0.125
  1

  7
WD
 72
2
 11
1.723906916951067
 21
6.964265784883834
 31
0.0
100
AcDbAttribute
  2
TERM02
 70
9
  0
ATTRIB
  5
206
330
17
100
AcDbEntity
  8
0
100
AcDbText
 10
1.8011117627001378
 20
6.946338237299862
 30
0.0
 40
0.0125
  1

  7
WD
 11
1.8011117627001378
 21
6.946338237299862
 31
0.0
100
AcDbAttribute
  2
X1TERM02
 70
1
  0
ATTRIB
  5
207
330
17
100
AcDbEntity
  8
0
100
AcDbText
 10
1.7689
 20
6.97855
 30
0.0
 40
0.0125
  1

  7
WD
 11
1.7689
 21
6.97855
 31
0.0
100
AcDbAttribute
  2
X2TERM02
 70
1
  0
ATTRIB
  5
208
330
17
100
AcDbEntity
  8
0
100
AcDbText
 10
2.05015
 20
6.5723
 30
0.0
 40
0.125
  1

  7
WD
 41
0.7
 11
2.05015
 21
6.5723
 31
0.0
100
AcDbAttribute
  2
RATING1
 70
1
  0
ATTRIB
  5
209
330
17
100
AcDbEntity
  8
0
100
AcDbText
 10
2.05015
 20
6.72855
 30
0.0
 40
0.125
  1

  7
WD
 11
2.05015
 21
6.72855
 31
0.0
100
AcDbAttribute
  2
TAG1
 70
1
  0
ATTRIB
  5
20A
330
17
100
AcDbEntity
  8
0
100
AcDbText
 10
0.5068999999999999
 20
6.7045
 30
0.0
 40
0.125
  1
1200:5A (3)
  7
WD
 41
0.7
 72
1
 11
0.5068999999999999
 21
6.7045
 31
0.0
100
AcDbAttribute
  2
DESC1
 70
0
  0
ATTRIB
  5
20B
330
17
100
AcDbEntity
  8
0
100
AcDbText
 10
0.43999999999999995
 20
6.5438
 30
0.0
 40
0.125
  1
CT C200 MR
  7
WD
 41
0.7
 72
1
 11
0.43999999999999995
 21
6.5438
 31
0.0
100
AcDbAttribute
  2
DESC2
 70
0
  0
ATTRIB
  5
20C
330
17
100
AcDbEntity
  8
0
100
AcDbText
 10
1.568370622272791
 20
6.096251758954774
 30
0.0
 40
0.125
  1

  7
WD
 41
0.7
 72
1
 11
1.568370622272791
 21
6.096251758954774
 31
0.0
100
AcDbAttribute
  2
LOC
 70
1
  0
ATTRIB
  5
20D
330
17
100
AcDbEntity
  8
0
  6
Continuous
100
AcDbText
 10
1.597969824898972
 20
6.816255350386372
 30
0.0
 40
0.01
  1

  7
WD
 72
1
 11
1.597969824898972
 21
6.816255350386372
 31
0.0
100
AcDbAttribute
  2
ASSYCODE
 70
9
  0
ATTRIB
  5
20E
330
17
100
AcDbEntity
  8
0
100
AcDbText
 10
1.5761916666666667
 20
6.650425
 30
0.0
 40
0.125
  1

  7
WD
 72
1
 11
1.722025
 21
6.650425
 31
0.0
100
AcDbAttribute
  2
TYPE
 70
1
  0
ATTRIB
  5
20F
330
17
100
AcDbEntity
  8
0
100
AcDbText
 10
1.5730927759003674
 20
6.887990293718369
 30
0.0
 40
0.01
  1

  7
WD
 11
1.5730927759003674
 21
6.887990293718369
 31
0.0
100
AcDbAttribute
  2
FAMILY
 70
9
  0
ATTRIB
  5
210
330
17
100
AcDbEntity
  8
0
  6
Continuous
100
AcDbText
 10
1.5981460418387172
 20
6.859438877858606
 30
0.0
 40
0.01
  1

  7
WD
 72
1
 11
1.5981460418387172
 21
6.859438877858606
 31
0.0
100
AcDbAttribute
  2
CAT
 70
9
  0
ATTRIB
  5
211
330
17
100
AcDbEntity
  8
0
  6
Continuous
100
AcDbText
 10
1.5962009961987986
 20
6.8399971241511555
 30
0.0
 40
0.01
  1

  7
WD
 72
1
 11
1.5962009961987986
 21
6.8399971241511555
 31
0.0
100
AcDbAttribute
  2
MFG
 70
9
  0
SEQEND
  5
200
330
1FF
100
AcDbEntity
  8
SLD_SYMS
  0
INSERT
  5
212
330
17
100
AcDbEntity
  8
SLD_SYMS
100
AcDbBlockReference
  2
WDDOT
 10
1.621
 20
6.3913
 30
0.0
  0
MTEXT
  5
214
330
17
100
AcDbEntity
  8
SLD_TEXT
100
AcDbMText
 10
0.7889999999999999
 20
6.494
 30
0.0
 40
0.1
 41
0.0
 71
1
  1
\pxqc;1%%C
  0
LWPOLYLINE
  5
215
330
17
100
AcDbEntity
  8
SLD_SYMS
100
AcDbPolyline
 90
4
 70
1
 10
2.352
 20
6.5163
 10
3.5307
 20
6.5163
 10
3.5307
 20
5.8439
 10
2.352
 20
5.8439
  0
MTEXT
  5
216
330
17
100
AcDbEntity
  8
SLD_TEXT
100
AcDbMText
 10
2.941
 20
6.449
 30
0.0
 40
0.093
 41
0.0
 71
1
  1
\pxqc;SEL-351S\P PROTECTION\PSYSTEM \PRELAY
  0
INSERT
  5
217
330
17
100
AcDbEntity
  8
SLD_SYMS
100
AcDbBlockReference
  2
WDDOT
 10
1.577
 20
5.2652
 30
0.0
  0
LINE
  5
219
330
17
100
AcDbEntity
  8
SLD_WIRE
100
AcDbLine
 10
1.577
 20
5.2652
 30
0.0
 11
1.3356999999999999
 21
5.2652
 31
0.0
  0
CIRCLE
  5
21A
330
17
100
AcDbEntity
  8
SLD_SYMS
100
AcDbCircle
 10
1.3069
 20
5.2652
 30
0.0
 40
0.0289
  0
CIRCLE
  5
21B
330
17
100
AcDbEntity
  8
SLD_SYMS
100
AcDbCircle
 10
1.1824999999999999
 20
5.2651
 30
0.0
 40
0.0289
  0
LINE
  5
21C
330
17
100
AcDbEntity
  8
SLD_WIRE
100
AcDbLine
 10
1.1537
 20
5.2651
 30
0.0
 11
0.9602999999999999
 21
5.2651
 31
0.0
  0
INSERT
  5
21D
330
17
100
AcDbEntity
  8
SLD_SYMS
100
AcDbBlockReference
 66
1
  2
HGND2
 10
0.9602999999999999
 20
5.2651
 30
0.0
  0
ATTRIB
  5
21F
330
17
100
AcDbEntity
  8
0
100
AcDbText
 10
0.9602999999999999
 20
5.2651
 30
0.0
 40
0.01
  1

  7
WD
 11
0.9602999999999999
 21
5.2651
 31
0.0
100
AcDbAttribute
  2
X4TERM01
 70
1
  0
SEQEND
  5
21E
330
21D
100
AcDbEntity
  8
SLD_SYMS
  0
INSERT
  5
220
330
17
100
AcDbEntity
  8
SLD_SYMS
100
AcDbBlockReference
  2
WDDOT
 10
1.577
 20
4.5847
 30
0.0
  0
LINE
  5
222
330
17
100
AcDbEntity
  8
SLD_WIRE
100
AcDbLine
 10
1.577
 20
4.5847
 30
0.0
 11
2.1153
 21
4.5847
 31
0.0
  0
INSERT
  5
223
330
17
100
AcDbEntity
  8
SLD_SYMS
100
AcDbBlockReference
 66
1
  2
HXF1T1_1-
 10
2.2715
 20
4.5847
 30
0.0
  0
ATTRIB
  5
225
330
17
100
AcDbEntity
  8
0
  6
Continuous
100
AcDbText
 10
2.49025
 20
4.6472
 30
0.0
 40
0.01
  1

  7
WD
 72
1
 11
2.49025
 21
4.6472
 31
0.0
100
AcDbAttribute
  2
ASSYCODE
 70
9
  0
ATTRIB
  5
226
330
17
100
AcDbEntity
  8
0
100
AcDbText
 10
2.2715
 20
4.74095
 30
0.0
 40
0.01
  1

  7
WD
 11
2.2715
 21
4.74095
 31
0.0
100
AcDbAttribute
  2
X2LINK
 70
1
  0
ATTRIB
  5
227
330
17
100
AcDbEntity
  8
0
100
AcDbText
 10
2.2715
 20
4.412825
 30
0.0
 40
0.01
  1

  7
WD
 11
2.2715
 21
4.412825
 31
0.0
100
AcDbAttribute
  2
X8LINK
 70
1
  0
ATTRIB
  5
228
330
17
100
AcDbEntity
  8
0
  6
Continuous
100
AcDbText
 10
2.499297819576856
 20
4.67342665965915
 30
0.0
 40
0.01
  1

  7
WD
 72
1
 11
2.499297819576856
 21
4.67342665965915
 31
0.0
100
AcDbAttribute
  2
MFG
 70
9
  0
ATTRIB
  5
229
330
17
100
AcDbEntity
  8
0
  6
Continuous
100
AcDbText
 10
2.5012428652167746
 20
4.6928684133666
 30
0.0
 40
0.01
  1

  7
WD
 72
1
 11
2.5012428652167746
 21
4.6928684133666
 31
0.0
100
AcDbAttribute
  2
CAT
 70
9
  0
ATTRIB
  5
22A
330
17
100
AcDbEntity
  8
0
100
AcDbText
 10
2.4777459949469165
 20
4.715265050798622
 30
0.0
 40
0.01
  1

  7
WD
 11
2.4777459949469165
 21
4.715265050798622
 31
0.0
100
AcDbAttribute
  2
FAMILY
 70
9
  0
ATTRIB
  5
22B
330
17
100
AcDbEntity
  8
0
100
AcDbText
 10
2.4777459949469165
 20
4.624772249971904
 30
0.0
 40
0.01
  1

  7
WD
 11
2.4777459949469165
 21
4.624772249971904
 31
0.0
100
AcDbAttribute
  2
CONTACT
 70
9
  0
ATTRIB
  5
22C
330
17
100
AcDbEntity
  8
0
100
AcDbText
 10
2.037238621983598
 20
4.659455893253497
 30
0.0
 40
0.01
  1

  7
WD
 72
2
 11
2.050571955316931
 21
4.659455893253497
 31
0.0
100
AcDbAttribute
  2
WDTYPE
 70
9
  0
ATTRIB
  5
22D
330
17
100
AcDbEntity
  8
0
100
AcDbText
 10
2.2591418987634246
 20
5.1765750014890415
 30
0.0
 40
0.125
  1

  7
WD
 41
0.85
 72
1
 11
2.2591418987634246
 21
5.1765750014890415
 31
0.0
100
AcDbAttribute
  2
INST
 70
1
  0
ATTRIB
  5
22E
330
17
100
AcDbEntity
  8
0
100
AcDbText
 10
2.172541670069828
 20
4.834700001489091
 30
0.0
 40
0.125
  1

  7
WD
 41
0.85
 72
1
 11
2.2610833367364944
 21
4.834700001489091
 31
0.0
100
AcDbAttribute
  2
TAG1
 70
1
  0
ATTRIB
  5
22F
330
17
100
AcDbEntity
  8
0
100
AcDbText
 10
2.2591418987634246
 20
5.0047000014890415
 30
0.0
 40
0.125
  1

  7
WD
 41
0.85
 72
1
 11
2.2591418987634246
 21
5.0047000014890415
 31
0.0
100
AcDbAttribute
  2
LOC
 70
1
  0
ATTRIB
  5
230
330
17
100
AcDbEntity
  8
0
100
AcDbText
 10
1.7513
 20
4.7645
 30
0.0
 40
0.125
  1
14.4KV/120V
  7
WD
 41
0.85
 72
1
 11
1.7513
 21
4.7645
 31
0.0
100
AcDbAttribute
  2
DESC2
 70
0
  0
ATTRIB
  5
231
330
17
100
AcDbEntity
  8
0
100
AcDbText
 10
2.0192
 20
4.9115
 30
0.0
 40
0.125
  1
PT(3)
  7
WD
 41
0.85
 72
1
 11
2.0192
 21
4.9115
 31
0.0
100
AcDbAttribute
  2
DESC1
 70
0
  0
ATTRIB
  5
232
330
17
100
AcDbEntity
  8
0
100
AcDbText
 10
2.2610833367364944
 20
3.553450001489093
 30
0.0
 40
0.125
  1

  7
WD
 41
0.85
 72
1
 11
2.2610833367364944
 21
3.553450001489093
 31
0.0
100
AcDbAttribute
  2
DESC3
 70
1
  0
ATTRIB
  5
233
330
17
100
AcDbEntity
  8
0
 62
7
100
AcDbText
 10
2.42775
 20
4.5847
 30
0.0
 40
0.0125
  1

  7
WD
 11
2.42775
 21
4.5847
 31
0.0
100
AcDbAttribute
  2
X1TERM02
 70
1
  0
ATTRIB
  5
234
330
17
100
AcDbEntity
  8
0
 62
7
100
AcDbText
 10
2.11525
 20
4.5847
 30
0.0
 40
0.0125
  1

  7
WD
 11
2.11525
 21
4.5847
 31
0.0
100
AcDbAttribute
  2
X4TERM01
 70
1
  0
ATTRIB
  5
235
330
17
100
AcDbEntity
  8
0
  6
Continuous
100
AcDbText
 10
2.4798333367364944
 20
4.428325001489092
 30
0.0
 40
0.125
  1

  7
WD
 11
2.4798333367364944
 21
4.553325001489092
 31
0.0
100
AcDbAttribute
  2
TERM02
 70
9
 74
3
  0
ATTRIB
  5
236
330
17
100
AcDbEntity
  8
0
  6
Continuous
100
AcDbText
 10
2.0423333367364944
 20
4.428325001489092
 30
0.0
 40
0.125
  1

  7
WD
 72
2
 11
2.0423333367364944
 21
4.553325001489092
 31
0.0
100
AcDbAttribute
  2
TERM01
 70
9
 74
3
  0
ATTRIB
  5
237
330
17
100
AcDbEntity
  8
0
100
AcDbText
 10
2.2610833367364944
 20
4.069075001489091
 30
0.0
 40
0.125
  1

  7
WD
 41
0.85
 72
1
 11
2.2610833367364944
 21
4.069075001489091
 31
0.0
100
AcDbAttribute
  2
RATING2
 70
1
  0
ATTRIB
  5
238
330
17
100
AcDbEntity
  8
0
100
AcDbText
 10
2.2610833367364944
 20
4.240950001489091
 30
0.0
 40
0.125
  1

  7
WD
 41
0.85
 72
1
 11
2.2610833367364944
 21
4.240950001489091
 31
0.0
100
AcDbAttribute
  2
RATING1
 70
1
  0
SEQEND
  5
224
330
223
100
AcDbEntity
  8
SLD_SYMS
  0
LINE
  5
239
330
17
100
AcDbEntity
  8
SLD_WIRE
100
AcDbLine
 10
2.4278
 20
4.5847
 30
0.0
 11
3.118
 21
4.5847
 31
0.0
  0
LINE
  5
23A
330
17
100
AcDbEntity
  8
SLD_WIRE
100
AcDbLine
 10
3.118
 20
4.5847
 30
0.0
 11
3.118
 21
4.7614
 31
0.0
  0
INSERT
  5
23B
330
17
100
AcDbEntity
  8
SLD_SYMS
100
AcDbBlockReference
 66
1
  2
VFU1
 10
3.118
 20
4.9489
 30
0.0
  0
ATTRIB
  5
23D
330
17
100
AcDbEntity
  8
0
100
AcDbText
 10
3.399249998957403
 20
4.573900000708662
 30
0.0
 40
0.0625
  1

  7
WD
 41
0.7
 11
3.399249998957403
 21
4.573900000708662
 31
0.0
100
AcDbAttribute
  2
DESC3
 70
1
  0
ATTRIB
  5
23E
330
17
100
AcDbEntity
  8
0
100
AcDbText
 10
3.399249998957403
 20
4.658484657032297
 30
0.0
 40
0.0625
  1

  7
WD
 41
0.7
 11
3.399249998957403
 21
4.658484657032297
 31
0.0
100
AcDbAttribute
  2
DESC2
 70
1
  0
ATTRIB
  5
23F
330
17
100
AcDbEntity
  8
0
100
AcDbText
 10
3.399249998957403
 20
4.752644936220037
 30
0.0
 40
0.0625
  1

  7
WD
 41
0.7
 11
3.399249998957403
 21
4.752644936220037
 31
0.0
100
AcDbAttribute
  2
DESC1
 70
1
  0
ATTRIB
  5
240
330
17
100
AcDbEntity
  8
0
100
AcDbText
 10
3.39925
 20
5.111825
 30
0.0
 40
0.0625
  1

  7
WD
 41
0.7
 11
3.39925
 21
5.111825
 31
0.0
100
AcDbAttribute
  2
INST
 70
1
  0
ATTRIB
  5
241
330
17
100
AcDbEntity
  8
0
 62
7
100
AcDbText
 10
2.993
 20
4.9489
 30
0.0
 40
0.01
  1

  7
WD
 11
2.993
 21
4.9489
 31
0.0
100
AcDbAttribute
  2
X4LINK
 70
1
  0
ATTRIB
  5
242
330
17
100
AcDbEntity
  8
0
 62
7
100
AcDbText
 10
3.258625
 20
4.9489
 30
0.0
 40
0.01
  1

  7
WD
 11
3.258625
 21
4.9489
 31
0.0
100
AcDbAttribute
  2
X1LINK
 70
1
  0
ATTRIB
  5
243
330
17
100
AcDbEntity
  8
0
  6
Continuous
100
AcDbText
 10
3.0195163675639494
 20
4.840840348433865
 30
0.0
 40
0.01
  1

  7
WD
 72
1
 11
3.0195163675639494
 21
4.840840348433865
 31
0.0
100
AcDbAttribute
  2
ASSYCODE
 70
9
  0
ATTRIB
  5
244
330
17
100
AcDbEntity
  8
0
100
AcDbText
 10
3.2761914379730697
 20
4.88827500000005
 30
0.0
 40
0.109375
  1

  7
WD
 41
0.9
 11
3.2761914379730697
 21
4.88827500000005
 31
0.0
100
AcDbAttribute
  2
TAG1
 70
1
  0
ATTRIB
  5
245
330
17
100
AcDbEntity
  8
0
100
AcDbText
 10
3.39925
 20
5.027025
 30
0.0
 40
0.0625
  1

  7
WD
 41
0.7
 11
3.39925
 21
5.027025
 31
0.0
100
AcDbAttribute
  2
LOC
 70
1
  0
ATTRIB
  5
246
330
17
100
AcDbEntity
  8
0
  6
Continuous
100
AcDbText
 10
3.0630296208443455
 20
5.15552661600492
 30
0.0
 40
0.0625
  1

  7
WD
 72
2
 11
3.0630296208443455
 21
5.15552661600492
 31
0.0
100
AcDbAttribute
  2
TERM01
 70
9
  0
ATTRIB
  5
247
330
17
100
AcDbEntity
  8
0
  6
Continuous
100
AcDbText
 10
3.0772987783920054
 20
4.672952969349004
 30
0.0
 40
0.0625
  1

  7
WD
 72
2
 11
3.0772987783920054
 21
4.735452969349004
 31
0.0
100
AcDbAttribute
  2
TERM02
 70
9
 74
3
  0
ATTRIB
  5
248
330
17
100
AcDbEntity
  8
0
 62
7
100
AcDbText
 10
3.118
 20
5.1364
 30
0.0
 40
0.0109375
  1

  7
WD
 11
3.118
 21
5.1364
 31
0.0
100
AcDbAttribute
  2
X2TERM01
 70
1
  0
ATTRIB
  5
249
330
17
100
AcDbEntity
  8
0
 62
7
100
AcDbText
 10
3.118
 20
4.7614
 30
0.0
 40
0.0109375
  1

  7
WD
 11
3.118
 21
4.7614
 31
0.0
100
AcDbAttribute
  2
X8TERM02
 70
1
  0
ATTRIB
  5
24A
330
17
100
AcDbEntity
  8
0
100
AcDbText
 10
3.021716414340328
 20
4.912440457527664
 30
0.0
 40
0.01
  1

  7
WD
 72
2
 11
3.0383830810069945
 21
4.912440457527664
 31
0.0
100
AcDbAttribute
  2
FAMILY
 70
9
  0
ATTRIB
  5
24B
330
17
100
AcDbEntity
  8
0
  6
Continuous
100
AcDbText
 10
3.0383830810069945
 20
4.875773790860998
 30
0.0
 40
0.01
  1

  7
WD
 72
2
 11
3.0383830810069945
 21
4.875773790860998
 31
0.0
100
AcDbAttribute
  2
CAT
 70
9
  0
ATTRIB
  5
24C
330
17
100
AcDbEntity
  8
0
  6
Continuous
100
AcDbText
 10
3.0383830810069945
 20
4.860773790860997
 30
0.0
 40
0.01
  1

  7
WD
 72
2
 11
3.0383830810069945
 21
4.860773790860997
 31
0.0
100
AcDbAttribute
  2
MFG
 70
9
  0
ATTRIB
  5
24D
330
17
100
AcDbEntity
  8
0
100
AcDbText
 10
3.2502999999999997
 20
4.9157
 30
0.0
 40
0.09375
  1
6A
 50
90.0
  7
WD
 41
0.7
 72
1
 11
3.2502999999999997
 21
4.9157
 31
0.0
100
AcDbAttribute
  2
RATING1
 70
0
 74
2
  0
SEQEND
  5
23C
330
23B
100
AcDbEntity
  8
SLD_SYMS
  0
LINE
  5
24E
330
17
100
AcDbEntity
  8
SLD_WIRE
100
AcDbLine
 10
3.118
 20
5.1364
 30
0.0
 11
3.118
 21
5.8456
 31
0.0
  0
INSERT
  5
24F
330
17
100
AcDbEntity
  8
SLD_SYMS
100
AcDbBlockReference
 66
1
  2
VCN1PJ
 10
1.577
 20
3.799
 30
0.0
 50
180.0
  0
ATTRIB
  5
251
330
17
100
AcDbEntity
  8
0
100
AcDbText
 10
1.3478333333333332
 20
2.949198241045226
 30
0.0
 40
0.125
  1

 50
180.0
  7
WD
 41
0.7
 72
2
 11
1.3478333333333332
 21
2.949198241045226
 31
0.0
100
AcDbAttribute
  2
INST
 70
1
  0
ATTRIB
  5
252
330
17
100
AcDbEntity
  8
0
100
AcDbText
 10
1.5639270731050132
 20
3.913640127258495
 30
0.0
 40
0.01
  1

 50
180.0
  7
WD
 11
1.5639270731050132
 21
3.913640127258495
 31
0.0
100
AcDbAttribute
  2
X8TERMDESC01
 70
1
  0
ATTRIB
  5
253
330
17
100
AcDbEntity
  8
0
100
AcDbText
 10
1.5508541355009466
 20
3.7573901322293035
 30
0.0
 40
0.01
  1

 50
180.0
  7
WD
 11
1.5508541355009466
 21
3.7573901322293035
 31
0.0
100
AcDbAttribute
  2
X2TERMDESC02
 70
1
  0
ATTRIB
  5
254
330
17
100
AcDbEntity
  8
0
  6
Continuous
100
AcDbText
 10
1.6860752636275755
 20
3.8129434821641546
 30
0.0
 40
0.01
  1

 50
180.0
  7
WD
 72
1
 11
1.6860752636275755
 21
3.8129434821641546
 31
0.0
100
AcDbAttribute
  2
ASSYCODE
 70
9
  0
ATTRIB
  5
255
330
17
100
AcDbEntity
  8
0
100
AcDbText
 10
1.702
 20
3.8615
 30
0.0
 40
0.01
  1

 50
180.0
  7
WD
 11
1.702
 21
3.8615
 31
0.0
100
AcDbAttribute
  2
X4LINK
 70
1
  0
ATTRIB
  5
256
330
17
100
AcDbEntity
  8
0
100
AcDbText
 10
1.452
 20
3.8615
 30
0.0
 40
0.01
  1

 50
180.0
  7
WD
 11
1.452
 21
3.8615
 31
0.0
100
AcDbAttribute
  2
X1LINK
 70
1
  0
ATTRIB
  5
257
330
17
100
AcDbEntity
  8
0
100
AcDbText
 10
1.6395
 20
3.1187982410452255
 30
0.0
 40
0.125
  1

 50
180.0
  7
WD
 41
0.7
 72
2
 11
1.6395
 21
3.1187982410452255
 31
0.0
100
AcDbAttribute
  2
LOC
 70
1
  0
ATTRIB
  5
258
330
17
100
AcDbEntity
  8
0
  6
Continuous
100
AcDbText
 10
1.6856068915503406
 20
3.7989607167771444
 30
0.0
 40
0.01
  1

 50
180.0
  7
WD
 72
1
 11
1.6856068915503406
 21
3.7989607167771444
 31
0.0
100
AcDbAttribute
  2
MFG
 70
9
  0
ATTRIB
  5
259
330
17
100
AcDbEntity
  8
0
  6
Continuous
100
AcDbText
 10
1.6836618459104218
 20
3.7795189630696937
 30
0.0
 40
0.01
  1

 50
180.0
  7
WD
 72
1
 11
1.6836618459104218
 21
3.7795189630696937
 31
0.0
100
AcDbAttribute
  2
CAT
 70
9
  0
ATTRIB
  5
25A
330
17
100
AcDbEntity
  8
0
100
AcDbText
 10
1.708715111848772
 20
3.7353425472099304
 30
0.0
 40
0.01
  1

 50
180.0
  7
WD
 11
1.708715111848772
 21
3.7353425472099304
 31
0.0
100
AcDbAttribute
  2
FAMILY
 70
9
  0
ATTRIB
  5
25B
330
17
100
AcDbEntity
  8
0
100
AcDbText
 10
1.6395
 20
3.4447210953523357
 30
0.0
 40
0.125
  1

 50
180.0
  7
WD
 41
0.7
 72
2
 11
1.6395
 21
3.4447210953523357
 31
0.0
100
AcDbAttribute
  2
DESC2
 70
1
  0
ATTRIB
  5
25C
330
17
100
AcDbEntity
  8
0
100
AcDbText
 10
1.6395
 20
3.2884746681987806
 30
0.0
 40
0.125
  1

 50
180.0
  7
WD
 41
0.7
 72
2
 11
1.6395
 21
3.2884746681987806
 31
0.0
100
AcDbAttribute
  2
DESC1
 70
1
  0
ATTRIB
  5
25D
330
17
100
AcDbEntity
  8
0
100
AcDbText
 10
1.8478333333333334
 20
3.70525
 30
0.0
 40
0.125
  1

 50
180.0
  7
WD
 72
2
 11
1.6395
 21
3.70525
 31
0.0
100
AcDbAttribute
  2
TAG1
 70
1
  0
ATTRIB
  5
25E
330
17
100
AcDbEntity
  8
0
  6
Continuous
100
AcDbText
 10
1.53
 20
4.0802499999999995
 30
0.0
 40
0.125
  1

 50
180.0
  7
WD
 11
1.53
 21
3.95525
 31
0.0
100
AcDbAttribute
  2
TERM01
 70
9
 74
3
  0
ATTRIB
  5
25F
330
17
100
AcDbEntity
  8
0
100
AcDbText
 10
1.577
 20
3.89275
 30
0.0
 40
0.0125
  1

 50
180.0
  7
WD
 11
1.577
 21
3.89275
 31
0.0
100
AcDbAttribute
  2
X8TERM01
 70
1
  0
ATTRIB
  5
260
330
17
100
AcDbEntity
  8
0
100
AcDbText
 10
1.577
 20
3.7365
 30
0.0
 40
0.0125
  1

 50
180.0
  7
WD
 11
1.577
 21
3.7365
 31
0.0
100
AcDbAttribute
  2
X2TERM02
 70
1
  0
ATTRIB
  5
261
330
17
100
AcDbEntity
  8
0
  6
Continuous
100
AcDbText
 10
1.53
 20
3.7365
 30
0.0
 40
0.125
  1

 50
180.0
  7
WD
 11
1.53
 21
3.7365
 31
0.0
100
AcDbAttribute
  2
TERM02
 70
9
  0
ATTRIB
  5
262
330
17
100
AcDbEntity
  8
0
100
AcDbText
 10
1.708715111848772
 20
3.753974679541563
 30
0.0
 40
0.01
  1

 50
180.0
  7
WD
 11
1.708715111848772
 21
3.753974679541563
 31
0.0
100
AcDbAttribute
  2
WDBLKNAM
 70
9
  0
SEQEND
  5
250
330
24F
100
AcDbEntity
  8
SLD_SYMS
  0
MTEXT
  5
263
330
17
100
AcDbEntity
  8
SLD_TEXT
100
AcDbMText
 10
1.317
 20
10.422
 30
0.0
 40
0.093
 41
0.0
 71
1
  1
52-M1A\P15kV\P2000A\P37kA
  0
MTEXT
  5
264
330
17
100
AcDbEntity
  8
SLD_TEXT
100
AcDbMText
 10
2.642
 20
9.662
 30
0.0
 40
0.093
 41
0.0
 71
1
  1
\pxqc;SEL-751\PFEEDER\PPROTECTION\PRELAY
  0
MTEXT
  5
265
330
17
100
AcDbEntity
  8
SLD_TEXT
100
AcDbMText
 10
0.875
 20
3.668
 30
0.0
 40
0.1
 41
0.0
 71
1
  1
\pxqc;TO\PXFMR-01\P12MVA/16MVA/20MVA\P55C\P13.8kV/25kV\Pz=5.75%
  0
MTEXT
  5
266
330
17
100
AcDbEntity
  8
SLD_TEXT
100
AcDbMText
 10
0.349
 20
5.549
 30
0.0
 40
0.093
 41
0.0
 71
1
  1
L.A.\P18kV\P15.3kV\PMCOV
  0
LINE
  5
267
330
17
100
AcDbEntity
  8
SLD_WIRE
100
AcDbLine
 10
5.186999999999999
 20
18.572
 30
0.0
 11
5.186999999999999
 21
15.598
 31
0.0
  0
LINE
  5
268
330
17
100
AcDbEntity
  8
SLD_WIRE
100
AcDbLine
 10
5.186999999999999
 20
15.442
 30
0.0
 11
5.186999999999999
 21
15.013
 31
0.0
  0
LINE
  5
269
330
17
100
AcDbEntity
  8
SLD_WIRE
100
AcDbLine
 10
5.186999999999999
 20
14.092
 30
0.0
 11
5.186999999999999
 21
13.736
 31
0.0
  0
LINE
  5
26A
330
17
100
AcDbEntity
  8
SLD_WIRE
100
AcDbLine
 10
5.186999999999999
 20
13.58
 30
0.0
 11
5.186999999999999
 21
12.609
 31
0.0
  0
INSERT
  5
26B
330
17
100
AcDbEntity
  8
SLD_SYMS
100
AcDbBlockReference
  2
WDDOT
 10
5.186999999999999
 20
12.609
 30
0.0
  0
INSERT
  5
26D
330
17
100
AcDbEntity
  8
SLD_SYMS
100
AcDbBlockReference
 66
1
  2
VCN1PJ
 10
5.186999999999999
 20
18.635
 30
0.0
 50
180.0
  0
ATTRIB
  5
26F
330
17
100
AcDbEntity
  8
0
100
AcDbText
 10
4.957833333333332
 20
17.785198241045226
 30
0.0
 40
0.125
  1

 50
180.0
  7
WD
 41
0.7
 72
2
 11
4.957833333333332
 21
17.785198241045226
 31
0.0
100
AcDbAttribute
  2
INST
 70
1
  0
ATTRIB
  5
270
330
17
100
AcDbEntity
  8
0
100
AcDbText
 10
5.173927073105013
 20
18.749640127258495
 30
0.0
 40
0.01
  1

 50
180.0
  7
WD
 11
5.173927073105013
 21
18.749640127258495
 31
0.0
100
AcDbAttribute
  2
X8TERMDESC01
 70
1
  0
ATTRIB
  5
271
330
17
100
AcDbEntity
  8
0
100
AcDbText
 10
5.160854135500946
 20
18.593390132229306
 30
0.0
 40
0.01
  1

 50
180.0
  7
WD
 11
5.160854135500946
 21
18.593390132229306
 31
0.0
100
AcDbAttribute
  2
X2TERMDESC02
 70
1
  0
ATTRIB
  5
272
330
17
100
AcDbEntity
  8
0
  6
Continuous
100
AcDbText
 10
5.296075263627575
 20
18.648943482164157
 30
0.0
 40
0.01
  1

 50
180.0
  7
WD
 72
1
 11
5.296075263627575
 21
18.648943482164157
 31
0.0
100
AcDbAttribute
  2
ASSYCODE
 70
9
  0
ATTRIB
  5
273
330
17
100
AcDbEntity
  8
0
100
AcDbText
 10
5.311999999999999
 20
18.6975
 30
0.0
 40
0.01
  1

 50
180.0
  7
WD
 11
5.311999999999999
 21
18.6975
 31
0.0
100
AcDbAttribute
  2
X4LINK
 70
1
  0
ATTRIB
  5
274
330
17
100
AcDbEntity
  8
0
100
AcDbText
 10
5.061999999999999
 20
18.6975
 30
0.0
 40
0.01
  1

 50
180.0
  7
WD
 11
5.061999999999999
 21
18.6975
 31
0.0
100
AcDbAttribute
  2
X1LINK
 70
1
  0
ATTRIB
  5
275
330
17
100
AcDbEntity
  8
0
100
AcDbText
 10
5.249499999999999
 20
17.95479824104523
 30
0.0
 40
0.125
  1

 50
180.0
  7
WD
 41
0.7
 72
2
 11
5.249499999999999
 21
17.95479824104523
 31
0.0
100
AcDbAttribute
  2
LOC
 70
1
  0
ATTRIB
  5
276
330
17
100
AcDbEntity
  8
0
  6
Continuous
100
AcDbText
 10
5.2956068915503405
 20
18.634960716777147
 30
0.0
 40
0.01
  1

 50
180.0
  7
WD
 72
1
 11
5.2956068915503405
 21
18.634960716777147
 31
0.0
100
AcDbAttribute
  2
MFG
 70
9
  0
ATTRIB
  5
277
330
17
100
AcDbEntity
  8
0
  6
Continuous
100
AcDbText
 10
5.293661845910421
 20
18.615518963069697
 30
0.0
 40
0.01
  1

 50
180.0
  7
WD
 72
1
 11
5.293661845910421
 21
18.615518963069697
 31
0.0
100
AcDbAttribute
  2
CAT
 70
9
  0
ATTRIB
  5
278
330
17
100
AcDbEntity
  8
0
100
AcDbText
 10
5.318715111848771
 20
18.571342547209934
 30
0.0
 40
0.01
  1

 50
180.0
  7
WD
 11
5.318715111848771
 21
18.571342547209934
 31
0.0
100
AcDbAttribute
  2
FAMILY
 70
9
  0
ATTRIB
  5
279
330
17
100
AcDbEntity
  8
0
100
AcDbText
 10
5.249499999999999
 20
18.280721095352337
 30
0.0
 40
0.125
  1

 50
180.0
  7
WD
 41
0.7
 72
2
 11
5.249499999999999
 21
18.280721095352337
 31
0.0
100
AcDbAttribute
  2
DESC2
 70
1
  0
ATTRIB
  5
27A
330
17
100
AcDbEntity
  8
0
100
AcDbText
 10
5.249499999999999
 20
18.124474668198783
 30
0.0
 40
0.125
  1

 50
180.0
  7
WD
 41
0.7
 72
2
 11
5.249499999999999
 21
18.124474668198783
 31
0.0
100
AcDbAttribute
  2
DESC1
 70
1
  0
ATTRIB
  5
27B
330
17
100
AcDbEntity
  8
0
100
AcDbText
 10
5.457833333333332
 20
18.54125
 30
0.0
 40
0.125
  1

 50
180.0
  7
WD
 72
2
 11
5.249499999999999
 21
18.54125
 31
0.0
100
AcDbAttribute
  2
TAG1
 70
1
  0
ATTRIB
  5
27C
330
17
100
AcDbEntity
  8
0
  6
Continuous
100
AcDbText
 10
5.14
 20
18.91625
 30
0.0
 40
0.125
  1

 50
180.0
  7
WD
 11
5.14
 21
18.79125
 31
0.0
100
AcDbAttribute
  2
TERM01
 70
9
 74
3
  0
ATTRIB
  5
27D
330
17
100
AcDbEntity
  8
0
100
AcDbText
 10
5.186999999999999
 20
18.72875
 30
0.0
 40
0.0125
  1

 50
180.0
  7
WD
 11
5.186999999999999
 21
18.72875
 31
0.0
100
AcDbAttribute
  2
X8TERM01
 70
1
  0
ATTRIB
  5
27E
330
17
100
AcDbEntity
  8
0
100
AcDbText
 10
5.186999999999999
 20
18.5725
 30
0.0
 40
0.0125
  1

 50
180.0
  7
WD
 11
5.186999999999999
 21
18.5725
 31
0.0
100
AcDbAttribute
  2
X2TERM02
 70
1
  0
ATTRIB
  5
27F
330
17
100
AcDbEntity
  8
0
  6
Continuous
100
AcDbText
 10
5.14
 20
18.5725
 30
0.0
 40
0.125
  1

 50
180.0
  7
WD
 11
5.14
 21
18.5725
 31
0.0
100
AcDbAttribute
  2
TERM02
 70
9
  0
ATTRIB
  5
280
330
17
100
AcDbEntity
  8
0
100
AcDbText
 10
5.318715111848771
 20
18.589974679541566
 30
0.0
 40
0.01
  1

 50
180.0
  7
WD
 11
5.318715111848771
 21
18.589974679541566
 31
0.0
100
AcDbAttribute
  2
WDBLKNAM
 70
9
  0
SEQEND
  5
26E
330
26D
100
AcDbEntity
  8
SLD_SYMS
  0
INSERT
  5
281
330
17
100
AcDbEntity
  8
SLD_SYMS
100
AcDbBlockReference
  2
WDDOT
 10
5.186999999999999
 20
17.879
 30
0.0
  0
LINE
  5
283
330
17
100
AcDbEntity
  8
SLD_WIRE
100
AcDbLine
 10
5.186999999999999
 20
17.879
 30
0.0
 11
5.427999999999999
 21
17.879
 31
0.0
  0
CIRCLE
  5
284
330
17
100
AcDbEntity
  8
SLD_SYMS
100
AcDbCircle
 10
5.456999999999999
 20
17.879
 30
0.0
 40
0.029
  0
CIRCLE
  5
285
330
17
100
AcDbEntity
  8
SLD_SYMS
100
AcDbCircle
 10
5.581999999999999
 20
17.879
 30
0.0
 40
0.029
  0
LINE
  5
286
330
17
100
AcDbEntity
  8
SLD_WIRE
100
AcDbLine
 10
5.611
 20
17.879
 30
0.0
 11
5.803999999999999
 21
17.879
 31
0.0
  0
INSERT
  5
287
330
17
100
AcDbEntity
  8
SLD_SYMS
100
AcDbBlockReference
 66
1
  2
HGND2
 10
5.803999999999999
 20
17.879
 30
0.0
 50
180.0
  0
ATTRIB
  5
289
330
17
100
AcDbEntity
  8
0
100
AcDbText
 10
5.803999999999999
 20
17.879
 30
0.0
 40
0.01
  1

 50
180.0
  7
WD
 11
5.803999999999999
 21
17.879
 31
0.0
100
AcDbAttribute
  2
X4TERM01
 70
1
  0
SEQEND
  5
288
330
287
100
AcDbEntity
  8
SLD_SYMS
  0
LWPOLYLINE
  5
28A
330
17
100
AcDbEntity
  8
SLD_SYMS
100
AcDbPolyline
 90
4
 70
1
 10
5.701999999999999
 20
17.388
 10
6.880999999999999
 20
17.388
 10
6.880999999999999
 20
16.716
 10
5.701999999999999
 20
16.716
  0
INSERT
  5
28B
330
17
100
AcDbEntity
  8
SLD_SYMS
100
AcDbBlockReference
 66
1
  2
VXF1CT
 10
5.379
 20
17.072
 30
0.0
  0
ATTRIB
  5
28D
330
17
100
AcDbEntity
  8
0
100
AcDbText
 10
5.151916666666667
 20
16.650125
 30
0.0
 40
0.125
  1

  7
WD
 41
0.7
 72
1
 11
5.151916666666667
 21
16.650125
 31
0.0
100
AcDbAttribute
  2
INST
 70
1
  0
ATTRIB
  5
28E
330
17
100
AcDbEntity
  8
0
100
AcDbText
 10
5.379
 20
16.788826474599723
 30
0.0
 40
0.0125
  1

  7
WD
 11
5.379
 21
16.788826474599723
 31
0.0
100
AcDbAttribute
  2
X8TERM01
 70
1
  0
ATTRIB
  5
28F
330
17
100
AcDbEntity
  8
0
100
AcDbText
 10
5.4112117627001375
 20
16.82103823729986
 30
0.0
 40
0.0125
  1

  7
WD
 11
5.4112117627001375
 21
16.82103823729986
 31
0.0
100
AcDbAttribute
  2
X1TERM01
 70
1
  0
ATTRIB
  5
290
330
17
100
AcDbEntity
  8
0
  6
Continuous
100
AcDbText
 10
5.324062169619042
 20
16.841456032263782
 30
0.0
 40
0.125
  1

  7
WD
 72
2
 11
5.324062169619042
 21
16.841456032263782
 31
0.0
100
AcDbAttribute
  2
TERM01
 70
9
  0
ATTRIB
  5
291
330
17
100
AcDbEntity
  8
0
  6
Continuous
100
AcDbText
 10
5.334006916951067
 20
17.338965784883833
 30
0.0
 40
0.125
  1

  7
WD
 72
2
 11
5.334006916951067
 21
17.338965784883833
 31
0.0
100
AcDbAttribute
  2
TERM02
 70
9
  0
ATTRIB
  5
292
330
17
100
AcDbEntity
  8
0
100
AcDbText
 10
5.4112117627001375
 20
17.321038237299863
 30
0.0
 40
0.0125
  1

  7
WD
 11
5.4112117627001375
 21
17.321038237299863
 31
0.0
100
AcDbAttribute
  2
X1TERM02
 70
1
  0
ATTRIB
  5
293
330
17
100
AcDbEntity
  8
0
100
AcDbText
 10
5.379
 20
17.35325
 30
0.0
 40
0.0125
  1

  7
WD
 11
5.379
 21
17.35325
 31
0.0
100
AcDbAttribute
  2
X2TERM02
 70
1
  0
ATTRIB
  5
294
330
17
100
AcDbEntity
  8
0
100
AcDbText
 10
5.66025
 20
16.947
 30
0.0
 40
0.125
  1

  7
WD
 41
0.7
 11
5.66025
 21
16.947
 31
0.0
100
AcDbAttribute
  2
RATING1
 70
1
  0
ATTRIB
  5
295
330
17
100
AcDbEntity
  8
0
100
AcDbText
 10
5.66025
 20
17.10325
 30
0.0
 40
0.125
  1

  7
WD
 11
5.66025
 21
17.10325
 31
0.0
100
AcDbAttribute
  2
TAG1
 70
1
  0
ATTRIB
  5
296
330
17
100
AcDbEntity
  8
0
100
AcDbText
 10
4.117999999999999
 20
17.055
 30
0.0
 40
0.125
  1
400:5A (3)
  7
WD
 41
0.7
 72
1
 11
4.117999999999999
 21
17.055
 31
0.0
100
AcDbAttribute
  2
DESC1
 70
0
  0
ATTRIB
  5
297
330
17
100
AcDbEntity
  8
0
100
AcDbText
 10
3.9919999999999995
 20
16.894
 30
0.0
 40
0.125
  1
CT C200 MR
  7
WD
 41
0.7
 72
1
 11
3.9919999999999995
 21
16.894
 31
0.0
100
AcDbAttribute
  2
DESC2
 70
0
  0
ATTRIB
  5
298
330
17
100
AcDbEntity
  8
0
100
AcDbText
 10
5.1784706222727905
 20
16.470951758954772
 30
0.0
 40
0.125
  1

  7
WD
 41
0.7
 72
1
 11
5.1784706222727905
 21
16.470951758954772
 31
0.0
100
AcDbAttribute
  2
LOC
 70
1
  0
ATTRIB
  5
299
330
17
100
AcDbEntity
  8
0
  6
Continuous
100
AcDbText
 10
5.208069824898971
 20
17.19095535038637
 30
0.0
 40
0.01
  1

  7
WD
 72
1
 11
5.208069824898971
 21
17.19095535038637
 31
0.0
100
AcDbAttribute
  2
ASSYCODE
 70
9
  0
ATTRIB
  5
29A
330
17
100
AcDbEntity
  8
0
100
AcDbText
 10
5.1862916666666665
 20
17.025125
 30
0.0
 40
0.125
  1

  7
WD
 72
1
 11
5.332125
 21
17.025125
 31
0.0
100
AcDbAttribute
  2
TYPE
 70
1
  0
ATTRIB
  5
29B
330
17
100
AcDbEntity
  8
0
100
AcDbText
 10
5.183192775900367
 20
17.262690293718368
 30
0.0
 40
0.01
  1

  7
WD
 11
5.183192775900367
 21
17.262690293718368
 31
0.0
100
AcDbAttribute
  2
FAMILY
 70
9
  0
ATTRIB
  5
29C
330
17
100
AcDbEntity
  8
0
  6
Continuous
100
AcDbText
 10
5.208246041838716
 20
17.234138877858605
 30
0.0
 40
0.01
  1

  7
WD
 72
1
 11
5.208246041838716
 21
17.234138877858605
 31
0.0
100
AcDbAttribute
  2
CAT
 70
9
  0
ATTRIB
  5
29D
330
17
100
AcDbEntity
  8
0
  6
Continuous
100
AcDbText
 10
5.206300996198799
 20
17.214697124151154
 30
0.0
 40
0.01
  1

  7
WD
 72
1
 11
5.206300996198799
 21
17.214697124151154
 31
0.0
100
AcDbAttribute
  2
MFG
 70
9
  0
SEQEND
  5
28C
330
28B
100
AcDbEntity
  8
SLD_SYMS
  0
INSERT
  5
29E
330
17
100
AcDbEntity
  8
SLD_SYMS
100
AcDbBlockReference
  2
WDDOT
 10
5.236
 20
17.367
 30
0.0
  0
MTEXT
  5
2A0
330
17
100
AcDbEntity
  8
SLD_TEXT
100
AcDbMText
 10
4.294999999999999
 20
16.849
 30
0.0
 40
0.1
 41
0.0
 71
1
  1
\pxqc;1%%C
  0
LWPOLYLINE
  5
2A1
330
17
100
AcDbEntity
  8
SLD_SYMS
100
AcDbPolyline
 90
4
 70
1
 10
5.8450999999999995
 20
16.4384
 10
5.9768
 20
16.4384
 10
5.9768
 20
16.3157
 10
5.8450999999999995
 20
16.3157
  0
LINE
  5
2A2
330
17
100
AcDbEntity
  8
SLD_SYMS
100
AcDbLine
 10
5.976799999999999
 20
16.4384
 30
0.0
 11
5.8450999999999995
 21
16.4384
 31
0.0
  0
LINE
  5
2A3
330
17
100
AcDbEntity
  8
SLD_SYMS
100
AcDbLine
 10
5.8450999999999995
 20
16.3157
 30
0.0
 11
5.976799999999999
 21
16.4384
 31
0.0
  0
LINE
  5
2A4
330
17
100
AcDbEntity
  8
SLD_SYMS
100
AcDbLine
 10
5.8450999999999995
 20
16.4384
 30
0.0
 11
5.976799999999999
 21
16.3157
 31
0.0
  0
INSERT
  5
2A5
330
17
100
AcDbEntity
  8
SLD_SYMS
100
AcDbBlockReference
 66
1
  2
VXF1CT
 10
5.379
 20
16.128
 30
0.0
  0
ATTRIB
  5
2A7
330
17
100
AcDbEntity
  8
0
100
AcDbText
 10
5.151916666666667
 20
15.706125
 30
0.0
 40
0.125
  1

  7
WD
 41
0.7
 72
1
 11
5.151916666666667
 21
15.706125
 31
0.0
100
AcDbAttribute
  2
INST
 70
1
  0
ATTRIB
  5
2A8
330
17
100
AcDbEntity
  8
0
100
AcDbText
 10
5.379
 20
15.844826474599724
 30
0.0
 40
0.0125
  1

  7
WD
 11
5.379
 21
15.844826474599724
 31
0.0
100
AcDbAttribute
  2
X8TERM01
 70
1
  0
ATTRIB
  5
2A9
330
17
100
AcDbEntity
  8
0
100
AcDbText
 10
5.4112117627001375
 20
15.877038237299862
 30
0.0
 40
0.0125
  1

  7
WD
 11
5.4112117627001375
 21
15.877038237299862
 31
0.0
100
AcDbAttribute
  2
X1TERM01
 70
1
  0
ATTRIB
  5
2AA
330
17
100
AcDbEntity
  8
0
  6
Continuous
100
AcDbText
 10
5.324062169619042
 20
15.897456032263783
 30
0.0
 40
0.125
  1

  7
WD
 72
2
 11
5.324062169619042
 21
15.897456032263783
 31
0.0
100
AcDbAttribute
  2
TERM01
 70
9
  0
ATTRIB
  5
2AB
330
17
100
AcDbEntity
  8
0
  6
Continuous
100
AcDbText
 10
5.334006916951067
 20
16.394965784883833
 30
0.0
 40
0.125
  1

  7
WD
 72
2
 11
5.334006916951067
 21
16.394965784883833
 31
0.0
100
AcDbAttribute
  2
TERM02
 70
9
  0
ATTRIB
  5
2AC
330
17
100
AcDbEntity
  8
0
100
AcDbText
 10
5.4112117627001375
 20
16.377038237299864
 30
0.0
 40
0.0125
  1

  7
WD
 11
5.4112117627001375
 21
16.377038237299864
 31
0.0
100
AcDbAttribute
  2
X1TERM02
 70
1
  0
ATTRIB
  5
2AD
330
17
100
AcDbEntity
  8
0
100
AcDbText
 10
5.379
 20
16.40925
 30
0.0
 40
0.0125
  1

  7
WD
 11
5.379
 21
16.40925
 31
0.0
100
AcDbAttribute
  2
X2TERM02
 70
1
  0
ATTRIB
  5
2AE
330
17
100
AcDbEntity
  8
0
100
AcDbText
 10
5.66025
 20
16.003
 30
0.0
 40
0.125
  1

  7
WD
 41
0.7
 11
5.66025
 21
16.003
 31
0.0
100
AcDbAttribute
  2
RATING1
 70
1
  0
ATTRIB
  5
2AF
330
17
100
AcDbEntity
  8
0
100
AcDbText
 10
5.66025
 20
16.15925
 30
0.0
 40
0.125
  1

  7
WD
 11
5.66025
 21
16.15925
 31
0.0
100
AcDbAttribute
  2
TAG1
 70
1
  0
ATTRIB
  5
2B0
330
17
100
AcDbEntity
  8
0
100
AcDbText
 10
4.0889999999999995
 20
16.111
 30
0.0
 40
0.125
  1
1200:5A (3)
  7
WD
 41
0.7
 72
1
 11
4.0889999999999995
 21
16.111
 31
0.0
100
AcDbAttribute
  2
DESC1
 70
0
  0
ATTRIB
  5
2B1
330
17
100
AcDbEntity
  8
0
100
AcDbText
 10
3.9919999999999995
 20
15.95
 30
0.0
 40
0.125
  1
CT C200 MR
  7
WD
 41
0.7
 72
1
 11
3.9919999999999995
 21
15.95
 31
0.0
100
AcDbAttribute
  2
DESC2
 70
0
  0
ATTRIB
  5
2B2
330
17
100
AcDbEntity
  8
0
100
AcDbText
 10
5.1784706222727905
 20
15.526951758954773
 30
0.0
 40
0.125
  1

  7
WD
 41
0.7
 72
1
 11
5.1784706222727905
 21
15.526951758954773
 31
0.0
100
AcDbAttribute
  2
LOC
 70
1
  0
ATTRIB
  5
2B3
330
17
100
AcDbEntity
  8
0
  6
Continuous
100
AcDbText
 10
5.208069824898971
 20
16.246955350386372
 30
0.0
 40
0.01
  1

  7
WD
 72
1
 11
5.208069824898971
 21
16.246955350386372
 31
0.0
100
AcDbAttribute
  2
ASSYCODE
 70
9
  0
ATTRIB
  5
2B4
330
17
100
AcDbEntity
  8
0
100
AcDbText
 10
5.1862916666666665
 20
16.081125
 30
0.0
 40
0.125
  1

  7
WD
 72
1
 11
5.332125
 21
16.081125
 31
0.0
100
AcDbAttribute
  2
TYPE
 70
1
  0
ATTRIB
  5
2B5
330
17
100
AcDbEntity
  8
0
100
AcDbText
 10
5.183192775900367
 20
16.31869029371837
 30
0.0
 40
0.01
  1

  7
WD
 11
5.183192775900367
 21
16.31869029371837
 31
0.0
100
AcDbAttribute
  2
FAMILY
 70
9
  0
ATTRIB
  5
2B6
330
17
100
AcDbEntity
  8
0
  6
Continuous
100
AcDbText
 10
5.208246041838716
 20
16.290138877858606
 30
0.0
 40
0.01
  1

  7
WD
 72
1
 11
5.208246041838716
 21
16.290138877858606
 31
0.0
100
AcDbAttribute
  2
CAT
 70
9
  0
ATTRIB
  5
2B7
330
17
100
AcDbEntity
  8
0
  6
Continuous
100
AcDbText
 10
5.206300996198799
 20
16.270697124151155
 30
0.0
 40
0.01
  1

  7
WD
 72
1
 11
5.206300996198799
 21
16.270697124151155
 31
0.0
100
AcDbAttribute
  2
MFG
 70
9
  0
SEQEND
  5
2A6
330
2A5
100
AcDbEntity
  8
SLD_SYMS
  0
INSERT
  5
2B8
330
17
100
AcDbEntity
  8
SLD_SYMS
100
AcDbBlockReference
  2
WDDOT
 10
5.236
 20
16.423000000000002
 30
0.0
  0
MTEXT
  5
2BA
330
17
100
AcDbEntity
  8
SLD_TEXT
100
AcDbMText
 10
4.302
 20
15.9
 30
0.0
 40
0.1
 41
0.0
 71
1
  1
\pxqc;1%%C
  0
INSERT
  5
2BB
330
17
100
AcDbEntity
  8
SLD_SYMS
100
AcDbBlockReference
 66
1
  2
VCN1PJ
 10
5.186999999999999
 20
15.535
 30
0.0
  0
ATTRIB
  5
2BD
330
17
100
AcDbEntity
  8
0
100
AcDbText
 10
5.416166666666666
 20
16.384801758954776
 30
0.0
 40
0.125
  1

  7
WD
 41
0.7
 72
2
 11
5.416166666666666
 21
16.384801758954776
 31
0.0
100
AcDbAttribute
  2
INST
 70
1
  0
ATTRIB
  5
2BE
330
17
100
AcDbEntity
  8
0
100
AcDbText
 10
5.200072926894986
 20
15.420359872741505
 30
0.0
 40
0.01
  1

  7
WD
 11
5.200072926894986
 21
15.420359872741505
 31
0.0
100
AcDbAttribute
  2
X8TERMDESC01
 70
1
  0
ATTRIB
  5
2BF
330
17
100
AcDbEntity
  8
0
100
AcDbText
 10
5.213145864499053
 20
15.576609867770696
 30
0.0
 40
0.01
  1

  7
WD
 11
5.213145864499053
 21
15.576609867770696
 31
0.0
100
AcDbAttribute
  2
X2TERMDESC02
 70
1
  0
ATTRIB
  5
2C0
330
17
100
AcDbEntity
  8
0
  6
Continuous
100
AcDbText
 10
5.077924736372424
 20
15.521056517835845
 30
0.0
 40
0.01
  1

  7
WD
 72
1
 11
5.077924736372424
 21
15.521056517835845
 31
0.0
100
AcDbAttribute
  2
ASSYCODE
 70
9
  0
ATTRIB
  5
2C1
330
17
100
AcDbEntity
  8
0
100
AcDbText
 10
5.061999999999999
 20
15.4725
 30
0.0
 40
0.01
  1

  7
WD
 11
5.061999999999999
 21
15.4725
 31
0.0
100
AcDbAttribute
  2
X4LINK
 70
1
  0
ATTRIB
  5
2C2
330
17
100
AcDbEntity
  8
0
100
AcDbText
 10
5.311999999999999
 20
15.4725
 30
0.0
 40
0.01
  1

  7
WD
 11
5.311999999999999
 21
15.4725
 31
0.0
100
AcDbAttribute
  2
X1LINK
 70
1
  0
ATTRIB
  5
2C3
330
17
100
AcDbEntity
  8
0
100
AcDbText
 10
5.124499999999999
 20
16.215201758954773
 30
0.0
 40
0.125
  1

  7
WD
 41
0.7
 72
2
 11
5.124499999999999
 21
16.215201758954773
 31
0.0
100
AcDbAttribute
  2
LOC
 70
1
  0
ATTRIB
  5
2C4
330
17
100
AcDbEntity
  8
0
  6
Continuous
100
AcDbText
 10
5.078393108449658
 20
15.535039283222856
 30
0.0
 40
0.01
  1

  7
WD
 72
1
 11
5.078393108449658
 21
15.535039283222856
 31
0.0
100
AcDbAttribute
  2
MFG
 70
9
  0
ATTRIB
  5
2C5
330
17
100
AcDbEntity
  8
0
  6
Continuous
100
AcDbText
 10
5.080338154089578
 20
15.554481036930307
 30
0.0
 40
0.01
  1

  7
WD
 72
1
 11
5.080338154089578
 21
15.554481036930307
 31
0.0
100
AcDbAttribute
  2
CAT
 70
9
  0
ATTRIB
  5
2C6
330
17
100
AcDbEntity
  8
0
100
AcDbText
 10
5.055284888151228
 20
15.59865745279007
 30
0.0
 40
0.01
  1

  7
WD
 11
5.055284888151228
 21
15.59865745279007
 31
0.0
100
AcDbAttribute
  2
FAMILY
 70
9
  0
ATTRIB
  5
2C7
330
17
100
AcDbEntity
  8
0
100
AcDbText
 10
5.124499999999999
 20
15.889278904647664
 30
0.0
 40
0.125
  1

  7
WD
 41
0.7
 72
2
 11
5.124499999999999
 21
15.889278904647664
 31
0.0
100
AcDbAttribute
  2
DESC2
 70
1
  0
ATTRIB
  5
2C8
330
17
100
AcDbEntity
  8
0
100
AcDbText
 10
5.124499999999999
 20
16.04552533180122
 30
0.0
 40
0.125
  1

  7
WD
 41
0.7
 72
2
 11
5.124499999999999
 21
16.04552533180122
 31
0.0
100
AcDbAttribute
  2
DESC1
 70
1
  0
ATTRIB
  5
2C9
330
17
100
AcDbEntity
  8
0
100
AcDbText
 10
4.916166666666666
 20
15.62875
 30
0.0
 40
0.125
  1

  7
WD
 72
2
 11
5.124499999999999
 21
15.62875
 31
0.0
100
AcDbAttribute
  2
TAG1
 70
1
  0
ATTRIB
  5
2CA
330
17
100
AcDbEntity
  8
0
  6
Continuous
100
AcDbText
 10
5.233999999999999
 20
15.25375
 30
0.0
 40
0.125
  1

  7
WD
 11
5.233999999999999
 21
15.37875
 31
0.0
100
AcDbAttribute
  2
TERM01
 70
9
 74
3
  0
ATTRIB
  5
2CB
330
17
100
AcDbEntity
  8
0
100
AcDbText
 10
5.186999999999999
 20
15.44125
 30
0.0
 40
0.0125
  1

  7
WD
 11
5.186999999999999
 21
15.44125
 31
0.0
100
AcDbAttribute
  2
X8TERM01
 70
1
  0
ATTRIB
  5
2CC
330
17
100
AcDbEntity
  8
0
100
AcDbText
 10
5.186999999999999
 20
15.5975
 30
0.0
 40
0.0125
  1

  7
WD
 11
5.186999999999999
 21
15.5975
 31
0.0
100
AcDbAttribute
  2
X2TERM02
 70
1
  0
ATTRIB
  5
2CD
330
17
100
AcDbEntity
  8
0
  6
Continuous
100
AcDbText
 10
5.233999999999999
 20
15.5975
 30
0.0
 40
0.125
  1

  7
WD
 11
5.233999999999999
 21
15.5975
 31
0.0
100
AcDbAttribute
  2
TERM02
 70
9
  0
ATTRIB
  5
2CE
330
17
100
AcDbEntity
  8
0
100
AcDbText
 10
5.055284888151228
 20
15.580025320458438
 30
0.0
 40
0.01
  1

  7
WD
 11
5.055284888151228
 21
15.580025320458438
 31
0.0
100
AcDbAttribute
  2
WDBLKNAM
 70
9
  0
SEQEND
  5
2BC
330
2BB
100
AcDbEntity
  8
SLD_SYMS
  0
LWPOLYLINE
  5
2CF
330
17
100
AcDbEntity
  8
SLD_SYMS
100
AcDbPolyline
 90
4
 70
1
 10
4.771999999999999
 20
15.013
 10
5.561999999999999
 20
15.013
 10
5.561999999999999
 20
14.092
 10
4.771999999999999
 20
14.092
  0
INSERT
  5
2D0
330
17
100
AcDbEntity
  8
SLD_SYMS
100
AcDbBlockReference
 66
1
  2
VCN1PJ
 10
5.186999999999999
 20
13.643
 30
0.0
 50
180.0
  0
ATTRIB
  5
2D2
330
17
100
AcDbEntity
  8
0
100
AcDbText
 10
4.957833333333332
 20
12.793198241045227
 30
0.0
 40
0.125
  1

 50
180.0
  7
WD
 41
0.7
 72
2
 11
4.957833333333332
 21
12.793198241045227
 31
0.0
100
AcDbAttribute
  2
INST
 70
1
  0
ATTRIB
  5
2D3
330
17
100
AcDbEntity
  8
0
100
AcDbText
 10
5.173927073105013
 20
13.757640127258496
 30
0.0
 40
0.01
  1

 50
180.0
  7
WD
 11
5.173927073105013
 21
13.757640127258496
 31
0.0
100
AcDbAttribute
  2
X8TERMDESC01
 70
1
  0
ATTRIB
  5
2D4
330
17
100
AcDbEntity
  8
0
100
AcDbText
 10
5.160854135500946
 20
13.601390132229305
 30
0.0
 40
0.01
  1

 50
180.0
  7
WD
 11
5.160854135500946
 21
13.601390132229305
 31
0.0
100
AcDbAttribute
  2
X2TERMDESC02
 70
1
  0
ATTRIB
  5
2D5
330
17
100
AcDbEntity
  8
0
  6
Continuous
100
AcDbText
 10
5.296075263627575
 20
13.656943482164156
 30
0.0
 40
0.01
  1

 50
180.0
  7
WD
 72
1
 11
5.296075263627575
 21
13.656943482164156
 31
0.0
100
AcDbAttribute
  2
ASSYCODE
 70
9
  0
ATTRIB
  5
2D6
330
17
100
AcDbEntity
  8
0
100
AcDbText
 10
5.311999999999999
 20
13.7055
 30
0.0
 40
0.01
  1

 50
180.0
  7
WD
 11
5.311999999999999
 21
13.7055
 31
0.0
100
AcDbAttribute
  2
X4LINK
 70
1
  0
ATTRIB
  5
2D7
330
17
100
AcDbEntity
  8
0
100
AcDbText
 10
5.061999999999999
 20
13.7055
 30
0.0
 40
0.01
  1

 50
180.0
  7
WD
 11
5.061999999999999
 21
13.7055
 31
0.0
100
AcDbAttribute
  2
X1LINK
 70
1
  0
ATTRIB
  5
2D8
330
17
100
AcDbEntity
  8
0
100
AcDbText
 10
5.249499999999999
 20
12.962798241045226
 30
0.0
 40
0.125
  1

 50
180.0
  7
WD
 41
0.7
 72
2
 11
5.249499999999999
 21
12.962798241045226
 31
0.0
100
AcDbAttribute
  2
LOC
 70
1
  0
ATTRIB
  5
2D9
330
17
100
AcDbEntity
  8
0
  6
Continuous
100
AcDbText
 10
5.2956068915503405
 20
13.642960716777145
 30
0.0
 40
0.01
  1

 50
180.0
  7
WD
 72
1
 11
5.2956068915503405
 21
13.642960716777145
 31
0.0
100
AcDbAttribute
  2
MFG
 70
9
  0
ATTRIB
  5
2DA
330
17
100
AcDbEntity
  8
0
  6
Continuous
100
AcDbText
 10
5.293661845910421
 20
13.623518963069694
 30
0.0
 40
0.01
  1

 50
180.0
  7
WD
 72
1
 11
5.293661845910421
 21
13.623518963069694
 31
0.0
100
AcDbAttribute
  2
CAT
 70
9
  0
ATTRIB
  5
2DB
330
17
100
AcDbEntity
  8
0
100
AcDbText
 10
5.318715111848771
 20
13.579342547209931
 30
0.0
 40
0.01
  1

 50
180.0
  7
WD
 11
5.318715111848771
 21
13.579342547209931
 31
0.0
100
AcDbAttribute
  2
FAMILY
 70
9
  0
ATTRIB
  5
2DC
330
17
100
AcDbEntity
  8
0
100
AcDbText
 10
5.249499999999999
 20
13.288721095352336
 30
0.0
 40
0.125
  1

 50
180.0
  7
WD
 41
0.7
 72
2
 11
5.249499999999999
 21
13.288721095352336
 31
0.0
100
AcDbAttribute
  2
DESC2
 70
1
  0
ATTRIB
  5
2DD
330
17
100
AcDbEntity
  8
0
100
AcDbText
 10
5.249499999999999
 20
13.132474668198782
 30
0.0
 40
0.125
  1

 50
180.0
  7
WD
 41
0.7
 72
2
 11
5.249499999999999
 21
13.132474668198782
 31
0.0
100
AcDbAttribute
  2
DESC1
 70
1
  0
ATTRIB
  5
2DE
330
17
100
AcDbEntity
  8
0
100
AcDbText
 10
5.457833333333332
 20
13.54925
 30
0.0
 40
0.125
  1

 50
180.0
  7
WD
 72
2
 11
5.249499999999999
 21
13.54925
 31
0.0
100
AcDbAttribute
  2
TAG1
 70
1
  0
ATTRIB
  5
2DF
330
17
100
AcDbEntity
  8
0
  6
Continuous
100
AcDbText
 10
5.14
 20
13.92425
 30
0.0
 40
0.125
  1

 50
180.0
  7
WD
 11
5.14
 21
13.79925
 31
0.0
100
AcDbAttribute
  2
TERM01
 70
9
 74
3
  0
ATTRIB
  5
2E0
330
17
100
AcDbEntity
  8
0
100
AcDbText
 10
5.186999999999999
 20
13.73675
 30
0.0
 40
0.0125
  1

 50
180.0
  7
WD
 11
5.186999999999999
 21
13.73675
 31
0.0
100
AcDbAttribute
  2
X8TERM01
 70
1
  0
ATTRIB
  5
2E1
330
17
100
AcDbEntity
  8
0
100
AcDbText
 10
5.186999999999999
 20
13.5805
 30
0.0
 40
0.0125
  1

 50
180.0
  7
WD
 11
5.186999999999999
 21
13.5805
 31
0.0
100
AcDbAttribute
  2
X2TERM02
 70
1
  0
ATTRIB
  5
2E2
330
17
100
AcDbEntity
  8
0
  6
Continuous
100
AcDbText
 10
5.14
 20
13.5805
 30
0.0
 40
0.125
  1

 50
180.0
  7
WD
 11
5.14
 21
13.5805
 31
0.0
100
AcDbAttribute
  2
TERM02
 70
9
  0
ATTRIB
  5
2E3
330
17
100
AcDbEntity
  8
0
100
AcDbText
 10
5.318715111848771
 20
13.597974679541563
 30
0.0
 40
0.01
  1

 50
180.0
  7
WD
 11
5.318715111848771
 21
13.597974679541563
 31
0.0
100
AcDbAttribute
  2
WDBLKNAM
 70
9
  0
SEQEND
  5
2D1
330
2D0
100
AcDbEntity
  8
SLD_SYMS
  0
INSERT
  5
2E4
330
17
100
AcDbEntity
  8
SLD_SYMS
100
AcDbBlockReference
 66
1
  2
VFU1
 10
6.2909999999999995
 20
13.643
 30
0.0
  0
ATTRIB
  5
2E6
330
17
100
AcDbEntity
  8
0
100
AcDbText
 10
6.572249998957403
 20
13.268000000708662
 30
0.0
 40
0.0625
  1

  7
WD
 41
0.7
 11
6.572249998957403
 21
13.268000000708662
 31
0.0
100
AcDbAttribute
  2
DESC3
 70
1
  0
ATTRIB
  5
2E7
330
17
100
AcDbEntity
  8
0
100
AcDbText
 10
6.572249998957403
 20
13.352584657032297
 30
0.0
 40
0.0625
  1

  7
WD
 41
0.7
 11
6.572249998957403
 21
13.352584657032297
 31
0.0
100
AcDbAttribute
  2
DESC2
 70
1
  0
ATTRIB
  5
2E8
330
17
100
AcDbEntity
  8
0
100
AcDbText
 10
6.572249998957403
 20
13.446744936220037
 30
0.0
 40
0.0625
  1

  7
WD
 41
0.7
 11
6.572249998957403
 21
13.446744936220037
 31
0.0
100
AcDbAttribute
  2
DESC1
 70
1
  0
ATTRIB
  5
2E9
330
17
100
AcDbEntity
  8
0
100
AcDbText
 10
6.5722499999999995
 20
13.805925
 30
0.0
 40
0.0625
  1

  7
WD
 41
0.7
 11
6.5722499999999995
 21
13.805925
 31
0.0
100
AcDbAttribute
  2
INST
 70
1
  0
ATTRIB
  5
2EA
330
17
100
AcDbEntity
  8
0
 62
7
100
AcDbText
 10
6.1659999999999995
 20
13.643
 30
0.0
 40
0.01
  1

  7
WD
 11
6.1659999999999995
 21
13.643
 31
0.0
100
AcDbAttribute
  2
X4LINK
 70
1
  0
ATTRIB
  5
2EB
330
17
100
AcDbEntity
  8
0
 62
7
100
AcDbText
 10
6.4316249999999995
 20
13.643
 30
0.0
 40
0.01
  1

  7
WD
 11
6.4316249999999995
 21
13.643
 31
0.0
100
AcDbAttribute
  2
X1LINK
 70
1
  0
ATTRIB
  5
2EC
330
17
100
AcDbEntity
  8
0
  6
Continuous
100
AcDbText
 10
6.192516367563949
 20
13.534940348433866
 30
0.0
 40
0.01
  1

  7
WD
 72
1
 11
6.192516367563949
 21
13.534940348433866
 31
0.0
100
AcDbAttribute
  2
ASSYCODE
 70
9
  0
ATTRIB
  5
2ED
330
17
100
AcDbEntity
  8
0
100
AcDbText
 10
6.449191437973069
 20
13.58237500000005
 30
0.0
 40
0.109375
  1

  7
WD
 41
0.9
 11
6.449191437973069
 21
13.58237500000005
 31
0.0
100
AcDbAttribute
  2
TAG1
 70
1
  0
ATTRIB
  5
2EE
330
17
100
AcDbEntity
  8
0
100
AcDbText
 10
6.5722499999999995
 20
13.721125
 30
0.0
 40
0.0625
  1

  7
WD
 41
0.7
 11
6.5722499999999995
 21
13.721125
 31
0.0
100
AcDbAttribute
  2
LOC
 70
1
  0
ATTRIB
  5
2EF
330
17
100
AcDbEntity
  8
0
  6
Continuous
100
AcDbText
 10
6.236029620844345
 20
13.84962661600492
 30
0.0
 40
0.0625
  1

  7
WD
 72
2
 11
6.236029620844345
 21
13.84962661600492
 31
0.0
100
AcDbAttribute
  2
TERM01
 70
9
  0
ATTRIB
  5
2F0
330
17
100
AcDbEntity
  8
0
  6
Continuous
100
AcDbText
 10
6.250298778392005
 20
13.367052969349004
 30
0.0
 40
0.0625
  1

  7
WD
 72
2
 11
6.250298778392005
 21
13.429552969349004
 31
0.0
100
AcDbAttribute
  2
TERM02
 70
9
 74
3
  0
ATTRIB
  5
2F1
330
17
100
AcDbEntity
  8
0
 62
7
100
AcDbText
 10
6.2909999999999995
 20
13.8305
 30
0.0
 40
0.0109375
  1

  7
WD
 11
6.2909999999999995
 21
13.8305
 31
0.0
100
AcDbAttribute
  2
X2TERM01
 70
1
  0
ATTRIB
  5
2F2
330
17
100
AcDbEntity
  8
0
 62
7
100
AcDbText
 10
6.2909999999999995
 20
13.4555
 30
0.0
 40
0.0109375
  1

  7
WD
 11
6.2909999999999995
 21
13.4555
 31
0.0
100
AcDbAttribute
  2
X8TERM02
 70
1
  0
ATTRIB
  5
2F3
330
17
100
AcDbEntity
  8
0
100
AcDbText
 10
6.194716414340328
 20
13.606540457527665
 30
0.0
 40
0.01
  1

  7
WD
 72
2
 11
6.2113830810069945
 21
13.606540457527665
 31
0.0
100
AcDbAttribute
  2
FAMILY
 70
9
  0
ATTRIB
  5
2F4
330
17
100
AcDbEntity
  8
0
  6
Continuous
100
AcDbText
 10
6.2113830810069945
 20
13.569873790860997
 30
0.0
 40
0.01
  1

  7
WD
 72
2
 11
6.2113830810069945
 21
13.569873790860997
 31
0.0
100
AcDbAttribute
  2
CAT
 70
9
  0
ATTRIB
  5
2F5
330
17
100
AcDbEntity
  8
0
  6
Continuous
100
AcDbText
 10
6.2113830810069945
 20
13.554873790860999
 30
0.0
 40
0.01
  1

  7
WD
 72
2
 11
6.2113830810069945
 21
13.554873790860999
 31
0.0
100
AcDbAttribute
  2
MFG
 70
9
  0
ATTRIB
  5
2F6
330
17
100
AcDbEntity
  8
0
100
AcDbText
 10
6.423299999999999
 20
13.6098
 30
0.0
 40
0.09375
  1
6A
 50
90.0
  7
WD
 41
0.7
 72
1
 11
6.423299999999999
 21
13.6098
 31
0.0
100
AcDbAttribute
  2
RATING1
 70
0
 74
2
  0
SEQEND
  5
2E5
330
2E4
100
AcDbEntity
  8
SLD_SYMS
  0
MTEXT
  5
2F7
330
17
100
AcDbEntity
  8
SLD_TEXT
100
AcDbMText
 10
4.927999999999999
 20
14.799
 30
0.0
 40
0.093
 41
0.0
 71
1
  1
52-F1A\P15kV\P1200A\P18kA
  0
MTEXT
  5
2F8
330
17
100
AcDbEntity
  8
SLD_TEXT
100
AcDbMText
 10
6.292
 20
17.35
 30
0.0
 40
0.093
 41
0.0
 71
1
  1
\pxqc;SEL-751\PFEEDER\PPROTECTION\PRELAY
  0
MTEXT
  5
2F9
330
17
100
AcDbEntity
  8
SLD_TEXT
100
AcDbMText
 10
5.170999999999999
 20
19.31
 30
0.0
 40
0.1
 41
0.0
 71
1
  1
\pxqc;INCOMING\P13.8kV\PMPU-60-1\P5.7MW
  0
MTEXT
  5
2FA
330
17
100
AcDbEntity
  8
SLD_TEXT
100
AcDbMText
 10
5.951999999999999
 20
18.168
 30
0.0
 40
0.093
 41
0.0
 71
1
  1
L.A.\P18kV\P15.3kV\PMCOV
  0
LINE
  5
2FB
330
17
100
AcDbEntity
  8
SLD_WIRE
100
AcDbLine
 10
5.186999999999999
 20
12.609
 30
0.0
 11
5.186999999999999
 21
9.408
 31
0.0
  0
LINE
  5
2FC
330
17
100
AcDbEntity
  8
SLD_WIRE
100
AcDbLine
 10
5.186999999999999
 20
9.252
 30
0.0
 11
5.186999999999999
 21
8.8231
 31
0.0
  0
LINE
  5
2FD
330
17
100
AcDbEntity
  8
SLD_WIRE
100
AcDbLine
 10
5.186999999999999
 20
7.9025
 30
0.0
 11
5.186999999999999
 21
7.547
 31
0.0
  0
LINE
  5
2FE
330
17
100
AcDbEntity
  8
SLD_WIRE
100
AcDbLine
 10
5.186999999999999
 20
7.391
 30
0.0
 11
5.186999999999999
 21
3.893
 31
0.0
  0
INSERT
  5
2FF
330
17
100
AcDbEntity
  8
SLD_SYMS
100
AcDbBlockReference
 66
1
  2
VFU1
 10
6.617999999999999
 20
9.503
 30
0.0
  0
ATTRIB
  5
301
330
17
100
AcDbEntity
  8
0
100
AcDbText
 10
6.899249998957403
 20
9.128000000708662
 30
0.0
 40
0.0625
  1

  7
WD
 41
0.7
 11
6.899249998957403
 21
9.128000000708662
 31
0.0
100
AcDbAttribute
  2
DESC3
 70
1
  0
ATTRIB
  5
302
330
17
100
AcDbEntity
  8
0
100
AcDbText
 10
6.899249998957403
 20
9.212584657032297
 30
0.0
 40
0.0625
  1

  7
WD
 41
0.7
 11
6.899249998957403
 21
9.212584657032297
 31
0.0
100
AcDbAttribute
  2
DESC2
 70
1
  0
ATTRIB
  5
303
330
17
100
AcDbEntity
  8
0
100
AcDbText
 10
6.899249998957403
 20
9.306744936220037
 30
0.0
 40
0.0625
  1

  7
WD
 41
0.7
 11
6.899249998957403
 21
9.306744936220037
 31
0.0
100
AcDbAttribute
  2
DESC1
 70
1
  0
ATTRIB
  5
304
330
17
100
AcDbEntity
  8
0
100
AcDbText
 10
6.899249999999999
 20
9.665925
 30
0.0
 40
0.0625
  1

  7
WD
 41
0.7
 11
6.899249999999999
 21
9.665925
 31
0.0
100
AcDbAttribute
  2
INST
 70
1
  0
ATTRIB
  5
305
330
17
100
AcDbEntity
  8
0
 62
7
100
AcDbText
 10
6.492999999999999
 20
9.503
 30
0.0
 40
0.01
  1

  7
WD
 11
6.492999999999999
 21
9.503
 31
0.0
100
AcDbAttribute
  2
X4LINK
 70
1
  0
ATTRIB
  5
306
330
17
100
AcDbEntity
  8
0
 62
7
100
AcDbText
 10
6.758624999999999
 20
9.503
 30
0.0
 40
0.01
  1

  7
WD
 11
6.758624999999999
 21
9.503
 31
0.0
100
AcDbAttribute
  2
X1LINK
 70
1
  0
ATTRIB
  5
307
330
17
100
AcDbEntity
  8
0
  6
Continuous
100
AcDbText
 10
6.519516367563949
 20
9.394940348433865
 30
0.0
 40
0.01
  1

  7
WD
 72
1
 11
6.519516367563949
 21
9.394940348433865
 31
0.0
100
AcDbAttribute
  2
ASSYCODE
 70
9
  0
ATTRIB
  5
308
330
17
100
AcDbEntity
  8
0
100
AcDbText
 10
6.776191437973069
 20
9.44237500000005
 30
0.0
 40
0.109375
  1

  7
WD
 41
0.9
 11
6.776191437973069
 21
9.44237500000005
 31
0.0
100
AcDbAttribute
  2
TAG1
 70
1
  0
ATTRIB
  5
309
330
17
100
AcDbEntity
  8
0
100
AcDbText
 10
6.899249999999999
 20
9.581125
 30
0.0
 40
0.0625
  1

  7
WD
 41
0.7
 11
6.899249999999999
 21
9.581125
 31
0.0
100
AcDbAttribute
  2
LOC
 70
1
  0
ATTRIB
  5
30A
330
17
100
AcDbEntity
  8
0
  6
Continuous
100
AcDbText
 10
6.563029620844345
 20
9.70962661600492
 30
0.0
 40
0.0625
  1

  7
WD
 72
2
 11
6.563029620844345
 21
9.70962661600492
 31
0.0
100
AcDbAttribute
  2
TERM01
 70
9
  0
ATTRIB
  5
30B
330
17
100
AcDbEntity
  8
0
  6
Continuous
100
AcDbText
 10
6.577298778392005
 20
9.227052969349003
 30
0.0
 40
0.0625
  1

  7
WD
 72
2
 11
6.577298778392005
 21
9.289552969349003
 31
0.0
100
AcDbAttribute
  2
TERM02
 70
9
 74
3
  0
ATTRIB
  5
30C
330
17
100
AcDbEntity
  8
0
 62
7
100
AcDbText
 10
6.617999999999999
 20
9.6905
 30
0.0
 40
0.0109375
  1

  7
WD
 11
6.617999999999999
 21
9.6905
 31
0.0
100
AcDbAttribute
  2
X2TERM01
 70
1
  0
ATTRIB
  5
30D
330
17
100
AcDbEntity
  8
0
 62
7
100
AcDbText
 10
6.617999999999999
 20
9.3155
 30
0.0
 40
0.0109375
  1

  7
WD
 11
6.617999999999999
 21
9.3155
 31
0.0
100
AcDbAttribute
  2
X8TERM02
 70
1
  0
ATTRIB
  5
30E
330
17
100
AcDbEntity
  8
0
100
AcDbText
 10
6.521716414340328
 20
9.466540457527664
 30
0.0
 40
0.01
  1

  7
WD
 72
2
 11
6.5383830810069945
 21
9.466540457527664
 31
0.0
100
AcDbAttribute
  2
FAMILY
 70
9
  0
ATTRIB
  5
30F
330
17
100
AcDbEntity
  8
0
  6
Continuous
100
AcDbText
 10
6.5383830810069945
 20
9.429873790860997
 30
0.0
 40
0.01
  1

  7
WD
 72
2
 11
6.5383830810069945
 21
9.429873790860997
 31
0.0
100
AcDbAttribute
  2
CAT
 70
9
  0
ATTRIB
  5
310
330
17
100
AcDbEntity
  8
0
  6
Continuous
100
AcDbText
 10
6.5383830810069945
 20
9.414873790860998
 30
0.0
 40
0.01
  1

  7
WD
 72
2
 11
6.5383830810069945
 21
9.414873790860998
 31
0.0
100
AcDbAttribute
  2
MFG
 70
9
  0
ATTRIB
  5
311
330
17
100
AcDbEntity
  8
0
100
AcDbText
 10
6.750299999999999
 20
9.4698
 30
0.0
 40
0.09375
  1
6A
 50
90.0
  7
WD
 41
0.7
 72
1
 11
6.750299999999999
 21
9.4698
 31
0.0
100
AcDbAttribute
  2
RATING1
 70
0
 74
2
  0
SEQEND
  5
300
330
2FF
100
AcDbEntity
  8
SLD_SYMS
  0
INSERT
  5
312
330
17
100
AcDbEntity
  8
SLD_SYMS
100
AcDbBlockReference
 66
1
  2
VCN1PJ
 10
5.186999999999999
 20
9.346
 30
0.0
  0
ATTRIB
  5
314
330
17
100
AcDbEntity
  8
0
100
AcDbText
 10
5.416166666666666
 20
10.195801758954774
 30
0.0
 40
0.125
  1

  7
WD
 41
0.7
 72
2
 11
5.416166666666666
 21
10.195801758954774
 31
0.0
100
AcDbAttribute
  2
INST
 70
1
  0
ATTRIB
  5
315
330
17
100
AcDbEntity
  8
0
100
AcDbText
 10
5.200072926894986
 20
9.231359872741505
 30
0.0
 40
0.01
  1

  7
WD
 11
5.200072926894986
 21
9.231359872741505
 31
0.0
100
AcDbAttribute
  2
X8TERMDESC01
 70
1
  0
ATTRIB
  5
316
330
17
100
AcDbEntity
  8
0
100
AcDbText
 10
5.213145864499053
 20
9.387609867770696
 30
0.0
 40
0.01
  1

  7
WD
 11
5.213145864499053
 21
9.387609867770696
 31
0.0
100
AcDbAttribute
  2
X2TERMDESC02
 70
1
  0
ATTRIB
  5
317
330
17
100
AcDbEntity
  8
0
  6
Continuous
100
AcDbText
 10
5.077924736372424
 20
9.332056517835845
 30
0.0
 40
0.01
  1

  7
WD
 72
1
 11
5.077924736372424
 21
9.332056517835845
 31
0.0
100
AcDbAttribute
  2
ASSYCODE
 70
9
  0
ATTRIB
  5
318
330
17
100
AcDbEntity
  8
0
100
AcDbText
 10
5.061999999999999
 20
9.2835
 30
0.0
 40
0.01
  1

  7
WD
 11
5.061999999999999
 21
9.2835
 31
0.0
100
AcDbAttribute
  2
X4LINK
 70
1
  0
ATTRIB
  5
319
330
17
100
AcDbEntity
  8
0
100
AcDbText
 10
5.311999999999999
 20
9.2835
 30
0.0
 40
0.01
  1

  7
WD
 11
5.311999999999999
 21
9.2835
 31
0.0
100
AcDbAttribute
  2
X1LINK
 70
1
  0
ATTRIB
  5
31A
330
17
100
AcDbEntity
  8
0
100
AcDbText
 10
5.124499999999999
 20
10.026201758954775
 30
0.0
 40
0.125
  1

  7
WD
 41
0.7
 72
2
 11
5.124499999999999
 21
10.026201758954775
 31
0.0
100
AcDbAttribute
  2
LOC
 70
1
  0
ATTRIB
  5
31B
330
17
100
AcDbEntity
  8
0
  6
Continuous
100
AcDbText
 10
5.078393108449658
 20
9.346039283222856
 30
0.0
 40
0.01
  1

  7
WD
 72
1
 11
5.078393108449658
 21
9.346039283222856
 31
0.0
100
AcDbAttribute
  2
MFG
 70
9
  0
ATTRIB
  5
31C
330
17
100
AcDbEntity
  8
0
  6
Continuous
100
AcDbText
 10
5.080338154089578
 20
9.365481036930307
 30
0.0
 40
0.01
  1

  7
WD
 72
1
 11
5.080338154089578
 21
9.365481036930307
 31
0.0
100
AcDbAttribute
  2
CAT
 70
9
  0
ATTRIB
  5
31D
330
17
100
AcDbEntity
  8
0
100
AcDbText
 10
5.055284888151228
 20
9.40965745279007
 30
0.0
 40
0.01
  1

  7
WD
 11
5.055284888151228
 21
9.40965745279007
 31
0.0
100
AcDbAttribute
  2
FAMILY
 70
9
  0
ATTRIB
  5
31E
330
17
100
AcDbEntity
  8
0
100
AcDbText
 10
5.124499999999999
 20
9.700278904647664
 30
0.0
 40
0.125
  1

  7
WD
 41
0.7
 72
2
 11
5.124499999999999
 21
9.700278904647664
 31
0.0
100
AcDbAttribute
  2
DESC2
 70
1
  0
ATTRIB
  5
31F
330
17
100
AcDbEntity
  8
0
100
AcDbText
 10
5.124499999999999
 20
9.856525331801219
 30
0.0
 40
0.125
  1

  7
WD
 41
0.7
 72
2
 11
5.124499999999999
 21
9.856525331801219
 31
0.0
100
AcDbAttribute
  2
DESC1
 70
1
  0
ATTRIB
  5
320
330
17
100
AcDbEntity
  8
0
100
AcDbText
 10
4.916166666666666
 20
9.43975
 30
0.0
 40
0.125
  1

  7
WD
 72
2
 11
5.124499999999999
 21
9.43975
 31
0.0
100
AcDbAttribute
  2
TAG1
 70
1
  0
ATTRIB
  5
321
330
17
100
AcDbEntity
  8
0
  6
Continuous
100
AcDbText
 10
5.233999999999999
 20
9.06475
 30
0.0
 40
0.125
  1

  7
WD
 11
5.233999999999999
 21
9.18975
 31
0.0
100
AcDbAttribute
  2
TERM01
 70
9
 74
3
  0
ATTRIB
  5
322
330
17
100
AcDbEntity
  8
0
100
AcDbText
 10
5.186999999999999
 20
9.25225
 30
0.0
 40
0.0125
  1

  7
WD
 11
5.186999999999999
 21
9.25225
 31
0.0
100
AcDbAttribute
  2
X8TERM01
 70
1
  0
ATTRIB
  5
323
330
17
100
AcDbEntity
  8
0
100
AcDbText
 10
5.186999999999999
 20
9.4085
 30
0.0
 40
0.0125
  1

  7
WD
 11
5.186999999999999
 21
9.4085
 31
0.0
100
AcDbAttribute
  2
X2TERM02
 70
1
  0
ATTRIB
  5
324
330
17
100
AcDbEntity
  8
0
  6
Continuous
100
AcDbText
 10
5.233999999999999
 20
9.4085
 30
0.0
 40
0.125
  1

  7
WD
 11
5.233999999999999
 21
9.4085
 31
0.0
100
AcDbAttribute
  2
TERM02
 70
9
  0
ATTRIB
  5
325
330
17
100
AcDbEntity
  8
0
100
AcDbText
 10
5.055284888151228
 20
9.391025320458438
 30
0.0
 40
0.01
  1

  7
WD
 11
5.055284888151228
 21
9.391025320458438
 31
0.0
100
AcDbAttribute
  2
WDBLKNAM
 70
9
  0
SEQEND
  5
313
330
312
100
AcDbEntity
  8
SLD_SYMS
  0
CIRCLE
  5
326
330
17
100
AcDbEntity
  8
SLD_SYMS
100
AcDbCircle
 10
6.241999999999999
 20
8.522
 30
0.0
 40
0.176
  0
MTEXT
  5
327
330
17
100
AcDbEntity
  8
SLD_TEXT
100
AcDbMText
 10
6.1579999999999995
 20
8.576
 30
0.0
 40
0.093
 41
0.0
 71
1
  1
\pxqc;86
  0
LINE
  5
328
330
17
100
AcDbEntity
  8
SLD_CONTROL
100
AcDbLine
 10
5.561999999999999
 20
8.522
 30
0.0
 11
6.065999999999999
 21
8.522
 31
0.0
  0
LINE
  5
329
330
17
100
AcDbEntity
  8
SLD_CONTROL
100
AcDbLine
 10
6.241999999999999
 20
8.345
 30
0.0
 11
6.241999999999999
 21
7.918
 31
0.0
  0
LWPOLYLINE
  5
32A
330
17
100
AcDbEntity
  8
SLD_SYMS
100
AcDbPolyline
 90
4
 70
1
 10
4.7722
 20
8.8231
 10
5.5618
 20
8.8231
 10
5.5618
 20
7.9025
 10
4.7722
 20
7.9025
  0
LWPOLYLINE
  5
32B
330
17
100
AcDbEntity
  8
SLD_SYMS
100
AcDbPolyline
 90
4
 70
1
 10
5.702999999999999
 20
7.9183
 10
6.9064
 20
7.9183
 10
6.9064
 20
7.2459
 10
5.702999999999999
 20
7.2459
  0
INSERT
  5
32C
330
17
100
AcDbEntity
  8
SLD_SYMS
100
AcDbBlockReference
 66
1
  2
VCN1PJ
 10
5.186999999999999
 20
7.453
 30
0.0
 50
180.0
  0
ATTRIB
  5
32E
330
17
100
AcDbEntity
  8
0
100
AcDbText
 10
4.957833333333332
 20
6.603198241045226
 30
0.0
 40
0.125
  1

 50
180.0
  7
WD
 41
0.7
 72
2
 11
4.957833333333332
 21
6.603198241045226
 31
0.0
100
AcDbAttribute
  2
INST
 70
1
  0
ATTRIB
  5
32F
330
17
100
AcDbEntity
  8
0
100
AcDbText
 10
5.173927073105013
 20
7.567640127258495
 30
0.0
 40
0.01
  1

 50
180.0
  7
WD
 11
5.173927073105013
 21
7.567640127258495
 31
0.0
100
AcDbAttribute
  2
X8TERMDESC01
 70
1
  0
ATTRIB
  5
330
330
17
100
AcDbEntity
  8
0
100
AcDbText
 10
5.160854135500946
 20
7.411390132229304
 30
0.0
 40
0.01
  1

 50
180.0
  7
WD
 11
5.160854135500946
 21
7.411390132229304
 31
0.0
100
AcDbAttribute
  2
X2TERMDESC02
 70
1
  0
ATTRIB
  5
331
330
17
100
AcDbEntity
  8
0
  6
Continuous
100
AcDbText
 10
5.296075263627575
 20
7.4669434821641545
 30
0.0
 40
0.01
  1

 50
180.0
  7
WD
 72
1
 11
5.296075263627575
 21
7.4669434821641545
 31
0.0
100
AcDbAttribute
  2
ASSYCODE
 70
9
  0
ATTRIB
  5
332
330
17
100
AcDbEntity
  8
0
100
AcDbText
 10
5.311999999999999
 20
7.5155
 30
0.0
 40
0.01
  1

 50
180.0
  7
WD
 11
5.311999999999999
 21
7.5155
 31
0.0
100
AcDbAttribute
  2
X4LINK
 70
1
  0
ATTRIB
  5
333
330
17
100
AcDbEntity
  8
0
100
AcDbText
 10
5.061999999999999
 20
7.5155
 30
0.0
 40
0.01
  1

 50
180.0
  7
WD
 11
5.061999999999999
 21
7.5155
 31
0.0
100
AcDbAttribute
  2
X1LINK
 70
1
  0
ATTRIB
  5
334
330
17
100
AcDbEntity
  8
0
100
AcDbText
 10
5.249499999999999
 20
6.772798241045226
 30
0.0
 40
0.125
  1

 50
180.0
  7
WD
 41
0.7
 72
2
 11
5.249499999999999
 21
6.772798241045226
 31
0.0
100
AcDbAttribute
  2
LOC
 70
1
  0
ATTRIB
  5
335
330
17
100
AcDbEntity
  8
0
  6
Continuous
100
AcDbText
 10
5.2956068915503405
 20
7.452960716777144
 30
0.0
 40
0.01
  1

 50
180.0
  7
WD
 72
1
 11
5.2956068915503405
 21
7.452960716777144
 31
0.0
100
AcDbAttribute
  2
MFG
 70
9
  0
ATTRIB
  5
336
330
17
100
AcDbEntity
  8
0
  6
Continuous
100
AcDbText
 10
5.293661845910421
 20
7.433518963069694
 30
0.0
 40
0.01
  1

 50
180.0
  7
WD
 72
1
 11
5.293661845910421
 21
7.433518963069694
 31
0.0
100
AcDbAttribute
  2
CAT
 70
9
  0
ATTRIB
  5
337
330
17
100
AcDbEntity
  8
0
100
AcDbText
 10
5.318715111848771
 20
7.389342547209931
 30
0.0
 40
0.01
  1

 50
180.0
  7
WD
 11
5.318715111848771
 21
7.389342547209931
 31
0.0
100
AcDbAttribute
  2
FAMILY
 70
9
  0
ATTRIB
  5
338
330
17
100
AcDbEntity
  8
0
100
AcDbText
 10
5.249499999999999
 20
7.098721095352336
 30
0.0
 40
0.125
  1

 50
180.0
  7
WD
 41
0.7
 72
2
 11
5.249499999999999
 21
7.098721095352336
 31
0.0
100
AcDbAttribute
  2
DESC2
 70
1
  0
ATTRIB
  5
339
330
17
100
AcDbEntity
  8
0
100
AcDbText
 10
5.249499999999999
 20
6.942474668198781
 30
0.0
 40
0.125
  1

 50
180.0
  7
WD
 41
0.7
 72
2
 11
5.249499999999999
 21
6.942474668198781
 31
0.0
100
AcDbAttribute
  2
DESC1
 70
1
  0
ATTRIB
  5
33A
330
17
100
AcDbEntity
  8
0
100
AcDbText
 10
5.457833333333332
 20
7.35925
 30
0.0
 40
0.125
  1

 50
180.0
  7
WD
 72
2
 11
5.249499999999999
 21
7.35925
 31
0.0
100
AcDbAttribute
  2
TAG1
 70
1
  0
ATTRIB
  5
33B
330
17
100
AcDbEntity
  8
0
  6
Continuous
100
AcDbText
 10
5.14
 20
7.73425
 30
0.0
 40
0.125
  1

 50
180.0
  7
WD
 11
5.14
 21
7.60925
 31
0.0
100
AcDbAttribute
  2
TERM01
 70
9
 74
3
  0
ATTRIB
  5
33C
330
17
100
AcDbEntity
  8
0
100
AcDbText
 10
5.186999999999999
 20
7.54675
 30
0.0
 40
0.0125
  1

 50
180.0
  7
WD
 11
5.186999999999999
 21
7.54675
 31
0.0
100
AcDbAttribute
  2
X8TERM01
 70
1
  0
ATTRIB
  5
33D
330
17
100
AcDbEntity
  8
0
100
AcDbText
 10
5.186999999999999
 20
7.3905
 30
0.0
 40
0.0125
  1

 50
180.0
  7
WD
 11
5.186999999999999
 21
7.3905
 31
0.0
100
AcDbAttribute
  2
X2TERM02
 70
1
  0
ATTRIB
  5
33E
330
17
100
AcDbEntity
  8
0
  6
Continuous
100
AcDbText
 10
5.14
 20
7.3905
 30
0.0
 40
0.125
  1

 50
180.0
  7
WD
 11
5.14
 21
7.3905
 31
0.0
100
AcDbAttribute
  2
TERM02
 70
9
  0
ATTRIB
  5
33F
330
17
100
AcDbEntity
  8
0
100
AcDbText
 10
5.318715111848771
 20
7.407974679541563
 30
0.0
 40
0.01
  1

 50
180.0
  7
WD
 11
5.318715111848771
 21
7.407974679541563
 31
0.0
100
AcDbAttribute
  2
WDBLKNAM
 70
9
  0
SEQEND
  5
32D
330
32C
100
AcDbEntity
  8
SLD_SYMS
  0
INSERT
  5
340
330
17
100
AcDbEntity
  8
SLD_SYMS
100
AcDbBlockReference
 66
1
  2
VXF1CT
 10
5.378699999999999
 20
6.8035
 30
0.0
  0
ATTRIB
  5
342
330
17
100
AcDbEntity
  8
0
100
AcDbText
 10
5.151616666666666
 20
6.381625
 30
0.0
 40
0.125
  1

  7
WD
 41
0.7
 72
1
 11
5.151616666666666
 21
6.381625
 31
0.0
100
AcDbAttribute
  2
INST
 70
1
  0
ATTRIB
  5
343
330
17
100
AcDbEntity
  8
0
100
AcDbText
 10
5.378699999999999
 20
6.520326474599724
 30
0.0
 40
0.0125
  1

  7
WD
 11
5.378699999999999
 21
6.520326474599724
 31
0.0
100
AcDbAttribute
  2
X8TERM01
 70
1
  0
ATTRIB
  5
344
330
17
100
AcDbEntity
  8
0
100
AcDbText
 10
5.410911762700137
 20
6.552538237299862
 30
0.0
 40
0.0125
  1

  7
WD
 11
5.410911762700137
 21
6.552538237299862
 31
0.0
100
AcDbAttribute
  2
X1TERM01
 70
1
  0
ATTRIB
  5
345
330
17
100
AcDbEntity
  8
0
  6
Continuous
100
AcDbText
 10
5.323762169619042
 20
6.572956032263782
 30
0.0
 40
0.125
  1

  7
WD
 72
2
 11
5.323762169619042
 21
6.572956032263782
 31
0.0
100
AcDbAttribute
  2
TERM01
 70
9
  0
ATTRIB
  5
346
330
17
100
AcDbEntity
  8
0
  6
Continuous
100
AcDbText
 10
5.3337069169510665
 20
7.070465784883833
 30
0.0
 40
0.125
  1

  7
WD
 72
2
 11
5.3337069169510665
 21
7.070465784883833
 31
0.0
100
AcDbAttribute
  2
TERM02
 70
9
  0
ATTRIB
  5
347
330
17
100
AcDbEntity
  8
0
100
AcDbText
 10
5.410911762700137
 20
7.052538237299862
 30
0.0
 40
0.0125
  1

  7
WD
 11
5.410911762700137
 21
7.052538237299862
 31
0.0
100
AcDbAttribute
  2
X1TERM02
 70
1
  0
ATTRIB
  5
348
330
17
100
AcDbEntity
  8
0
100
AcDbText
 10
5.378699999999999
 20
7.08475
 30
0.0
 40
0.0125
  1

  7
WD
 11
5.378699999999999
 21
7.08475
 31
0.0
100
AcDbAttribute
  2
X2TERM02
 70
1
  0
ATTRIB
  5
349
330
17
100
AcDbEntity
  8
0
100
AcDbText
 10
5.659949999999999
 20
6.6785
 30
0.0
 40
0.125
  1

  7
WD
 41
0.7
 11
5.659949999999999
 21
6.6785
 31
0.0
100
AcDbAttribute
  2
RATING1
 70
1
  0
ATTRIB
  5
34A
330
17
100
AcDbEntity
  8
0
100
AcDbText
 10
5.659949999999999
 20
6.83475
 30
0.0
 40
0.125
  1

  7
WD
 11
5.659949999999999
 21
6.83475
 31
0.0
100
AcDbAttribute
  2
TAG1
 70
1
  0
ATTRIB
  5
34B
330
17
100
AcDbEntity
  8
0
100
AcDbText
 10
4.1175999999999995
 20
6.786099999999999
 30
0.0
 40
0.125
  1
400:5A (3)
  7
WD
 41
0.7
 72
1
 11
4.1175999999999995
 21
6.786099999999999
 31
0.0
100
AcDbAttribute
  2
DESC1
 70
0
  0
ATTRIB
  5
34C
330
17
100
AcDbEntity
  8
0
100
AcDbText
 10
4.123199999999999
 20
6.6254
 30
0.0
 40
0.125
  1
CT C200
  7
WD
 41
0.7
 72
1
 11
4.123199999999999
 21
6.6254
 31
0.0
100
AcDbAttribute
  2
DESC2
 70
0
  0
ATTRIB
  5
34D
330
17
100
AcDbEntity
  8
0
100
AcDbText
 10
5.17817062227279
 20
6.202451758954774
 30
0.0
 40
0.125
  1

  7
WD
 41
0.7
 72
1
 11
5.17817062227279
 21
6.202451758954774
 31
0.0
100
AcDbAttribute
  2
LOC
 70
1
  0
ATTRIB
  5
34E
330
17
100
AcDbEntity
  8
0
  6
Continuous
100
AcDbText
 10
5.207769824898971
 20
6.922455350386372
 30
0.0
 40
0.01
  1

  7
WD
 72
1
 11
5.207769824898971
 21
6.922455350386372
 31
0.0
100
AcDbAttribute
  2
ASSYCODE
 70
9
  0
ATTRIB
  5
34F
330
17
100
AcDbEntity
  8
0
100
AcDbText
 10
5.185991666666666
 20
6.756625
 30
0.0
 40
0.125
  1

  7
WD
 72
1
 11
5.331824999999999
 21
6.756625
 31
0.0
100
AcDbAttribute
  2
TYPE
 70
1
  0
ATTRIB
  5
350
330
17
100
AcDbEntity
  8
0
100
AcDbText
 10
5.182892775900367
 20
6.994190293718368
 30
0.0
 40
0.01
  1

  7
WD
 11
5.182892775900367
 21
6.994190293718368
 31
0.0
100
AcDbAttribute
  2
FAMILY
 70
9
  0
ATTRIB
  5
351
330
17
100
AcDbEntity
  8
0
  6
Continuous
100
AcDbText
 10
5.207946041838717
 20
6.965638877858606
 30
0.0
 40
0.01
  1

  7
WD
 72
1
 11
5.207946041838717
 21
6.965638877858606
 31
0.0
100
AcDbAttribute
  2
CAT
 70
9
  0
ATTRIB
  5
352
330
17
100
AcDbEntity
  8
0
  6
Continuous
100
AcDbText
 10
5.206000996198798
 20
6.946197124151155
 30
0.0
 40
0.01
  1

  7
WD
 72
1
 11
5.206000996198798
 21
6.946197124151155
 31
0.0
100
AcDbAttribute
  2
MFG
 70
9
  0
SEQEND
  5
341
330
340
100
AcDbEntity
  8
SLD_SYMS
  0
INSERT
  5
353
330
17
100
AcDbEntity
  8
SLD_SYMS
100
AcDbBlockReference
  2
WDDOT
 10
5.241999999999999
 20
6.4985
 30
0.0
  0
MTEXT
  5
355
330
17
100
AcDbEntity
  8
SLD_TEXT
100
AcDbMText
 10
4.409999999999999
 20
6.571
 30
0.0
 40
0.1
 41
0.0
 71
1
  1
\pxqc;1%%C
  0
INSERT
  5
356
330
17
100
AcDbEntity
  8
SLD_SYMS
100
AcDbBlockReference
 66
1
  2
VXF1CT
 10
5.378699999999999
 20
6.0313
 30
0.0
  0
ATTRIB
  5
358
330
17
100
AcDbEntity
  8
0
100
AcDbText
 10
5.151616666666666
 20
5.609425
 30
0.0
 40
0.125
  1

  7
WD
 41
0.7
 72
1
 11
5.151616666666666
 21
5.609425
 31
0.0
100
AcDbAttribute
  2
INST
 70
1
  0
ATTRIB
  5
359
330
17
100
AcDbEntity
  8
0
100
AcDbText
 10
5.378699999999999
 20
5.748126474599724
 30
0.0
 40
0.0125
  1

  7
WD
 11
5.378699999999999
 21
5.748126474599724
 31
0.0
100
AcDbAttribute
  2
X8TERM01
 70
1
  0
ATTRIB
  5
35A
330
17
100
AcDbEntity
  8
0
100
AcDbText
 10
5.410911762700137
 20
5.780338237299862
 30
0.0
 40
0.0125
  1

  7
WD
 11
5.410911762700137
 21
5.780338237299862
 31
0.0
100
AcDbAttribute
  2
X1TERM01
 70
1
  0
ATTRIB
  5
35B
330
17
100
AcDbEntity
  8
0
  6
Continuous
100
AcDbText
 10
5.323762169619042
 20
5.800756032263783
 30
0.0
 40
0.125
  1

  7
WD
 72
2
 11
5.323762169619042
 21
5.800756032263783
 31
0.0
100
AcDbAttribute
  2
TERM01
 70
9
  0
ATTRIB
  5
35C
330
17
100
AcDbEntity
  8
0
  6
Continuous
100
AcDbText
 10
5.3337069169510665
 20
6.298265784883833
 30
0.0
 40
0.125
  1

  7
WD
 72
2
 11
5.3337069169510665
 21
6.298265784883833
 31
0.0
100
AcDbAttribute
  2
TERM02
 70
9
  0
ATTRIB
  5
35D
330
17
100
AcDbEntity
  8
0
100
AcDbText
 10
5.410911762700137
 20
6.280338237299862
 30
0.0
 40
0.0125
  1

  7
WD
 11
5.410911762700137
 21
6.280338237299862
 31
0.0
100
AcDbAttribute
  2
X1TERM02
 70
1
  0
ATTRIB
  5
35E
330
17
100
AcDbEntity
  8
0
100
AcDbText
 10
5.378699999999999
 20
6.31255
 30
0.0
 40
0.0125
  1

  7
WD
 11
5.378699999999999
 21
6.31255
 31
0.0
100
AcDbAttribute
  2
X2TERM02
 70
1
  0
ATTRIB
  5
35F
330
17
100
AcDbEntity
  8
0
100
AcDbText
 10
5.659949999999999
 20
5.9063
 30
0.0
 40
0.125
  1

  7
WD
 41
0.7
 11
5.659949999999999
 21
5.9063
 31
0.0
100
AcDbAttribute
  2
RATING1
 70
1
  0
ATTRIB
  5
360
330
17
100
AcDbEntity
  8
0
100
AcDbText
 10
5.659949999999999
 20
6.06255
 30
0.0
 40
0.125
  1

  7
WD
 11
5.659949999999999
 21
6.06255
 31
0.0
100
AcDbAttribute
  2
TAG1
 70
1
  0
ATTRIB
  5
361
330
17
100
AcDbEntity
  8
0
100
AcDbText
 10
4.1305
 20
6.0139
 30
0.0
 40
0.125
  1
2000:5A (3)
  7
WD
 41
0.7
 72
1
 11
4.1305
 21
6.0139
 31
0.0
100
AcDbAttribute
  2
DESC1
 70
0
  0
ATTRIB
  5
362
330
17
100
AcDbEntity
  8
0
100
AcDbText
 10
4.226699999999999
 20
5.8532
 30
0.0
 40
0.125
  1
CT C200
  7
WD
 41
0.7
 72
1
 11
4.226699999999999
 21
5.8532
 31
0.0
100
AcDbAttribute
  2
DESC2
 70
0
  0
ATTRIB
  5
363
330
17
100
AcDbEntity
  8
0
100
AcDbText
 10
5.17817062227279
 20
5.430251758954774
 30
0.0
 40
0.125
  1

  7
WD
 41
0.7
 72
1
 11
5.17817062227279
 21
5.430251758954774
 31
0.0
100
AcDbAttribute
  2
LOC
 70
1
  0
ATTRIB
  5
364
330
17
100
AcDbEntity
  8
0
  6
Continuous
100
AcDbText
 10
5.207769824898971
 20
6.150255350386372
 30
0.0
 40
0.01
  1

  7
WD
 72
1
 11
5.207769824898971
 21
6.150255350386372
 31
0.0
100
AcDbAttribute
  2
ASSYCODE
 70
9
  0
ATTRIB
  5
365
330
17
100
AcDbEntity
  8
0
100
AcDbText
 10
5.185991666666666
 20
5.984425
 30
0.0
 40
0.125
  1

  7
WD
 72
1
 11
5.331824999999999
 21
5.984425
 31
0.0
100
AcDbAttribute
  2
TYPE
 70
1
  0
ATTRIB
  5
366
330
17
100
AcDbEntity
  8
0
100
AcDbText
 10
5.182892775900367
 20
6.221990293718369
 30
0.0
 40
0.01
  1

  7
WD
 11
5.182892775900367
 21
6.221990293718369
 31
0.0
100
AcDbAttribute
  2
FAMILY
 70
9
  0
ATTRIB
  5
367
330
17
100
AcDbEntity
  8
0
  6
Continuous
100
AcDbText
 10
5.207946041838717
 20
6.193438877858606
 30
0.0
 40
0.01
  1

  7
WD
 72
1
 11
5.207946041838717
 21
6.193438877858606
 31
0.0
100
AcDbAttribute
  2
CAT
 70
9
  0
ATTRIB
  5
368
330
17
100
AcDbEntity
  8
0
  6
Continuous
100
AcDbText
 10
5.206000996198798
 20
6.173997124151155
 30
0.0
 40
0.01
  1

  7
WD
 72
1
 11
5.206000996198798
 21
6.173997124151155
 31
0.0
100
AcDbAttribute
  2
MFG
 70
9
  0
SEQEND
  5
357
330
356
100
AcDbEntity
  8
SLD_SYMS
  0
INSERT
  5
369
330
17
100
AcDbEntity
  8
SLD_SYMS
100
AcDbBlockReference
  2
WDDOT
 10
5.239999999999999
 20
5.7233
 30
0.0
  0
MTEXT
  5
36B
330
17
100
AcDbEntity
  8
SLD_TEXT
100
AcDbMText
 10
4.409999999999999
 20
5.803
 30
0.0
 40
0.1
 41
0.0
 71
1
  1
\pxqc;1%%C
  0
LWPOLYLINE
  5
36C
330
17
100
AcDbEntity
  8
SLD_SYMS
100
AcDbPolyline
 90
4
 70
1
 10
6.3232
 20
5.8436
 10
6.4549
 20
5.8436
 10
6.4549
 20
5.7209
 10
6.3232
 20
5.7209
  0
LINE
  5
36D
330
17
100
AcDbEntity
  8
SLD_SYMS
100
AcDbLine
 10
6.454899999999999
 20
5.8436
 30
0.0
 11
6.3232
 21
5.8436
 31
0.0
  0
LINE
  5
36E
330
17
100
AcDbEntity
  8
SLD_SYMS
100
AcDbLine
 10
6.3232
 20
5.7209
 30
0.0
 11
6.454899999999999
 21
5.8436
 31
0.0
  0
LINE
  5
36F
330
17
100
AcDbEntity
  8
SLD_SYMS
100
AcDbLine
 10
6.3232
 20
5.8436
 30
0.0
 11
6.454899999999999
 21
5.7209
 31
0.0
  0
INSERT
  5
370
330
17
100
AcDbEntity
  8
SLD_SYMS
100
AcDbBlockReference
  2
WDDOT
 10
5.186999999999999
 20
5.2652
 30
0.0
  0
LINE
  5
372
330
17
100
AcDbEntity
  8
SLD_WIRE
100
AcDbLine
 10
5.186999999999999
 20
5.2652
 30
0.0
 11
4.945499999999999
 21
5.2652
 31
0.0
  0
CIRCLE
  5
373
330
17
100
AcDbEntity
  8
SLD_SYMS
100
AcDbCircle
 10
4.9167
 20
5.2652
 30
0.0
 40
0.0289
  0
CIRCLE
  5
374
330
17
100
AcDbEntity
  8
SLD_SYMS
100
AcDbCircle
 10
4.792299999999999
 20
5.2651
 30
0.0
 40
0.0289
  0
LINE
  5
375
330
17
100
AcDbEntity
  8
SLD_WIRE
100
AcDbLine
 10
4.7635
 20
5.2651
 30
0.0
 11
4.570099999999999
 21
5.2651
 31
0.0
  0
INSERT
  5
376
330
17
100
AcDbEntity
  8
SLD_SYMS
100
AcDbBlockReference
 66
1
  2
HGND2
 10
4.570099999999999
 20
5.2651
 30
0.0
  0
ATTRIB
  5
378
330
17
100
AcDbEntity
  8
0
100
AcDbText
 10
4.570099999999999
 20
5.2651
 30
0.0
 40
0.01
  1

  7
WD
 11
4.570099999999999
 21
5.2651
 31
0.0
100
AcDbAttribute
  2
X4TERM01
 70
1
  0
SEQEND
  5
377
330
376
100
AcDbEntity
  8
SLD_SYMS
  0
INSERT
  5
379
330
17
100
AcDbEntity
  8
SLD_SYMS
100
AcDbBlockReference
 66
1
  2
VCN1PJ
 10
5.186999999999999
 20
3.83
 30
0.0
  0
ATTRIB
  5
37B
330
17
100
AcDbEntity
  8
0
100
AcDbText
 10
5.416166666666666
 20
4.679801758954774
 30
0.0
 40
0.125
  1

  7
WD
 41
0.7
 72
2
 11
5.416166666666666
 21
4.679801758954774
 31
0.0
100
AcDbAttribute
  2
INST
 70
1
  0
ATTRIB
  5
37C
330
17
100
AcDbEntity
  8
0
100
AcDbText
 10
5.200072926894986
 20
3.715359872741505
 30
0.0
 40
0.01
  1

  7
WD
 11
5.200072926894986
 21
3.715359872741505
 31
0.0
100
AcDbAttribute
  2
X8TERMDESC01
 70
1
  0
ATTRIB
  5
37D
330
17
100
AcDbEntity
  8
0
100
AcDbText
 10
5.213145864499053
 20
3.8716098677706965
 30
0.0
 40
0.01
  1

  7
WD
 11
5.213145864499053
 21
3.8716098677706965
 31
0.0
100
AcDbAttribute
  2
X2TERMDESC02
 70
1
  0
ATTRIB
  5
37E
330
17
100
AcDbEntity
  8
0
  6
Continuous
100
AcDbText
 10
5.077924736372424
 20
3.8160565178358454
 30
0.0
 40
0.01
  1

  7
WD
 72
1
 11
5.077924736372424
 21
3.8160565178358454
 31
0.0
100
AcDbAttribute
  2
ASSYCODE
 70
9
  0
ATTRIB
  5
37F
330
17
100
AcDbEntity
  8
0
100
AcDbText
 10
5.061999999999999
 20
3.7675
 30
0.0
 40
0.01
  1

  7
WD
 11
5.061999999999999
 21
3.7675
 31
0.0
100
AcDbAttribute
  2
X4LINK
 70
1
  0
ATTRIB
  5
380
330
17
100
AcDbEntity
  8
0
100
AcDbText
 10
5.311999999999999
 20
3.7675
 30
0.0
 40
0.01
  1

  7
WD
 11
5.311999999999999
 21
3.7675
 31
0.0
100
AcDbAttribute
  2
X1LINK
 70
1
  0
ATTRIB
  5
381
330
17
100
AcDbEntity
  8
0
100
AcDbText
 10
5.124499999999999
 20
4.510201758954774
 30
0.0
 40
0.125
  1

  7
WD
 41
0.7
 72
2
 11
5.124499999999999
 21
4.510201758954774
 31
0.0
100
AcDbAttribute
  2
LOC
 70
1
  0
ATTRIB
  5
382
330
17
100
AcDbEntity
  8
0
  6
Continuous
100
AcDbText
 10
5.078393108449658
 20
3.8300392832228556
 30
0.0
 40
0.01
  1

  7
WD
 72
1
 11
5.078393108449658
 21
3.8300392832228556
 31
0.0
100
AcDbAttribute
  2
MFG
 70
9
  0
ATTRIB
  5
383
330
17
100
AcDbEntity
  8
0
  6
Continuous
100
AcDbText
 10
5.080338154089578
 20
3.8494810369303063
 30
0.0
 40
0.01
  1

  7
WD
 72
1
 11
5.080338154089578
 21
3.8494810369303063
 31
0.0
100
AcDbAttribute
  2
CAT
 70
9
  0
ATTRIB
  5
384
330
17
100
AcDbEntity
  8
0
100
AcDbText
 10
5.055284888151228
 20
3.8936574527900696
 30
0.0
 40
0.01
  1

  7
WD
 11
5.055284888151228
 21
3.8936574527900696
 31
0.0
100
AcDbAttribute
  2
FAMILY
 70
9
  0
ATTRIB
  5
385
330
17
100
AcDbEntity
  8
0
100
AcDbText
 10
5.124499999999999
 20
4.184278904647664
 30
0.0
 40
0.125
  1

  7
WD
 41
0.7
 72
2
 11
5.124499999999999
 21
4.184278904647664
 31
0.0
100
AcDbAttribute
  2
DESC2
 70
1
  0
ATTRIB
  5
386
330
17
100
AcDbEntity
  8
0
100
AcDbText
 10
5.124499999999999
 20
4.340525331801219
 30
0.0
 40
0.125
  1

  7
WD
 41
0.7
 72
2
 11
5.124499999999999
 21
4.340525331801219
 31
0.0
100
AcDbAttribute
  2
DESC1
 70
1
  0
ATTRIB
  5
387
330
17
100
AcDbEntity
  8
0
100
AcDbText
 10
4.916166666666666
 20
3.92375
 30
0.0
 40
0.125
  1

  7
WD
 72
2
 11
5.124499999999999
 21
3.92375
 31
0.0
100
AcDbAttribute
  2
TAG1
 70
1
  0
ATTRIB
  5
388
330
17
100
AcDbEntity
  8
0
  6
Continuous
100
AcDbText
 10
5.233999999999999
 20
3.54875
 30
0.0
 40
0.125
  1

  7
WD
 11
5.233999999999999
 21
3.67375
 31
0.0
100
AcDbAttribute
  2
TERM01
 70
9
 74
3
  0
ATTRIB
  5
389
330
17
100
AcDbEntity
  8
0
100
AcDbText
 10
5.186999999999999
 20
3.73625
 30
0.0
 40
0.0125
  1

  7
WD
 11
5.186999999999999
 21
3.73625
 31
0.0
100
AcDbAttribute
  2
X8TERM01
 70
1
  0
ATTRIB
  5
38A
330
17
100
AcDbEntity
  8
0
100
AcDbText
 10
5.186999999999999
 20
3.8925
 30
0.0
 40
0.0125
  1

  7
WD
 11
5.186999999999999
 21
3.8925
 31
0.0
100
AcDbAttribute
  2
X2TERM02
 70
1
  0
ATTRIB
  5
38B
330
17
100
AcDbEntity
  8
0
  6
Continuous
100
AcDbText
 10
5.233999999999999
 20
3.8925
 30
0.0
 40
0.125
  1

  7
WD
 11
5.233999999999999
 21
3.8925
 31
0.0
100
AcDbAttribute
  2
TERM02
 70
9
  0
ATTRIB
  5
38C
330
17
100
AcDbEntity
  8
0
100
AcDbText
 10
5.055284888151228
 20
3.875025320458437
 30
0.0
 40
0.01
  1

  7
WD
 11
5.055284888151228
 21
3.875025320458437
 31
0.0
100
AcDbAttribute
  2
WDBLKNAM
 70
9
  0
SEQEND
  5
37A
330
379
100
AcDbEntity
  8
SLD_SYMS
  0
MTEXT
  5
38D
330
17
100
AcDbEntity
  8
SLD_TEXT
100
AcDbMText
 10
4.927999999999999
 20
8.61
 30
0.0
 40
0.093
 41
0.0
 71
1
  1
52-F2A\P15kV\P1200A\P18kA
  0
MTEXT
  5
38E
330
17
100
AcDbEntity
  8
SLD_TEXT
100
AcDbMText
 10
6.3069999999999995
 20
7.88
 30
0.0
 40
0.093
 41
0.0
 71
1
  1
\pxqc;SEL-751\PFEEDER\PPROTECTION\PRELAY
  0
MTEXT
  5
38F
330
17
100
AcDbEntity
  8
SLD_TEXT
100
AcDbMText
 10
5.228999999999999
 20
3.668
 30
0.0
 40
0.1
 41
0.0
 71
1
  1
\pxqc;INCOMING\P13.8kV\PMPU-60-2\P5.7MW
  0
MTEXT
  5
390
330
17
100
AcDbEntity
  8
SLD_TEXT
100
AcDbMText
 10
3.9589999999999996
 20
5.549
 30
0.0
 40
0.093
 41
0.0
 71
1
  1
L.A.\P18kV\P15.3kV\PMCOV
  0
LINE
  5
391
330
17
100
AcDbEntity
  8
SLD_WIRE
100
AcDbLine
 10
8.797
 20
18.572
 30
0.0
 11
8.797
 21
15.598
 31
0.0
  0
LINE
  5
392
330
17
100
AcDbEntity
  8
SLD_WIRE
100
AcDbLine
 10
8.797
 20
15.442
 30
0.0
 11
8.797
 21
15.013
 31
0.0
  0
LINE
  5
393
330
17
100
AcDbEntity
  8
SLD_WIRE
100
AcDbLine
 10
8.797
 20
14.092
 30
0.0
 11
8.797
 21
13.736
 31
0.0
  0
LINE
  5
394
330
17
100
AcDbEntity
  8
SLD_WIRE
100
AcDbLine
 10
8.797
 20
13.58
 30
0.0
 11
8.797
 21
12.609
 31
0.0
  0
INSERT
  5
395
330
17
100
AcDbEntity
  8
SLD_SYMS
100
AcDbBlockReference
  2
WDDOT
 10
8.797
 20
12.609
 30
0.0
  0
INSERT
  5
397
330
17
100
AcDbEntity
  8
SLD_SYMS
100
AcDbBlockReference
 66
1
  2
VCN1PJ
 10
8.797
 20
18.635
 30
0.0
 50
180.0
  0
ATTRIB
  5
399
330
17
100
AcDbEntity
  8
0
100
AcDbText
 10
8.567833333333335
 20
17.785198241045226
 30
0.0
 40
0.125
  1

 50
180.0
  7
WD
 41
0.7
 72
2
 11
8.567833333333335
 21
17.785198241045226
 31
0.0
100
AcDbAttribute
  2
INST
 70
1
  0
ATTRIB
  5
39A
330
17
100
AcDbEntity
  8
0
100
AcDbText
 10
8.783927073105014
 20
18.749640127258495
 30
0.0
 40
0.01
  1

 50
180.0
  7
WD
 11
8.783927073105014
 21
18.749640127258495
 31
0.0
100
AcDbAttribute
  2
X8TERMDESC01
 70
1
  0
ATTRIB
  5
39B
330
17
100
AcDbEntity
  8
0
100
AcDbText
 10
8.770854135500947
 20
18.593390132229306
 30
0.0
 40
0.01
  1

 50
180.0
  7
WD
 11
8.770854135500947
 21
18.593390132229306
 31
0.0
100
AcDbAttribute
  2
X2TERMDESC02
 70
1
  0
ATTRIB
  5
39C
330
17
100
AcDbEntity
  8
0
  6
Continuous
100
AcDbText
 10
8.906075263627576
 20
18.648943482164157
 30
0.0
 40
0.01
  1

 50
180.0
  7
WD
 72
1
 11
8.906075263627576
 21
18.648943482164157
 31
0.0
100
AcDbAttribute
  2
ASSYCODE
 70
9
  0
ATTRIB
  5
39D
330
17
100
AcDbEntity
  8
0
100
AcDbText
 10
8.922
 20
18.6975
 30
0.0
 40
0.01
  1

 50
180.0
  7
WD
 11
8.922
 21
18.6975
 31
0.0
100
AcDbAttribute
  2
X4LINK
 70
1
  0
ATTRIB
  5
39E
330
17
100
AcDbEntity
  8
0
100
AcDbText
 10
8.672
 20
18.6975
 30
0.0
 40
0.01
  1

 50
180.0
  7
WD
 11
8.672
 21
18.6975
 31
0.0
100
AcDbAttribute
  2
X1LINK
 70
1
  0
ATTRIB
  5
39F
330
17
100
AcDbEntity
  8
0
100
AcDbText
 10
8.8595
 20
17.95479824104523
 30
0.0
 40
0.125
  1

 50
180.0
  7
WD
 41
0.7
 72
2
 11
8.8595
 21
17.95479824104523
 31
0.0
100
AcDbAttribute
  2
LOC
 70
1
  0
ATTRIB
  5
3A0
330
17
100
AcDbEntity
  8
0
  6
Continuous
100
AcDbText
 10
8.905606891550342
 20
18.634960716777147
 30
0.0
 40
0.01
  1

 50
180.0
  7
WD
 72
1
 11
8.905606891550342
 21
18.634960716777147
 31
0.0
100
AcDbAttribute
  2
MFG
 70
9
  0
ATTRIB
  5
3A1
330
17
100
AcDbEntity
  8
0
  6
Continuous
100
AcDbText
 10
8.903661845910422
 20
18.615518963069697
 30
0.0
 40
0.01
  1

 50
180.0
  7
WD
 72
1
 11
8.903661845910422
 21
18.615518963069697
 31
0.0
100
AcDbAttribute
  2
CAT
 70
9
  0
ATTRIB
  5
3A2
330
17
100
AcDbEntity
  8
0
100
AcDbText
 10
8.928715111848772
 20
18.571342547209934
 30
0.0
 40
0.01
  1

 50
180.0
  7
WD
 11
8.928715111848772
 21
18.571342547209934
 31
0.0
100
AcDbAttribute
  2
FAMILY
 70
9
  0
ATTRIB
  5
3A3
330
17
100
AcDbEntity
  8
0
100
AcDbText
 10
8.8595
 20
18.280721095352337
 30
0.0
 40
0.125
  1

 50
180.0
  7
WD
 41
0.7
 72
2
 11
8.8595
 21
18.280721095352337
 31
0.0
100
AcDbAttribute
  2
DESC2
 70
1
  0
ATTRIB
  5
3A4
330
17
100
AcDbEntity
  8
0
100
AcDbText
 10
8.8595
 20
18.124474668198783
 30
0.0
 40
0.125
  1

 50
180.0
  7
WD
 41
0.7
 72
2
 11
8.8595
 21
18.124474668198783
 31
0.0
100
AcDbAttribute
  2
DESC1
 70
1
  0
ATTRIB
  5
3A5
330
17
100
AcDbEntity
  8
0
100
AcDbText
 10
9.067833333333335
 20
18.54125
 30
0.0
 40
0.125
  1

 50
180.0
  7
WD
 72
2
 11
8.8595
 21
18.54125
 31
0.0
100
AcDbAttribute
  2
TAG1
 70
1
  0
ATTRIB
  5
3A6
330
17
100
AcDbEntity
  8
0
  6
Continuous
100
AcDbText
 10
8.75
 20
18.91625
 30
0.0
 40
0.125
  1

 50
180.0
  7
WD
 11
8.75
 21
18.79125
 31
0.0
100
AcDbAttribute
  2
TERM01
 70
9
 74
3
  0
ATTRIB
  5
3A7
330
17
100
AcDbEntity
  8
0
100
AcDbText
 10
8.797
 20
18.72875
 30
0.0
 40
0.0125
  1

 50
180.0
  7
WD
 11
8.797
 21
18.72875
 31
0.0
100
AcDbAttribute
  2
X8TERM01
 70
1
  0
ATTRIB
  5
3A8
330
17
100
AcDbEntity
  8
0
100
AcDbText
 10
8.797
 20
18.5725
 30
0.0
 40
0.0125
  1

 50
180.0
  7
WD
 11
8.797
 21
18.5725
 31
0.0
100
AcDbAttribute
  2
X2TERM02
 70
1
  0
ATTRIB
  5
3A9
330
17
100
AcDbEntity
  8
0
  6
Continuous
100
AcDbText
 10
8.75
 20
18.5725
 30
0.0
 40
0.125
  1

 50
180.0
  7
WD
 11
8.75
 21
18.5725
 31
0.0
100
AcDbAttribute
  2
TERM02
 70
9
  0
ATTRIB
  5
3AA
330
17
100
AcDbEntity
  8
0
100
AcDbText
 10
8.928715111848772
 20
18.589974679541566
 30
0.0
 40
0.01
  1

 50
180.0
  7
WD
 11
8.928715111848772
 21
18.589974679541566
 31
0.0
100
AcDbAttribute
  2
WDBLKNAM
 70
9
  0
SEQEND
  5
398
330
397
100
AcDbEntity
  8
SLD_SYMS
  0
INSERT
  5
3AB
330
17
100
AcDbEntity
  8
SLD_SYMS
100
AcDbBlockReference
  2
WDDOT
 10
8.797
 20
17.879
 30
0.0
  0
LINE
  5
3AD
330
17
100
AcDbEntity
  8
SLD_WIRE
100
AcDbLine
 10
8.797
 20
17.879
 30
0.0
 11
9.038
 21
17.879
 31
0.0
  0
CIRCLE
  5
3AE
330
17
100
AcDbEntity
  8
SLD_SYMS
100
AcDbCircle
 10
9.067
 20
17.879
 30
0.0
 40
0.029
  0
CIRCLE
  5
3AF
330
17
100
AcDbEntity
  8
SLD_SYMS
100
AcDbCircle
 10
9.192
 20
17.879
 30
0.0
 40
0.029
  0
LINE
  5
3B0
330
17
100
AcDbEntity
  8
SLD_WIRE
100
AcDbLine
 10
9.221
 20
17.879
 30
0.0
 11
9.414000000000001
 21
17.879
 31
0.0
  0
INSERT
  5
3B1
330
17
100
AcDbEntity
  8
SLD_SYMS
100
AcDbBlockReference
 66
1
  2
HGND2
 10
9.414000000000001
 20
17.879
 30
0.0
 50
180.0
  0
ATTRIB
  5
3B3
330
17
100
AcDbEntity
  8
0
100
AcDbText
 10
9.414000000000001
 20
17.879
 30
0.0
 40
0.01
  1

 50
180.0
  7
WD
 11
9.414000000000001
 21
17.879
 31
0.0
100
AcDbAttribute
  2
X4TERM01
 70
1
  0
SEQEND
  5
3B2
330
3B1
100
AcDbEntity
  8
SLD_SYMS
  0
LWPOLYLINE
  5
3B4
330
17
100
AcDbEntity
  8
SLD_SYMS
100
AcDbPolyline
 90
4
 70
1
 10
9.312000000000001
 20
17.388
 10
10.491000000000001
 20
17.388
 10
10.491000000000001
 20
16.716
 10
9.312000000000001
 20
16.716
  0
INSERT
  5
3B5
330
17
100
AcDbEntity
  8
SLD_SYMS
100
AcDbBlockReference
 66
1
  2
VXF1CT
 10
8.989
 20
17.072
 30
0.0
  0
ATTRIB
  5
3B7
330
17
100
AcDbEntity
  8
0
100
AcDbText
 10
8.761916666666668
 20
16.650125
 30
0.0
 40
0.125
  1

  7
WD
 41
0.7
 72
1
 11
8.761916666666668
 21
16.650125
 31
0.0
100
AcDbAttribute
  2
INST
 70
1
  0
ATTRIB
  5
3B8
330
17
100
AcDbEntity
  8
0
100
AcDbText
 10
8.989
 20
16.788826474599723
 30
0.0
 40
0.0125
  1

  7
WD
 11
8.989
 21
16.788826474599723
 31
0.0
100
AcDbAttribute
  2
X8TERM01
 70
1
  0
ATTRIB
  5
3B9
330
17
100
AcDbEntity
  8
0
100
AcDbText
 10
9.021211762700139
 20
16.82103823729986
 30
0.0
 40
0.0125
  1

  7
WD
 11
9.021211762700139
 21
16.82103823729986
 31
0.0
100
AcDbAttribute
  2
X1TERM01
 70
1
  0
ATTRIB
  5
3BA
330
17
100
AcDbEntity
  8
0
  6
Continuous
100
AcDbText
 10
8.934062169619043
 20
16.841456032263782
 30
0.0
 40
0.125
  1

  7
WD
 72
2
 11
8.934062169619043
 21
16.841456032263782
 31
0.0
100
AcDbAttribute
  2
TERM01
 70
9
  0
ATTRIB
  5
3BB
330
17
100
AcDbEntity
  8
0
  6
Continuous
100
AcDbText
 10
8.944006916951068
 20
17.338965784883833
 30
0.0
 40
0.125
  1

  7
WD
 72
2
 11
8.944006916951068
 21
17.338965784883833
 31
0.0
100
AcDbAttribute
  2
TERM02
 70
9
  0
ATTRIB
  5
3BC
330
17
100
AcDbEntity
  8
0
100
AcDbText
 10
9.021211762700139
 20
17.321038237299863
 30
0.0
 40
0.0125
  1

  7
WD
 11
9.021211762700139
 21
17.321038237299863
 31
0.0
100
AcDbAttribute
  2
X1TERM02
 70
1
  0
ATTRIB
  5
3BD
330
17
100
AcDbEntity
  8
0
100
AcDbText
 10
8.989
 20
17.35325
 30
0.0
 40
0.0125
  1

  7
WD
 11
8.989
 21
17.35325
 31
0.0
100
AcDbAttribute
  2
X2TERM02
 70
1
  0
ATTRIB
  5
3BE
330
17
100
AcDbEntity
  8
0
100
AcDbText
 10
9.27025
 20
16.947
 30
0.0
 40
0.125
  1

  7
WD
 41
0.7
 11
9.27025
 21
16.947
 31
0.0
100
AcDbAttribute
  2
RATING1
 70
1
  0
ATTRIB
  5
3BF
330
17
100
AcDbEntity
  8
0
100
AcDbText
 10
9.27025
 20
17.10325
 30
0.0
 40
0.125
  1

  7
WD
 11
9.27025
 21
17.10325
 31
0.0
100
AcDbAttribute
  2
TAG1
 70
1
  0
ATTRIB
  5
3C0
330
17
100
AcDbEntity
  8
0
100
AcDbText
 10
7.728000000000001
 20
17.055
 30
0.0
 40
0.125
  1
400:5A (3)
  7
WD
 41
0.7
 72
1
 11
7.728000000000001
 21
17.055
 31
0.0
100
AcDbAttribute
  2
DESC1
 70
0
  0
ATTRIB
  5
3C1
330
17
100
AcDbEntity
  8
0
100
AcDbText
 10
7.602
 20
16.894
 30
0.0
 40
0.125
  1
CT C200 MR
  7
WD
 41
0.7
 72
1
 11
7.602
 21
16.894
 31
0.0
100
AcDbAttribute
  2
DESC2
 70
0
  0
ATTRIB
  5
3C2
330
17
100
AcDbEntity
  8
0
100
AcDbText
 10
8.788470622272792
 20
16.470951758954772
 30
0.0
 40
0.125
  1

  7
WD
 41
0.7
 72
1
 11
8.788470622272792
 21
16.470951758954772
 31
0.0
100
AcDbAttribute
  2
LOC
 70
1
  0
ATTRIB
  5
3C3
330
17
100
AcDbEntity
  8
0
  6
Continuous
100
AcDbText
 10
8.818069824898974
 20
17.19095535038637
 30
0.0
 40
0.01
  1

  7
WD
 72
1
 11
8.818069824898974
 21
17.19095535038637
 31
0.0
100
AcDbAttribute
  2
ASSYCODE
 70
9
  0
ATTRIB
  5
3C4
330
17
100
AcDbEntity
  8
0
100
AcDbText
 10
8.796291666666667
 20
17.025125
 30
0.0
 40
0.125
  1

  7
WD
 72
1
 11
8.942125
 21
17.025125
 31
0.0
100
AcDbAttribute
  2
TYPE
 70
1
  0
ATTRIB
  5
3C5
330
17
100
AcDbEntity
  8
0
100
AcDbText
 10
8.793192775900367
 20
17.262690293718368
 30
0.0
 40
0.01
  1

  7
WD
 11
8.793192775900367
 21
17.262690293718368
 31
0.0
100
AcDbAttribute
  2
FAMILY
 70
9
  0
ATTRIB
  5
3C6
330
17
100
AcDbEntity
  8
0
  6
Continuous
100
AcDbText
 10
8.818246041838718
 20
17.234138877858605
 30
0.0
 40
0.01
  1

  7
WD
 72
1
 11
8.818246041838718
 21
17.234138877858605
 31
0.0
100
AcDbAttribute
  2
CAT
 70
9
  0
ATTRIB
  5
3C7
330
17
100
AcDbEntity
  8
0
  6
Continuous
100
AcDbText
 10
8.8163009961988
 20
17.214697124151154
 30
0.0
 40
0.01
  1

  7
WD
 72
1
 11
8.8163009961988
 21
17.214697124151154
 31
0.0
100
AcDbAttribute
  2
MFG
 70
9
  0
SEQEND
  5
3B6
330
3B5
100
AcDbEntity
  8
SLD_SYMS
  0
INSERT
  5
3C8
330
17
100
AcDbEntity
  8
SLD_SYMS
100
AcDbBlockReference
  2
WDDOT
 10
8.846
 20
17.367
 30
0.0
  0
MTEXT
  5
3CA
330
17
100
AcDbEntity
  8
SLD_TEXT
100
AcDbMText
 10
7.905
 20
16.849
 30
0.0
 40
0.1
 41
0.0
 71
1
  1
\pxqc;1%%C
  0
LWPOLYLINE
  5
3CB
330
17
100
AcDbEntity
  8
SLD_SYMS
100
AcDbPolyline
 90
4
 70
1
 10
9.4551
 20
16.4384
 10
9.5868
 20
16.4384
 10
9.5868
 20
16.3157
 10
9.4551
 20
16.3157
  0
LINE
  5
3CC
330
17
100
AcDbEntity
  8
SLD_SYMS
100
AcDbLine
 10
9.5868
 20
16.4384
 30
0.0
 11
9.4551
 21
16.4384
 31
0.0
  0
LINE
  5
3CD
330
17
100
AcDbEntity
  8
SLD_SYMS
100
AcDbLine
 10
9.4551
 20
16.3157
 30
0.0
 11
9.5868
 21
16.4384
 31
0.0
  0
LINE
  5
3CE
330
17
100
AcDbEntity
  8
SLD_SYMS
100
AcDbLine
 10
9.4551
 20
16.4384
 30
0.0
 11
9.5868
 21
16.3157
 31
0.0
  0
INSERT
  5
3CF
330
17
100
AcDbEntity
  8
SLD_SYMS
100
AcDbBlockReference
 66
1
  2
VXF1CT
 10
8.989
 20
16.128
 30
0.0
  0
ATTRIB
  5
3D1
330
17
100
AcDbEntity
  8
0
100
AcDbText
 10
8.761916666666668
 20
15.706125
 30
0.0
 40
0.125
  1

  7
WD
 41
0.7
 72
1
 11
8.761916666666668
 21
15.706125
 31
0.0
100
AcDbAttribute
  2
INST
 70
1
  0
ATTRIB
  5
3D2
330
17
100
AcDbEntity
  8
0
100
AcDbText
 10
8.989
 20
15.844826474599724
 30
0.0
 40
0.0125
  1

  7
WD
 11
8.989
 21
15.844826474599724
 31
0.0
100
AcDbAttribute
  2
X8TERM01
 70
1
  0
ATTRIB
  5
3D3
330
17
100
AcDbEntity
  8
0
100
AcDbText
 10
9.021211762700139
 20
15.877038237299862
 30
0.0
 40
0.0125
  1

  7
WD
 11
9.021211762700139
 21
15.877038237299862
 31
0.0
100
AcDbAttribute
  2
X1TERM01
 70
1
  0
ATTRIB
  5
3D4
330
17
100
AcDbEntity
  8
0
  6
Continuous
100
AcDbText
 10
8.934062169619043
 20
15.897456032263783
 30
0.0
 40
0.125
  1

  7
WD
 72
2
 11
8.934062169619043
 21
15.897456032263783
 31
0.0
100
AcDbAttribute
  2
TERM01
 70
9
  0
ATTRIB
  5
3D5
330
17
100
AcDbEntity
  8
0
  6
Continuous
100
AcDbText
 10
8.944006916951068
 20
16.394965784883833
 30
0.0
 40
0.125
  1

  7
WD
 72
2
 11
8.944006916951068
 21
16.394965784883833
 31
0.0
100
AcDbAttribute
  2
TERM02
 70
9
  0
ATTRIB
  5
3D6
330
17
100
AcDbEntity
  8
0
100
AcDbText
 10
9.021211762700139
 20
16.377038237299864
 30
0.0
 40
0.0125
  1

  7
WD
 11
9.021211762700139
 21
16.377038237299864
 31
0.0
100
AcDbAttribute
  2
X1TERM02
 70
1
  0
ATTRIB
  5
3D7
330
17
100
AcDbEntity
  8
0
100
AcDbText
 10
8.989
 20
16.40925
 30
0.0
 40
0.0125
  1

  7
WD
 11
8.989
 21
16.40925
 31
0.0
100
AcDbAttribute
  2
X2TERM02
 70
1
  0
ATTRIB
  5
3D8
330
17
100
AcDbEntity
  8
0
100
AcDbText
 10
9.27025
 20
16.003
 30
0.0
 40
0.125
  1

  7
WD
 41
0.7
 11
9.27025
 21
16.003
 31
0.0
100
AcDbAttribute
  2
RATING1
 70
1
  0
ATTRIB
  5
3D9
330
17
100
AcDbEntity
  8
0
100
AcDbText
 10
9.27025
 20
16.15925
 30
0.0
 40
0.125
  1

  7
WD
 11
9.27025
 21
16.15925
 31
0.0
100
AcDbAttribute
  2
TAG1
 70
1
  0
ATTRIB
  5
3DA
330
17
100
AcDbEntity
  8
0
100
AcDbText
 10
7.699000000000001
 20
16.111
 30
0.0
 40
0.125
  1
1200:5A (3)
  7
WD
 41
0.7
 72
1
 11
7.699000000000001
 21
16.111
 31
0.0
100
AcDbAttribute
  2
DESC1
 70
0
  0
ATTRIB
  5
3DB
330
17
100
AcDbEntity
  8
0
100
AcDbText
 10
7.602
 20
15.95
 30
0.0
 40
0.125
  1
CT C200 MR
  7
WD
 41
0.7
 72
1
 11
7.602
 21
15.95
 31
0.0
100
AcDbAttribute
  2
DESC2
 70
0
  0
ATTRIB
  5
3DC
330
17
100
AcDbEntity
  8
0
100
AcDbText
 10
8.788470622272792
 20
15.526951758954773
 30
0.0
 40
0.125
  1

  7
WD
 41
0.7
 72
1
 11
8.788470622272792
 21
15.526951758954773
 31
0.0
100
AcDbAttribute
  2
LOC
 70
1
  0
ATTRIB
  5
3DD
330
17
100
AcDbEntity
  8
0
  6
Continuous
100
AcDbText
 10
8.818069824898974
 20
16.246955350386372
 30
0.0
 40
0.01
  1

  7
WD
 72
1
 11
8.818069824898974
 21
16.246955350386372
 31
0.0
100
AcDbAttribute
  2
ASSYCODE
 70
9
  0
ATTRIB
  5
3DE
330
17
100
AcDbEntity
  8
0
100
AcDbText
 10
8.796291666666667
 20
16.081125
 30
0.0
 40
0.125
  1

  7
WD
 72
1
 11
8.942125
 21
16.081125
 31
0.0
100
AcDbAttribute
  2
TYPE
 70
1
  0
ATTRIB
  5
3DF
330
17
100
AcDbEntity
  8
0
100
AcDbText
 10
8.793192775900367
 20
16.31869029371837
 30
0.0
 40
0.01
  1

  7
WD
 11
8.793192775900367
 21
16.31869029371837
 31
0.0
100
AcDbAttribute
  2
FAMILY
 70
9
  0
ATTRIB
  5
3E0
330
17
100
AcDbEntity
  8
0
  6
Continuous
100
AcDbText
 10
8.818246041838718
 20
16.290138877858606
 30
0.0
 40
0.01
  1

  7
WD
 72
1
 11
8.818246041838718
 21
16.290138877858606
 31
0.0
100
AcDbAttribute
  2
CAT
 70
9
  0
ATTRIB
  5
3E1
330
17
100
AcDbEntity
  8
0
  6
Continuous
100
AcDbText
 10
8.8163009961988
 20
16.270697124151155
 30
0.0
 40
0.01
  1

  7
WD
 72
1
 11
8.8163009961988
 21
16.270697124151155
 31
0.0
100
AcDbAttribute
  2
MFG
 70
9
  0
SEQEND
  5
3D0
330
3CF
100
AcDbEntity
  8
SLD_SYMS
  0
INSERT
  5
3E2
330
17
100
AcDbEntity
  8
SLD_SYMS
100
AcDbBlockReference
  2
WDDOT
 10
8.846
 20
16.423000000000002
 30
0.0
  0
MTEXT
  5
3E4
330
17
100
AcDbEntity
  8
SLD_TEXT
100
AcDbMText
 10
7.912000000000001
 20
15.9
 30
0.0
 40
0.1
 41
0.0
 71
1
  1
\pxqc;1%%C
  0
INSERT
  5
3E5
330
17
100
AcDbEntity
  8
SLD_SYMS
100
AcDbBlockReference
 66
1
  2
VCN1PJ
 10
8.797
 20
15.535
 30
0.0
  0
ATTRIB
  5
3E7
330
17
100
AcDbEntity
  8
0
100
AcDbText
 10
9.026166666666667
 20
16.384801758954776
 30
0.0
 40
0.125
  1

  7
WD
 41
0.7
 72
2
 11
9.026166666666667
 21
16.384801758954776
 31
0.0
100
AcDbAttribute
  2
INST
 70
1
  0
ATTRIB
  5
3E8
330
17
100
AcDbEntity
  8
0
100
AcDbText
 10
8.810072926894987
 20
15.420359872741505
 30
0.0
 40
0.01
  1

  7
WD
 11
8.810072926894987
 21
15.420359872741505
 31
0.0
100
AcDbAttribute
  2
X8TERMDESC01
 70
1
  0
ATTRIB
  5
3E9
330
17
100
AcDbEntity
  8
0
100
AcDbText
 10
8.823145864499054
 20
15.576609867770696
 30
0.0
 40
0.01
  1

  7
WD
 11
8.823145864499054
 21
15.576609867770696
 31
0.0
100
AcDbAttribute
  2
X2TERMDESC02
 70
1
  0
ATTRIB
  5
3EA
330
17
100
AcDbEntity
  8
0
  6
Continuous
100
AcDbText
 10
8.687924736372425
 20
15.521056517835845
 30
0.0
 40
0.01
  1

  7
WD
 72
1
 11
8.687924736372425
 21
15.521056517835845
 31
0.0
100
AcDbAttribute
  2
ASSYCODE
 70
9
  0
ATTRIB
  5
3EB
330
17
100
AcDbEntity
  8
0
100
AcDbText
 10
8.672
 20
15.4725
 30
0.0
 40
0.01
  1

  7
WD
 11
8.672
 21
15.4725
 31
0.0
100
AcDbAttribute
  2
X4LINK
 70
1
  0
ATTRIB
  5
3EC
330
17
100
AcDbEntity
  8
0
100
AcDbText
 10
8.922
 20
15.4725
 30
0.0
 40
0.01
  1

  7
WD
 11
8.922
 21
15.4725
 31
0.0
100
AcDbAttribute
  2
X1LINK
 70
1
  0
ATTRIB
  5
3ED
330
17
100
AcDbEntity
  8
0
100
AcDbText
 10
8.7345
 20
16.215201758954773
 30
0.0
 40
0.125
  1

  7
WD
 41
0.7
 72
2
 11
8.7345
 21
16.215201758954773
 31
0.0
100
AcDbAttribute
  2
LOC
 70
1
  0
ATTRIB
  5
3EE
330
17
100
AcDbEntity
  8
0
  6
Continuous
100
AcDbText
 10
8.68839310844966
 20
15.535039283222856
 30
0.0
 40
0.01
  1

  7
WD
 72
1
 11
8.68839310844966
 21
15.535039283222856
 31
0.0
100
AcDbAttribute
  2
MFG
 70
9
  0
ATTRIB
  5
3EF
330
17
100
AcDbEntity
  8
0
  6
Continuous
100
AcDbText
 10
8.690338154089579
 20
15.554481036930307
 30
0.0
 40
0.01
  1

  7
WD
 72
1
 11
8.690338154089579
 21
15.554481036930307
 31
0.0
100
AcDbAttribute
  2
CAT
 70
9
  0
ATTRIB
  5
3F0
330
17
100
AcDbEntity
  8
0
100
AcDbText
 10
8.665284888151229
 20
15.59865745279007
 30
0.0
 40
0.01
  1

  7
WD
 11
8.665284888151229
 21
15.59865745279007
 31
0.0
100
AcDbAttribute
  2
FAMILY
 70
9
  0
ATTRIB
  5
3F1
330
17
100
AcDbEntity
  8
0
100
AcDbText
 10
8.7345
 20
15.889278904647664
 30
0.0
 40
0.125
  1

  7
WD
 41
0.7
 72
2
 11
8.7345
 21
15.889278904647664
 31
0.0
100
AcDbAttribute
  2
DESC2
 70
1
  0
ATTRIB
  5
3F2
330
17
100
AcDbEntity
  8
0
100
AcDbText
 10
8.7345
 20
16.04552533180122
 30
0.0
 40
0.125
  1

  7
WD
 41
0.7
 72
2
 11
8.7345
 21
16.04552533180122
 31
0.0
100
AcDbAttribute
  2
DESC1
 70
1
  0
ATTRIB
  5
3F3
330
17
100
AcDbEntity
  8
0
100
AcDbText
 10
8.526166666666667
 20
15.62875
 30
0.0
 40
0.125
  1

  7
WD
 72
2
 11
8.7345
 21
15.62875
 31
0.0
100
AcDbAttribute
  2
TAG1
 70
1
  0
ATTRIB
  5
3F4
330
17
100
AcDbEntity
  8
0
  6
Continuous
100
AcDbText
 10
8.844000000000001
 20
15.25375
 30
0.0
 40
0.125
  1

  7
WD
 11
8.844000000000001
 21
15.37875
 31
0.0
100
AcDbAttribute
  2
TERM01
 70
9
 74
3
  0
ATTRIB
  5
3F5
330
17
100
AcDbEntity
  8
0
100
AcDbText
 10
8.797
 20
15.44125
 30
0.0
 40
0.0125
  1

  7
WD
 11
8.797
 21
15.44125
 31
0.0
100
AcDbAttribute
  2
X8TERM01
 70
1
  0
ATTRIB
  5
3F6
330
17
100
AcDbEntity
  8
0
100
AcDbText
 10
8.797
 20
15.5975
 30
0.0
 40
0.0125
  1

  7
WD
 11
8.797
 21
15.5975
 31
0.0
100
AcDbAttribute
  2
X2TERM02
 70
1
  0
ATTRIB
  5
3F7
330
17
100
AcDbEntity
  8
0
  6
Continuous
100
AcDbText
 10
8.844000000000001
 20
15.5975
 30
0.0
 40
0.125
  1

  7
WD
 11
8.844000000000001
 21
15.5975
 31
0.0
100
AcDbAttribute
  2
TERM02
 70
9
  0
ATTRIB
  5
3F8
330
17
100
AcDbEntity
  8
0
100
AcDbText
 10
8.665284888151229
 20
15.580025320458438
 30
0.0
 40
0.01
  1

  7
WD
 11
8.665284888151229
 21
15.580025320458438
 31
0.0
100
AcDbAttribute
  2
WDBLKNAM
 70
9
  0
SEQEND
  5
3E6
330
3E5
100
AcDbEntity
  8
SLD_SYMS
  0
LWPOLYLINE
  5
3F9
330
17
100
AcDbEntity
  8
SLD_SYMS
100
AcDbPolyline
 90
4
 70
1
 10
8.382000000000001
 20
15.013
 10
9.172
 20
15.013
 10
9.172
 20
14.092
 10
8.382000000000001
 20
14.092
  0
INSERT
  5
3FA
330
17
100
AcDbEntity
  8
SLD_SYMS
100
AcDbBlockReference
 66
1
  2
VCN1PJ
 10
8.797
 20
13.643
 30
0.0
 50
180.0
  0
ATTRIB
  5
3FC
330
17
100
AcDbEntity
  8
0
100
AcDbText
 10
8.567833333333335
 20
12.793198241045227
 30
0.0
 40
0.125
  1

 50
180.0
  7
WD
 41
0.7
 72
2
 11
8.567833333333335
 21
12.793198241045227
 31
0.0
100
AcDbAttribute
  2
INST
 70
1
  0
ATTRIB
  5
3FD
330
17
100
AcDbEntity
  8
0
100
AcDbText
 10
8.783927073105014
 20
13.757640127258496
 30
0.0
 40
0.01
  1

 50
180.0
  7
WD
 11
8.783927073105014
 21
13.757640127258496
 31
0.0
100
AcDbAttribute
  2
X8TERMDESC01
 70
1
  0
ATTRIB
  5
3FE
330
17
100
AcDbEntity
  8
0
100
AcDbText
 10
8.770854135500947
 20
13.601390132229305
 30
0.0
 40
0.01
  1

 50
180.0
  7
WD
 11
8.770854135500947
 21
13.601390132229305
 31
0.0
100
AcDbAttribute
  2
X2TERMDESC02
 70
1
  0
ATTRIB
  5
3FF
330
17
100
AcDbEntity
  8
0
  6
Continuous
100
AcDbText
 10
8.906075263627576
 20
13.656943482164156
 30
0.0
 40
0.01
  1

 50
180.0
  7
WD
 72
1
 11
8.906075263627576
 21
13.656943482164156
 31
0.0
100
AcDbAttribute
  2
ASSYCODE
 70
9
  0
ATTRIB
  5
400
330
17
100
AcDbEntity
  8
0
100
AcDbText
 10
8.922
 20
13.7055
 30
0.0
 40
0.01
  1

 50
180.0
  7
WD
 11
8.922
 21
13.7055
 31
0.0
100
AcDbAttribute
  2
X4LINK
 70
1
  0
ATTRIB
  5
401
330
17
100
AcDbEntity
  8
0
100
AcDbText
 10
8.672
 20
13.7055
 30
0.0
 40
0.01
  1

 50
180.0
  7
WD
 11
8.672
 21
13.7055
 31
0.0
100
AcDbAttribute
  2
X1LINK
 70
1
  0
ATTRIB
  5
402
330
17
100
AcDbEntity
  8
0
100
AcDbText
 10
8.8595
 20
12.962798241045226
 30
0.0
 40
0.125
  1

 50
180.0
  7
WD
 41
0.7
 72
2
 11
8.8595
 21
12.962798241045226
 31
0.0
100
AcDbAttribute
  2
LOC
 70
1
  0
ATTRIB
  5
403
330
17
100
AcDbEntity
  8
0
  6
Continuous
100
AcDbText
 10
8.905606891550342
 20
13.642960716777145
 30
0.0
 40
0.01
  1

 50
180.0
  7
WD
 72
1
 11
8.905606891550342
 21
13.642960716777145
 31
0.0
100
AcDbAttribute
  2
MFG
 70
9
  0
ATTRIB
  5
404
330
17
100
AcDbEntity
  8
0
  6
Continuous
100
AcDbText
 10
8.903661845910422
 20
13.623518963069694
 30
0.0
 40
0.01
  1

 50
180.0
  7
WD
 72
1
 11
8.903661845910422
 21
13.623518963069694
 31
0.0
100
AcDbAttribute
  2
CAT
 70
9
  0
ATTRIB
  5
405
330
17
100
AcDbEntity
  8
0
100
AcDbText
 10
8.928715111848772
 20
13.579342547209931
 30
0.0
 40
0.01
  1

 50
180.0
  7
WD
 11
8.928715111848772
 21
13.579342547209931
 31
0.0
100
AcDbAttribute
  2
FAMILY
 70
9
  0
ATTRIB
  5
406
330
17
100
AcDbEntity
  8
0
100
AcDbText
 10
8.8595
 20
13.288721095352336
 30
0.0
 40
0.125
  1

 50
180.0
  7
WD
 41
0.7
 72
2
 11
8.8595
 21
13.288721095352336
 31
0.0
100
AcDbAttribute
  2
DESC2
 70
1
  0
ATTRIB
  5
407
330
17
100
AcDbEntity
  8
0
100
AcDbText
 10
8.8595
 20
13.132474668198782
 30
0.0
 40
0.125
  1

 50
180.0
  7
WD
 41
0.7
 72
2
 11
8.8595
 21
13.132474668198782
 31
0.0
100
AcDbAttribute
  2
DESC1
 70
1
  0
ATTRIB
  5
408
330
17
100
AcDbEntity
  8
0
100
AcDbText
 10
9.067833333333335
 20
13.54925
 30
0.0
 40
0.125
  1

 50
180.0
  7
WD
 72
2
 11
8.8595
 21
13.54925
 31
0.0
100
AcDbAttribute
  2
TAG1
 70
1
  0
ATTRIB
  5
409
330
17
100
AcDbEntity
  8
0
  6
Continuous
100
AcDbText
 10
8.75
 20
13.92425
 30
0.0
 40
0.125
  1

 50
180.0
  7
WD
 11
8.75
 21
13.79925
 31
0.0
100
AcDbAttribute
  2
TERM01
 70
9
 74
3
  0
ATTRIB
  5
40A
330
17
100
AcDbEntity
  8
0
100
AcDbText
 10
8.797
 20
13.73675
 30
0.0
 40
0.0125
  1

 50
180.0
  7
WD
 11
8.797
 21
13.73675
 31
0.0
100
AcDbAttribute
  2
X8TERM01
 70
1
  0
ATTRIB
  5
40B
330
17
100
AcDbEntity
  8
0
100
AcDbText
 10
8.797
 20
13.5805
 30
0.0
 40
0.0125
  1

 50
180.0
  7
WD
 11
8.797
 21
13.5805
 31
0.0
100
AcDbAttribute
  2
X2TERM02
 70
1
  0
ATTRIB
  5
40C
330
17
100
AcDbEntity
  8
0
  6
Continuous
100
AcDbText
 10
8.75
 20
13.5805
 30
0.0
 40
0.125
  1

 50
180.0
  7
WD
 11
8.75
 21
13.5805
 31
0.0
100
AcDbAttribute
  2
TERM02
 70
9
  0
ATTRIB
  5
40D
330
17
100
AcDbEntity
  8
0
100
AcDbText
 10
8.928715111848772
 20
13.597974679541563
 30
0.0
 40
0.01
  1

 50
180.0
  7
WD
 11
8.928715111848772
 21
13.597974679541563
 31
0.0
100
AcDbAttribute
  2
WDBLKNAM
 70
9
  0
SEQEND
  5
3FB
330
3FA
100
AcDbEntity
  8
SLD_SYMS
  0
INSERT
  5
40E
330
17
100
AcDbEntity
  8
SLD_SYMS
100
AcDbBlockReference
 66
1
  2
VFU1
 10
9.901
 20
13.643
 30
0.0
  0
ATTRIB
  5
410
330
17
100
AcDbEntity
  8
0
100
AcDbText
 10
10.182249998957403
 20
13.268000000708662
 30
0.0
 40
0.0625
  1

  7
WD
 41
0.7
 11
10.182249998957403
 21
13.268000000708662
 31
0.0
100
AcDbAttribute
  2
DESC3
 70
1
  0
ATTRIB
  5
411
330
17
100
AcDbEntity
  8
0
100
AcDbText
 10
10.182249998957403
 20
13.352584657032297
 30
0.0
 40
0.0625
  1

  7
WD
 41
0.7
 11
10.182249998957403
 21
13.352584657032297
 31
0.0
100
AcDbAttribute
  2
DESC2
 70
1
  0
ATTRIB
  5
412
330
17
100
AcDbEntity
  8
0
100
AcDbText
 10
10.182249998957403
 20
13.446744936220037
 30
0.0
 40
0.0625
  1

  7
WD
 41
0.7
 11
10.182249998957403
 21
13.446744936220037
 31
0.0
100
AcDbAttribute
  2
DESC1
 70
1
  0
ATTRIB
  5
413
330
17
100
AcDbEntity
  8
0
100
AcDbText
 10
10.18225
 20
13.805925
 30
0.0
 40
0.0625
  1

  7
WD
 41
0.7
 11
10.18225
 21
13.805925
 31
0.0
100
AcDbAttribute
  2
INST
 70
1
  0
ATTRIB
  5
414
330
17
100
AcDbEntity
  8
0
 62
7
100
AcDbText
 10
9.776
 20
13.643
 30
0.0
 40
0.01
  1

  7
WD
 11
9.776
 21
13.643
 31
0.0
100
AcDbAttribute
  2
X4LINK
 70
1
  0
ATTRIB
  5
415
330
17
100
AcDbEntity
  8
0
 62
7
100
AcDbText
 10
10.041625
 20
13.643
 30
0.0
 40
0.01
  1

  7
WD
 11
10.041625
 21
13.643
 31
0.0
100
AcDbAttribute
  2
X1LINK
 70
1
  0
ATTRIB
  5
416
330
17
100
AcDbEntity
  8
0
  6
Continuous
100
AcDbText
 10
9.80251636756395
 20
13.534940348433866
 30
0.0
 40
0.01
  1

  7
WD
 72
1
 11
9.80251636756395
 21
13.534940348433866
 31
0.0
100
AcDbAttribute
  2
ASSYCODE
 70
9
  0
ATTRIB
  5
417
330
17
100
AcDbEntity
  8
0
100
AcDbText
 10
10.05919143797307
 20
13.58237500000005
 30
0.0
 40
0.109375
  1

  7
WD
 41
0.9
 11
10.05919143797307
 21
13.58237500000005
 31
0.0
100
AcDbAttribute
  2
TAG1
 70
1
  0
ATTRIB
  5
418
330
17
100
AcDbEntity
  8
0
100
AcDbText
 10
10.18225
 20
13.721125
 30
0.0
 40
0.0625
  1

  7
WD
 41
0.7
 11
10.18225
 21
13.721125
 31
0.0
100
AcDbAttribute
  2
LOC
 70
1
  0
ATTRIB
  5
419
330
17
100
AcDbEntity
  8
0
  6
Continuous
100
AcDbText
 10
9.846029620844345
 20
13.84962661600492
 30
0.0
 40
0.0625
  1

  7
WD
 72
2
 11
9.846029620844345
 21
13.84962661600492
 31
0.0
100
AcDbAttribute
  2
TERM01
 70
9
  0
ATTRIB
  5
41A
330
17
100
AcDbEntity
  8
0
  6
Continuous
100
AcDbText
 10
9.860298778392005
 20
13.367052969349004
 30
0.0
 40
0.0625
  1

  7
WD
 72
2
 11
9.860298778392005
 21
13.429552969349004
 31
0.0
100
AcDbAttribute
  2
TERM02
 70
9
 74
3
  0
ATTRIB
  5
41B
330
17
100
AcDbEntity
  8
0
 62
7
100
AcDbText
 10
9.901
 20
13.8305
 30
0.0
 40
0.0109375
  1

  7
WD
 11
9.901
 21
13.8305
 31
0.0
100
AcDbAttribute
  2
X2TERM01
 70
1
  0
ATTRIB
  5
41C
330
17
100
AcDbEntity
  8
0
 62
7
100
AcDbText
 10
9.901
 20
13.4555
 30
0.0
 40
0.0109375
  1

  7
WD
 11
9.901
 21
13.4555
 31
0.0
100
AcDbAttribute
  2
X8TERM02
 70
1
  0
ATTRIB
  5
41D
330
17
100
AcDbEntity
  8
0
100
AcDbText
 10
9.804716414340328
 20
13.606540457527665
 30
0.0
 40
0.01
  1

  7
WD
 72
2
 11
9.821383081006994
 21
13.606540457527665
 31
0.0
100
AcDbAttribute
  2
FAMILY
 70
9
  0
ATTRIB
  5
41E
330
17
100
AcDbEntity
  8
0
  6
Continuous
100
AcDbText
 10
9.821383081006994
 20
13.569873790860997
 30
0.0
 40
0.01
  1

  7
WD
 72
2
 11
9.821383081006994
 21
13.569873790860997
 31
0.0
100
AcDbAttribute
  2
CAT
 70
9
  0
ATTRIB
  5
41F
330
17
100
AcDbEntity
  8
0
  6
Continuous
100
AcDbText
 10
9.821383081006994
 20
13.554873790860999
 30
0.0
 40
0.01
  1

  7
WD
 72
2
 11
9.821383081006994
 21
13.554873790860999
 31
0.0
100
AcDbAttribute
  2
MFG
 70
9
  0
ATTRIB
  5
420
330
17
100
AcDbEntity
  8
0
100
AcDbText
 10
10.0333
 20
13.6098
 30
0.0
 40
0.09375
  1
6A
 50
90.0
  7
WD
 41
0.7
 72
1
 11
10.0333
 21
13.6098
 31
0.0
100
AcDbAttribute
  2
RATING1
 70
0
 74
2
  0
SEQEND
  5
40F
330
40E
100
AcDbEntity
  8
SLD_SYMS
  0
MTEXT
  5
421
330
17
100
AcDbEntity
  8
SLD_TEXT
100
AcDbMText
 10
8.538
 20
14.799
 30
0.0
 40
0.093
 41
0.0
 71
1
  1
52-F3A\P15kV\P1200A\P18kA
  0
MTEXT
  5
422
330
17
100
AcDbEntity
  8
SLD_TEXT
100
AcDbMText
 10
9.902000000000001
 20
17.35
 30
0.0
 40
0.093
 41
0.0
 71
1
  1
\pxqc;SEL-751\PFEEDER\PPROTECTION\PRELAY
  0
MTEXT
  5
423
330
17
100
AcDbEntity
  8
SLD_TEXT
100
AcDbMText
 10
8.781
 20
19.31
 30
0.0
 40
0.1
 41
0.0
 71
1
  1
\pxqc;INCOMING\P13.8kV\PMPU-60-3\P5.7MW
  0
MTEXT
  5
424
330
17
100
AcDbEntity
  8
SLD_TEXT
100
AcDbMText
 10
9.562000000000001
 20
18.168
 30
0.0
 40
0.093
 41
0.0
 71
1
  1
L.A.\P18kV\P15.3kV\PMCOV
  0
LINE
  5
425
330
17
100
AcDbEntity
  8
SLD_WIRE
100
AcDbLine
 10
8.797
 20
12.609
 30
0.0
 11
8.797
 21
9.408
 31
0.0
  0
LINE
  5
426
330
17
100
AcDbEntity
  8
SLD_WIRE
100
AcDbLine
 10
8.797
 20
9.252
 30
0.0
 11
8.797
 21
8.8231
 31
0.0
  0
LINE
  5
427
330
17
100
AcDbEntity
  8
SLD_WIRE
100
AcDbLine
 10
8.797
 20
7.9025
 30
0.0
 11
8.797
 21
7.547
 31
0.0
  0
LINE
  5
428
330
17
100
AcDbEntity
  8
SLD_WIRE
100
AcDbLine
 10
8.797
 20
7.391
 30
0.0
 11
8.797
 21
3.893
 31
0.0
  0
INSERT
  5
429
330
17
100
AcDbEntity
  8
SLD_SYMS
100
AcDbBlockReference
 66
1
  2
VFU1
 10
10.228000000000002
 20
9.503
 30
0.0
  0
ATTRIB
  5
42B
330
17
100
AcDbEntity
  8
0
100
AcDbText
 10
10.509249998957404
 20
9.128000000708662
 30
0.0
 40
0.0625
  1

  7
WD
 41
0.7
 11
10.509249998957404
 21
9.128000000708662
 31
0.0
100
AcDbAttribute
  2
DESC3
 70
1
  0
ATTRIB
  5
42C
330
17
100
AcDbEntity
  8
0
100
AcDbText
 10
10.509249998957404
 20
9.212584657032297
 30
0.0
 40
0.0625
  1

  7
WD
 41
0.7
 11
10.509249998957404
 21
9.212584657032297
 31
0.0
100
AcDbAttribute
  2
DESC2
 70
1
  0
ATTRIB
  5
42D
330
17
100
AcDbEntity
  8
0
100
AcDbText
 10
10.509249998957404
 20
9.306744936220037
 30
0.0
 40
0.0625
  1

  7
WD
 41
0.7
 11
10.509249998957404
 21
9.306744936220037
 31
0.0
100
AcDbAttribute
  2
DESC1
 70
1
  0
ATTRIB
  5
42E
330
17
100
AcDbEntity
  8
0
100
AcDbText
 10
10.509250000000002
 20
9.665925
 30
0.0
 40
0.0625
  1

  7
WD
 41
0.7
 11
10.509250000000002
 21
9.665925
 31
0.0
100
AcDbAttribute
  2
INST
 70
1
  0
ATTRIB
  5
42F
330
17
100
AcDbEntity
  8
0
 62
7
100
AcDbText
 10
10.103000000000002
 20
9.503
 30
0.0
 40
0.01
  1

  7
WD
 11
10.103000000000002
 21
9.503
 31
0.0
100
AcDbAttribute
  2
X4LINK
 70
1
  0
ATTRIB
  5
430
330
17
100
AcDbEntity
  8
0
 62
7
100
AcDbText
 10
10.368625000000002
 20
9.503
 30
0.0
 40
0.01
  1

  7
WD
 11
10.368625000000002
 21
9.503
 31
0.0
100
AcDbAttribute
  2
X1LINK
 70
1
  0
ATTRIB
  5
431
330
17
100
AcDbEntity
  8
0
  6
Continuous
100
AcDbText
 10
10.129516367563951
 20
9.394940348433865
 30
0.0
 40
0.01
  1

  7
WD
 72
1
 11
10.129516367563951
 21
9.394940348433865
 31
0.0
100
AcDbAttribute
  2
ASSYCODE
 70
9
  0
ATTRIB
  5
432
330
17
100
AcDbEntity
  8
0
100
AcDbText
 10
10.386191437973071
 20
9.44237500000005
 30
0.0
 40
0.109375
  1

  7
WD
 41
0.9
 11
10.386191437973071
 21
9.44237500000005
 31
0.0
100
AcDbAttribute
  2
TAG1
 70
1
  0
ATTRIB
  5
433
330
17
100
AcDbEntity
  8
0
100
AcDbText
 10
10.509250000000002
 20
9.581125
 30
0.0
 40
0.0625
  1

  7
WD
 41
0.7
 11
10.509250000000002
 21
9.581125
 31
0.0
100
AcDbAttribute
  2
LOC
 70
1
  0
ATTRIB
  5
434
330
17
100
AcDbEntity
  8
0
  6
Continuous
100
AcDbText
 10
10.173029620844346
 20
9.70962661600492
 30
0.0
 40
0.0625
  1

  7
WD
 72
2
 11
10.173029620844346
 21
9.70962661600492
 31
0.0
100
AcDbAttribute
  2
TERM01
 70
9
  0
ATTRIB
  5
435
330
17
100
AcDbEntity
  8
0
  6
Continuous
100
AcDbText
 10
10.187298778392007
 20
9.227052969349003
 30
0.0
 40
0.0625
  1

  7
WD
 72
2
 11
10.187298778392007
 21
9.289552969349003
 31
0.0
100
AcDbAttribute
  2
TERM02
 70
9
 74
3
  0
ATTRIB
  5
436
330
17
100
AcDbEntity
  8
0
 62
7
100
AcDbText
 10
10.228000000000002
 20
9.6905
 30
0.0
 40
0.0109375
  1

  7
WD
 11
10.228000000000002
 21
9.6905
 31
0.0
100
AcDbAttribute
  2
X2TERM01
 70
1
  0
ATTRIB
  5
437
330
17
100
AcDbEntity
  8
0
 62
7
100
AcDbText
 10
10.228000000000002
 20
9.3155
 30
0.0
 40
0.0109375
  1

  7
WD
 11
10.228000000000002
 21
9.3155
 31
0.0
100
AcDbAttribute
  2
X8TERM02
 70
1
  0
ATTRIB
  5
438
330
17
100
AcDbEntity
  8
0
100
AcDbText
 10
10.13171641434033
 20
9.466540457527664
 30
0.0
 40
0.01
  1

  7
WD
 72
2
 11
10.148383081006996
 21
9.466540457527664
 31
0.0
100
AcDbAttribute
  2
FAMILY
 70
9
  0
ATTRIB
  5
439
330
17
100
AcDbEntity
  8
0
  6
Continuous
100
AcDbText
 10
10.148383081006996
 20
9.429873790860997
 30
0.0
 40
0.01
  1

  7
WD
 72
2
 11
10.148383081006996
 21
9.429873790860997
 31
0.0
100
AcDbAttribute
  2
CAT
 70
9
  0
ATTRIB
  5
43A
330
17
100
AcDbEntity
  8
0
  6
Continuous
100
AcDbText
 10
10.148383081006996
 20
9.414873790860998
 30
0.0
 40
0.01
  1

  7
WD
 72
2
 11
10.148383081006996
 21
9.414873790860998
 31
0.0
100
AcDbAttribute
  2
MFG
 70
9
  0
ATTRIB
  5
43B
330
17
100
AcDbEntity
  8
0
100
AcDbText
 10
10.360300000000002
 20
9.4698
 30
0.0
 40
0.09375
  1
6A
 50
90.0
  7
WD
 41
0.7
 72
1
 11
10.360300000000002
 21
9.4698
 31
0.0
100
AcDbAttribute
  2
RATING1
 70
0
 74
2
  0
SEQEND
  5
42A
330
429
100
AcDbEntity
  8
SLD_SYMS
  0
INSERT
  5
43C
330
17
100
AcDbEntity
  8
SLD_SYMS
100
AcDbBlockReference
 66
1
  2
VCN1PJ
 10
8.797
 20
9.346
 30
0.0
  0
ATTRIB
  5
43E
330
17
100
AcDbEntity
  8
0
100
AcDbText
 10
9.026166666666667
 20
10.195801758954774
 30
0.0
 40
0.125
  1

  7
WD
 41
0.7
 72
2
 11
9.026166666666667
 21
10.195801758954774
 31
0.0
100
AcDbAttribute
  2
INST
 70
1
  0
ATTRIB
  5
43F
330
17
100
AcDbEntity
  8
0
100
AcDbText
 10
8.810072926894987
 20
9.231359872741505
 30
0.0
 40
0.01
  1

  7
WD
 11
8.810072926894987
 21
9.231359872741505
 31
0.0
100
AcDbAttribute
  2
X8TERMDESC01
 70
1
  0
ATTRIB
  5
440
330
17
100
AcDbEntity
  8
0
100
AcDbText
 10
8.823145864499054
 20
9.387609867770696
 30
0.0
 40
0.01
  1

  7
WD
 11
8.823145864499054
 21
9.387609867770696
 31
0.0
100
AcDbAttribute
  2
X2TERMDESC02
 70
1
  0
ATTRIB
  5
441
330
17
100
AcDbEntity
  8
0
  6
Continuous
100
AcDbText
 10
8.687924736372425
 20
9.332056517835845
 30
0.0
 40
0.01
  1

  7
WD
 72
1
 11
8.687924736372425
 21
9.332056517835845
 31
0.0
100
AcDbAttribute
  2
ASSYCODE
 70
9
  0
ATTRIB
  5
442
330
17
100
AcDbEntity
  8
0
100
AcDbText
 10
8.672
 20
9.2835
 30
0.0
 40
0.01
  1

  7
WD
 11
8.672
 21
9.2835
 31
0.0
100
AcDbAttribute
  2
X4LINK
 70
1
  0
ATTRIB
  5
443
330
17
100
AcDbEntity
  8
0
100
AcDbText
 10
8.922
 20
9.2835
 30
0.0
 40
0.01
  1

  7
WD
 11
8.922
 21
9.2835
 31
0.0
100
AcDbAttribute
  2
X1LINK
 70
1
  0
ATTRIB
  5
444
330
17
100
AcDbEntity
  8
0
100
AcDbText
 10
8.7345
 20
10.026201758954775
 30
0.0
 40
0.125
  1

  7
WD
 41
0.7
 72
2
 11
8.7345
 21
10.026201758954775
 31
0.0
100
AcDbAttribute
  2
LOC
 70
1
  0
ATTRIB
  5
445
330
17
100
AcDbEntity
  8
0
  6
Continuous
100
AcDbText
 10
8.68839310844966
 20
9.346039283222856
 30
0.0
 40
0.01
  1

  7
WD
 72
1
 11
8.68839310844966
 21
9.346039283222856
 31
0.0
100
AcDbAttribute
  2
MFG
 70
9
  0
ATTRIB
  5
446
330
17
100
AcDbEntity
  8
0
  6
Continuous
100
AcDbText
 10
8.690338154089579
 20
9.365481036930307
 30
0.0
 40
0.01
  1

  7
WD
 72
1
 11
8.690338154089579
 21
9.365481036930307
 31
0.0
100
AcDbAttribute
  2
CAT
 70
9
  0
ATTRIB
  5
447
330
17
100
AcDbEntity
  8
0
100
AcDbText
 10
8.665284888151229
 20
9.40965745279007
 30
0.0
 40
0.01
  1

  7
WD
 11
8.665284888151229
 21
9.40965745279007
 31
0.0
100
AcDbAttribute
  2
FAMILY
 70
9
  0
ATTRIB
  5
448
330
17
100
AcDbEntity
  8
0
100
AcDbText
 10
8.7345
 20
9.700278904647664
 30
0.0
 40
0.125
  1

  7
WD
 41
0.7
 72
2
 11
8.7345
 21
9.700278904647664
 31
0.0
100
AcDbAttribute
  2
DESC2
 70
1
  0
ATTRIB
  5
449
330
17
100
AcDbEntity
  8
0
100
AcDbText
 10
8.7345
 20
9.856525331801219
 30
0.0
 40
0.125
  1

  7
WD
 41
0.7
 72
2
 11
8.7345
 21
9.856525331801219
 31
0.0
100
AcDbAttribute
  2
DESC1
 70
1
  0
ATTRIB
  5
44A
330
17
100
AcDbEntity
  8
0
100
AcDbText
 10
8.526166666666667
 20
9.43975
 30
0.0
 40
0.125
  1

  7
WD
 72
2
 11
8.7345
 21
9.43975
 31
0.0
100
AcDbAttribute
  2
TAG1
 70
1
  0
ATTRIB
  5
44B
330
17
100
AcDbEntity
  8
0
  6
Continuous
100
AcDbText
 10
8.844000000000001
 20
9.06475
 30
0.0
 40
0.125
  1

  7
WD
 11
8.844000000000001
 21
9.18975
 31
0.0
100
AcDbAttribute
  2
TERM01
 70
9
 74
3
  0
ATTRIB
  5
44C
330
17
100
AcDbEntity
  8
0
100
AcDbText
 10
8.797
 20
9.25225
 30
0.0
 40
0.0125
  1

  7
WD
 11
8.797
 21
9.25225
 31
0.0
100
AcDbAttribute
  2
X8TERM01
 70
1
  0
ATTRIB
  5
44D
330
17
100
AcDbEntity
  8
0
100
AcDbText
 10
8.797
 20
9.4085
 30
0.0
 40
0.0125
  1

  7
WD
 11
8.797
 21
9.4085
 31
0.0
100
AcDbAttribute
  2
X2TERM02
 70
1
  0
ATTRIB
  5
44E
330
17
100
AcDbEntity
  8
0
  6
Continuous
100
AcDbText
 10
8.844000000000001
 20
9.4085
 30
0.0
 40
0.125
  1

  7
WD
 11
8.844000000000001
 21
9.4085
 31
0.0
100
AcDbAttribute
  2
TERM02
 70
9
  0
ATTRIB
  5
44F
330
17
100
AcDbEntity
  8
0
100
AcDbText
 10
8.665284888151229
 20
9.391025320458438
 30
0.0
 40
0.01
  1

  7
WD
 11
8.665284888151229
 21
9.391025320458438
 31
0.0
100
AcDbAttribute
  2
WDBLKNAM
 70
9
  0
SEQEND
  5
43D
330
43C
100
AcDbEntity
  8
SLD_SYMS
  0
CIRCLE
  5
450
330
17
100
AcDbEntity
  8
SLD_SYMS
100
AcDbCircle
 10
9.852
 20
8.522
 30
0.0
 40
0.176
  0
MTEXT
  5
451
330
17
100
AcDbEntity
  8
SLD_TEXT
100
AcDbMText
 10
9.768
 20
8.576
 30
0.0
 40
0.093
 41
0.0
 71
1
  1
\pxqc;86
  0
LINE
  5
452
330
17
100
AcDbEntity
  8
SLD_CONTROL
100
AcDbLine
 10
9.172
 20
8.522
 30
0.0
 11
9.676
 21
8.522
 31
0.0
  0
LINE
  5
453
330
17
100
AcDbEntity
  8
SLD_CONTROL
100
AcDbLine
 10
9.852
 20
8.345
 30
0.0
 11
9.852
 21
7.918
 31
0.0
  0
LWPOLYLINE
  5
454
330
17
100
AcDbEntity
  8
SLD_SYMS
100
AcDbPolyline
 90
4
 70
1
 10
8.382200000000001
 20
8.8231
 10
9.171800000000001
 20
8.8231
 10
9.171800000000001
 20
7.9025
 10
8.382200000000001
 20
7.9025
  0
LWPOLYLINE
  5
455
330
17
100
AcDbEntity
  8
SLD_SYMS
100
AcDbPolyline
 90
4
 70
1
 10
9.313
 20
7.9183
 10
10.5164
 20
7.9183
 10
10.5164
 20
7.2459
 10
9.313
 20
7.2459
  0
INSERT
  5
456
330
17
100
AcDbEntity
  8
SLD_SYMS
100
AcDbBlockReference
 66
1
  2
VCN1PJ
 10
8.797
 20
7.453
 30
0.0
 50
180.0
  0
ATTRIB
  5
458
330
17
100
AcDbEntity
  8
0
100
AcDbText
 10
8.567833333333335
 20
6.603198241045226
 30
0.0
 40
0.125
  1

 50
180.0
  7
WD
 41
0.7
 72
2
 11
8.567833333333335
 21
6.603198241045226
 31
0.0
100
AcDbAttribute
  2
INST
 70
1
  0
ATTRIB
  5
459
330
17
100
AcDbEntity
  8
0
100
AcDbText
 10
8.783927073105014
 20
7.567640127258495
 30
0.0
 40
0.01
  1

 50
180.0
  7
WD
 11
8.783927073105014
 21
7.567640127258495
 31
0.0
100
AcDbAttribute
  2
X8TERMDESC01
 70
1
  0
ATTRIB
  5
45A
330
17
100
AcDbEntity
  8
0
100
AcDbText
 10
8.770854135500947
 20
7.411390132229304
 30
0.0
 40
0.01
  1

 50
180.0
  7
WD
 11
8.770854135500947
 21
7.411390132229304
 31
0.0
100
AcDbAttribute
  2
X2TERMDESC02
 70
1
  0
ATTRIB
  5
45B
330
17
100
AcDbEntity
  8
0
  6
Continuous
100
AcDbText
 10
8.906075263627576
 20
7.4669434821641545
 30
0.0
 40
0.01
  1

 50
180.0
  7
WD
 72
1
 11
8.906075263627576
 21
7.4669434821641545
 31
0.0
100
AcDbAttribute
  2
ASSYCODE
 70
9
  0
ATTRIB
  5
45C
330
17
100
AcDbEntity
  8
0
100
AcDbText
 10
8.922
 20
7.5155
 30
0.0
 40
0.01
  1

 50
180.0
  7
WD
 11
8.922
 21
7.5155
 31
0.0
100
AcDbAttribute
  2
X4LINK
 70
1
  0
ATTRIB
  5
45D
330
17
100
AcDbEntity
  8
0
100
AcDbText
 10
8.672
 20
7.5155
 30
0.0
 40
0.01
  1

 50
180.0
  7
WD
 11
8.672
 21
7.5155
 31
0.0
100
AcDbAttribute
  2
X1LINK
 70
1
  0
ATTRIB
  5
45E
330
17
100
AcDbEntity
  8
0
100
AcDbText
 10
8.8595
 20
6.772798241045226
 30
0.0
 40
0.125
  1

 50
180.0
  7
WD
 41
0.7
 72
2
 11
8.8595
 21
6.772798241045226
 31
0.0
100
AcDbAttribute
  2
LOC
 70
1
  0
ATTRIB
  5
45F
330
17
100
AcDbEntity
  8
0
  6
Continuous
100
AcDbText
 10
8.905606891550342
 20
7.452960716777144
 30
0.0
 40
0.01
  1

 50
180.0
  7
WD
 72
1
 11
8.905606891550342
 21
7.452960716777144
 31
0.0
100
AcDbAttribute
  2
MFG
 70
9
  0
ATTRIB
  5
460
330
17
100
AcDbEntity
  8
0
  6
Continuous
100
AcDbText
 10
8.903661845910422
 20
7.433518963069694
 30
0.0
 40
0.01
  1

 50
180.0
  7
WD
 72
1
 11
8.903661845910422
 21
7.433518963069694
 31
0.0
100
AcDbAttribute
  2
CAT
 70
9
  0
ATTRIB
  5
461
330
17
100
AcDbEntity
  8
0
100
AcDbText
 10
8.928715111848772
 20
7.389342547209931
 30
0.0
 40
0.01
  1

 50
180.0
  7
WD
 11
8.928715111848772
 21
7.389342547209931
 31
0.0
100
AcDbAttribute
  2
FAMILY
 70
9
  0
ATTRIB
  5
462
330
17
100
AcDbEntity
  8
0
100
AcDbText
 10
8.8595
 20
7.098721095352336
 30
0.0
 40
0.125
  1

 50
180.0
  7
WD
 41
0.7
 72
2
 11
8.8595
 21
7.098721095352336
 31
0.0
100
AcDbAttribute
  2
DESC2
 70
1
  0
ATTRIB
  5
463
330
17
100
AcDbEntity
  8
0
100
AcDbText
 10
8.8595
 20
6.942474668198781
 30
0.0
 40
0.125
  1

 50
180.0
  7
WD
 41
0.7
 72
2
 11
8.8595
 21
6.942474668198781
 31
0.0
100
AcDbAttribute
  2
DESC1
 70
1
  0
ATTRIB
  5
464
330
17
100
AcDbEntity
  8
0
100
AcDbText
 10
9.067833333333335
 20
7.35925
 30
0.0
 40
0.125
  1

 50
180.0
  7
WD
 72
2
 11
8.8595
 21
7.35925
 31
0.0
100
AcDbAttribute
  2
TAG1
 70
1
  0
ATTRIB
  5
465
330
17
100
AcDbEntity
  8
0
  6
Continuous
100
AcDbText
 10
8.75
 20
7.73425
 30
0.0
 40
0.125
  1

 50
180.0
  7
WD
 11
8.75
 21
7.60925
 31
0.0
100
AcDbAttribute
  2
TERM01
 70
9
 74
3
  0
ATTRIB
  5
466
330
17
100
AcDbEntity
  8
0
100
AcDbText
 10
8.797
 20
7.54675
 30
0.0
 40
0.0125
  1

 50
180.0
  7
WD
 11
8.797
 21
7.54675
 31
0.0
100
AcDbAttribute
  2
X8TERM01
 70
1
  0
ATTRIB
  5
467
330
17
100
AcDbEntity
  8
0
100
AcDbText
 10
8.797
 20
7.3905
 30
0.0
 40
0.0125
  1

 50
180.0
  7
WD
 11
8.797
 21
7.3905
 31
0.0
100
AcDbAttribute
  2
X2TERM02
 70
1
  0
ATTRIB
  5
468
330
17
100
AcDbEntity
  8
0
  6
Continuous
100
AcDbText
 10
8.75
 20
7.3905
 30
0.0
 40
0.125
  1

 50
180.0
  7
WD
 11
8.75
 21
7.3905
 31
0.0
100
AcDbAttribute
  2
TERM02
 70
9
  0
ATTRIB
  5
469
330
17
100
AcDbEntity
  8
0
100
AcDbText
 10
8.928715111848772
 20
7.407974679541563
 30
0.0
 40
0.01
  1

 50
180.0
  7
WD
 11
8.928715111848772
 21
7.407974679541563
 31
0.0
100
AcDbAttribute
  2
WDBLKNAM
 70
9
  0
SEQEND
  5
457
330
456
100
AcDbEntity
  8
SLD_SYMS
  0
INSERT
  5
46A
330
17
100
AcDbEntity
  8
SLD_SYMS
100
AcDbBlockReference
 66
1
  2
VXF1CT
 10
8.988700000000001
 20
6.8035
 30
0.0
  0
ATTRIB
  5
46C
330
17
100
AcDbEntity
  8
0
100
AcDbText
 10
8.761616666666669
 20
6.381625
 30
0.0
 40
0.125
  1

  7
WD
 41
0.7
 72
1
 11
8.761616666666669
 21
6.381625
 31
0.0
100
AcDbAttribute
  2
INST
 70
1
  0
ATTRIB
  5
46D
330
17
100
AcDbEntity
  8
0
100
AcDbText
 10
8.988700000000001
 20
6.520326474599724
 30
0.0
 40
0.0125
  1

  7
WD
 11
8.988700000000001
 21
6.520326474599724
 31
0.0
100
AcDbAttribute
  2
X8TERM01
 70
1
  0
ATTRIB
  5
46E
330
17
100
AcDbEntity
  8
0
100
AcDbText
 10
9.02091176270014
 20
6.552538237299862
 30
0.0
 40
0.0125
  1

  7
WD
 11
9.02091176270014
 21
6.552538237299862
 31
0.0
100
AcDbAttribute
  2
X1TERM01
 70
1
  0
ATTRIB
  5
46F
330
17
100
AcDbEntity
  8
0
  6
Continuous
100
AcDbText
 10
8.933762169619044
 20
6.572956032263782
 30
0.0
 40
0.125
  1

  7
WD
 72
2
 11
8.933762169619044
 21
6.572956032263782
 31
0.0
100
AcDbAttribute
  2
TERM01
 70
9
  0
ATTRIB
  5
470
330
17
100
AcDbEntity
  8
0
  6
Continuous
100
AcDbText
 10
8.943706916951069
 20
7.070465784883833
 30
0.0
 40
0.125
  1

  7
WD
 72
2
 11
8.943706916951069
 21
7.070465784883833
 31
0.0
100
AcDbAttribute
  2
TERM02
 70
9
  0
ATTRIB
  5
471
330
17
100
AcDbEntity
  8
0
100
AcDbText
 10
9.02091176270014
 20
7.052538237299862
 30
0.0
 40
0.0125
  1

  7
WD
 11
9.02091176270014
 21
7.052538237299862
 31
0.0
100
AcDbAttribute
  2
X1TERM02
 70
1
  0
ATTRIB
  5
472
330
17
100
AcDbEntity
  8
0
100
AcDbText
 10
8.988700000000001
 20
7.08475
 30
0.0
 40
0.0125
  1

  7
WD
 11
8.988700000000001
 21
7.08475
 31
0.0
100
AcDbAttribute
  2
X2TERM02
 70
1
  0
ATTRIB
  5
473
330
17
100
AcDbEntity
  8
0
100
AcDbText
 10
9.269950000000001
 20
6.6785
 30
0.0
 40
0.125
  1

  7
WD
 41
0.7
 11
9.269950000000001
 21
6.6785
 31
0.0
100
AcDbAttribute
  2
RATING1
 70
1
  0
ATTRIB
  5
474
330
17
100
AcDbEntity
  8
0
100
AcDbText
 10
9.269950000000001
 20
6.83475
 30
0.0
 40
0.125
  1

  7
WD
 11
9.269950000000001
 21
6.83475
 31
0.0
100
AcDbAttribute
  2
TAG1
 70
1
  0
ATTRIB
  5
475
330
17
100
AcDbEntity
  8
0
100
AcDbText
 10
7.727600000000002
 20
6.786099999999999
 30
0.0
 40
0.125
  1
400:5A (3)
  7
WD
 41
0.7
 72
1
 11
7.727600000000002
 21
6.786099999999999
 31
0.0
100
AcDbAttribute
  2
DESC1
 70
0
  0
ATTRIB
  5
476
330
17
100
AcDbEntity
  8
0
100
AcDbText
 10
7.733200000000002
 20
6.6254
 30
0.0
 40
0.125
  1
CT C200
  7
WD
 41
0.7
 72
1
 11
7.733200000000002
 21
6.6254
 31
0.0
100
AcDbAttribute
  2
DESC2
 70
0
  0
ATTRIB
  5
477
330
17
100
AcDbEntity
  8
0
100
AcDbText
 10
8.788170622272792
 20
6.202451758954774
 30
0.0
 40
0.125
  1

  7
WD
 41
0.7
 72
1
 11
8.788170622272792
 21
6.202451758954774
 31
0.0
100
AcDbAttribute
  2
LOC
 70
1
  0
ATTRIB
  5
478
330
17
100
AcDbEntity
  8
0
  6
Continuous
100
AcDbText
 10
8.817769824898974
 20
6.922455350386372
 30
0.0
 40
0.01
  1

  7
WD
 72
1
 11
8.817769824898974
 21
6.922455350386372
 31
0.0
100
AcDbAttribute
  2
ASSYCODE
 70
9
  0
ATTRIB
  5
479
330
17
100
AcDbEntity
  8
0
100
AcDbText
 10
8.795991666666668
 20
6.756625
 30
0.0
 40
0.125
  1

  7
WD
 72
1
 11
8.941825000000001
 21
6.756625
 31
0.0
100
AcDbAttribute
  2
TYPE
 70
1
  0
ATTRIB
  5
47A
330
17
100
AcDbEntity
  8
0
100
AcDbText
 10
8.792892775900368
 20
6.994190293718368
 30
0.0
 40
0.01
  1

  7
WD
 11
8.792892775900368
 21
6.994190293718368
 31
0.0
100
AcDbAttribute
  2
FAMILY
 70
9
  0
ATTRIB
  5
47B
330
17
100
AcDbEntity
  8
0
  6
Continuous
100
AcDbText
 10
8.817946041838718
 20
6.965638877858606
 30
0.0
 40
0.01
  1

  7
WD
 72
1
 11
8.817946041838718
 21
6.965638877858606
 31
0.0
100
AcDbAttribute
  2
CAT
 70
9
  0
ATTRIB
  5
47C
330
17
100
AcDbEntity
  8
0
  6
Continuous
100
AcDbText
 10
8.8160009961988
 20
6.946197124151155
 30
0.0
 40
0.01
  1

  7
WD
 72
1
 11
8.8160009961988
 21
6.946197124151155
 31
0.0
100
AcDbAttribute
  2
MFG
 70
9
  0
SEQEND
  5
46B
330
46A
100
AcDbEntity
  8
SLD_SYMS
  0
INSERT
  5
47D
330
17
100
AcDbEntity
  8
SLD_SYMS
100
AcDbBlockReference
  2
WDDOT
 10
8.852
 20
6.4985
 30
0.0
  0
MTEXT
  5
47F
330
17
100
AcDbEntity
  8
SLD_TEXT
100
AcDbMText
 10
8.020000000000001
 20
6.571
 30
0.0
 40
0.1
 41
0.0
 71
1
  1
\pxqc;1%%C
  0
INSERT
  5
480
330
17
100
AcDbEntity
  8
SLD_SYMS
100
AcDbBlockReference
 66
1
  2
VXF1CT
 10
8.988700000000001
 20
6.0313
 30
0.0
  0
ATTRIB
  5
482
330
17
100
AcDbEntity
  8
0
100
AcDbText
 10
8.761616666666669
 20
5.609425
 30
0.0
 40
0.125
  1

  7
WD
 41
0.7
 72
1
 11
8.761616666666669
 21
5.609425
 31
0.0
100
AcDbAttribute
  2
INST
 70
1
  0
ATTRIB
  5
483
330
17
100
AcDbEntity
  8
0
100
AcDbText
 10
8.988700000000001
 20
5.748126474599724
 30
0.0
 40
0.0125
  1

  7
WD
 11
8.988700000000001
 21
5.748126474599724
 31
0.0
100
AcDbAttribute
  2
X8TERM01
 70
1
  0
ATTRIB
  5
484
330
17
100
AcDbEntity
  8
0
100
AcDbText
 10
9.02091176270014
 20
5.780338237299862
 30
0.0
 40
0.0125
  1

  7
WD
 11
9.02091176270014
 21
5.780338237299862
 31
0.0
100
AcDbAttribute
  2
X1TERM01
 70
1
  0
ATTRIB
  5
485
330
17
100
AcDbEntity
  8
0
  6
Continuous
100
AcDbText
 10
8.933762169619044
 20
5.800756032263783
 30
0.0
 40
0.125
  1

  7
WD
 72
2
 11
8.933762169619044
 21
5.800756032263783
 31
0.0
100
AcDbAttribute
  2
TERM01
 70
9
  0
ATTRIB
  5
486
330
17
100
AcDbEntity
  8
0
  6
Continuous
100
AcDbText
 10
8.943706916951069
 20
6.298265784883833
 30
0.0
 40
0.125
  1

  7
WD
 72
2
 11
8.943706916951069
 21
6.298265784883833
 31
0.0
100
AcDbAttribute
  2
TERM02
 70
9
  0
ATTRIB
  5
487
330
17
100
AcDbEntity
  8
0
100
AcDbText
 10
9.02091176270014
 20
6.280338237299862
 30
0.0
 40
0.0125
  1

  7
WD
 11
9.02091176270014
 21
6.280338237299862
 31
0.0
100
AcDbAttribute
  2
X1TERM02
 70
1
  0
ATTRIB
  5
488
330
17
100
AcDbEntity
  8
0
100
AcDbText
 10
8.988700000000001
 20
6.31255
 30
0.0
 40
0.0125
  1

  7
WD
 11
8.988700000000001
 21
6.31255
 31
0.0
100
AcDbAttribute
  2
X2TERM02
 70
1
  0
ATTRIB
  5
489
330
17
100
AcDbEntity
  8
0
100
AcDbText
 10
9.269950000000001
 20
5.9063
 30
0.0
 40
0.125
  1

  7
WD
 41
0.7
 11
9.269950000000001
 21
5.9063
 31
0.0
100
AcDbAttribute
  2
RATING1
 70
1
  0
ATTRIB
  5
48A
330
17
100
AcDbEntity
  8
0
100
AcDbText
 10
9.269950000000001
 20
6.06255
 30
0.0
 40
0.125
  1

  7
WD
 11
9.269950000000001
 21
6.06255
 31
0.0
100
AcDbAttribute
  2
TAG1
 70
1
  0
ATTRIB
  5
48B
330
17
100
AcDbEntity
  8
0
100
AcDbText
 10
7.740500000000002
 20
6.0139
 30
0.0
 40
0.125
  1
2000:5A (3)
  7
WD
 41
0.7
 72
1
 11
7.740500000000002
 21
6.0139
 31
0.0
100
AcDbAttribute
  2
DESC1
 70
0
  0
ATTRIB
  5
48C
330
17
100
AcDbEntity
  8
0
100
AcDbText
 10
7.836700000000001
 20
5.8532
 30
0.0
 40
0.125
  1
CT C200
  7
WD
 41
0.7
 72
1
 11
7.836700000000001
 21
5.8532
 31
0.0
100
AcDbAttribute
  2
DESC2
 70
0
  0
ATTRIB
  5
48D
330
17
100
AcDbEntity
  8
0
100
AcDbText
 10
8.788170622272792
 20
5.430251758954774
 30
0.0
 40
0.125
  1

  7
WD
 41
0.7
 72
1
 11
8.788170622272792
 21
5.430251758954774
 31
0.0
100
AcDbAttribute
  2
LOC
 70
1
  0
ATTRIB
  5
48E
330
17
100
AcDbEntity
  8
0
  6
Continuous
100
AcDbText
 10
8.817769824898974
 20
6.150255350386372
 30
0.0
 40
0.01
  1

  7
WD
 72
1
 11
8.817769824898974
 21
6.150255350386372
 31
0.0
100
AcDbAttribute
  2
ASSYCODE
 70
9
  0
ATTRIB
  5
48F
330
17
100
AcDbEntity
  8
0
100
AcDbText
 10
8.795991666666668
 20
5.984425
 30
0.0
 40
0.125
  1

  7
WD
 72
1
 11
8.941825000000001
 21
5.984425
 31
0.0
100
AcDbAttribute
  2
TYPE
 70
1
  0
ATTRIB
  5
490
330
17
100
AcDbEntity
  8
0
100
AcDbText
 10
8.792892775900368
 20
6.221990293718369
 30
0.0
 40
0.01
  1

  7
WD
 11
8.792892775900368
 21
6.221990293718369
 31
0.0
100
AcDbAttribute
  2
FAMILY
 70
9
  0
ATTRIB
  5
491
330
17
100
AcDbEntity
  8
0
  6
Continuous
100
AcDbText
 10
8.817946041838718
 20
6.193438877858606
 30
0.0
 40
0.01
  1

  7
WD
 72
1
 11
8.817946041838718
 21
6.193438877858606
 31
0.0
100
AcDbAttribute
  2
CAT
 70
9
  0
ATTRIB
  5
492
330
17
100
AcDbEntity
  8
0
  6
Continuous
100
AcDbText
 10
8.8160009961988
 20
6.173997124151155
 30
0.0
 40
0.01
  1

  7
WD
 72
1
 11
8.8160009961988
 21
6.173997124151155
 31
0.0
100
AcDbAttribute
  2
MFG
 70
9
  0
SEQEND
  5
481
330
480
100
AcDbEntity
  8
SLD_SYMS
  0
INSERT
  5
493
330
17
100
AcDbEntity
  8
SLD_SYMS
100
AcDbBlockReference
  2
WDDOT
 10
8.850000000000001
 20
5.7233
 30
0.0
  0
MTEXT
  5
495
330
17
100
AcDbEntity
  8
SLD_TEXT
100
AcDbMText
 10
8.020000000000001
 20
5.803
 30
0.0
 40
0.1
 41
0.0
 71
1
  1
\pxqc;1%%C
  0
LWPOLYLINE
  5
496
330
17
100
AcDbEntity
  8
SLD_SYMS
100
AcDbPolyline
 90
4
 70
1
 10
9.933200000000001
 20
5.8436
 10
10.064900000000002
 20
5.8436
 10
10.064900000000002
 20
5.7209
 10
9.933200000000001
 20
5.7209
  0
LINE
  5
497
330
17
100
AcDbEntity
  8
SLD_SYMS
100
AcDbLine
 10
10.064900000000002
 20
5.8436
 30
0.0
 11
9.933200000000001
 21
5.8436
 31
0.0
  0
LINE
  5
498
330
17
100
AcDbEntity
  8
SLD_SYMS
100
AcDbLine
 10
9.933200000000001
 20
5.7209
 30
0.0
 11
10.064900000000002
 21
5.8436
 31
0.0
  0
LINE
  5
499
330
17
100
AcDbEntity
  8
SLD_SYMS
100
AcDbLine
 10
9.933200000000001
 20
5.8436
 30
0.0
 11
10.064900000000002
 21
5.7209
 31
0.0
  0
INSERT
  5
49A
330
17
100
AcDbEntity
  8
SLD_SYMS
100
AcDbBlockReference
  2
WDDOT
 10
8.797
 20
5.2652
 30
0.0
  0
LINE
  5
49C
330
17
100
AcDbEntity
  8
SLD_WIRE
100
AcDbLine
 10
8.797
 20
5.2652
 30
0.0
 11
8.5555
 21
5.2652
 31
0.0
  0
CIRCLE
  5
49D
330
17
100
AcDbEntity
  8
SLD_SYMS
100
AcDbCircle
 10
8.5267
 20
5.2652
 30
0.0
 40
0.0289
  0
CIRCLE
  5
49E
330
17
100
AcDbEntity
  8
SLD_SYMS
100
AcDbCircle
 10
8.4023
 20
5.2651
 30
0.0
 40
0.0289
  0
LINE
  5
49F
330
17
100
AcDbEntity
  8
SLD_WIRE
100
AcDbLine
 10
8.3735
 20
5.2651
 30
0.0
 11
8.180100000000001
 21
5.2651
 31
0.0
  0
INSERT
  5
4A0
330
17
100
AcDbEntity
  8
SLD_SYMS
100
AcDbBlockReference
 66
1
  2
HGND2
 10
8.180100000000001
 20
5.2651
 30
0.0
  0
ATTRIB
  5
4A2
330
17
100
AcDbEntity
  8
0
100
AcDbText
 10
8.180100000000001
 20
5.2651
 30
0.0
 40
0.01
  1

  7
WD
 11
8.180100000000001
 21
5.2651
 31
0.0
100
AcDbAttribute
  2
X4TERM01
 70
1
  0
SEQEND
  5
4A1
330
4A0
100
AcDbEntity
  8
SLD_SYMS
  0
INSERT
  5
4A3
330
17
100
AcDbEntity
  8
SLD_SYMS
100
AcDbBlockReference
 66
1
  2
VCN1PJ
 10
8.797
 20
3.83
 30
0.0
  0
ATTRIB
  5
4A5
330
17
100
AcDbEntity
  8
0
100
AcDbText
 10
9.026166666666667
 20
4.679801758954774
 30
0.0
 40
0.125
  1

  7
WD
 41
0.7
 72
2
 11
9.026166666666667
 21
4.679801758954774
 31
0.0
100
AcDbAttribute
  2
INST
 70
1
  0
ATTRIB
  5
4A6
330
17
100
AcDbEntity
  8
0
100
AcDbText
 10
8.810072926894987
 20
3.715359872741505
 30
0.0
 40
0.01
  1

  7
WD
 11
8.810072926894987
 21
3.715359872741505
 31
0.0
100
AcDbAttribute
  2
X8TERMDESC01
 70
1
  0
ATTRIB
  5
4A7
330
17
100
AcDbEntity
  8
0
100
AcDbText
 10
8.823145864499054
 20
3.8716098677706965
 30
0.0
 40
0.01
  1

  7
WD
 11
8.823145864499054
 21
3.8716098677706965
 31
0.0
100
AcDbAttribute
  2
X2TERMDESC02
 70
1
  0
ATTRIB
  5
4A8
330
17
100
AcDbEntity
  8
0
  6
Continuous
100
AcDbText
 10
8.687924736372425
 20
3.8160565178358454
 30
0.0
 40
0.01
  1

  7
WD
 72
1
 11
8.687924736372425
 21
3.8160565178358454
 31
0.0
100
AcDbAttribute
  2
ASSYCODE
 70
9
  0
ATTRIB
  5
4A9
330
17
100
AcDbEntity
  8
0
100
AcDbText
 10
8.672
 20
3.7675
 30
0.0
 40
0.01
  1

  7
WD
 11
8.672
 21
3.7675
 31
0.0
100
AcDbAttribute
  2
X4LINK
 70
1
  0
ATTRIB
  5
4AA
330
17
100
AcDbEntity
  8
0
100
AcDbText
 10
8.922
 20
3.7675
 30
0.0
 40
0.01
  1

  7
WD
 11
8.922
 21
3.7675
 31
0.0
100
AcDbAttribute
  2
X1LINK
 70
1
  0
ATTRIB
  5
4AB
330
17
100
AcDbEntity
  8
0
100
AcDbText
 10
8.7345
 20
4.510201758954774
 30
0.0
 40
0.125
  1

  7
WD
 41
0.7
 72
2
 11
8.7345
 21
4.510201758954774
 31
0.0
100
AcDbAttribute
  2
LOC
 70
1
  0
ATTRIB
  5
4AC
330
17
100
AcDbEntity
  8
0
  6
Continuous
100
AcDbText
 10
8.68839310844966
 20
3.8300392832228556
 30
0.0
 40
0.01
  1

  7
WD
 72
1
 11
8.68839310844966
 21
3.8300392832228556
 31
0.0
100
AcDbAttribute
  2
MFG
 70
9
  0
ATTRIB
  5
4AD
330
17
100
AcDbEntity
  8
0
  6
Continuous
100
AcDbText
 10
8.690338154089579
 20
3.8494810369303063
 30
0.0
 40
0.01
  1

  7
WD
 72
1
 11
8.690338154089579
 21
3.8494810369303063
 31
0.0
100
AcDbAttribute
  2
CAT
 70
9
  0
ATTRIB
  5
4AE
330
17
100
AcDbEntity
  8
0
100
AcDbText
 10
8.665284888151229
 20
3.8936574527900696
 30
0.0
 40
0.01
  1

  7
WD
 11
8.665284888151229
 21
3.8936574527900696
 31
0.0
100
AcDbAttribute
  2
FAMILY
 70
9
  0
ATTRIB
  5
4AF
330
17
100
AcDbEntity
  8
0
100
AcDbText
 10
8.7345
 20
4.184278904647664
 30
0.0
 40
0.125
  1

  7
WD
 41
0.7
 72
2
 11
8.7345
 21
4.184278904647664
 31
0.0
100
AcDbAttribute
  2
DESC2
 70
1
  0
ATTRIB
  5
4B0
330
17
100
AcDbEntity
  8
0
100
AcDbText
 10
8.7345
 20
4.340525331801219
 30
0.0
 40
0.125
  1

  7
WD
 41
0.7
 72
2
 11
8.7345
 21
4.340525331801219
 31
0.0
100
AcDbAttribute
  2
DESC1
 70
1
  0
ATTRIB
  5
4B1
330
17
100
AcDbEntity
  8
0
100
AcDbText
 10
8.526166666666667
 20
3.92375
 30
0.0
 40
0.125
  1

  7
WD
 72
2
 11
8.7345
 21
3.92375
 31
0.0
100
AcDbAttribute
  2
TAG1
 70
1
  0
ATTRIB
  5
4B2
330
17
100
AcDbEntity
  8
0
  6
Continuous
100
AcDbText
 10
8.844000000000001
 20
3.54875
 30
0.0
 40
0.125
  1

  7
WD
 11
8.844000000000001
 21
3.67375
 31
0.0
100
AcDbAttribute
  2
TERM01
 70
9
 74
3
  0
ATTRIB
  5
4B3
330
17
100
AcDbEntity
  8
0
100
AcDbText
 10
8.797
 20
3.73625
 30
0.0
 40
0.0125
  1

  7
WD
 11
8.797
 21
3.73625
 31
0.0
100
AcDbAttribute
  2
X8TERM01
 70
1
  0
ATTRIB
  5
4B4
330
17
100
AcDbEntity
  8
0
100
AcDbText
 10
8.797
 20
3.8925
 30
0.0
 40
0.0125
  1

  7
WD
 11
8.797
 21
3.8925
 31
0.0
100
AcDbAttribute
  2
X2TERM02
 70
1
  0
ATTRIB
  5
4B5
330
17
100
AcDbEntity
  8
0
  6
Continuous
100
AcDbText
 10
8.844000000000001
 20
3.8925
 30
0.0
 40
0.125
  1

  7
WD
 11
8.844000000000001
 21
3.8925
 31
0.0
100
AcDbAttribute
  2
TERM02
 70
9
  0
ATTRIB
  5
4B6
330
17
100
AcDbEntity
  8
0
100
AcDbText
 10
8.665284888151229
 20
3.875025320458437
 30
0.0
 40
0.01
  1

  7
WD
 11
8.665284888151229
 21
3.875025320458437
 31
0.0
100
AcDbAttribute
  2
WDBLKNAM
 70
9
  0
SEQEND
  5
4A4
330
4A3
100
AcDbEntity
  8
SLD_SYMS
  0
MTEXT
  5
4B7
330
17
100
AcDbEntity
  8
SLD_TEXT
100
AcDbMText
 10
8.538
 20
8.61
 30
0.0
 40
0.093
 41
0.0
 71
1
  1
52-F4A\P15kV\P1200A\P18kA
  0
MTEXT
  5
4B8
330
17
100
AcDbEntity
  8
SLD_TEXT
100
AcDbMText
 10
9.917000000000002
 20
7.88
 30
0.0
 40
0.093
 41
0.0
 71
1
  1
\pxqc;SEL-751\PFEEDER\PPROTECTION\PRELAY
  0
MTEXT
  5
4B9
330
17
100
AcDbEntity
  8
SLD_TEXT
100
AcDbMText
 10
8.839
 20
3.668
 30
0.0
 40
0.1
 41
0.0
 71
1
  1
\pxqc;SPARE\PGENERATOR\PBREAKER
  0
MTEXT
  5
4BA
330
17
100
AcDbEntity
  8
SLD_TEXT
100
AcDbMText
 10
7.569000000000001
 20
5.549
 30
0.0
 40
0.093
 41
0.0
 71
1
  1
L.A.\P18kV\P15.3kV\PMCOV
  0
LINE
  5
4BB
330
17
100
AcDbEntity
  8
SLD_WIRE
100
AcDbLine
 10
12.407
 20
18.572
 30
0.0
 11
12.407
 21
15.598
 31
0.0
  0
LINE
  5
4BC
330
17
100
AcDbEntity
  8
SLD_WIRE
100
AcDbLine
 10
12.407
 20
15.442
 30
0.0
 11
12.407
 21
15.013
 31
0.0
  0
LINE
  5
4BD
330
17
100
AcDbEntity
  8
SLD_WIRE
100
AcDbLine
 10
12.407
 20
14.092
 30
0.0
 11
12.407
 21
13.736
 31
0.0
  0
LINE
  5
4BE
330
17
100
AcDbEntity
  8
SLD_WIRE
100
AcDbLine
 10
12.407
 20
13.58
 30
0.0
 11
12.407
 21
12.609
 31
0.0
  0
INSERT
  5
4BF
330
17
100
AcDbEntity
  8
SLD_SYMS
100
AcDbBlockReference
  2
WDDOT
 10
12.407
 20
12.609
 30
0.0
  0
INSERT
  5
4C1
330
17
100
AcDbEntity
  8
SLD_SYMS
100
AcDbBlockReference
 66
1
  2
VCN1PJ
 10
12.407
 20
18.635
 30
0.0
 50
180.0
  0
ATTRIB
  5
4C3
330
17
100
AcDbEntity
  8
0
100
AcDbText
 10
12.177833333333334
 20
17.785198241045226
 30
0.0
 40
0.125
  1

 50
180.0
  7
WD
 41
0.7
 72
2
 11
12.177833333333334
 21
17.785198241045226
 31
0.0
100
AcDbAttribute
  2
INST
 70
1
  0
ATTRIB
  5
4C4
330
17
100
AcDbEntity
  8
0
100
AcDbText
 10
12.393927073105013
 20
18.749640127258495
 30
0.0
 40
0.01
  1

 50
180.0
  7
WD
 11
12.393927073105013
 21
18.749640127258495
 31
0.0
100
AcDbAttribute
  2
X8TERMDESC01
 70
1
  0
ATTRIB
  5
4C5
330
17
100
AcDbEntity
  8
0
100
AcDbText
 10
12.380854135500947
 20
18.593390132229306
 30
0.0
 40
0.01
  1

 50
180.0
  7
WD
 11
12.380854135500947
 21
18.593390132229306
 31
0.0
100
AcDbAttribute
  2
X2TERMDESC02
 70
1
  0
ATTRIB
  5
4C6
330
17
100
AcDbEntity
  8
0
  6
Continuous
100
AcDbText
 10
12.516075263627576
 20
18.648943482164157
 30
0.0
 40
0.01
  1

 50
180.0
  7
WD
 72
1
 11
12.516075263627576
 21
18.648943482164157
 31
0.0
100
AcDbAttribute
  2
ASSYCODE
 70
9
  0
ATTRIB
  5
4C7
330
17
100
AcDbEntity
  8
0
100
AcDbText
 10
12.532
 20
18.6975
 30
0.0
 40
0.01
  1

 50
180.0
  7
WD
 11
12.532
 21
18.6975
 31
0.0
100
AcDbAttribute
  2
X4LINK
 70
1
  0
ATTRIB
  5
4C8
330
17
100
AcDbEntity
  8
0
100
AcDbText
 10
12.282
 20
18.6975
 30
0.0
 40
0.01
  1

 50
180.0
  7
WD
 11
12.282
 21
18.6975
 31
0.0
100
AcDbAttribute
  2
X1LINK
 70
1
  0
ATTRIB
  5
4C9
330
17
100
AcDbEntity
  8
0
100
AcDbText
 10
12.4695
 20
17.95479824104523
 30
0.0
 40
0.125
  1

 50
180.0
  7
WD
 41
0.7
 72
2
 11
12.4695
 21
17.95479824104523
 31
0.0
100
AcDbAttribute
  2
LOC
 70
1
  0
ATTRIB
  5
4CA
330
17
100
AcDbEntity
  8
0
  6
Continuous
100
AcDbText
 10
12.515606891550341
 20
18.634960716777147
 30
0.0
 40
0.01
  1

 50
180.0
  7
WD
 72
1
 11
12.515606891550341
 21
18.634960716777147
 31
0.0
100
AcDbAttribute
  2
MFG
 70
9
  0
ATTRIB
  5
4CB
330
17
100
AcDbEntity
  8
0
  6
Continuous
100
AcDbText
 10
12.513661845910422
 20
18.615518963069697
 30
0.0
 40
0.01
  1

 50
180.0
  7
WD
 72
1
 11
12.513661845910422
 21
18.615518963069697
 31
0.0
100
AcDbAttribute
  2
CAT
 70
9
  0
ATTRIB
  5
4CC
330
17
100
AcDbEntity
  8
0
100
AcDbText
 10
12.538715111848772
 20
18.571342547209934
 30
0.0
 40
0.01
  1

 50
180.0
  7
WD
 11
12.538715111848772
 21
18.571342547209934
 31
0.0
100
AcDbAttribute
  2
FAMILY
 70
9
  0
ATTRIB
  5
4CD
330
17
100
AcDbEntity
  8
0
100
AcDbText
 10
12.4695
 20
18.280721095352337
 30
0.0
 40
0.125
  1

 50
180.0
  7
WD
 41
0.7
 72
2
 11
12.4695
 21
18.280721095352337
 31
0.0
100
AcDbAttribute
  2
DESC2
 70
1
  0
ATTRIB
  5
4CE
330
17
100
AcDbEntity
  8
0
100
AcDbText
 10
12.4695
 20
18.124474668198783
 30
0.0
 40
0.125
  1

 50
180.0
  7
WD
 41
0.7
 72
2
 11
12.4695
 21
18.124474668198783
 31
0.0
100
AcDbAttribute
  2
DESC1
 70
1
  0
ATTRIB
  5
4CF
330
17
100
AcDbEntity
  8
0
100
AcDbText
 10
12.677833333333334
 20
18.54125
 30
0.0
 40
0.125
  1

 50
180.0
  7
WD
 72
2
 11
12.4695
 21
18.54125
 31
0.0
100
AcDbAttribute
  2
TAG1
 70
1
  0
ATTRIB
  5
4D0
330
17
100
AcDbEntity
  8
0
  6
Continuous
100
AcDbText
 10
12.36
 20
18.91625
 30
0.0
 40
0.125
  1

 50
180.0
  7
WD
 11
12.36
 21
18.79125
 31
0.0
100
AcDbAttribute
  2
TERM01
 70
9
 74
3
  0
ATTRIB
  5
4D1
330
17
100
AcDbEntity
  8
0
100
AcDbText
 10
12.407
 20
18.72875
 30
0.0
 40
0.0125
  1

 50
180.0
  7
WD
 11
12.407
 21
18.72875
 31
0.0
100
AcDbAttribute
  2
X8TERM01
 70
1
  0
ATTRIB
  5
4D2
330
17
100
AcDbEntity
  8
0
100
AcDbText
 10
12.407
 20
18.5725
 30
0.0
 40
0.0125
  1

 50
180.0
  7
WD
 11
12.407
 21
18.5725
 31
0.0
100
AcDbAttribute
  2
X2TERM02
 70
1
  0
ATTRIB
  5
4D3
330
17
100
AcDbEntity
  8
0
  6
Continuous
100
AcDbText
 10
12.36
 20
18.5725
 30
0.0
 40
0.125
  1

 50
180.0
  7
WD
 11
12.36
 21
18.5725
 31
0.0
100
AcDbAttribute
  2
TERM02
 70
9
  0
ATTRIB
  5
4D4
330
17
100
AcDbEntity
  8
0
100
AcDbText
 10
12.538715111848772
 20
18.589974679541566
 30
0.0
 40
0.01
  1

 50
180.0
  7
WD
 11
12.538715111848772
 21
18.589974679541566
 31
0.0
100
AcDbAttribute
  2
WDBLKNAM
 70
9
  0
SEQEND
  5
4C2
330
4C1
100
AcDbEntity
  8
SLD_SYMS
  0
INSERT
  5
4D5
330
17
100
AcDbEntity
  8
SLD_SYMS
100
AcDbBlockReference
  2
WDDOT
 10
12.407
 20
17.879
 30
0.0
  0
LINE
  5
4D7
330
17
100
AcDbEntity
  8
SLD_WIRE
100
AcDbLine
 10
12.407
 20
17.879
 30
0.0
 11
12.648
 21
17.879
 31
0.0
  0
CIRCLE
  5
4D8
330
17
100
AcDbEntity
  8
SLD_SYMS
100
AcDbCircle
 10
12.677
 20
17.879
 30
0.0
 40
0.029
  0
CIRCLE
  5
4D9
330
17
100
AcDbEntity
  8
SLD_SYMS
100
AcDbCircle
 10
12.802
 20
17.879
 30
0.0
 40
0.029
  0
LINE
  5
4DA
330
17
100
AcDbEntity
  8
SLD_WIRE
100
AcDbLine
 10
12.831
 20
17.879
 30
0.0
 11
13.024000000000001
 21
17.879
 31
0.0
  0
INSERT
  5
4DB
330
17
100
AcDbEntity
  8
SLD_SYMS
100
AcDbBlockReference
 66
1
  2
HGND2
 10
13.024000000000001
 20
17.879
 30
0.0
 50
180.0
  0
ATTRIB
  5
4DD
330
17
100
AcDbEntity
  8
0
100
AcDbText
 10
13.024000000000001
 20
17.879
 30
0.0
 40
0.01
  1

 50
180.0
  7
WD
 11
13.024000000000001
 21
17.879
 31
0.0
100
AcDbAttribute
  2
X4TERM01
 70
1
  0
SEQEND
  5
4DC
330
4DB
100
AcDbEntity
  8
SLD_SYMS
  0
LWPOLYLINE
  5
4DE
330
17
100
AcDbEntity
  8
SLD_SYMS
100
AcDbPolyline
 90
4
 70
1
 10
12.922
 20
17.388
 10
14.101
 20
17.388
 10
14.101
 20
16.716
 10
12.922
 20
16.716
  0
INSERT
  5
4DF
330
17
100
AcDbEntity
  8
SLD_SYMS
100
AcDbBlockReference
 66
1
  2
VXF1CT
 10
12.599
 20
17.072
 30
0.0
  0
ATTRIB
  5
4E1
330
17
100
AcDbEntity
  8
0
100
AcDbText
 10
12.371916666666667
 20
16.650125
 30
0.0
 40
0.125
  1

  7
WD
 41
0.7
 72
1
 11
12.371916666666667
 21
16.650125
 31
0.0
100
AcDbAttribute
  2
INST
 70
1
  0
ATTRIB
  5
4E2
330
17
100
AcDbEntity
  8
0
100
AcDbText
 10
12.599
 20
16.788826474599723
 30
0.0
 40
0.0125
  1

  7
WD
 11
12.599
 21
16.788826474599723
 31
0.0
100
AcDbAttribute
  2
X8TERM01
 70
1
  0
ATTRIB
  5
4E3
330
17
100
AcDbEntity
  8
0
100
AcDbText
 10
12.631211762700138
 20
16.82103823729986
 30
0.0
 40
0.0125
  1

  7
WD
 11
12.631211762700138
 21
16.82103823729986
 31
0.0
100
AcDbAttribute
  2
X1TERM01
 70
1
  0
ATTRIB
  5
4E4
330
17
100
AcDbEntity
  8
0
  6
Continuous
100
AcDbText
 10
12.544062169619043
 20
16.841456032263782
 30
0.0
 40
0.125
  1

  7
WD
 72
2
 11
12.544062169619043
 21
16.841456032263782
 31
0.0
100
AcDbAttribute
  2
TERM01
 70
9
  0
ATTRIB
  5
4E5
330
17
100
AcDbEntity
  8
0
  6
Continuous
100
AcDbText
 10
12.554006916951067
 20
17.338965784883833
 30
0.0
 40
0.125
  1

  7
WD
 72
2
 11
12.554006916951067
 21
17.338965784883833
 31
0.0
100
AcDbAttribute
  2
TERM02
 70
9
  0
ATTRIB
  5
4E6
330
17
100
AcDbEntity
  8
0
100
AcDbText
 10
12.631211762700138
 20
17.321038237299863
 30
0.0
 40
0.0125
  1

  7
WD
 11
12.631211762700138
 21
17.321038237299863
 31
0.0
100
AcDbAttribute
  2
X1TERM02
 70
1
  0
ATTRIB
  5
4E7
330
17
100
AcDbEntity
  8
0
100
AcDbText
 10
12.599
 20
17.35325
 30
0.0
 40
0.0125
  1

  7
WD
 11
12.599
 21
17.35325
 31
0.0
100
AcDbAttribute
  2
X2TERM02
 70
1
  0
ATTRIB
  5
4E8
330
17
100
AcDbEntity
  8
0
100
AcDbText
 10
12.88025
 20
16.947
 30
0.0
 40
0.125
  1

  7
WD
 41
0.7
 11
12.88025
 21
16.947
 31
0.0
100
AcDbAttribute
  2
RATING1
 70
1
  0
ATTRIB
  5
4E9
330
17
100
AcDbEntity
  8
0
100
AcDbText
 10
12.88025
 20
17.10325
 30
0.0
 40
0.125
  1

  7
WD
 11
12.88025
 21
17.10325
 31
0.0
100
AcDbAttribute
  2
TAG1
 70
1
  0
ATTRIB
  5
4EA
330
17
100
AcDbEntity
  8
0
100
AcDbText
 10
11.338000000000001
 20
17.055
 30
0.0
 40
0.125
  1
400:5A (3)
  7
WD
 41
0.7
 72
1
 11
11.338000000000001
 21
17.055
 31
0.0
100
AcDbAttribute
  2
DESC1
 70
0
  0
ATTRIB
  5
4EB
330
17
100
AcDbEntity
  8
0
100
AcDbText
 10
11.212
 20
16.894
 30
0.0
 40
0.125
  1
CT C200 MR
  7
WD
 41
0.7
 72
1
 11
11.212
 21
16.894
 31
0.0
100
AcDbAttribute
  2
DESC2
 70
0
  0
ATTRIB
  5
4EC
330
17
100
AcDbEntity
  8
0
100
AcDbText
 10
12.398470622272791
 20
16.470951758954772
 30
0.0
 40
0.125
  1

  7
WD
 41
0.7
 72
1
 11
12.398470622272791
 21
16.470951758954772
 31
0.0
100
AcDbAttribute
  2
LOC
 70
1
  0
ATTRIB
  5
4ED
330
17
100
AcDbEntity
  8
0
  6
Continuous
100
AcDbText
 10
12.428069824898973
 20
17.19095535038637
 30
0.0
 40
0.01
  1

  7
WD
 72
1
 11
12.428069824898973
 21
17.19095535038637
 31
0.0
100
AcDbAttribute
  2
ASSYCODE
 70
9
  0
ATTRIB
  5
4EE
330
17
100
AcDbEntity
  8
0
100
AcDbText
 10
12.406291666666666
 20
17.025125
 30
0.0
 40
0.125
  1

  7
WD
 72
1
 11
12.552125
 21
17.025125
 31
0.0
100
AcDbAttribute
  2
TYPE
 70
1
  0
ATTRIB
  5
4EF
330
17
100
AcDbEntity
  8
0
100
AcDbText
 10
12.403192775900367
 20
17.262690293718368
 30
0.0
 40
0.01
  1

  7
WD
 11
12.403192775900367
 21
17.262690293718368
 31
0.0
100
AcDbAttribute
  2
FAMILY
 70
9
  0
ATTRIB
  5
4F0
330
17
100
AcDbEntity
  8
0
  6
Continuous
100
AcDbText
 10
12.428246041838717
 20
17.234138877858605
 30
0.0
 40
0.01
  1

  7
WD
 72
1
 11
12.428246041838717
 21
17.234138877858605
 31
0.0
100
AcDbAttribute
  2
CAT
 70
9
  0
ATTRIB
  5
4F1
330
17
100
AcDbEntity
  8
0
  6
Continuous
100
AcDbText
 10
12.4263009961988
 20
17.214697124151154
 30
0.0
 40
0.01
  1

  7
WD
 72
1
 11
12.4263009961988
 21
17.214697124151154
 31
0.0
100
AcDbAttribute
  2
MFG
 70
9
  0
SEQEND
  5
4E0
330
4DF
100
AcDbEntity
  8
SLD_SYMS
  0
INSERT
  5
4F2
330
17
100
AcDbEntity
  8
SLD_SYMS
100
AcDbBlockReference
  2
WDDOT
 10
12.456
 20
17.367
 30
0.0
  0
MTEXT
  5
4F4
330
17
100
AcDbEntity
  8
SLD_TEXT
100
AcDbMText
 10
11.515
 20
16.849
 30
0.0
 40
0.1
 41
0.0
 71
1
  1
\pxqc;1%%C
  0
LWPOLYLINE
  5
4F5
330
17
100
AcDbEntity
  8
SLD_SYMS
100
AcDbPolyline
 90
4
 70
1
 10
13.0651
 20
16.4384
 10
13.1968
 20
16.4384
 10
13.1968
 20
16.3157
 10
13.0651
 20
16.3157
  0
LINE
  5
4F6
330
17
100
AcDbEntity
  8
SLD_SYMS
100
AcDbLine
 10
13.1968
 20
16.4384
 30
0.0
 11
13.0651
 21
16.4384
 31
0.0
  0
LINE
  5
4F7
330
17
100
AcDbEntity
  8
SLD_SYMS
100
AcDbLine
 10
13.0651
 20
16.3157
 30
0.0
 11
13.1968
 21
16.4384
 31
0.0
  0
LINE
  5
4F8
330
17
100
AcDbEntity
  8
SLD_SYMS
100
AcDbLine
 10
13.0651
 20
16.4384
 30
0.0
 11
13.1968
 21
16.3157
 31
0.0
  0
INSERT
  5
4F9
330
17
100
AcDbEntity
  8
SLD_SYMS
100
AcDbBlockReference
 66
1
  2
VXF1CT
 10
12.599
 20
16.128
 30
0.0
  0
ATTRIB
  5
4FB
330
17
100
AcDbEntity
  8
0
100
AcDbText
 10
12.371916666666667
 20
15.706125
 30
0.0
 40
0.125
  1

  7
WD
 41
0.7
 72
1
 11
12.371916666666667
 21
15.706125
 31
0.0
100
AcDbAttribute
  2
INST
 70
1
  0
ATTRIB
  5
4FC
330
17
100
AcDbEntity
  8
0
100
AcDbText
 10
12.599
 20
15.844826474599724
 30
0.0
 40
0.0125
  1

  7
WD
 11
12.599
 21
15.844826474599724
 31
0.0
100
AcDbAttribute
  2
X8TERM01
 70
1
  0
ATTRIB
  5
4FD
330
17
100
AcDbEntity
  8
0
100
AcDbText
 10
12.631211762700138
 20
15.877038237299862
 30
0.0
 40
0.0125
  1

  7
WD
 11
12.631211762700138
 21
15.877038237299862
 31
0.0
100
AcDbAttribute
  2
X1TERM01
 70
1
  0
ATTRIB
  5
4FE
330
17
100
AcDbEntity
  8
0
  6
Continuous
100
AcDbText
 10
12.544062169619043
 20
15.897456032263783
 30
0.0
 40
0.125
  1

  7
WD
 72
2
 11
12.544062169619043
 21
15.897456032263783
 31
0.0
100
AcDbAttribute
  2
TERM01
 70
9
  0
ATTRIB
  5
4FF
330
17
100
AcDbEntity
  8
0
  6
Continuous
100
AcDbText
 10
12.554006916951067
 20
16.394965784883833
 30
0.0
 40
0.125
  1

  7
WD
 72
2
 11
12.554006916951067
 21
16.394965784883833
 31
0.0
100
AcDbAttribute
  2
TERM02
 70
9
  0
ATTRIB
  5
500
330
17
100
AcDbEntity
  8
0
100
AcDbText
 10
12.631211762700138
 20
16.377038237299864
 30
0.0
 40
0.0125
  1

  7
WD
 11
12.631211762700138
 21
16.377038237299864
 31
0.0
100
AcDbAttribute
  2
X1TERM02
 70
1
  0
ATTRIB
  5
501
330
17
100
AcDbEntity
  8
0
100
AcDbText
 10
12.599
 20
16.40925
 30
0.0
 40
0.0125
  1

  7
WD
 11
12.599
 21
16.40925
 31
0.0
100
AcDbAttribute
  2
X2TERM02
 70
1
  0
ATTRIB
  5
502
330
17
100
AcDbEntity
  8
0
100
AcDbText
 10
12.88025
 20
16.003
 30
0.0
 40
0.125
  1

  7
WD
 41
0.7
 11
12.88025
 21
16.003
 31
0.0
100
AcDbAttribute
  2
RATING1
 70
1
  0
ATTRIB
  5
503
330
17
100
AcDbEntity
  8
0
100
AcDbText
 10
12.88025
 20
16.15925
 30
0.0
 40
0.125
  1

  7
WD
 11
12.88025
 21
16.15925
 31
0.0
100
AcDbAttribute
  2
TAG1
 70
1
  0
ATTRIB
  5
504
330
17
100
AcDbEntity
  8
0
100
AcDbText
 10
11.309000000000001
 20
16.111
 30
0.0
 40
0.125
  1
1200:5A (3)
  7
WD
 41
0.7
 72
1
 11
11.309000000000001
 21
16.111
 31
0.0
100
AcDbAttribute
  2
DESC1
 70
0
  0
ATTRIB
  5
505
330
17
100
AcDbEntity
  8
0
100
AcDbText
 10
11.212
 20
15.95
 30
0.0
 40
0.125
  1
CT C200 MR
  7
WD
 41
0.7
 72
1
 11
11.212
 21
15.95
 31
0.0
100
AcDbAttribute
  2
DESC2
 70
0
  0
ATTRIB
  5
506
330
17
100
AcDbEntity
  8
0
100
AcDbText
 10
12.398470622272791
 20
15.526951758954773
 30
0.0
 40
0.125
  1

  7
WD
 41
0.7
 72
1
 11
12.398470622272791
 21
15.526951758954773
 31
0.0
100
AcDbAttribute
  2
LOC
 70
1
  0
ATTRIB
  5
507
330
17
100
AcDbEntity
  8
0
  6
Continuous
100
AcDbText
 10
12.428069824898973
 20
16.246955350386372
 30
0.0
 40
0.01
  1

  7
WD
 72
1
 11
12.428069824898973
 21
16.246955350386372
 31
0.0
100
AcDbAttribute
  2
ASSYCODE
 70
9
  0
ATTRIB
  5
508
330
17
100
AcDbEntity
  8
0
100
AcDbText
 10
12.406291666666666
 20
16.081125
 30
0.0
 40
0.125
  1

  7
WD
 72
1
 11
12.552125
 21
16.081125
 31
0.0
100
AcDbAttribute
  2
TYPE
 70
1
  0
ATTRIB
  5
509
330
17
100
AcDbEntity
  8
0
100
AcDbText
 10
12.403192775900367
 20
16.31869029371837
 30
0.0
 40
0.01
  1

  7
WD
 11
12.403192775900367
 21
16.31869029371837
 31
0.0
100
AcDbAttribute
  2
FAMILY
 70
9
  0
ATTRIB
  5
50A
330
17
100
AcDbEntity
  8
0
  6
Continuous
100
AcDbText
 10
12.428246041838717
 20
16.290138877858606
 30
0.0
 40
0.01
  1

  7
WD
 72
1
 11
12.428246041838717
 21
16.290138877858606
 31
0.0
100
AcDbAttribute
  2
CAT
 70
9
  0
ATTRIB
  5
50B
330
17
100
AcDbEntity
  8
0
  6
Continuous
100
AcDbText
 10
12.4263009961988
 20
16.270697124151155
 30
0.0
 40
0.01
  1

  7
WD
 72
1
 11
12.4263009961988
 21
16.270697124151155
 31
0.0
100
AcDbAttribute
  2
MFG
 70
9
  0
SEQEND
  5
4FA
330
4F9
100
AcDbEntity
  8
SLD_SYMS
  0
INSERT
  5
50C
330
17
100
AcDbEntity
  8
SLD_SYMS
100
AcDbBlockReference
  2
WDDOT
 10
12.456
 20
16.423000000000002
 30
0.0
  0
MTEXT
  5
50E
330
17
100
AcDbEntity
  8
SLD_TEXT
100
AcDbMText
 10
11.522
 20
15.9
 30
0.0
 40
0.1
 41
0.0
 71
1
  1
\pxqc;1%%C
  0
INSERT
  5
50F
330
17
100
AcDbEntity
  8
SLD_SYMS
100
AcDbBlockReference
 66
1
  2
VCN1PJ
 10
12.407
 20
15.535
 30
0.0
  0
ATTRIB
  5
511
330
17
100
AcDbEntity
  8
0
100
AcDbText
 10
12.636166666666666
 20
16.384801758954776
 30
0.0
 40
0.125
  1

  7
WD
 41
0.7
 72
2
 11
12.636166666666666
 21
16.384801758954776
 31
0.0
100
AcDbAttribute
  2
INST
 70
1
  0
ATTRIB
  5
512
330
17
100
AcDbEntity
  8
0
100
AcDbText
 10
12.420072926894987
 20
15.420359872741505
 30
0.0
 40
0.01
  1

  7
WD
 11
12.420072926894987
 21
15.420359872741505
 31
0.0
100
AcDbAttribute
  2
X8TERMDESC01
 70
1
  0
ATTRIB
  5
513
330
17
100
AcDbEntity
  8
0
100
AcDbText
 10
12.433145864499053
 20
15.576609867770696
 30
0.0
 40
0.01
  1

  7
WD
 11
12.433145864499053
 21
15.576609867770696
 31
0.0
100
AcDbAttribute
  2
X2TERMDESC02
 70
1
  0
ATTRIB
  5
514
330
17
100
AcDbEntity
  8
0
  6
Continuous
100
AcDbText
 10
12.297924736372424
 20
15.521056517835845
 30
0.0
 40
0.01
  1

  7
WD
 72
1
 11
12.297924736372424
 21
15.521056517835845
 31
0.0
100
AcDbAttribute
  2
ASSYCODE
 70
9
  0
ATTRIB
  5
515
330
17
100
AcDbEntity
  8
0
100
AcDbText
 10
12.282
 20
15.4725
 30
0.0
 40
0.01
  1

  7
WD
 11
12.282
 21
15.4725
 31
0.0
100
AcDbAttribute
  2
X4LINK
 70
1
  0
ATTRIB
  5
516
330
17
100
AcDbEntity
  8
0
100
AcDbText
 10
12.532
 20
15.4725
 30
0.0
 40
0.01
  1

  7
WD
 11
12.532
 21
15.4725
 31
0.0
100
AcDbAttribute
  2
X1LINK
 70
1
  0
ATTRIB
  5
517
330
17
100
AcDbEntity
  8
0
100
AcDbText
 10
12.3445
 20
16.215201758954773
 30
0.0
 40
0.125
  1

  7
WD
 41
0.7
 72
2
 11
12.3445
 21
16.215201758954773
 31
0.0
100
AcDbAttribute
  2
LOC
 70
1
  0
ATTRIB
  5
518
330
17
100
AcDbEntity
  8
0
  6
Continuous
100
AcDbText
 10
12.298393108449659
 20
15.535039283222856
 30
0.0
 40
0.01
  1

  7
WD
 72
1
 11
12.298393108449659
 21
15.535039283222856
 31
0.0
100
AcDbAttribute
  2
MFG
 70
9
  0
ATTRIB
  5
519
330
17
100
AcDbEntity
  8
0
  6
Continuous
100
AcDbText
 10
12.300338154089578
 20
15.554481036930307
 30
0.0
 40
0.01
  1

  7
WD
 72
1
 11
12.300338154089578
 21
15.554481036930307
 31
0.0
100
AcDbAttribute
  2
CAT
 70
9
  0
ATTRIB
  5
51A
330
17
100
AcDbEntity
  8
0
100
AcDbText
 10
12.275284888151228
 20
15.59865745279007
 30
0.0
 40
0.01
  1

  7
WD
 11
12.275284888151228
 21
15.59865745279007
 31
0.0
100
AcDbAttribute
  2
FAMILY
 70
9
  0
ATTRIB
  5
51B
330
17
100
AcDbEntity
  8
0
100
AcDbText
 10
12.3445
 20
15.889278904647664
 30
0.0
 40
0.125
  1

  7
WD
 41
0.7
 72
2
 11
12.3445
 21
15.889278904647664
 31
0.0
100
AcDbAttribute
  2
DESC2
 70
1
  0
ATTRIB
  5
51C
330
17
100
AcDbEntity
  8
0
100
AcDbText
 10
12.3445
 20
16.04552533180122
 30
0.0
 40
0.125
  1

  7
WD
 41
0.7
 72
2
 11
12.3445
 21
16.04552533180122
 31
0.0
100
AcDbAttribute
  2
DESC1
 70
1
  0
ATTRIB
  5
51D
330
17
100
AcDbEntity
  8
0
100
AcDbText
 10
12.136166666666666
 20
15.62875
 30
0.0
 40
0.125
  1

  7
WD
 72
2
 11
12.3445
 21
15.62875
 31
0.0
100
AcDbAttribute
  2
TAG1
 70
1
  0
ATTRIB
  5
51E
330
17
100
AcDbEntity
  8
0
  6
Continuous
100
AcDbText
 10
12.454
 20
15.25375
 30
0.0
 40
0.125
  1

  7
WD
 11
12.454
 21
15.37875
 31
0.0
100
AcDbAttribute
  2
TERM01
 70
9
 74
3
  0
ATTRIB
  5
51F
330
17
100
AcDbEntity
  8
0
100
AcDbText
 10
12.407
 20
15.44125
 30
0.0
 40
0.0125
  1

  7
WD
 11
12.407
 21
15.44125
 31
0.0
100
AcDbAttribute
  2
X8TERM01
 70
1
  0
ATTRIB
  5
520
330
17
100
AcDbEntity
  8
0
100
AcDbText
 10
12.407
 20
15.5975
 30
0.0
 40
0.0125
  1

  7
WD
 11
12.407
 21
15.5975
 31
0.0
100
AcDbAttribute
  2
X2TERM02
 70
1
  0
ATTRIB
  5
521
330
17
100
AcDbEntity
  8
0
  6
Continuous
100
AcDbText
 10
12.454
 20
15.5975
 30
0.0
 40
0.125
  1

  7
WD
 11
12.454
 21
15.5975
 31
0.0
100
AcDbAttribute
  2
TERM02
 70
9
  0
ATTRIB
  5
522
330
17
100
AcDbEntity
  8
0
100
AcDbText
 10
12.275284888151228
 20
15.580025320458438
 30
0.0
 40
0.01
  1

  7
WD
 11
12.275284888151228
 21
15.580025320458438
 31
0.0
100
AcDbAttribute
  2
WDBLKNAM
 70
9
  0
SEQEND
  5
510
330
50F
100
AcDbEntity
  8
SLD_SYMS
  0
LWPOLYLINE
  5
523
330
17
100
AcDbEntity
  8
SLD_SYMS
100
AcDbPolyline
 90
4
 70
1
 10
11.992
 20
15.013
 10
12.782
 20
15.013
 10
12.782
 20
14.092
 10
11.992
 20
14.092
  0
INSERT
  5
524
330
17
100
AcDbEntity
  8
SLD_SYMS
100
AcDbBlockReference
 66
1
  2
VCN1PJ
 10
12.407
 20
13.643
 30
0.0
 50
180.0
  0
ATTRIB
  5
526
330
17
100
AcDbEntity
  8
0
100
AcDbText
 10
12.177833333333334
 20
12.793198241045227
 30
0.0
 40
0.125
  1

 50
180.0
  7
WD
 41
0.7
 72
2
 11
12.177833333333334
 21
12.793198241045227
 31
0.0
100
AcDbAttribute
  2
INST
 70
1
  0
ATTRIB
  5
527
330
17
100
AcDbEntity
  8
0
100
AcDbText
 10
12.393927073105013
 20
13.757640127258496
 30
0.0
 40
0.01
  1

 50
180.0
  7
WD
 11
12.393927073105013
 21
13.757640127258496
 31
0.0
100
AcDbAttribute
  2
X8TERMDESC01
 70
1
  0
ATTRIB
  5
528
330
17
100
AcDbEntity
  8
0
100
AcDbText
 10
12.380854135500947
 20
13.601390132229305
 30
0.0
 40
0.01
  1

 50
180.0
  7
WD
 11
12.380854135500947
 21
13.601390132229305
 31
0.0
100
AcDbAttribute
  2
X2TERMDESC02
 70
1
  0
ATTRIB
  5
529
330
17
100
AcDbEntity
  8
0
  6
Continuous
100
AcDbText
 10
12.516075263627576
 20
13.656943482164156
 30
0.0
 40
0.01
  1

 50
180.0
  7
WD
 72
1
 11
12.516075263627576
 21
13.656943482164156
 31
0.0
100
AcDbAttribute
  2
ASSYCODE
 70
9
  0
ATTRIB
  5
52A
330
17
100
AcDbEntity
  8
0
100
AcDbText
 10
12.532
 20
13.7055
 30
0.0
 40
0.01
  1

 50
180.0
  7
WD
 11
12.532
 21
13.7055
 31
0.0
100
AcDbAttribute
  2
X4LINK
 70
1
  0
ATTRIB
  5
52B
330
17
100
AcDbEntity
  8
0
100
AcDbText
 10
12.282
 20
13.7055
 30
0.0
 40
0.01
  1

 50
180.0
  7
WD
 11
12.282
 21
13.7055
 31
0.0
100
AcDbAttribute
  2
X1LINK
 70
1
  0
ATTRIB
  5
52C
330
17
100
AcDbEntity
  8
0
100
AcDbText
 10
12.4695
 20
12.962798241045226
 30
0.0
 40
0.125
  1

 50
180.0
  7
WD
 41
0.7
 72
2
 11
12.4695
 21
12.962798241045226
 31
0.0
100
AcDbAttribute
  2
LOC
 70
1
  0
ATTRIB
  5
52D
330
17
100
AcDbEntity
  8
0
  6
Continuous
100
AcDbText
 10
12.515606891550341
 20
13.642960716777145
 30
0.0
 40
0.01
  1

 50
180.0
  7
WD
 72
1
 11
12.515606891550341
 21
13.642960716777145
 31
0.0
100
AcDbAttribute
  2
MFG
 70
9
  0
ATTRIB
  5
52E
330
17
100
AcDbEntity
  8
0
  6
Continuous
100
AcDbText
 10
12.513661845910422
 20
13.623518963069694
 30
0.0
 40
0.01
  1

 50
180.0
  7
WD
 72
1
 11
12.513661845910422
 21
13.623518963069694
 31
0.0
100
AcDbAttribute
  2
CAT
 70
9
  0
ATTRIB
  5
52F
330
17
100
AcDbEntity
  8
0
100
AcDbText
 10
12.538715111848772
 20
13.579342547209931
 30
0.0
 40
0.01
  1

 50
180.0
  7
WD
 11
12.538715111848772
 21
13.579342547209931
 31
0.0
100
AcDbAttribute
  2
FAMILY
 70
9
  0
ATTRIB
  5
530
330
17
100
AcDbEntity
  8
0
100
AcDbText
 10
12.4695
 20
13.288721095352336
 30
0.0
 40
0.125
  1

 50
180.0
  7
WD
 41
0.7
 72
2
 11
12.4695
 21
13.288721095352336
 31
0.0
100
AcDbAttribute
  2
DESC2
 70
1
  0
ATTRIB
  5
531
330
17
100
AcDbEntity
  8
0
100
AcDbText
 10
12.4695
 20
13.132474668198782
 30
0.0
 40
0.125
  1

 50
180.0
  7
WD
 41
0.7
 72
2
 11
12.4695
 21
13.132474668198782
 31
0.0
100
AcDbAttribute
  2
DESC1
 70
1
  0
ATTRIB
  5
532
330
17
100
AcDbEntity
  8
0
100
AcDbText
 10
12.677833333333334
 20
13.54925
 30
0.0
 40
0.125
  1

 50
180.0
  7
WD
 72
2
 11
12.4695
 21
13.54925
 31
0.0
100
AcDbAttribute
  2
TAG1
 70
1
  0
ATTRIB
  5
533
330
17
100
AcDbEntity
  8
0
  6
Continuous
100
AcDbText
 10
12.36
 20
13.92425
 30
0.0
 40
0.125
  1

 50
180.0
  7
WD
 11
12.36
 21
13.79925
 31
0.0
100
AcDbAttribute
  2
TERM01
 70
9
 74
3
  0
ATTRIB
  5
534
330
17
100
AcDbEntity
  8
0
100
AcDbText
 10
12.407
 20
13.73675
 30
0.0
 40
0.0125
  1

 50
180.0
  7
WD
 11
12.407
 21
13.73675
 31
0.0
100
AcDbAttribute
  2
X8TERM01
 70
1
  0
ATTRIB
  5
535
330
17
100
AcDbEntity
  8
0
100
AcDbText
 10
12.407
 20
13.5805
 30
0.0
 40
0.0125
  1

 50
180.0
  7
WD
 11
12.407
 21
13.5805
 31
0.0
100
AcDbAttribute
  2
X2TERM02
 70
1
  0
ATTRIB
  5
536
330
17
100
AcDbEntity
  8
0
  6
Continuous
100
AcDbText
 10
12.36
 20
13.5805
 30
0.0
 40
0.125
  1

 50
180.0
  7
WD
 11
12.36
 21
13.5805
 31
0.0
100
AcDbAttribute
  2
TERM02
 70
9
  0
ATTRIB
  5
537
330
17
100
AcDbEntity
  8
0
100
AcDbText
 10
12.538715111848772
 20
13.597974679541563
 30
0.0
 40
0.01
  1

 50
180.0
  7
WD
 11
12.538715111848772
 21
13.597974679541563
 31
0.0
100
AcDbAttribute
  2
WDBLKNAM
 70
9
  0
SEQEND
  5
525
330
524
100
AcDbEntity
  8
SLD_SYMS
  0
INSERT
  5
538
330
17
100
AcDbEntity
  8
SLD_SYMS
100
AcDbBlockReference
 66
1
  2
VFU1
 10
13.511
 20
13.643
 30
0.0
  0
ATTRIB
  5
53A
330
17
100
AcDbEntity
  8
0
100
AcDbText
 10
13.792249998957402
 20
13.268000000708662
 30
0.0
 40
0.0625
  1

  7
WD
 41
0.7
 11
13.792249998957402
 21
13.268000000708662
 31
0.0
100
AcDbAttribute
  2
DESC3
 70
1
  0
ATTRIB
  5
53B
330
17
100
AcDbEntity
  8
0
100
AcDbText
 10
13.792249998957402
 20
13.352584657032297
 30
0.0
 40
0.0625
  1

  7
WD
 41
0.7
 11
13.792249998957402
 21
13.352584657032297
 31
0.0
100
AcDbAttribute
  2
DESC2
 70
1
  0
ATTRIB
  5
53C
330
17
100
AcDbEntity
  8
0
100
AcDbText
 10
13.792249998957402
 20
13.446744936220037
 30
0.0
 40
0.0625
  1

  7
WD
 41
0.7
 11
13.792249998957402
 21
13.446744936220037
 31
0.0
100
AcDbAttribute
  2
DESC1
 70
1
  0
ATTRIB
  5
53D
330
17
100
AcDbEntity
  8
0
100
AcDbText
 10
13.79225
 20
13.805925
 30
0.0
 40
0.0625
  1

  7
WD
 41
0.7
 11
13.79225
 21
13.805925
 31
0.0
100
AcDbAttribute
  2
INST
 70
1
  0
ATTRIB
  5
53E
330
17
100
AcDbEntity
  8
0
 62
7
100
AcDbText
 10
13.386
 20
13.643
 30
0.0
 40
0.01
  1

  7
WD
 11
13.386
 21
13.643
 31
0.0
100
AcDbAttribute
  2
X4LINK
 70
1
  0
ATTRIB
  5
53F
330
17
100
AcDbEntity
  8
0
 62
7
100
AcDbText
 10
13.651625
 20
13.643
 30
0.0
 40
0.01
  1

  7
WD
 11
13.651625
 21
13.643
 31
0.0
100
AcDbAttribute
  2
X1LINK
 70
1
  0
ATTRIB
  5
540
330
17
100
AcDbEntity
  8
0
  6
Continuous
100
AcDbText
 10
13.41251636756395
 20
13.534940348433866
 30
0.0
 40
0.01
  1

  7
WD
 72
1
 11
13.41251636756395
 21
13.534940348433866
 31
0.0
100
AcDbAttribute
  2
ASSYCODE
 70
9
  0
ATTRIB
  5
541
330
17
100
AcDbEntity
  8
0
100
AcDbText
 10
13.669191437973069
 20
13.58237500000005
 30
0.0
 40
0.109375
  1

  7
WD
 41
0.9
 11
13.669191437973069
 21
13.58237500000005
 31
0.0
100
AcDbAttribute
  2
TAG1
 70
1
  0
ATTRIB
  5
542
330
17
100
AcDbEntity
  8
0
100
AcDbText
 10
13.79225
 20
13.721125
 30
0.0
 40
0.0625
  1

  7
WD
 41
0.7
 11
13.79225
 21
13.721125
 31
0.0
100
AcDbAttribute
  2
LOC
 70
1
  0
ATTRIB
  5
543
330
17
100
AcDbEntity
  8
0
  6
Continuous
100
AcDbText
 10
13.456029620844344
 20
13.84962661600492
 30
0.0
 40
0.0625
  1

  7
WD
 72
2
 11
13.456029620844344
 21
13.84962661600492
 31
0.0
100
AcDbAttribute
  2
TERM01
 70
9
  0
ATTRIB
  5
544
330
17
100
AcDbEntity
  8
0
  6
Continuous
100
AcDbText
 10
13.470298778392005
 20
13.367052969349004
 30
0.0
 40
0.0625
  1

  7
WD
 72
2
 11
13.470298778392005
 21
13.429552969349004
 31
0.0
100
AcDbAttribute
  2
TERM02
 70
9
 74
3
  0
ATTRIB
  5
545
330
17
100
AcDbEntity
  8
0
 62
7
100
AcDbText
 10
13.511
 20
13.8305
 30
0.0
 40
0.0109375
  1

  7
WD
 11
13.511
 21
13.8305
 31
0.0
100
AcDbAttribute
  2
X2TERM01
 70
1
  0
ATTRIB
  5
546
330
17
100
AcDbEntity
  8
0
 62
7
100
AcDbText
 10
13.511
 20
13.4555
 30
0.0
 40
0.0109375
  1

  7
WD
 11
13.511
 21
13.4555
 31
0.0
100
AcDbAttribute
  2
X8TERM02
 70
1
  0
ATTRIB
  5
547
330
17
100
AcDbEntity
  8
0
100
AcDbText
 10
13.414716414340328
 20
13.606540457527665
 30
0.0
 40
0.01
  1

  7
WD
 72
2
 11
13.431383081006993
 21
13.606540457527665
 31
0.0
100
AcDbAttribute
  2
FAMILY
 70
9
  0
ATTRIB
  5
548
330
17
100
AcDbEntity
  8
0
  6
Continuous
100
AcDbText
 10
13.431383081006993
 20
13.569873790860997
 30
0.0
 40
0.01
  1

  7
WD
 72
2
 11
13.431383081006993
 21
13.569873790860997
 31
0.0
100
AcDbAttribute
  2
CAT
 70
9
  0
ATTRIB
  5
549
330
17
100
AcDbEntity
  8
0
  6
Continuous
100
AcDbText
 10
13.431383081006993
 20
13.554873790860999
 30
0.0
 40
0.01
  1

  7
WD
 72
2
 11
13.431383081006993
 21
13.554873790860999
 31
0.0
100
AcDbAttribute
  2
MFG
 70
9
  0
ATTRIB
  5
54A
330
17
100
AcDbEntity
  8
0
100
AcDbText
 10
13.6433
 20
13.6098
 30
0.0
 40
0.09375
  1
6A
 50
90.0
  7
WD
 41
0.7
 72
1
 11
13.6433
 21
13.6098
 31
0.0
100
AcDbAttribute
  2
RATING1
 70
0
 74
2
  0
SEQEND
  5
539
330
538
100
AcDbEntity
  8
SLD_SYMS
  0
CIRCLE
  5
54B
330
17
100
AcDbEntity
  8
SLD_SYMS
100
AcDbCircle
 10
13.0274
 20
14.6078
 30
0.0
 40
0.0966
  0
MTEXT
  5
54C
330
17
100
AcDbEntity
  8
SLD_TEXT
100
AcDbMText
 10
12.9989
 20
14.6565
 30
0.0
 40
0.093
 41
0.0
 71
1
  1
\pxqc;K
  0
MTEXT
  5
54D
330
17
100
AcDbEntity
  8
SLD_TEXT
100
AcDbMText
 10
12.8476
 20
14.4627
 30
0.0
 40
0.05
 41
0.0
 71
1
  1
\pxqc;KIRK KEY
  0
INSERT
  5
54E
330
17
100
AcDbEntity
  8
SLD_SYMS
100
AcDbBlockReference
  2
WDDOT
 10
12.4074
 20
19.3084
 30
0.0
  0
LINE
  5
550
330
17
100
AcDbEntity
  8
SLD_CONTROL
100
AcDbLine
 10
12.4074
 20
18.68
 30
0.0
 11
12.4074
 21
20.6361
 31
0.0
  0
LINE
  5
551
330
17
100
AcDbEntity
  8
SLD_CONTROL
100
AcDbLine
 10
12.407
 20
19.3084
 30
0.0
 11
23.237000000000002
 21
19.3084
 31
0.0
  0
LINE
  5
552
330
17
100
AcDbEntity
  8
SLD_CONTROL
100
AcDbLine
 10
12.4074
 20
20.6361
 30
0.0
 11
12.8992
 21
20.6361
 31
0.0
  0
INSERT
  5
553
330
17
100
AcDbEntity
  8
SLD_SYMS
100
AcDbBlockReference
 66
1
  2
HXF1T1_1-
 10
13.0554
 20
20.6351
 30
0.0
  0
ATTRIB
  5
555
330
17
100
AcDbEntity
  8
0
  6
Continuous
100
AcDbText
 10
13.27415
 20
20.6976
 30
0.0
 40
0.01
  1

  7
WD
 72
1
 11
13.27415
 21
20.6976
 31
0.0
100
AcDbAttribute
  2
ASSYCODE
 70
9
  0
ATTRIB
  5
556
330
17
100
AcDbEntity
  8
0
100
AcDbText
 10
13.0554
 20
20.79135
 30
0.0
 40
0.01
  1

  7
WD
 11
13.0554
 21
20.79135
 31
0.0
100
AcDbAttribute
  2
X2LINK
 70
1
  0
ATTRIB
  5
557
330
17
100
AcDbEntity
  8
0
100
AcDbText
 10
13.0554
 20
20.463225
 30
0.0
 40
0.01
  1

  7
WD
 11
13.0554
 21
20.463225
 31
0.0
100
AcDbAttribute
  2
X8LINK
 70
1
  0
ATTRIB
  5
558
330
17
100
AcDbEntity
  8
0
  6
Continuous
100
AcDbText
 10
13.283197819576857
 20
20.72382665965915
 30
0.0
 40
0.01
  1

  7
WD
 72
1
 11
13.283197819576857
 21
20.72382665965915
 31
0.0
100
AcDbAttribute
  2
MFG
 70
9
  0
ATTRIB
  5
559
330
17
100
AcDbEntity
  8
0
  6
Continuous
100
AcDbText
 10
13.285142865216775
 20
20.743268413366604
 30
0.0
 40
0.01
  1

  7
WD
 72
1
 11
13.285142865216775
 21
20.743268413366604
 31
0.0
100
AcDbAttribute
  2
CAT
 70
9
  0
ATTRIB
  5
55A
330
17
100
AcDbEntity
  8
0
100
AcDbText
 10
13.261645994946917
 20
20.765665050798624
 30
0.0
 40
0.01
  1

  7
WD
 11
13.261645994946917
 21
20.765665050798624
 31
0.0
100
AcDbAttribute
  2
FAMILY
 70
9
  0
ATTRIB
  5
55B
330
17
100
AcDbEntity
  8
0
100
AcDbText
 10
13.261645994946917
 20
20.675172249971904
 30
0.0
 40
0.01
  1

  7
WD
 11
13.261645994946917
 21
20.675172249971904
 31
0.0
100
AcDbAttribute
  2
CONTACT
 70
9
  0
ATTRIB
  5
55C
330
17
100
AcDbEntity
  8
0
100
AcDbText
 10
12.821138621983598
 20
20.709855893253497
 30
0.0
 40
0.01
  1

  7
WD
 72
2
 11
12.834471955316932
 21
20.709855893253497
 31
0.0
100
AcDbAttribute
  2
WDTYPE
 70
9
  0
ATTRIB
  5
55D
330
17
100
AcDbEntity
  8
0
100
AcDbText
 10
13.043041898763425
 20
21.226975001489045
 30
0.0
 40
0.125
  1

  7
WD
 41
0.85
 72
1
 11
13.043041898763425
 21
21.226975001489045
 31
0.0
100
AcDbAttribute
  2
INST
 70
1
  0
ATTRIB
  5
55E
330
17
100
AcDbEntity
  8
0
100
AcDbText
 10
12.956441670069829
 20
20.885100001489093
 30
0.0
 40
0.125
  1

  7
WD
 41
0.85
 72
1
 11
13.044983336736495
 21
20.885100001489093
 31
0.0
100
AcDbAttribute
  2
TAG1
 70
1
  0
ATTRIB
  5
55F
330
17
100
AcDbEntity
  8
0
100
AcDbText
 10
13.043041898763425
 20
21.055100001489045
 30
0.0
 40
0.125
  1

  7
WD
 41
0.85
 72
1
 11
13.043041898763425
 21
21.055100001489045
 31
0.0
100
AcDbAttribute
  2
LOC
 70
1
  0
ATTRIB
  5
560
330
17
100
AcDbEntity
  8
0
100
AcDbText
 10
12.5352
 20
20.8149
 30
0.0
 40
0.125
  1
500KVA, 3PH
  7
WD
 41
0.85
 72
1
 11
12.5352
 21
20.8149
 31
0.0
100
AcDbAttribute
  2
DESC2
 70
0
  0
ATTRIB
  5
561
330
17
100
AcDbEntity
  8
0
100
AcDbText
 10
12.8031
 20
20.9619
 30
0.0
 40
0.125
  1
XFMR-PP1
  7
WD
 41
0.85
 72
1
 11
12.8031
 21
20.9619
 31
0.0
100
AcDbAttribute
  2
DESC1
 70
0
  0
ATTRIB
  5
562
330
17
100
AcDbEntity
  8
0
100
AcDbText
 10
12.5352
 20
20.667900000000003
 30
0.0
 40
0.125
  1
13.8KV/0.48KV
  7
WD
 41
0.85
 72
1
 11
12.5352
 21
20.667900000000003
 31
0.0
100
AcDbAttribute
  2
DESC3
 70
0
  0
ATTRIB
  5
563
330
17
100
AcDbEntity
  8
0
 62
7
100
AcDbText
 10
13.21165
 20
20.6351
 30
0.0
 40
0.0125
  1

  7
WD
 11
13.21165
 21
20.6351
 31
0.0
100
AcDbAttribute
  2
X1TERM02
 70
1
  0
ATTRIB
  5
564
330
17
100
AcDbEntity
  8
0
 62
7
100
AcDbText
 10
12.89915
 20
20.6351
 30
0.0
 40
0.0125
  1

  7
WD
 11
12.89915
 21
20.6351
 31
0.0
100
AcDbAttribute
  2
X4TERM01
 70
1
  0
ATTRIB
  5
565
330
17
100
AcDbEntity
  8
0
  6
Continuous
100
AcDbText
 10
13.263733336736495
 20
20.478725001489092
 30
0.0
 40
0.125
  1

  7
WD
 11
13.263733336736495
 21
20.603725001489092
 31
0.0
100
AcDbAttribute
  2
TERM02
 70
9
 74
3
  0
ATTRIB
  5
566
330
17
100
AcDbEntity
  8
0
  6
Continuous
100
AcDbText
 10
12.826233336736495
 20
20.478725001489092
 30
0.0
 40
0.125
  1

  7
WD
 72
2
 11
12.826233336736495
 21
20.603725001489092
 31
0.0
100
AcDbAttribute
  2
TERM01
 70
9
 74
3
  0
ATTRIB
  5
567
330
17
100
AcDbEntity
  8
0
100
AcDbText
 10
13.044983336736495
 20
20.119475001489093
 30
0.0
 40
0.125
  1

  7
WD
 41
0.85
 72
1
 11
13.044983336736495
 21
20.119475001489093
 31
0.0
100
AcDbAttribute
  2
RATING2
 70
1
  0
ATTRIB
  5
568
330
17
100
AcDbEntity
  8
0
100
AcDbText
 10
13.044983336736495
 20
20.291350001489093
 30
0.0
 40
0.125
  1

  7
WD
 41
0.85
 72
1
 11
13.044983336736495
 21
20.291350001489093
 31
0.0
100
AcDbAttribute
  2
RATING1
 70
1
  0
SEQEND
  5
554
330
553
100
AcDbEntity
  8
SLD_SYMS
  0
LINE
  5
569
330
17
100
AcDbEntity
  8
SLD_CONTROL
100
AcDbLine
 10
13.2117
 20
20.6351
 30
0.0
 11
14.4916
 21
20.6351
 31
0.0
  0
MTEXT
  5
56A
330
17
100
AcDbEntity
  8
SLD_TEXT
100
AcDbMText
 10
12.148
 20
14.799
 30
0.0
 40
0.093
 41
0.0
 71
1
  1
52-F5A\P15kV\P1200A\P18kA
  0
MTEXT
  5
56B
330
17
100
AcDbEntity
  8
SLD_TEXT
100
AcDbMText
 10
13.512
 20
17.35
 30
0.0
 40
0.093
 41
0.0
 71
1
  1
\pxqc;SEL-751\PFEEDER\PPROTECTION\PRELAY
  0
MTEXT
  5
56C
330
17
100
AcDbEntity
  8
SLD_TEXT
100
AcDbMText
 10
13.172
 20
18.168
 30
0.0
 40
0.093
 41
0.0
 71
1
  1
L.A.\P18kV\P15.3kV\PMCOV
  0
LINE
  5
56D
330
17
100
AcDbEntity
  8
SLD_WIRE
100
AcDbLine
 10
12.407
 20
12.609
 30
0.0
 11
12.407
 21
9.408
 31
0.0
  0
LINE
  5
56E
330
17
100
AcDbEntity
  8
SLD_WIRE
100
AcDbLine
 10
12.407
 20
9.252
 30
0.0
 11
12.407
 21
8.8231
 31
0.0
  0
LINE
  5
56F
330
17
100
AcDbEntity
  8
SLD_WIRE
100
AcDbLine
 10
12.407
 20
7.9025
 30
0.0
 11
12.407
 21
7.547
 31
0.0
  0
LINE
  5
570
330
17
100
AcDbEntity
  8
SLD_WIRE
100
AcDbLine
 10
12.407
 20
7.391
 30
0.0
 11
12.407
 21
3.893
 31
0.0
  0
INSERT
  5
571
330
17
100
AcDbEntity
  8
SLD_SYMS
100
AcDbBlockReference
 66
1
  2
VFU1
 10
13.838000000000001
 20
9.503
 30
0.0
  0
ATTRIB
  5
573
330
17
100
AcDbEntity
  8
0
100
AcDbText
 10
14.119249998957404
 20
9.128000000708662
 30
0.0
 40
0.0625
  1

  7
WD
 41
0.7
 11
14.119249998957404
 21
9.128000000708662
 31
0.0
100
AcDbAttribute
  2
DESC3
 70
1
  0
ATTRIB
  5
574
330
17
100
AcDbEntity
  8
0
100
AcDbText
 10
14.119249998957404
 20
9.212584657032297
 30
0.0
 40
0.0625
  1

  7
WD
 41
0.7
 11
14.119249998957404
 21
9.212584657032297
 31
0.0
100
AcDbAttribute
  2
DESC2
 70
1
  0
ATTRIB
  5
575
330
17
100
AcDbEntity
  8
0
100
AcDbText
 10
14.119249998957404
 20
9.306744936220037
 30
0.0
 40
0.0625
  1

  7
WD
 41
0.7
 11
14.119249998957404
 21
9.306744936220037
 31
0.0
100
AcDbAttribute
  2
DESC1
 70
1
  0
ATTRIB
  5
576
330
17
100
AcDbEntity
  8
0
100
AcDbText
 10
14.119250000000001
 20
9.665925
 30
0.0
 40
0.0625
  1

  7
WD
 41
0.7
 11
14.119250000000001
 21
9.665925
 31
0.0
100
AcDbAttribute
  2
INST
 70
1
  0
ATTRIB
  5
577
330
17
100
AcDbEntity
  8
0
 62
7
100
AcDbText
 10
13.713000000000001
 20
9.503
 30
0.0
 40
0.01
  1

  7
WD
 11
13.713000000000001
 21
9.503
 31
0.0
100
AcDbAttribute
  2
X4LINK
 70
1
  0
ATTRIB
  5
578
330
17
100
AcDbEntity
  8
0
 62
7
100
AcDbText
 10
13.978625000000001
 20
9.503
 30
0.0
 40
0.01
  1

  7
WD
 11
13.978625000000001
 21
9.503
 31
0.0
100
AcDbAttribute
  2
X1LINK
 70
1
  0
ATTRIB
  5
579
330
17
100
AcDbEntity
  8
0
  6
Continuous
100
AcDbText
 10
13.739516367563951
 20
9.394940348433865
 30
0.0
 40
0.01
  1

  7
WD
 72
1
 11
13.739516367563951
 21
9.394940348433865
 31
0.0
100
AcDbAttribute
  2
ASSYCODE
 70
9
  0
ATTRIB
  5
57A
330
17
100
AcDbEntity
  8
0
100
AcDbText
 10
13.99619143797307
 20
9.44237500000005
 30
0.0
 40
0.109375
  1

  7
WD
 41
0.9
 11
13.99619143797307
 21
9.44237500000005
 31
0.0
100
AcDbAttribute
  2
TAG1
 70
1
  0
ATTRIB
  5
57B
330
17
100
AcDbEntity
  8
0
100
AcDbText
 10
14.119250000000001
 20
9.581125
 30
0.0
 40
0.0625
  1

  7
WD
 41
0.7
 11
14.119250000000001
 21
9.581125
 31
0.0
100
AcDbAttribute
  2
LOC
 70
1
  0
ATTRIB
  5
57C
330
17
100
AcDbEntity
  8
0
  6
Continuous
100
AcDbText
 10
13.783029620844346
 20
9.70962661600492
 30
0.0
 40
0.0625
  1

  7
WD
 72
2
 11
13.783029620844346
 21
9.70962661600492
 31
0.0
100
AcDbAttribute
  2
TERM01
 70
9
  0
ATTRIB
  5
57D
330
17
100
AcDbEntity
  8
0
  6
Continuous
100
AcDbText
 10
13.797298778392006
 20
9.227052969349003
 30
0.0
 40
0.0625
  1

  7
WD
 72
2
 11
13.797298778392006
 21
9.289552969349003
 31
0.0
100
AcDbAttribute
  2
TERM02
 70
9
 74
3
  0
ATTRIB
  5
57E
330
17
100
AcDbEntity
  8
0
 62
7
100
AcDbText
 10
13.838000000000001
 20
9.6905
 30
0.0
 40
0.0109375
  1

  7
WD
 11
13.838000000000001
 21
9.6905
 31
0.0
100
AcDbAttribute
  2
X2TERM01
 70
1
  0
ATTRIB
  5
57F
330
17
100
AcDbEntity
  8
0
 62
7
100
AcDbText
 10
13.838000000000001
 20
9.3155
 30
0.0
 40
0.0109375
  1

  7
WD
 11
13.838000000000001
 21
9.3155
 31
0.0
100
AcDbAttribute
  2
X8TERM02
 70
1
  0
ATTRIB
  5
580
330
17
100
AcDbEntity
  8
0
100
AcDbText
 10
13.74171641434033
 20
9.466540457527664
 30
0.0
 40
0.01
  1

  7
WD
 72
2
 11
13.758383081006995
 21
9.466540457527664
 31
0.0
100
AcDbAttribute
  2
FAMILY
 70
9
  0
ATTRIB
  5
581
330
17
100
AcDbEntity
  8
0
  6
Continuous
100
AcDbText
 10
13.758383081006995
 20
9.429873790860997
 30
0.0
 40
0.01
  1

  7
WD
 72
2
 11
13.758383081006995
 21
9.429873790860997
 31
0.0
100
AcDbAttribute
  2
CAT
 70
9
  0
ATTRIB
  5
582
330
17
100
AcDbEntity
  8
0
  6
Continuous
100
AcDbText
 10
13.758383081006995
 20
9.414873790860998
 30
0.0
 40
0.01
  1

  7
WD
 72
2
 11
13.758383081006995
 21
9.414873790860998
 31
0.0
100
AcDbAttribute
  2
MFG
 70
9
  0
ATTRIB
  5
583
330
17
100
AcDbEntity
  8
0
100
AcDbText
 10
13.970300000000002
 20
9.4698
 30
0.0
 40
0.09375
  1
6A
 50
90.0
  7
WD
 41
0.7
 72
1
 11
13.970300000000002
 21
9.4698
 31
0.0
100
AcDbAttribute
  2
RATING1
 70
0
 74
2
  0
SEQEND
  5
572
330
571
100
AcDbEntity
  8
SLD_SYMS
  0
INSERT
  5
584
330
17
100
AcDbEntity
  8
SLD_SYMS
100
AcDbBlockReference
 66
1
  2
VCN1PJ
 10
12.407
 20
9.346
 30
0.0
  0
ATTRIB
  5
586
330
17
100
AcDbEntity
  8
0
100
AcDbText
 10
12.636166666666666
 20
10.195801758954774
 30
0.0
 40
0.125
  1

  7
WD
 41
0.7
 72
2
 11
12.636166666666666
 21
10.195801758954774
 31
0.0
100
AcDbAttribute
  2
INST
 70
1
  0
ATTRIB
  5
587
330
17
100
AcDbEntity
  8
0
100
AcDbText
 10
12.420072926894987
 20
9.231359872741505
 30
0.0
 40
0.01
  1

  7
WD
 11
12.420072926894987
 21
9.231359872741505
 31
0.0
100
AcDbAttribute
  2
X8TERMDESC01
 70
1
  0
ATTRIB
  5
588
330
17
100
AcDbEntity
  8
0
100
AcDbText
 10
12.433145864499053
 20
9.387609867770696
 30
0.0
 40
0.01
  1

  7
WD
 11
12.433145864499053
 21
9.387609867770696
 31
0.0
100
AcDbAttribute
  2
X2TERMDESC02
 70
1
  0
ATTRIB
  5
589
330
17
100
AcDbEntity
  8
0
  6
Continuous
100
AcDbText
 10
12.297924736372424
 20
9.332056517835845
 30
0.0
 40
0.01
  1

  7
WD
 72
1
 11
12.297924736372424
 21
9.332056517835845
 31
0.0
100
AcDbAttribute
  2
ASSYCODE
 70
9
  0
ATTRIB
  5
58A
330
17
100
AcDbEntity
  8
0
100
AcDbText
 10
12.282
 20
9.2835
 30
0.0
 40
0.01
  1

  7
WD
 11
12.282
 21
9.2835
 31
0.0
100
AcDbAttribute
  2
X4LINK
 70
1
  0
ATTRIB
  5
58B
330
17
100
AcDbEntity
  8
0
100
AcDbText
 10
12.532
 20
9.2835
 30
0.0
 40
0.01
  1

  7
WD
 11
12.532
 21
9.2835
 31
0.0
100
AcDbAttribute
  2
X1LINK
 70
1
  0
ATTRIB
  5
58C
330
17
100
AcDbEntity
  8
0
100
AcDbText
 10
12.3445
 20
10.026201758954775
 30
0.0
 40
0.125
  1

  7
WD
 41
0.7
 72
2
 11
12.3445
 21
10.026201758954775
 31
0.0
100
AcDbAttribute
  2
LOC
 70
1
  0
ATTRIB
  5
58D
330
17
100
AcDbEntity
  8
0
  6
Continuous
100
AcDbText
 10
12.298393108449659
 20
9.346039283222856
 30
0.0
 40
0.01
  1

  7
WD
 72
1
 11
12.298393108449659
 21
9.346039283222856
 31
0.0
100
AcDbAttribute
  2
MFG
 70
9
  0
ATTRIB
  5
58E
330
17
100
AcDbEntity
  8
0
  6
Continuous
100
AcDbText
 10
12.300338154089578
 20
9.365481036930307
 30
0.0
 40
0.01
  1

  7
WD
 72
1
 11
12.300338154089578
 21
9.365481036930307
 31
0.0
100
AcDbAttribute
  2
CAT
 70
9
  0
ATTRIB
  5
58F
330
17
100
AcDbEntity
  8
0
100
AcDbText
 10
12.275284888151228
 20
9.40965745279007
 30
0.0
 40
0.01
  1

  7
WD
 11
12.275284888151228
 21
9.40965745279007
 31
0.0
100
AcDbAttribute
  2
FAMILY
 70
9
  0
ATTRIB
  5
590
330
17
100
AcDbEntity
  8
0
100
AcDbText
 10
12.3445
 20
9.700278904647664
 30
0.0
 40
0.125
  1

  7
WD
 41
0.7
 72
2
 11
12.3445
 21
9.700278904647664
 31
0.0
100
AcDbAttribute
  2
DESC2
 70
1
  0
ATTRIB
  5
591
330
17
100
AcDbEntity
  8
0
100
AcDbText
 10
12.3445
 20
9.856525331801219
 30
0.0
 40
0.125
  1

  7
WD
 41
0.7
 72
2
 11
12.3445
 21
9.856525331801219
 31
0.0
100
AcDbAttribute
  2
DESC1
 70
1
  0
ATTRIB
  5
592
330
17
100
AcDbEntity
  8
0
100
AcDbText
 10
12.136166666666666
 20
9.43975
 30
0.0
 40
0.125
  1

  7
WD
 72
2
 11
12.3445
 21
9.43975
 31
0.0
100
AcDbAttribute
  2
TAG1
 70
1
  0
ATTRIB
  5
593
330
17
100
AcDbEntity
  8
0
  6
Continuous
100
AcDbText
 10
12.454
 20
9.06475
 30
0.0
 40
0.125
  1

  7
WD
 11
12.454
 21
9.18975
 31
0.0
100
AcDbAttribute
  2
TERM01
 70
9
 74
3
  0
ATTRIB
  5
594
330
17
100
AcDbEntity
  8
0
100
AcDbText
 10
12.407
 20
9.25225
 30
0.0
 40
0.0125
  1

  7
WD
 11
12.407
 21
9.25225
 31
0.0
100
AcDbAttribute
  2
X8TERM01
 70
1
  0
ATTRIB
  5
595
330
17
100
AcDbEntity
  8
0
100
AcDbText
 10
12.407
 20
9.4085
 30
0.0
 40
0.0125
  1

  7
WD
 11
12.407
 21
9.4085
 31
0.0
100
AcDbAttribute
  2
X2TERM02
 70
1
  0
ATTRIB
  5
596
330
17
100
AcDbEntity
  8
0
  6
Continuous
100
AcDbText
 10
12.454
 20
9.4085
 30
0.0
 40
0.125
  1

  7
WD
 11
12.454
 21
9.4085
 31
0.0
100
AcDbAttribute
  2
TERM02
 70
9
  0
ATTRIB
  5
597
330
17
100
AcDbEntity
  8
0
100
AcDbText
 10
12.275284888151228
 20
9.391025320458438
 30
0.0
 40
0.01
  1

  7
WD
 11
12.275284888151228
 21
9.391025320458438
 31
0.0
100
AcDbAttribute
  2
WDBLKNAM
 70
9
  0
SEQEND
  5
585
330
584
100
AcDbEntity
  8
SLD_SYMS
  0
CIRCLE
  5
598
330
17
100
AcDbEntity
  8
SLD_SYMS
100
AcDbCircle
 10
13.462
 20
8.522
 30
0.0
 40
0.176
  0
MTEXT
  5
599
330
17
100
AcDbEntity
  8
SLD_TEXT
100
AcDbMText
 10
13.378
 20
8.576
 30
0.0
 40
0.093
 41
0.0
 71
1
  1
\pxqc;86
  0
LINE
  5
59A
330
17
100
AcDbEntity
  8
SLD_CONTROL
100
AcDbLine
 10
12.782
 20
8.522
 30
0.0
 11
13.286
 21
8.522
 31
0.0
  0
LINE
  5
59B
330
17
100
AcDbEntity
  8
SLD_CONTROL
100
AcDbLine
 10
13.462
 20
8.345
 30
0.0
 11
13.462
 21
7.918
 31
0.0
  0
LWPOLYLINE
  5
59C
330
17
100
AcDbEntity
  8
SLD_SYMS
100
AcDbPolyline
 90
4
 70
1
 10
11.9922
 20
8.8231
 10
12.7818
 20
8.8231
 10
12.7818
 20
7.9025
 10
11.9922
 20
7.9025
  0
LWPOLYLINE
  5
59D
330
17
100
AcDbEntity
  8
SLD_SYMS
100
AcDbPolyline
 90
4
 70
1
 10
12.923
 20
7.9183
 10
14.1264
 20
7.9183
 10
14.1264
 20
7.2459
 10
12.923
 20
7.2459
  0
INSERT
  5
59E
330
17
100
AcDbEntity
  8
SLD_SYMS
100
AcDbBlockReference
 66
1
  2
VCN1PJ
 10
12.407
 20
7.453
 30
0.0
 50
180.0
  0
ATTRIB
  5
5A0
330
17
100
AcDbEntity
  8
0
100
AcDbText
 10
12.177833333333334
 20
6.603198241045226
 30
0.0
 40
0.125
  1

 50
180.0
  7
WD
 41
0.7
 72
2
 11
12.177833333333334
 21
6.603198241045226
 31
0.0
100
AcDbAttribute
  2
INST
 70
1
  0
ATTRIB
  5
5A1
330
17
100
AcDbEntity
  8
0
100
AcDbText
 10
12.393927073105013
 20
7.567640127258495
 30
0.0
 40
0.01
  1

 50
180.0
  7
WD
 11
12.393927073105013
 21
7.567640127258495
 31
0.0
100
AcDbAttribute
  2
X8TERMDESC01
 70
1
  0
ATTRIB
  5
5A2
330
17
100
AcDbEntity
  8
0
100
AcDbText
 10
12.380854135500947
 20
7.411390132229304
 30
0.0
 40
0.01
  1

 50
180.0
  7
WD
 11
12.380854135500947
 21
7.411390132229304
 31
0.0
100
AcDbAttribute
  2
X2TERMDESC02
 70
1
  0
ATTRIB
  5
5A3
330
17
100
AcDbEntity
  8
0
  6
Continuous
100
AcDbText
 10
12.516075263627576
 20
7.4669434821641545
 30
0.0
 40
0.01
  1

 50
180.0
  7
WD
 72
1
 11
12.516075263627576
 21
7.4669434821641545
 31
0.0
100
AcDbAttribute
  2
ASSYCODE
 70
9
  0
ATTRIB
  5
5A4
330
17
100
AcDbEntity
  8
0
100
AcDbText
 10
12.532
 20
7.5155
 30
0.0
 40
0.01
  1

 50
180.0
  7
WD
 11
12.532
 21
7.5155
 31
0.0
100
AcDbAttribute
  2
X4LINK
 70
1
  0
ATTRIB
  5
5A5
330
17
100
AcDbEntity
  8
0
100
AcDbText
 10
12.282
 20
7.5155
 30
0.0
 40
0.01
  1

 50
180.0
  7
WD
 11
12.282
 21
7.5155
 31
0.0
100
AcDbAttribute
  2
X1LINK
 70
1
  0
ATTRIB
  5
5A6
330
17
100
AcDbEntity
  8
0
100
AcDbText
 10
12.4695
 20
6.772798241045226
 30
0.0
 40
0.125
  1

 50
180.0
  7
WD
 41
0.7
 72
2
 11
12.4695
 21
6.772798241045226
 31
0.0
100
AcDbAttribute
  2
LOC
 70
1
  0
ATTRIB
  5
5A7
330
17
100
AcDbEntity
  8
0
  6
Continuous
100
AcDbText
 10
12.515606891550341
 20
7.452960716777144
 30
0.0
 40
0.01
  1

 50
180.0
  7
WD
 72
1
 11
12.515606891550341
 21
7.452960716777144
 31
0.0
100
AcDbAttribute
  2
MFG
 70
9
  0
ATTRIB
  5
5A8
330
17
100
AcDbEntity
  8
0
  6
Continuous
100
AcDbText
 10
12.513661845910422
 20
7.433518963069694
 30
0.0
 40
0.01
  1

 50
180.0
  7
WD
 72
1
 11
12.513661845910422
 21
7.433518963069694
 31
0.0
100
AcDbAttribute
  2
CAT
 70
9
  0
ATTRIB
  5
5A9
330
17
100
AcDbEntity
  8
0
100
AcDbText
 10
12.538715111848772
 20
7.389342547209931
 30
0.0
 40
0.01
  1

 50
180.0
  7
WD
 11
12.538715111848772
 21
7.389342547209931
 31
0.0
100
AcDbAttribute
  2
FAMILY
 70
9
  0
ATTRIB
  5
5AA
330
17
100
AcDbEntity
  8
0
100
AcDbText
 10
12.4695
 20
7.098721095352336
 30
0.0
 40
0.125
  1

 50
180.0
  7
WD
 41
0.7
 72
2
 11
12.4695
 21
7.098721095352336
 31
0.0
100
AcDbAttribute
  2
DESC2
 70
1
  0
ATTRIB
  5
5AB
330
17
100
AcDbEntity
  8
0
100
AcDbText
 10
12.4695
 20
6.942474668198781
 30
0.0
 40
0.125
  1

 50
180.0
  7
WD
 41
0.7
 72
2
 11
12.4695
 21
6.942474668198781
 31
0.0
100
AcDbAttribute
  2
DESC1
 70
1
  0
ATTRIB
  5
5AC
330
17
100
AcDbEntity
  8
0
100
AcDbText
 10
12.677833333333334
 20
7.35925
 30
0.0
 40
0.125
  1

 50
180.0
  7
WD
 72
2
 11
12.4695
 21
7.35925
 31
0.0
100
AcDbAttribute
  2
TAG1
 70
1
  0
ATTRIB
  5
5AD
330
17
100
AcDbEntity
  8
0
  6
Continuous
100
AcDbText
 10
12.36
 20
7.73425
 30
0.0
 40
0.125
  1

 50
180.0
  7
WD
 11
12.36
 21
7.60925
 31
0.0
100
AcDbAttribute
  2
TERM01
 70
9
 74
3
  0
ATTRIB
  5
5AE
330
17
100
AcDbEntity
  8
0
100
AcDbText
 10
12.407
 20
7.54675
 30
0.0
 40
0.0125
  1

 50
180.0
  7
WD
 11
12.407
 21
7.54675
 31
0.0
100
AcDbAttribute
  2
X8TERM01
 70
1
  0
ATTRIB
  5
5AF
330
17
100
AcDbEntity
  8
0
100
AcDbText
 10
12.407
 20
7.3905
 30
0.0
 40
0.0125
  1

 50
180.0
  7
WD
 11
12.407
 21
7.3905
 31
0.0
100
AcDbAttribute
  2
X2TERM02
 70
1
  0
ATTRIB
  5
5B0
330
17
100
AcDbEntity
  8
0
  6
Continuous
100
AcDbText
 10
12.36
 20
7.3905
 30
0.0
 40
0.125
  1

 50
180.0
  7
WD
 11
12.36
 21
7.3905
 31
0.0
100
AcDbAttribute
  2
TERM02
 70
9
  0
ATTRIB
  5
5B1
330
17
100
AcDbEntity
  8
0
100
AcDbText
 10
12.538715111848772
 20
7.407974679541563
 30
0.0
 40
0.01
  1

 50
180.0
  7
WD
 11
12.538715111848772
 21
7.407974679541563
 31
0.0
100
AcDbAttribute
  2
WDBLKNAM
 70
9
  0
SEQEND
  5
59F
330
59E
100
AcDbEntity
  8
SLD_SYMS
  0
INSERT
  5
5B2
330
17
100
AcDbEntity
  8
SLD_SYMS
100
AcDbBlockReference
 66
1
  2
VXF1CT
 10
12.598700000000001
 20
6.8035
 30
0.0
  0
ATTRIB
  5
5B4
330
17
100
AcDbEntity
  8
0
100
AcDbText
 10
12.371616666666668
 20
6.381625
 30
0.0
 40
0.125
  1

  7
WD
 41
0.7
 72
1
 11
12.371616666666668
 21
6.381625
 31
0.0
100
AcDbAttribute
  2
INST
 70
1
  0
ATTRIB
  5
5B5
330
17
100
AcDbEntity
  8
0
100
AcDbText
 10
12.598700000000001
 20
6.520326474599724
 30
0.0
 40
0.0125
  1

  7
WD
 11
12.598700000000001
 21
6.520326474599724
 31
0.0
100
AcDbAttribute
  2
X8TERM01
 70
1
  0
ATTRIB
  5
5B6
330
17
100
AcDbEntity
  8
0
100
AcDbText
 10
12.630911762700139
 20
6.552538237299862
 30
0.0
 40
0.0125
  1

  7
WD
 11
12.630911762700139
 21
6.552538237299862
 31
0.0
100
AcDbAttribute
  2
X1TERM01
 70
1
  0
ATTRIB
  5
5B7
330
17
100
AcDbEntity
  8
0
  6
Continuous
100
AcDbText
 10
12.543762169619043
 20
6.572956032263782
 30
0.0
 40
0.125
  1

  7
WD
 72
2
 11
12.543762169619043
 21
6.572956032263782
 31
0.0
100
AcDbAttribute
  2
TERM01
 70
9
  0
ATTRIB
  5
5B8
330
17
100
AcDbEntity
  8
0
  6
Continuous
100
AcDbText
 10
12.553706916951068
 20
7.070465784883833
 30
0.0
 40
0.125
  1

  7
WD
 72
2
 11
12.553706916951068
 21
7.070465784883833
 31
0.0
100
AcDbAttribute
  2
TERM02
 70
9
  0
ATTRIB
  5
5B9
330
17
100
AcDbEntity
  8
0
100
AcDbText
 10
12.630911762700139
 20
7.052538237299862
 30
0.0
 40
0.0125
  1

  7
WD
 11
12.630911762700139
 21
7.052538237299862
 31
0.0
100
AcDbAttribute
  2
X1TERM02
 70
1
  0
ATTRIB
  5
5BA
330
17
100
AcDbEntity
  8
0
100
AcDbText
 10
12.598700000000001
 20
7.08475
 30
0.0
 40
0.0125
  1

  7
WD
 11
12.598700000000001
 21
7.08475
 31
0.0
100
AcDbAttribute
  2
X2TERM02
 70
1
  0
ATTRIB
  5
5BB
330
17
100
AcDbEntity
  8
0
100
AcDbText
 10
12.879950000000001
 20
6.6785
 30
0.0
 40
0.125
  1

  7
WD
 41
0.7
 11
12.879950000000001
 21
6.6785
 31
0.0
100
AcDbAttribute
  2
RATING1
 70
1
  0
ATTRIB
  5
5BC
330
17
100
AcDbEntity
  8
0
100
AcDbText
 10
12.879950000000001
 20
6.83475
 30
0.0
 40
0.125
  1

  7
WD
 11
12.879950000000001
 21
6.83475
 31
0.0
100
AcDbAttribute
  2
TAG1
 70
1
  0
ATTRIB
  5
5BD
330
17
100
AcDbEntity
  8
0
100
AcDbText
 10
11.3376
 20
6.786099999999999
 30
0.0
 40
0.125
  1
400:5A (3)
  7
WD
 41
0.7
 72
1
 11
11.3376
 21
6.786099999999999
 31
0.0
100
AcDbAttribute
  2
DESC1
 70
0
  0
ATTRIB
  5
5BE
330
17
100
AcDbEntity
  8
0
100
AcDbText
 10
11.343200000000001
 20
6.6254
 30
0.0
 40
0.125
  1
CT C200
  7
WD
 41
0.7
 72
1
 11
11.343200000000001
 21
6.6254
 31
0.0
100
AcDbAttribute
  2
DESC2
 70
0
  0
ATTRIB
  5
5BF
330
17
100
AcDbEntity
  8
0
100
AcDbText
 10
12.398170622272792
 20
6.202451758954774
 30
0.0
 40
0.125
  1

  7
WD
 41
0.7
 72
1
 11
12.398170622272792
 21
6.202451758954774
 31
0.0
100
AcDbAttribute
  2
LOC
 70
1
  0
ATTRIB
  5
5C0
330
17
100
AcDbEntity
  8
0
  6
Continuous
100
AcDbText
 10
12.427769824898974
 20
6.922455350386372
 30
0.0
 40
0.01
  1

  7
WD
 72
1
 11
12.427769824898974
 21
6.922455350386372
 31
0.0
100
AcDbAttribute
  2
ASSYCODE
 70
9
  0
ATTRIB
  5
5C1
330
17
100
AcDbEntity
  8
0
100
AcDbText
 10
12.405991666666667
 20
6.756625
 30
0.0
 40
0.125
  1

  7
WD
 72
1
 11
12.551825000000001
 21
6.756625
 31
0.0
100
AcDbAttribute
  2
TYPE
 70
1
  0
ATTRIB
  5
5C2
330
17
100
AcDbEntity
  8
0
100
AcDbText
 10
12.402892775900368
 20
6.994190293718368
 30
0.0
 40
0.01
  1

  7
WD
 11
12.402892775900368
 21
6.994190293718368
 31
0.0
100
AcDbAttribute
  2
FAMILY
 70
9
  0
ATTRIB
  5
5C3
330
17
100
AcDbEntity
  8
0
  6
Continuous
100
AcDbText
 10
12.427946041838718
 20
6.965638877858606
 30
0.0
 40
0.01
  1

  7
WD
 72
1
 11
12.427946041838718
 21
6.965638877858606
 31
0.0
100
AcDbAttribute
  2
CAT
 70
9
  0
ATTRIB
  5
5C4
330
17
100
AcDbEntity
  8
0
  6
Continuous
100
AcDbText
 10
12.4260009961988
 20
6.946197124151155
 30
0.0
 40
0.01
  1

  7
WD
 72
1
 11
12.4260009961988
 21
6.946197124151155
 31
0.0
100
AcDbAttribute
  2
MFG
 70
9
  0
SEQEND
  5
5B3
330
5B2
100
AcDbEntity
  8
SLD_SYMS
  0
INSERT
  5
5C5
330
17
100
AcDbEntity
  8
SLD_SYMS
100
AcDbBlockReference
  2
WDDOT
 10
12.462
 20
6.4985
 30
0.0
  0
MTEXT
  5
5C7
330
17
100
AcDbEntity
  8
SLD_TEXT
100
AcDbMText
 10
11.63
 20
6.571
 30
0.0
 40
0.1
 41
0.0
 71
1
  1
\pxqc;1%%C
  0
INSERT
  5
5C8
330
17
100
AcDbEntity
  8
SLD_SYMS
100
AcDbBlockReference
 66
1
  2
VXF1CT
 10
12.598700000000001
 20
6.0313
 30
0.0
  0
ATTRIB
  5
5CA
330
17
100
AcDbEntity
  8
0
100
AcDbText
 10
12.371616666666668
 20
5.609425
 30
0.0
 40
0.125
  1

  7
WD
 41
0.7
 72
1
 11
12.371616666666668
 21
5.609425
 31
0.0
100
AcDbAttribute
  2
INST
 70
1
  0
ATTRIB
  5
5CB
330
17
100
AcDbEntity
  8
0
100
AcDbText
 10
12.598700000000001
 20
5.748126474599724
 30
0.0
 40
0.0125
  1

  7
WD
 11
12.598700000000001
 21
5.748126474599724
 31
0.0
100
AcDbAttribute
  2
X8TERM01
 70
1
  0
ATTRIB
  5
5CC
330
17
100
AcDbEntity
  8
0
100
AcDbText
 10
12.630911762700139
 20
5.780338237299862
 30
0.0
 40
0.0125
  1

  7
WD
 11
12.630911762700139
 21
5.780338237299862
 31
0.0
100
AcDbAttribute
  2
X1TERM01
 70
1
  0
ATTRIB
  5
5CD
330
17
100
AcDbEntity
  8
0
  6
Continuous
100
AcDbText
 10
12.543762169619043
 20
5.800756032263783
 30
0.0
 40
0.125
  1

  7
WD
 72
2
 11
12.543762169619043
 21
5.800756032263783
 31
0.0
100
AcDbAttribute
  2
TERM01
 70
9
  0
ATTRIB
  5
5CE
330
17
100
AcDbEntity
  8
0
  6
Continuous
100
AcDbText
 10
12.553706916951068
 20
6.298265784883833
 30
0.0
 40
0.125
  1

  7
WD
 72
2
 11
12.553706916951068
 21
6.298265784883833
 31
0.0
100
AcDbAttribute
  2
TERM02
 70
9
  0
ATTRIB
  5
5CF
330
17
100
AcDbEntity
  8
0
100
AcDbText
 10
12.630911762700139
 20
6.280338237299862
 30
0.0
 40
0.0125
  1

  7
WD
 11
12.630911762700139
 21
6.280338237299862
 31
0.0
100
AcDbAttribute
  2
X1TERM02
 70
1
  0
ATTRIB
  5
5D0
330
17
100
AcDbEntity
  8
0
100
AcDbText
 10
12.598700000000001
 20
6.31255
 30
0.0
 40
0.0125
  1

  7
WD
 11
12.598700000000001
 21
6.31255
 31
0.0
100
AcDbAttribute
  2
X2TERM02
 70
1
  0
ATTRIB
  5
5D1
330
17
100
AcDbEntity
  8
0
100
AcDbText
 10
12.879950000000001
 20
5.9063
 30
0.0
 40
0.125
  1

  7
WD
 41
0.7
 11
12.879950000000001
 21
5.9063
 31
0.0
100
AcDbAttribute
  2
RATING1
 70
1
  0
ATTRIB
  5
5D2
330
17
100
AcDbEntity
  8
0
100
AcDbText
 10
12.879950000000001
 20
6.06255
 30
0.0
 40
0.125
  1

  7
WD
 11
12.879950000000001
 21
6.06255
 31
0.0
100
AcDbAttribute
  2
TAG1
 70
1
  0
ATTRIB
  5
5D3
330
17
100
AcDbEntity
  8
0
100
AcDbText
 10
11.3505
 20
6.0139
 30
0.0
 40
0.125
  1
2000:5A (3)
  7
WD
 41
0.7
 72
1
 11
11.3505
 21
6.0139
 31
0.0
100
AcDbAttribute
  2
DESC1
 70
0
  0
ATTRIB
  5
5D4
330
17
100
AcDbEntity
  8
0
100
AcDbText
 10
11.446700000000002
 20
5.8532
 30
0.0
 40
0.125
  1
CT C200
  7
WD
 41
0.7
 72
1
 11
11.446700000000002
 21
5.8532
 31
0.0
100
AcDbAttribute
  2
DESC2
 70
0
  0
ATTRIB
  5
5D5
330
17
100
AcDbEntity
  8
0
100
AcDbText
 10
12.398170622272792
 20
5.430251758954774
 30
0.0
 40
0.125
  1

  7
WD
 41
0.7
 72
1
 11
12.398170622272792
 21
5.430251758954774
 31
0.0
100
AcDbAttribute
  2
LOC
 70
1
  0
ATTRIB
  5
5D6
330
17
100
AcDbEntity
  8
0
  6
Continuous
100
AcDbText
 10
12.427769824898974
 20
6.150255350386372
 30
0.0
 40
0.01
  1

  7
WD
 72
1
 11
12.427769824898974
 21
6.150255350386372
 31
0.0
100
AcDbAttribute
  2
ASSYCODE
 70
9
  0
ATTRIB
  5
5D7
330
17
100
AcDbEntity
  8
0
100
AcDbText
 10
12.405991666666667
 20
5.984425
 30
0.0
 40
0.125
  1

  7
WD
 72
1
 11
12.551825000000001
 21
5.984425
 31
0.0
100
AcDbAttribute
  2
TYPE
 70
1
  0
ATTRIB
  5
5D8
330
17
100
AcDbEntity
  8
0
100
AcDbText
 10
12.402892775900368
 20
6.221990293718369
 30
0.0
 40
0.01
  1

  7
WD
 11
12.402892775900368
 21
6.221990293718369
 31
0.0
100
AcDbAttribute
  2
FAMILY
 70
9
  0
ATTRIB
  5
5D9
330
17
100
AcDbEntity
  8
0
  6
Continuous
100
AcDbText
 10
12.427946041838718
 20
6.193438877858606
 30
0.0
 40
0.01
  1

  7
WD
 72
1
 11
12.427946041838718
 21
6.193438877858606
 31
0.0
100
AcDbAttribute
  2
CAT
 70
9
  0
ATTRIB
  5
5DA
330
17
100
AcDbEntity
  8
0
  6
Continuous
100
AcDbText
 10
12.4260009961988
 20
6.173997124151155
 30
0.0
 40
0.01
  1

  7
WD
 72
1
 11
12.4260009961988
 21
6.173997124151155
 31
0.0
100
AcDbAttribute
  2
MFG
 70
9
  0
SEQEND
  5
5C9
330
5C8
100
AcDbEntity
  8
SLD_SYMS
  0
INSERT
  5
5DB
330
17
100
AcDbEntity
  8
SLD_SYMS
100
AcDbBlockReference
  2
WDDOT
 10
12.46
 20
5.7233
 30
0.0
  0
MTEXT
  5
5DD
330
17
100
AcDbEntity
  8
SLD_TEXT
100
AcDbMText
 10
11.63
 20
5.803
 30
0.0
 40
0.1
 41
0.0
 71
1
  1
\pxqc;1%%C
  0
LWPOLYLINE
  5
5DE
330
17
100
AcDbEntity
  8
SLD_SYMS
100
AcDbPolyline
 90
4
 70
1
 10
13.5432
 20
5.8436
 10
13.674900000000001
 20
5.8436
 10
13.674900000000001
 20
5.7209
 10
13.5432
 20
5.7209
  0
LINE
  5
5DF
330
17
100
AcDbEntity
  8
SLD_SYMS
100
AcDbLine
 10
13.674900000000001
 20
5.8436
 30
0.0
 11
13.5432
 21
5.8436
 31
0.0
  0
LINE
  5
5E0
330
17
100
AcDbEntity
  8
SLD_SYMS
100
AcDbLine
 10
13.5432
 20
5.7209
 30
0.0
 11
13.674900000000001
 21
5.8436
 31
0.0
  0
LINE
  5
5E1
330
17
100
AcDbEntity
  8
SLD_SYMS
100
AcDbLine
 10
13.5432
 20
5.8436
 30
0.0
 11
13.674900000000001
 21
5.7209
 31
0.0
  0
INSERT
  5
5E2
330
17
100
AcDbEntity
  8
SLD_SYMS
100
AcDbBlockReference
  2
WDDOT
 10
12.407
 20
5.2652
 30
0.0
  0
LINE
  5
5E4
330
17
100
AcDbEntity
  8
SLD_WIRE
100
AcDbLine
 10
12.407
 20
5.2652
 30
0.0
 11
12.1655
 21
5.2652
 31
0.0
  0
CIRCLE
  5
5E5
330
17
100
AcDbEntity
  8
SLD_SYMS
100
AcDbCircle
 10
12.1367
 20
5.2652
 30
0.0
 40
0.0289
  0
CIRCLE
  5
5E6
330
17
100
AcDbEntity
  8
SLD_SYMS
100
AcDbCircle
 10
12.0123
 20
5.2651
 30
0.0
 40
0.0289
  0
LINE
  5
5E7
330
17
100
AcDbEntity
  8
SLD_WIRE
100
AcDbLine
 10
11.9835
 20
5.2651
 30
0.0
 11
11.7901
 21
5.2651
 31
0.0
  0
INSERT
  5
5E8
330
17
100
AcDbEntity
  8
SLD_SYMS
100
AcDbBlockReference
 66
1
  2
HGND2
 10
11.7901
 20
5.2651
 30
0.0
  0
ATTRIB
  5
5EA
330
17
100
AcDbEntity
  8
0
100
AcDbText
 10
11.7901
 20
5.2651
 30
0.0
 40
0.01
  1

  7
WD
 11
11.7901
 21
5.2651
 31
0.0
100
AcDbAttribute
  2
X4TERM01
 70
1
  0
SEQEND
  5
5E9
330
5E8
100
AcDbEntity
  8
SLD_SYMS
  0
INSERT
  5
5EB
330
17
100
AcDbEntity
  8
SLD_SYMS
100
AcDbBlockReference
 66
1
  2
VCN1PJ
 10
12.407
 20
3.83
 30
0.0
  0
ATTRIB
  5
5ED
330
17
100
AcDbEntity
  8
0
100
AcDbText
 10
12.636166666666666
 20
4.679801758954774
 30
0.0
 40
0.125
  1

  7
WD
 41
0.7
 72
2
 11
12.636166666666666
 21
4.679801758954774
 31
0.0
100
AcDbAttribute
  2
INST
 70
1
  0
ATTRIB
  5
5EE
330
17
100
AcDbEntity
  8
0
100
AcDbText
 10
12.420072926894987
 20
3.715359872741505
 30
0.0
 40
0.01
  1

  7
WD
 11
12.420072926894987
 21
3.715359872741505
 31
0.0
100
AcDbAttribute
  2
X8TERMDESC01
 70
1
  0
ATTRIB
  5
5EF
330
17
100
AcDbEntity
  8
0
100
AcDbText
 10
12.433145864499053
 20
3.8716098677706965
 30
0.0
 40
0.01
  1

  7
WD
 11
12.433145864499053
 21
3.8716098677706965
 31
0.0
100
AcDbAttribute
  2
X2TERMDESC02
 70
1
  0
ATTRIB
  5
5F0
330
17
100
AcDbEntity
  8
0
  6
Continuous
100
AcDbText
 10
12.297924736372424
 20
3.8160565178358454
 30
0.0
 40
0.01
  1

  7
WD
 72
1
 11
12.297924736372424
 21
3.8160565178358454
 31
0.0
100
AcDbAttribute
  2
ASSYCODE
 70
9
  0
ATTRIB
  5
5F1
330
17
100
AcDbEntity
  8
0
100
AcDbText
 10
12.282
 20
3.7675
 30
0.0
 40
0.01
  1

  7
WD
 11
12.282
 21
3.7675
 31
0.0
100
AcDbAttribute
  2
X4LINK
 70
1
  0
ATTRIB
  5
5F2
330
17
100
AcDbEntity
  8
0
100
AcDbText
 10
12.532
 20
3.7675
 30
0.0
 40
0.01
  1

  7
WD
 11
12.532
 21
3.7675
 31
0.0
100
AcDbAttribute
  2
X1LINK
 70
1
  0
ATTRIB
  5
5F3
330
17
100
AcDbEntity
  8
0
100
AcDbText
 10
12.3445
 20
4.510201758954774
 30
0.0
 40
0.125
  1

  7
WD
 41
0.7
 72
2
 11
12.3445
 21
4.510201758954774
 31
0.0
100
AcDbAttribute
  2
LOC
 70
1
  0
ATTRIB
  5
5F4
330
17
100
AcDbEntity
  8
0
  6
Continuous
100
AcDbText
 10
12.298393108449659
 20
3.8300392832228556
 30
0.0
 40
0.01
  1

  7
WD
 72
1
 11
12.298393108449659
 21
3.8300392832228556
 31
0.0
100
AcDbAttribute
  2
MFG
 70
9
  0
ATTRIB
  5
5F5
330
17
100
AcDbEntity
  8
0
  6
Continuous
100
AcDbText
 10
12.300338154089578
 20
3.8494810369303063
 30
0.0
 40
0.01
  1

  7
WD
 72
1
 11
12.300338154089578
 21
3.8494810369303063
 31
0.0
100
AcDbAttribute
  2
CAT
 70
9
  0
ATTRIB
  5
5F6
330
17
100
AcDbEntity
  8
0
100
AcDbText
 10
12.275284888151228
 20
3.8936574527900696
 30
0.0
 40
0.01
  1

  7
WD
 11
12.275284888151228
 21
3.8936574527900696
 31
0.0
100
AcDbAttribute
  2
FAMILY
 70
9
  0
ATTRIB
  5
5F7
330
17
100
AcDbEntity
  8
0
100
AcDbText
 10
12.3445
 20
4.184278904647664
 30
0.0
 40
0.125
  1

  7
WD
 41
0.7
 72
2
 11
12.3445
 21
4.184278904647664
 31
0.0
100
AcDbAttribute
  2
DESC2
 70
1
  0
ATTRIB
  5
5F8
330
17
100
AcDbEntity
  8
0
100
AcDbText
 10
12.3445
 20
4.340525331801219
 30
0.0
 40
0.125
  1

  7
WD
 41
0.7
 72
2
 11
12.3445
 21
4.340525331801219
 31
0.0
100
AcDbAttribute
  2
DESC1
 70
1
  0
ATTRIB
  5
5F9
330
17
100
AcDbEntity
  8
0
100
AcDbText
 10
12.136166666666666
 20
3.92375
 30
0.0
 40
0.125
  1

  7
WD
 72
2
 11
12.3445
 21
3.92375
 31
0.0
100
AcDbAttribute
  2
TAG1
 70
1
  0
ATTRIB
  5
5FA
330
17
100
AcDbEntity
  8
0
  6
Continuous
100
AcDbText
 10
12.454
 20
3.54875
 30
0.0
 40
0.125
  1

  7
WD
 11
12.454
 21
3.67375
 31
0.0
100
AcDbAttribute
  2
TERM01
 70
9
 74
3
  0
ATTRIB
  5
5FB
330
17
100
AcDbEntity
  8
0
100
AcDbText
 10
12.407
 20
3.73625
 30
0.0
 40
0.0125
  1

  7
WD
 11
12.407
 21
3.73625
 31
0.0
100
AcDbAttribute
  2
X8TERM01
 70
1
  0
ATTRIB
  5
5FC
330
17
100
AcDbEntity
  8
0
100
AcDbText
 10
12.407
 20
3.8925
 30
0.0
 40
0.0125
  1

  7
WD
 11
12.407
 21
3.8925
 31
0.0
100
AcDbAttribute
  2
X2TERM02
 70
1
  0
ATTRIB
  5
5FD
330
17
100
AcDbEntity
  8
0
  6
Continuous
100
AcDbText
 10
12.454
 20
3.8925
 30
0.0
 40
0.125
  1

  7
WD
 11
12.454
 21
3.8925
 31
0.0
100
AcDbAttribute
  2
TERM02
 70
9
  0
ATTRIB
  5
5FE
330
17
100
AcDbEntity
  8
0
100
AcDbText
 10
12.275284888151228
 20
3.875025320458437
 30
0.0
 40
0.01
  1

  7
WD
 11
12.275284888151228
 21
3.875025320458437
 31
0.0
100
AcDbAttribute
  2
WDBLKNAM
 70
9
  0
SEQEND
  5
5EC
330
5EB
100
AcDbEntity
  8
SLD_SYMS
  0
MTEXT
  5
5FF
330
17
100
AcDbEntity
  8
SLD_TEXT
100
AcDbMText
 10
12.148
 20
8.61
 30
0.0
 40
0.093
 41
0.0
 71
1
  1
52-F6A\P15kV\P1200A\P18kA
  0
MTEXT
  5
600
330
17
100
AcDbEntity
  8
SLD_TEXT
100
AcDbMText
 10
13.527000000000001
 20
7.88
 30
0.0
 40
0.093
 41
0.0
 71
1
  1
\pxqc;SEL-751\PFEEDER\PPROTECTION\PRELAY
  0
MTEXT
  5
601
330
17
100
AcDbEntity
  8
SLD_TEXT
100
AcDbMText
 10
12.449
 20
3.668
 30
0.0
 40
0.1
 41
0.0
 71
1
  1
\pxqc;SPARE
  0
MTEXT
  5
602
330
17
100
AcDbEntity
  8
SLD_TEXT
100
AcDbMText
 10
11.179
 20
5.549
 30
0.0
 40
0.093
 41
0.0
 71
1
  1
L.A.\P18kV\P15.3kV\PMCOV
  0
LINE
  5
603
330
17
100
AcDbEntity
  8
SLD_WIRE
100
AcDbLine
 10
16.017
 20
18.572
 30
0.0
 11
16.017
 21
15.598
 31
0.0
  0
LINE
  5
604
330
17
100
AcDbEntity
  8
SLD_WIRE
100
AcDbLine
 10
16.017
 20
15.442
 30
0.0
 11
16.017
 21
15.013
 31
0.0
  0
LINE
  5
605
330
17
100
AcDbEntity
  8
SLD_WIRE
100
AcDbLine
 10
16.017
 20
14.092
 30
0.0
 11
16.017
 21
13.736
 31
0.0
  0
LINE
  5
606
330
17
100
AcDbEntity
  8
SLD_WIRE
100
AcDbLine
 10
16.017
 20
13.58
 30
0.0
 11
16.017
 21
12.609
 31
0.0
  0
INSERT
  5
607
330
17
100
AcDbEntity
  8
SLD_SYMS
100
AcDbBlockReference
  2
WDDOT
 10
16.017
 20
12.609
 30
0.0
  0
INSERT
  5
609
330
17
100
AcDbEntity
  8
SLD_SYMS
100
AcDbBlockReference
 66
1
  2
VCN1PJ
 10
16.017
 20
18.635
 30
0.0
 50
180.0
  0
ATTRIB
  5
60B
330
17
100
AcDbEntity
  8
0
100
AcDbText
 10
15.787833333333333
 20
17.785198241045226
 30
0.0
 40
0.125
  1

 50
180.0
  7
WD
 41
0.7
 72
2
 11
15.787833333333333
 21
17.785198241045226
 31
0.0
100
AcDbAttribute
  2
INST
 70
1
  0
ATTRIB
  5
60C
330
17
100
AcDbEntity
  8
0
100
AcDbText
 10
16.00392707310501
 20
18.749640127258495
 30
0.0
 40
0.01
  1

 50
180.0
  7
WD
 11
16.00392707310501
 21
18.749640127258495
 31
0.0
100
AcDbAttribute
  2
X8TERMDESC01
 70
1
  0
ATTRIB
  5
60D
330
17
100
AcDbEntity
  8
0
100
AcDbText
 10
15.990854135500946
 20
18.593390132229306
 30
0.0
 40
0.01
  1

 50
180.0
  7
WD
 11
15.990854135500946
 21
18.593390132229306
 31
0.0
100
AcDbAttribute
  2
X2TERMDESC02
 70
1
  0
ATTRIB
  5
60E
330
17
100
AcDbEntity
  8
0
  6
Continuous
100
AcDbText
 10
16.126075263627577
 20
18.648943482164157
 30
0.0
 40
0.01
  1

 50
180.0
  7
WD
 72
1
 11
16.126075263627577
 21
18.648943482164157
 31
0.0
100
AcDbAttribute
  2
ASSYCODE
 70
9
  0
ATTRIB
  5
60F
330
17
100
AcDbEntity
  8
0
100
AcDbText
 10
16.142
 20
18.6975
 30
0.0
 40
0.01
  1

 50
180.0
  7
WD
 11
16.142
 21
18.6975
 31
0.0
100
AcDbAttribute
  2
X4LINK
 70
1
  0
ATTRIB
  5
610
330
17
100
AcDbEntity
  8
0
100
AcDbText
 10
15.892
 20
18.6975
 30
0.0
 40
0.01
  1

 50
180.0
  7
WD
 11
15.892
 21
18.6975
 31
0.0
100
AcDbAttribute
  2
X1LINK
 70
1
  0
ATTRIB
  5
611
330
17
100
AcDbEntity
  8
0
100
AcDbText
 10
16.0795
 20
17.95479824104523
 30
0.0
 40
0.125
  1

 50
180.0
  7
WD
 41
0.7
 72
2
 11
16.0795
 21
17.95479824104523
 31
0.0
100
AcDbAttribute
  2
LOC
 70
1
  0
ATTRIB
  5
612
330
17
100
AcDbEntity
  8
0
  6
Continuous
100
AcDbText
 10
16.12560689155034
 20
18.634960716777147
 30
0.0
 40
0.01
  1

 50
180.0
  7
WD
 72
1
 11
16.12560689155034
 21
18.634960716777147
 31
0.0
100
AcDbAttribute
  2
MFG
 70
9
  0
ATTRIB
  5
613
330
17
100
AcDbEntity
  8
0
  6
Continuous
100
AcDbText
 10
16.123661845910423
 20
18.615518963069697
 30
0.0
 40
0.01
  1

 50
180.0
  7
WD
 72
1
 11
16.123661845910423
 21
18.615518963069697
 31
0.0
100
AcDbAttribute
  2
CAT
 70
9
  0
ATTRIB
  5
614
330
17
100
AcDbEntity
  8
0
100
AcDbText
 10
16.148715111848773
 20
18.571342547209934
 30
0.0
 40
0.01
  1

 50
180.0
  7
WD
 11
16.148715111848773
 21
18.571342547209934
 31
0.0
100
AcDbAttribute
  2
FAMILY
 70
9
  0
ATTRIB
  5
615
330
17
100
AcDbEntity
  8
0
100
AcDbText
 10
16.0795
 20
18.280721095352337
 30
0.0
 40
0.125
  1

 50
180.0
  7
WD
 41
0.7
 72
2
 11
16.0795
 21
18.280721095352337
 31
0.0
100
AcDbAttribute
  2
DESC2
 70
1
  0
ATTRIB
  5
616
330
17
100
AcDbEntity
  8
0
100
AcDbText
 10
16.0795
 20
18.124474668198783
 30
0.0
 40
0.125
  1

 50
180.0
  7
WD
 41
0.7
 72
2
 11
16.0795
 21
18.124474668198783
 31
0.0
100
AcDbAttribute
  2
DESC1
 70
1
  0
ATTRIB
  5
617
330
17
100
AcDbEntity
  8
0
100
AcDbText
 10
16.28783333333333
 20
18.54125
 30
0.0
 40
0.125
  1

 50
180.0
  7
WD
 72
2
 11
16.0795
 21
18.54125
 31
0.0
100
AcDbAttribute
  2
TAG1
 70
1
  0
ATTRIB
  5
618
330
17
100
AcDbEntity
  8
0
  6
Continuous
100
AcDbText
 10
15.969999999999999
 20
18.91625
 30
0.0
 40
0.125
  1

 50
180.0
  7
WD
 11
15.969999999999999
 21
18.79125
 31
0.0
100
AcDbAttribute
  2
TERM01
 70
9
 74
3
  0
ATTRIB
  5
619
330
17
100
AcDbEntity
  8
0
100
AcDbText
 10
16.017
 20
18.72875
 30
0.0
 40
0.0125
  1

 50
180.0
  7
WD
 11
16.017
 21
18.72875
 31
0.0
100
AcDbAttribute
  2
X8TERM01
 70
1
  0
ATTRIB
  5
61A
330
17
100
AcDbEntity
  8
0
100
AcDbText
 10
16.017
 20
18.5725
 30
0.0
 40
0.0125
  1

 50
180.0
  7
WD
 11
16.017
 21
18.5725
 31
0.0
100
AcDbAttribute
  2
X2TERM02
 70
1
  0
ATTRIB
  5
61B
330
17
100
AcDbEntity
  8
0
  6
Continuous
100
AcDbText
 10
15.969999999999999
 20
18.5725
 30
0.0
 40
0.125
  1

 50
180.0
  7
WD
 11
15.969999999999999
 21
18.5725
 31
0.0
100
AcDbAttribute
  2
TERM02
 70
9
  0
ATTRIB
  5
61C
330
17
100
AcDbEntity
  8
0
100
AcDbText
 10
16.148715111848773
 20
18.589974679541566
 30
0.0
 40
0.01
  1

 50
180.0
  7
WD
 11
16.148715111848773
 21
18.589974679541566
 31
0.0
100
AcDbAttribute
  2
WDBLKNAM
 70
9
  0
SEQEND
  5
60A
330
609
100
AcDbEntity
  8
SLD_SYMS
  0
INSERT
  5
61D
330
17
100
AcDbEntity
  8
SLD_SYMS
100
AcDbBlockReference
  2
WDDOT
 10
16.017
 20
17.879
 30
0.0
  0
LINE
  5
61F
330
17
100
AcDbEntity
  8
SLD_WIRE
100
AcDbLine
 10
16.017
 20
17.879
 30
0.0
 11
16.258
 21
17.879
 31
0.0
  0
CIRCLE
  5
620
330
17
100
AcDbEntity
  8
SLD_SYMS
100
AcDbCircle
 10
16.287
 20
17.879
 30
0.0
 40
0.029
  0
CIRCLE
  5
621
330
17
100
AcDbEntity
  8
SLD_SYMS
100
AcDbCircle
 10
16.412
 20
17.879
 30
0.0
 40
0.029
  0
LINE
  5
622
330
17
100
AcDbEntity
  8
SLD_WIRE
100
AcDbLine
 10
16.441
 20
17.879
 30
0.0
 11
16.634
 21
17.879
 31
0.0
  0
INSERT
  5
623
330
17
100
AcDbEntity
  8
SLD_SYMS
100
AcDbBlockReference
 66
1
  2
HGND2
 10
16.634
 20
17.879
 30
0.0
 50
180.0
  0
ATTRIB
  5
625
330
17
100
AcDbEntity
  8
0
100
AcDbText
 10
16.634
 20
17.879
 30
0.0
 40
0.01
  1

 50
180.0
  7
WD
 11
16.634
 21
17.879
 31
0.0
100
AcDbAttribute
  2
X4TERM01
 70
1
  0
SEQEND
  5
624
330
623
100
AcDbEntity
  8
SLD_SYMS
  0
LWPOLYLINE
  5
626
330
17
100
AcDbEntity
  8
SLD_SYMS
100
AcDbPolyline
 90
4
 70
1
 10
16.532
 20
17.388
 10
17.711
 20
17.388
 10
17.711
 20
16.716
 10
16.532
 20
16.716
  0
INSERT
  5
627
330
17
100
AcDbEntity
  8
SLD_SYMS
100
AcDbBlockReference
 66
1
  2
VXF1CT
 10
16.209
 20
17.072
 30
0.0
  0
ATTRIB
  5
629
330
17
100
AcDbEntity
  8
0
100
AcDbText
 10
15.981916666666667
 20
16.650125
 30
0.0
 40
0.125
  1

  7
WD
 41
0.7
 72
1
 11
15.981916666666667
 21
16.650125
 31
0.0
100
AcDbAttribute
  2
INST
 70
1
  0
ATTRIB
  5
62A
330
17
100
AcDbEntity
  8
0
100
AcDbText
 10
16.209
 20
16.788826474599723
 30
0.0
 40
0.0125
  1

  7
WD
 11
16.209
 21
16.788826474599723
 31
0.0
100
AcDbAttribute
  2
X8TERM01
 70
1
  0
ATTRIB
  5
62B
330
17
100
AcDbEntity
  8
0
100
AcDbText
 10
16.241211762700136
 20
16.82103823729986
 30
0.0
 40
0.0125
  1

  7
WD
 11
16.241211762700136
 21
16.82103823729986
 31
0.0
100
AcDbAttribute
  2
X1TERM01
 70
1
  0
ATTRIB
  5
62C
330
17
100
AcDbEntity
  8
0
  6
Continuous
100
AcDbText
 10
16.154062169619042
 20
16.841456032263782
 30
0.0
 40
0.125
  1

  7
WD
 72
2
 11
16.154062169619042
 21
16.841456032263782
 31
0.0
100
AcDbAttribute
  2
TERM01
 70
9
  0
ATTRIB
  5
62D
330
17
100
AcDbEntity
  8
0
  6
Continuous
100
AcDbText
 10
16.164006916951067
 20
17.338965784883833
 30
0.0
 40
0.125
  1

  7
WD
 72
2
 11
16.164006916951067
 21
17.338965784883833
 31
0.0
100
AcDbAttribute
  2
TERM02
 70
9
  0
ATTRIB
  5
62E
330
17
100
AcDbEntity
  8
0
100
AcDbText
 10
16.241211762700136
 20
17.321038237299863
 30
0.0
 40
0.0125
  1

  7
WD
 11
16.241211762700136
 21
17.321038237299863
 31
0.0
100
AcDbAttribute
  2
X1TERM02
 70
1
  0
ATTRIB
  5
62F
330
17
100
AcDbEntity
  8
0
100
AcDbText
 10
16.209
 20
17.35325
 30
0.0
 40
0.0125
  1

  7
WD
 11
16.209
 21
17.35325
 31
0.0
100
AcDbAttribute
  2
X2TERM02
 70
1
  0
ATTRIB
  5
630
330
17
100
AcDbEntity
  8
0
100
AcDbText
 10
16.49025
 20
16.947
 30
0.0
 40
0.125
  1

  7
WD
 41
0.7
 11
16.49025
 21
16.947
 31
0.0
100
AcDbAttribute
  2
RATING1
 70
1
  0
ATTRIB
  5
631
330
17
100
AcDbEntity
  8
0
100
AcDbText
 10
16.49025
 20
17.10325
 30
0.0
 40
0.125
  1

  7
WD
 11
16.49025
 21
17.10325
 31
0.0
100
AcDbAttribute
  2
TAG1
 70
1
  0
ATTRIB
  5
632
330
17
100
AcDbEntity
  8
0
100
AcDbText
 10
14.948
 20
17.055
 30
0.0
 40
0.125
  1
400:5A (3)
  7
WD
 41
0.7
 72
1
 11
14.948
 21
17.055
 31
0.0
100
AcDbAttribute
  2
DESC1
 70
0
  0
ATTRIB
  5
633
330
17
100
AcDbEntity
  8
0
100
AcDbText
 10
14.822
 20
16.894
 30
0.0
 40
0.125
  1
CT C200 MR
  7
WD
 41
0.7
 72
1
 11
14.822
 21
16.894
 31
0.0
100
AcDbAttribute
  2
DESC2
 70
0
  0
ATTRIB
  5
634
330
17
100
AcDbEntity
  8
0
100
AcDbText
 10
16.008470622272792
 20
16.470951758954772
 30
0.0
 40
0.125
  1

  7
WD
 41
0.7
 72
1
 11
16.008470622272792
 21
16.470951758954772
 31
0.0
100
AcDbAttribute
  2
LOC
 70
1
  0
ATTRIB
  5
635
330
17
100
AcDbEntity
  8
0
  6
Continuous
100
AcDbText
 10
16.038069824898972
 20
17.19095535038637
 30
0.0
 40
0.01
  1

  7
WD
 72
1
 11
16.038069824898972
 21
17.19095535038637
 31
0.0
100
AcDbAttribute
  2
ASSYCODE
 70
9
  0
ATTRIB
  5
636
330
17
100
AcDbEntity
  8
0
100
AcDbText
 10
16.016291666666667
 20
17.025125
 30
0.0
 40
0.125
  1

  7
WD
 72
1
 11
16.162125
 21
17.025125
 31
0.0
100
AcDbAttribute
  2
TYPE
 70
1
  0
ATTRIB
  5
637
330
17
100
AcDbEntity
  8
0
100
AcDbText
 10
16.013192775900368
 20
17.262690293718368
 30
0.0
 40
0.01
  1

  7
WD
 11
16.013192775900368
 21
17.262690293718368
 31
0.0
100
AcDbAttribute
  2
FAMILY
 70
9
  0
ATTRIB
  5
638
330
17
100
AcDbEntity
  8
0
  6
Continuous
100
AcDbText
 10
16.03824604183872
 20
17.234138877858605
 30
0.0
 40
0.01
  1

  7
WD
 72
1
 11
16.03824604183872
 21
17.234138877858605
 31
0.0
100
AcDbAttribute
  2
CAT
 70
9
  0
ATTRIB
  5
639
330
17
100
AcDbEntity
  8
0
  6
Continuous
100
AcDbText
 10
16.036300996198797
 20
17.214697124151154
 30
0.0
 40
0.01
  1

  7
WD
 72
1
 11
16.036300996198797
 21
17.214697124151154
 31
0.0
100
AcDbAttribute
  2
MFG
 70
9
  0
SEQEND
  5
628
330
627
100
AcDbEntity
  8
SLD_SYMS
  0
INSERT
  5
63A
330
17
100
AcDbEntity
  8
SLD_SYMS
100
AcDbBlockReference
  2
WDDOT
 10
16.066
 20
17.367
 30
0.0
  0
MTEXT
  5
63C
330
17
100
AcDbEntity
  8
SLD_TEXT
100
AcDbMText
 10
15.125
 20
16.849
 30
0.0
 40
0.1
 41
0.0
 71
1
  1
\pxqc;1%%C
  0
LWPOLYLINE
  5
63D
330
17
100
AcDbEntity
  8
SLD_SYMS
100
AcDbPolyline
 90
4
 70
1
 10
16.6751
 20
16.4384
 10
16.8068
 20
16.4384
 10
16.8068
 20
16.3157
 10
16.6751
 20
16.3157
  0
LINE
  5
63E
330
17
100
AcDbEntity
  8
SLD_SYMS
100
AcDbLine
 10
16.8068
 20
16.4384
 30
0.0
 11
16.6751
 21
16.4384
 31
0.0
  0
LINE
  5
63F
330
17
100
AcDbEntity
  8
SLD_SYMS
100
AcDbLine
 10
16.6751
 20
16.3157
 30
0.0
 11
16.8068
 21
16.4384
 31
0.0
  0
LINE
  5
640
330
17
100
AcDbEntity
  8
SLD_SYMS
100
AcDbLine
 10
16.6751
 20
16.4384
 30
0.0
 11
16.8068
 21
16.3157
 31
0.0
  0
INSERT
  5
641
330
17
100
AcDbEntity
  8
SLD_SYMS
100
AcDbBlockReference
 66
1
  2
VXF1CT
 10
16.209
 20
16.128
 30
0.0
  0
ATTRIB
  5
643
330
17
100
AcDbEntity
  8
0
100
AcDbText
 10
15.981916666666667
 20
15.706125
 30
0.0
 40
0.125
  1

  7
WD
 41
0.7
 72
1
 11
15.981916666666667
 21
15.706125
 31
0.0
100
AcDbAttribute
  2
INST
 70
1
  0
ATTRIB
  5
644
330
17
100
AcDbEntity
  8
0
100
AcDbText
 10
16.209
 20
15.844826474599724
 30
0.0
 40
0.0125
  1

  7
WD
 11
16.209
 21
15.844826474599724
 31
0.0
100
AcDbAttribute
  2
X8TERM01
 70
1
  0
ATTRIB
  5
645
330
17
100
AcDbEntity
  8
0
100
AcDbText
 10
16.241211762700136
 20
15.877038237299862
 30
0.0
 40
0.0125
  1

  7
WD
 11
16.241211762700136
 21
15.877038237299862
 31
0.0
100
AcDbAttribute
  2
X1TERM01
 70
1
  0
ATTRIB
  5
646
330
17
100
AcDbEntity
  8
0
  6
Continuous
100
AcDbText
 10
16.154062169619042
 20
15.897456032263783
 30
0.0
 40
0.125
  1

  7
WD
 72
2
 11
16.154062169619042
 21
15.897456032263783
 31
0.0
100
AcDbAttribute
  2
TERM01
 70
9
  0
ATTRIB
  5
647
330
17
100
AcDbEntity
  8
0
  6
Continuous
100
AcDbText
 10
16.164006916951067
 20
16.394965784883833
 30
0.0
 40
0.125
  1

  7
WD
 72
2
 11
16.164006916951067
 21
16.394965784883833
 31
0.0
100
AcDbAttribute
  2
TERM02
 70
9
  0
ATTRIB
  5
648
330
17
100
AcDbEntity
  8
0
100
AcDbText
 10
16.241211762700136
 20
16.377038237299864
 30
0.0
 40
0.0125
  1

  7
WD
 11
16.241211762700136
 21
16.377038237299864
 31
0.0
100
AcDbAttribute
  2
X1TERM02
 70
1
  0
ATTRIB
  5
649
330
17
100
AcDbEntity
  8
0
100
AcDbText
 10
16.209
 20
16.40925
 30
0.0
 40
0.0125
  1

  7
WD
 11
16.209
 21
16.40925
 31
0.0
100
AcDbAttribute
  2
X2TERM02
 70
1
  0
ATTRIB
  5
64A
330
17
100
AcDbEntity
  8
0
100
AcDbText
 10
16.49025
 20
16.003
 30
0.0
 40
0.125
  1

  7
WD
 41
0.7
 11
16.49025
 21
16.003
 31
0.0
100
AcDbAttribute
  2
RATING1
 70
1
  0
ATTRIB
  5
64B
330
17
100
AcDbEntity
  8
0
100
AcDbText
 10
16.49025
 20
16.15925
 30
0.0
 40
0.125
  1

  7
WD
 11
16.49025
 21
16.15925
 31
0.0
100
AcDbAttribute
  2
TAG1
 70
1
  0
ATTRIB
  5
64C
330
17
100
AcDbEntity
  8
0
100
AcDbText
 10
14.919
 20
16.111
 30
0.0
 40
0.125
  1
1200:5A (3)
  7
WD
 41
0.7
 72
1
 11
14.919
 21
16.111
 31
0.0
100
AcDbAttribute
  2
DESC1
 70
0
  0
ATTRIB
  5
64D
330
17
100
AcDbEntity
  8
0
100
AcDbText
 10
14.822
 20
15.95
 30
0.0
 40
0.125
  1
CT C200 MR
  7
WD
 41
0.7
 72
1
 11
14.822
 21
15.95
 31
0.0
100
AcDbAttribute
  2
DESC2
 70
0
  0
ATTRIB
  5
64E
330
17
100
AcDbEntity
  8
0
100
AcDbText
 10
16.008470622272792
 20
15.526951758954773
 30
0.0
 40
0.125
  1

  7
WD
 41
0.7
 72
1
 11
16.008470622272792
 21
15.526951758954773
 31
0.0
100
AcDbAttribute
  2
LOC
 70
1
  0
ATTRIB
  5
64F
330
17
100
AcDbEntity
  8
0
  6
Continuous
100
AcDbText
 10
16.038069824898972
 20
16.246955350386372
 30
0.0
 40
0.01
  1

  7
WD
 72
1
 11
16.038069824898972
 21
16.246955350386372
 31
0.0
100
AcDbAttribute
  2
ASSYCODE
 70
9
  0
ATTRIB
  5
650
330
17
100
AcDbEntity
  8
0
100
AcDbText
 10
16.016291666666667
 20
16.081125
 30
0.0
 40
0.125
  1

  7
WD
 72
1
 11
16.162125
 21
16.081125
 31
0.0
100
AcDbAttribute
  2
TYPE
 70
1
  0
ATTRIB
  5
651
330
17
100
AcDbEntity
  8
0
100
AcDbText
 10
16.013192775900368
 20
16.31869029371837
 30
0.0
 40
0.01
  1

  7
WD
 11
16.013192775900368
 21
16.31869029371837
 31
0.0
100
AcDbAttribute
  2
FAMILY
 70
9
  0
ATTRIB
  5
652
330
17
100
AcDbEntity
  8
0
  6
Continuous
100
AcDbText
 10
16.03824604183872
 20
16.290138877858606
 30
0.0
 40
0.01
  1

  7
WD
 72
1
 11
16.03824604183872
 21
16.290138877858606
 31
0.0
100
AcDbAttribute
  2
CAT
 70
9
  0
ATTRIB
  5
653
330
17
100
AcDbEntity
  8
0
  6
Continuous
100
AcDbText
 10
16.036300996198797
 20
16.270697124151155
 30
0.0
 40
0.01
  1

  7
WD
 72
1
 11
16.036300996198797
 21
16.270697124151155
 31
0.0
100
AcDbAttribute
  2
MFG
 70
9
  0
SEQEND
  5
642
330
641
100
AcDbEntity
  8
SLD_SYMS
  0
INSERT
  5
654
330
17
100
AcDbEntity
  8
SLD_SYMS
100
AcDbBlockReference
  2
WDDOT
 10
16.066
 20
16.423000000000002
 30
0.0
  0
MTEXT
  5
656
330
17
100
AcDbEntity
  8
SLD_TEXT
100
AcDbMText
 10
15.132
 20
15.9
 30
0.0
 40
0.1
 41
0.0
 71
1
  1
\pxqc;1%%C
  0
INSERT
  5
657
330
17
100
AcDbEntity
  8
SLD_SYMS
100
AcDbBlockReference
 66
1
  2
VCN1PJ
 10
16.017
 20
15.535
 30
0.0
  0
ATTRIB
  5
659
330
17
100
AcDbEntity
  8
0
100
AcDbText
 10
16.246166666666667
 20
16.384801758954776
 30
0.0
 40
0.125
  1

  7
WD
 41
0.7
 72
2
 11
16.246166666666667
 21
16.384801758954776
 31
0.0
100
AcDbAttribute
  2
INST
 70
1
  0
ATTRIB
  5
65A
330
17
100
AcDbEntity
  8
0
100
AcDbText
 10
16.030072926894988
 20
15.420359872741505
 30
0.0
 40
0.01
  1

  7
WD
 11
16.030072926894988
 21
15.420359872741505
 31
0.0
100
AcDbAttribute
  2
X8TERMDESC01
 70
1
  0
ATTRIB
  5
65B
330
17
100
AcDbEntity
  8
0
100
AcDbText
 10
16.043145864499053
 20
15.576609867770696
 30
0.0
 40
0.01
  1

  7
WD
 11
16.043145864499053
 21
15.576609867770696
 31
0.0
100
AcDbAttribute
  2
X2TERMDESC02
 70
1
  0
ATTRIB
  5
65C
330
17
100
AcDbEntity
  8
0
  6
Continuous
100
AcDbText
 10
15.907924736372424
 20
15.521056517835845
 30
0.0
 40
0.01
  1

  7
WD
 72
1
 11
15.907924736372424
 21
15.521056517835845
 31
0.0
100
AcDbAttribute
  2
ASSYCODE
 70
9
  0
ATTRIB
  5
65D
330
17
100
AcDbEntity
  8
0
100
AcDbText
 10
15.892
 20
15.4725
 30
0.0
 40
0.01
  1

  7
WD
 11
15.892
 21
15.4725
 31
0.0
100
AcDbAttribute
  2
X4LINK
 70
1
  0
ATTRIB
  5
65E
330
17
100
AcDbEntity
  8
0
100
AcDbText
 10
16.142
 20
15.4725
 30
0.0
 40
0.01
  1

  7
WD
 11
16.142
 21
15.4725
 31
0.0
100
AcDbAttribute
  2
X1LINK
 70
1
  0
ATTRIB
  5
65F
330
17
100
AcDbEntity
  8
0
100
AcDbText
 10
15.9545
 20
16.215201758954773
 30
0.0
 40
0.125
  1

  7
WD
 41
0.7
 72
2
 11
15.9545
 21
16.215201758954773
 31
0.0
100
AcDbAttribute
  2
LOC
 70
1
  0
ATTRIB
  5
660
330
17
100
AcDbEntity
  8
0
  6
Continuous
100
AcDbText
 10
15.908393108449658
 20
15.535039283222856
 30
0.0
 40
0.01
  1

  7
WD
 72
1
 11
15.908393108449658
 21
15.535039283222856
 31
0.0
100
AcDbAttribute
  2
MFG
 70
9
  0
ATTRIB
  5
661
330
17
100
AcDbEntity
  8
0
  6
Continuous
100
AcDbText
 10
15.910338154089578
 20
15.554481036930307
 30
0.0
 40
0.01
  1

  7
WD
 72
1
 11
15.910338154089578
 21
15.554481036930307
 31
0.0
100
AcDbAttribute
  2
CAT
 70
9
  0
ATTRIB
  5
662
330
17
100
AcDbEntity
  8
0
100
AcDbText
 10
15.885284888151228
 20
15.59865745279007
 30
0.0
 40
0.01
  1

  7
WD
 11
15.885284888151228
 21
15.59865745279007
 31
0.0
100
AcDbAttribute
  2
FAMILY
 70
9
  0
ATTRIB
  5
663
330
17
100
AcDbEntity
  8
0
100
AcDbText
 10
15.9545
 20
15.889278904647664
 30
0.0
 40
0.125
  1

  7
WD
 41
0.7
 72
2
 11
15.9545
 21
15.889278904647664
 31
0.0
100
AcDbAttribute
  2
DESC2
 70
1
  0
ATTRIB
  5
664
330
17
100
AcDbEntity
  8
0
100
AcDbText
 10
15.9545
 20
16.04552533180122
 30
0.0
 40
0.125
  1

  7
WD
 41
0.7
 72
2
 11
15.9545
 21
16.04552533180122
 31
0.0
100
AcDbAttribute
  2
DESC1
 70
1
  0
ATTRIB
  5
665
330
17
100
AcDbEntity
  8
0
100
AcDbText
 10
15.746166666666666
 20
15.62875
 30
0.0
 40
0.125
  1

  7
WD
 72
2
 11
15.9545
 21
15.62875
 31
0.0
100
AcDbAttribute
  2
TAG1
 70
1
  0
ATTRIB
  5
666
330
17
100
AcDbEntity
  8
0
  6
Continuous
100
AcDbText
 10
16.064
 20
15.25375
 30
0.0
 40
0.125
  1

  7
WD
 11
16.064
 21
15.37875
 31
0.0
100
AcDbAttribute
  2
TERM01
 70
9
 74
3
  0
ATTRIB
  5
667
330
17
100
AcDbEntity
  8
0
100
AcDbText
 10
16.017
 20
15.44125
 30
0.0
 40
0.0125
  1

  7
WD
 11
16.017
 21
15.44125
 31
0.0
100
AcDbAttribute
  2
X8TERM01
 70
1
  0
ATTRIB
  5
668
330
17
100
AcDbEntity
  8
0
100
AcDbText
 10
16.017
 20
15.5975
 30
0.0
 40
0.0125
  1

  7
WD
 11
16.017
 21
15.5975
 31
0.0
100
AcDbAttribute
  2
X2TERM02
 70
1
  0
ATTRIB
  5
669
330
17
100
AcDbEntity
  8
0
  6
Continuous
100
AcDbText
 10
16.064
 20
15.5975
 30
0.0
 40
0.125
  1

  7
WD
 11
16.064
 21
15.5975
 31
0.0
100
AcDbAttribute
  2
TERM02
 70
9
  0
ATTRIB
  5
66A
330
17
100
AcDbEntity
  8
0
100
AcDbText
 10
15.885284888151228
 20
15.580025320458438
 30
0.0
 40
0.01
  1

  7
WD
 11
15.885284888151228
 21
15.580025320458438
 31
0.0
100
AcDbAttribute
  2
WDBLKNAM
 70
9
  0
SEQEND
  5
658
330
657
100
AcDbEntity
  8
SLD_SYMS
  0
LWPOLYLINE
  5
66B
330
17
100
AcDbEntity
  8
SLD_SYMS
100
AcDbPolyline
 90
4
 70
1
 10
15.602
 20
15.013
 10
16.392
 20
15.013
 10
16.392
 20
14.092
 10
15.602
 20
14.092
  0
INSERT
  5
66C
330
17
100
AcDbEntity
  8
SLD_SYMS
100
AcDbBlockReference
 66
1
  2
VCN1PJ
 10
16.017
 20
13.643
 30
0.0
 50
180.0
  0
ATTRIB
  5
66E
330
17
100
AcDbEntity
  8
0
100
AcDbText
 10
15.787833333333333
 20
12.793198241045227
 30
0.0
 40
0.125
  1

 50
180.0
  7
WD
 41
0.7
 72
2
 11
15.787833333333333
 21
12.793198241045227
 31
0.0
100
AcDbAttribute
  2
INST
 70
1
  0
ATTRIB
  5
66F
330
17
100
AcDbEntity
  8
0
100
AcDbText
 10
16.00392707310501
 20
13.757640127258496
 30
0.0
 40
0.01
  1

 50
180.0
  7
WD
 11
16.00392707310501
 21
13.757640127258496
 31
0.0
100
AcDbAttribute
  2
X8TERMDESC01
 70
1
  0
ATTRIB
  5
670
330
17
100
AcDbEntity
  8
0
100
AcDbText
 10
15.990854135500946
 20
13.601390132229305
 30
0.0
 40
0.01
  1

 50
180.0
  7
WD
 11
15.990854135500946
 21
13.601390132229305
 31
0.0
100
AcDbAttribute
  2
X2TERMDESC02
 70
1
  0
ATTRIB
  5
671
330
17
100
AcDbEntity
  8
0
  6
Continuous
100
AcDbText
 10
16.126075263627577
 20
13.656943482164156
 30
0.0
 40
0.01
  1

 50
180.0
  7
WD
 72
1
 11
16.126075263627577
 21
13.656943482164156
 31
0.0
100
AcDbAttribute
  2
ASSYCODE
 70
9
  0
ATTRIB
  5
672
330
17
100
AcDbEntity
  8
0
100
AcDbText
 10
16.142
 20
13.7055
 30
0.0
 40
0.01
  1

 50
180.0
  7
WD
 11
16.142
 21
13.7055
 31
0.0
100
AcDbAttribute
  2
X4LINK
 70
1
  0
ATTRIB
  5
673
330
17
100
AcDbEntity
  8
0
100
AcDbText
 10
15.892
 20
13.7055
 30
0.0
 40
0.01
  1

 50
180.0
  7
WD
 11
15.892
 21
13.7055
 31
0.0
100
AcDbAttribute
  2
X1LINK
 70
1
  0
ATTRIB
  5
674
330
17
100
AcDbEntity
  8
0
100
AcDbText
 10
16.0795
 20
12.962798241045226
 30
0.0
 40
0.125
  1

 50
180.0
  7
WD
 41
0.7
 72
2
 11
16.0795
 21
12.962798241045226
 31
0.0
100
AcDbAttribute
  2
LOC
 70
1
  0
ATTRIB
  5
675
330
17
100
AcDbEntity
  8
0
  6
Continuous
100
AcDbText
 10
16.12560689155034
 20
13.642960716777145
 30
0.0
 40
0.01
  1

 50
180.0
  7
WD
 72
1
 11
16.12560689155034
 21
13.642960716777145
 31
0.0
100
AcDbAttribute
  2
MFG
 70
9
  0
ATTRIB
  5
676
330
17
100
AcDbEntity
  8
0
  6
Continuous
100
AcDbText
 10
16.123661845910423
 20
13.623518963069694
 30
0.0
 40
0.01
  1

 50
180.0
  7
WD
 72
1
 11
16.123661845910423
 21
13.623518963069694
 31
0.0
100
AcDbAttribute
  2
CAT
 70
9
  0
ATTRIB
  5
677
330
17
100
AcDbEntity
  8
0
100
AcDbText
 10
16.148715111848773
 20
13.579342547209931
 30
0.0
 40
0.01
  1

 50
180.0
  7
WD
 11
16.148715111848773
 21
13.579342547209931
 31
0.0
100
AcDbAttribute
  2
FAMILY
 70
9
  0
ATTRIB
  5
678
330
17
100
AcDbEntity
  8
0
100
AcDbText
 10
16.0795
 20
13.288721095352336
 30
0.0
 40
0.125
  1

 50
180.0
  7
WD
 41
0.7
 72
2
 11
16.0795
 21
13.288721095352336
 31
0.0
100
AcDbAttribute
  2
DESC2
 70
1
  0
ATTRIB
  5
679
330
17
100
AcDbEntity
  8
0
100
AcDbText
 10
16.0795
 20
13.132474668198782
 30
0.0
 40
0.125
  1

 50
180.0
  7
WD
 41
0.7
 72
2
 11
16.0795
 21
13.132474668198782
 31
0.0
100
AcDbAttribute
  2
DESC1
 70
1
  0
ATTRIB
  5
67A
330
17
100
AcDbEntity
  8
0
100
AcDbText
 10
16.28783333333333
 20
13.54925
 30
0.0
 40
0.125
  1

 50
180.0
  7
WD
 72
2
 11
16.0795
 21
13.54925
 31
0.0
100
AcDbAttribute
  2
TAG1
 70
1
  0
ATTRIB
  5
67B
330
17
100
AcDbEntity
  8
0
  6
Continuous
100
AcDbText
 10
15.969999999999999
 20
13.92425
 30
0.0
 40
0.125
  1

 50
180.0
  7
WD
 11
15.969999999999999
 21
13.79925
 31
0.0
100
AcDbAttribute
  2
TERM01
 70
9
 74
3
  0
ATTRIB
  5
67C
330
17
100
AcDbEntity
  8
0
100
AcDbText
 10
16.017
 20
13.73675
 30
0.0
 40
0.0125
  1

 50
180.0
  7
WD
 11
16.017
 21
13.73675
 31
0.0
100
AcDbAttribute
  2
X8TERM01
 70
1
  0
ATTRIB
  5
67D
330
17
100
AcDbEntity
  8
0
100
AcDbText
 10
16.017
 20
13.5805
 30
0.0
 40
0.0125
  1

 50
180.0
  7
WD
 11
16.017
 21
13.5805
 31
0.0
100
AcDbAttribute
  2
X2TERM02
 70
1
  0
ATTRIB
  5
67E
330
17
100
AcDbEntity
  8
0
  6
Continuous
100
AcDbText
 10
15.969999999999999
 20
13.5805
 30
0.0
 40
0.125
  1

 50
180.0
  7
WD
 11
15.969999999999999
 21
13.5805
 31
0.0
100
AcDbAttribute
  2
TERM02
 70
9
  0
ATTRIB
  5
67F
330
17
100
AcDbEntity
  8
0
100
AcDbText
 10
16.148715111848773
 20
13.597974679541563
 30
0.0
 40
0.01
  1

 50
180.0
  7
WD
 11
16.148715111848773
 21
13.597974679541563
 31
0.0
100
AcDbAttribute
  2
WDBLKNAM
 70
9
  0
SEQEND
  5
66D
330
66C
100
AcDbEntity
  8
SLD_SYMS
  0
INSERT
  5
680
330
17
100
AcDbEntity
  8
SLD_SYMS
100
AcDbBlockReference
 66
1
  2
VFU1
 10
17.121
 20
13.643
 30
0.0
  0
ATTRIB
  5
682
330
17
100
AcDbEntity
  8
0
100
AcDbText
 10
17.4022499989574
 20
13.268000000708662
 30
0.0
 40
0.0625
  1

  7
WD
 41
0.7
 11
17.4022499989574
 21
13.268000000708662
 31
0.0
100
AcDbAttribute
  2
DESC3
 70
1
  0
ATTRIB
  5
683
330
17
100
AcDbEntity
  8
0
100
AcDbText
 10
17.4022499989574
 20
13.352584657032297
 30
0.0
 40
0.0625
  1

  7
WD
 41
0.7
 11
17.4022499989574
 21
13.352584657032297
 31
0.0
100
AcDbAttribute
  2
DESC2
 70
1
  0
ATTRIB
  5
684
330
17
100
AcDbEntity
  8
0
100
AcDbText
 10
17.4022499989574
 20
13.446744936220037
 30
0.0
 40
0.0625
  1

  7
WD
 41
0.7
 11
17.4022499989574
 21
13.446744936220037
 31
0.0
100
AcDbAttribute
  2
DESC1
 70
1
  0
ATTRIB
  5
685
330
17
100
AcDbEntity
  8
0
100
AcDbText
 10
17.40225
 20
13.805925
 30
0.0
 40
0.0625
  1

  7
WD
 41
0.7
 11
17.40225
 21
13.805925
 31
0.0
100
AcDbAttribute
  2
INST
 70
1
  0
ATTRIB
  5
686
330
17
100
AcDbEntity
  8
0
 62
7
100
AcDbText
 10
16.996
 20
13.643
 30
0.0
 40
0.01
  1

  7
WD
 11
16.996
 21
13.643
 31
0.0
100
AcDbAttribute
  2
X4LINK
 70
1
  0
ATTRIB
  5
687
330
17
100
AcDbEntity
  8
0
 62
7
100
AcDbText
 10
17.261625
 20
13.643
 30
0.0
 40
0.01
  1

  7
WD
 11
17.261625
 21
13.643
 31
0.0
100
AcDbAttribute
  2
X1LINK
 70
1
  0
ATTRIB
  5
688
330
17
100
AcDbEntity
  8
0
  6
Continuous
100
AcDbText
 10
17.02251636756395
 20
13.534940348433866
 30
0.0
 40
0.01
  1

  7
WD
 72
1
 11
17.02251636756395
 21
13.534940348433866
 31
0.0
100
AcDbAttribute
  2
ASSYCODE
 70
9
  0
ATTRIB
  5
689
330
17
100
AcDbEntity
  8
0
100
AcDbText
 10
17.27919143797307
 20
13.58237500000005
 30
0.0
 40
0.109375
  1

  7
WD
 41
0.9
 11
17.27919143797307
 21
13.58237500000005
 31
0.0
100
AcDbAttribute
  2
TAG1
 70
1
  0
ATTRIB
  5
68A
330
17
100
AcDbEntity
  8
0
100
AcDbText
 10
17.40225
 20
13.721125
 30
0.0
 40
0.0625
  1

  7
WD
 41
0.7
 11
17.40225
 21
13.721125
 31
0.0
100
AcDbAttribute
  2
LOC
 70
1
  0
ATTRIB
  5
68B
330
17
100
AcDbEntity
  8
0
  6
Continuous
100
AcDbText
 10
17.066029620844343
 20
13.84962661600492
 30
0.0
 40
0.0625
  1

  7
WD
 72
2
 11
17.066029620844343
 21
13.84962661600492
 31
0.0
100
AcDbAttribute
  2
TERM01
 70
9
  0
ATTRIB
  5
68C
330
17
100
AcDbEntity
  8
0
  6
Continuous
100
AcDbText
 10
17.080298778392002
 20
13.367052969349004
 30
0.0
 40
0.0625
  1

  7
WD
 72
2
 11
17.080298778392002
 21
13.429552969349004
 31
0.0
100
AcDbAttribute
  2
TERM02
 70
9
 74
3
  0
ATTRIB
  5
68D
330
17
100
AcDbEntity
  8
0
 62
7
100
AcDbText
 10
17.121
 20
13.8305
 30
0.0
 40
0.0109375
  1

  7
WD
 11
17.121
 21
13.8305
 31
0.0
100
AcDbAttribute
  2
X2TERM01
 70
1
  0
ATTRIB
  5
68E
330
17
100
AcDbEntity
  8
0
 62
7
100
AcDbText
 10
17.121
 20
13.4555
 30
0.0
 40
0.0109375
  1

  7
WD
 11
17.121
 21
13.4555
 31
0.0
100
AcDbAttribute
  2
X8TERM02
 70
1
  0
ATTRIB
  5
68F
330
17
100
AcDbEntity
  8
0
100
AcDbText
 10
17.024716414340325
 20
13.606540457527665
 30
0.0
 40
0.01
  1

  7
WD
 72
2
 11
17.041383081006995
 21
13.606540457527665
 31
0.0
100
AcDbAttribute
  2
FAMILY
 70
9
  0
ATTRIB
  5
690
330
17
100
AcDbEntity
  8
0
  6
Continuous
100
AcDbText
 10
17.041383081006995
 20
13.569873790860997
 30
0.0
 40
0.01
  1

  7
WD
 72
2
 11
17.041383081006995
 21
13.569873790860997
 31
0.0
100
AcDbAttribute
  2
CAT
 70
9
  0
ATTRIB
  5
691
330
17
100
AcDbEntity
  8
0
  6
Continuous
100
AcDbText
 10
17.041383081006995
 20
13.554873790860999
 30
0.0
 40
0.01
  1

  7
WD
 72
2
 11
17.041383081006995
 21
13.554873790860999
 31
0.0
100
AcDbAttribute
  2
MFG
 70
9
  0
ATTRIB
  5
692
330
17
100
AcDbEntity
  8
0
100
AcDbText
 10
17.2533
 20
13.6098
 30
0.0
 40
0.09375
  1
6A
 50
90.0
  7
WD
 41
0.7
 72
1
 11
17.2533
 21
13.6098
 31
0.0
100
AcDbAttribute
  2
RATING1
 70
0
 74
2
  0
SEQEND
  5
681
330
680
100
AcDbEntity
  8
SLD_SYMS
  0
LWPOLYLINE
  5
693
330
17
100
AcDbEntity
  8
SLD_SYMS
100
AcDbPolyline
 90
4
 70
1
 10
15.0346
 20
21.2784
 10
16.1148
 20
21.2784
 10
16.1148
 20
19.9919
 10
15.0346
 20
19.9919
  0
MTEXT
  5
694
330
17
100
AcDbEntity
  8
SLD_TEXT
100
AcDbMText
 10
15.2374
 20
21.1503
 30
0.0
 40
0.1
 41
0.0
 71
1
  1
PP-1\P10CCT\P480V\P3PH, 4W\P600A BUS\P600A MB
  0
LINE
  5
695
330
17
100
AcDbEntity
  8
SLD_CONTROL
100
AcDbLine
 10
16.1148
 20
20.6351
 30
0.0
 11
17.3519
 21
20.6351
 31
0.0
  0
INSERT
  5
696
330
17
100
AcDbEntity
  8
SLD_SYMS
100
AcDbBlockReference
 66
1
  2
HXF1T1_1-
 10
17.5081
 20
20.6351
 30
0.0
  0
ATTRIB
  5
698
330
17
100
AcDbEntity
  8
0
  6
Continuous
100
AcDbText
 10
17.72685
 20
20.6976
 30
0.0
 40
0.01
  1

  7
WD
 72
1
 11
17.72685
 21
20.6976
 31
0.0
100
AcDbAttribute
  2
ASSYCODE
 70
9
  0
ATTRIB
  5
699
330
17
100
AcDbEntity
  8
0
100
AcDbText
 10
17.5081
 20
20.79135
 30
0.0
 40
0.01
  1

  7
WD
 11
17.5081
 21
20.79135
 31
0.0
100
AcDbAttribute
  2
X2LINK
 70
1
  0
ATTRIB
  5
69A
330
17
100
AcDbEntity
  8
0
100
AcDbText
 10
17.5081
 20
20.463225
 30
0.0
 40
0.01
  1

  7
WD
 11
17.5081
 21
20.463225
 31
0.0
100
AcDbAttribute
  2
X8LINK
 70
1
  0
ATTRIB
  5
69B
330
17
100
AcDbEntity
  8
0
  6
Continuous
100
AcDbText
 10
17.735897819576856
 20
20.72382665965915
 30
0.0
 40
0.01
  1

  7
WD
 72
1
 11
17.735897819576856
 21
20.72382665965915
 31
0.0
100
AcDbAttribute
  2
MFG
 70
9
  0
ATTRIB
  5
69C
330
17
100
AcDbEntity
  8
0
  6
Continuous
100
AcDbText
 10
17.737842865216773
 20
20.743268413366604
 30
0.0
 40
0.01
  1

  7
WD
 72
1
 11
17.737842865216773
 21
20.743268413366604
 31
0.0
100
AcDbAttribute
  2
CAT
 70
9
  0
ATTRIB
  5
69D
330
17
100
AcDbEntity
  8
0
100
AcDbText
 10
17.714345994946914
 20
20.765665050798624
 30
0.0
 40
0.01
  1

  7
WD
 11
17.714345994946914
 21
20.765665050798624
 31
0.0
100
AcDbAttribute
  2
FAMILY
 70
9
  0
ATTRIB
  5
69E
330
17
100
AcDbEntity
  8
0
100
AcDbText
 10
17.714345994946914
 20
20.675172249971904
 30
0.0
 40
0.01
  1

  7
WD
 11
17.714345994946914
 21
20.675172249971904
 31
0.0
100
AcDbAttribute
  2
CONTACT
 70
9
  0
ATTRIB
  5
69F
330
17
100
AcDbEntity
  8
0
100
AcDbText
 10
17.273838621983597
 20
20.709855893253497
 30
0.0
 40
0.01
  1

  7
WD
 72
2
 11
17.28717195531693
 21
20.709855893253497
 31
0.0
100
AcDbAttribute
  2
WDTYPE
 70
9
  0
ATTRIB
  5
6A0
330
17
100
AcDbEntity
  8
0
100
AcDbText
 10
17.495741898763423
 20
21.226975001489045
 30
0.0
 40
0.125
  1

  7
WD
 41
0.85
 72
1
 11
17.495741898763423
 21
21.226975001489045
 31
0.0
100
AcDbAttribute
  2
INST
 70
1
  0
ATTRIB
  5
6A1
330
17
100
AcDbEntity
  8
0
100
AcDbText
 10
17.409141670069825
 20
20.885100001489093
 30
0.0
 40
0.125
  1

  7
WD
 41
0.85
 72
1
 11
17.497683336736493
 21
20.885100001489093
 31
0.0
100
AcDbAttribute
  2
TAG1
 70
1
  0
ATTRIB
  5
6A2
330
17
100
AcDbEntity
  8
0
100
AcDbText
 10
17.495741898763423
 20
21.055100001489045
 30
0.0
 40
0.125
  1

  7
WD
 41
0.85
 72
1
 11
17.495741898763423
 21
21.055100001489045
 31
0.0
100
AcDbAttribute
  2
LOC
 70
1
  0
ATTRIB
  5
6A3
330
17
100
AcDbEntity
  8
0
100
AcDbText
 10
16.9879
 20
20.8149
 30
0.0
 40
0.125
  1
50KVA, 1PH
  7
WD
 41
0.85
 72
1
 11
16.9879
 21
20.8149
 31
0.0
100
AcDbAttribute
  2
DESC2
 70
0
  0
ATTRIB
  5
6A4
330
17
100
AcDbEntity
  8
0
100
AcDbText
 10
17.255799999999997
 20
20.9619
 30
0.0
 40
0.125
  1
XFMR-LP1
  7
WD
 41
0.85
 72
1
 11
17.255799999999997
 21
20.9619
 31
0.0
100
AcDbAttribute
  2
DESC1
 70
0
  0
ATTRIB
  5
6A5
330
17
100
AcDbEntity
  8
0
100
AcDbText
 10
16.9879
 20
20.667900000000003
 30
0.0
 40
0.125
  1
240V/120V
  7
WD
 41
0.85
 72
1
 11
16.9879
 21
20.667900000000003
 31
0.0
100
AcDbAttribute
  2
DESC3
 70
0
  0
ATTRIB
  5
6A6
330
17
100
AcDbEntity
  8
0
 62
7
100
AcDbText
 10
17.66435
 20
20.6351
 30
0.0
 40
0.0125
  1

  7
WD
 11
17.66435
 21
20.6351
 31
0.0
100
AcDbAttribute
  2
X1TERM02
 70
1
  0
ATTRIB
  5
6A7
330
17
100
AcDbEntity
  8
0
 62
7
100
AcDbText
 10
17.35185
 20
20.6351
 30
0.0
 40
0.0125
  1

  7
WD
 11
17.35185
 21
20.6351
 31
0.0
100
AcDbAttribute
  2
X4TERM01
 70
1
  0
ATTRIB
  5
6A8
330
17
100
AcDbEntity
  8
0
  6
Continuous
100
AcDbText
 10
17.716433336736493
 20
20.478725001489092
 30
0.0
 40
0.125
  1

  7
WD
 11
17.716433336736493
 21
20.603725001489092
 31
0.0
100
AcDbAttribute
  2
TERM02
 70
9
 74
3
  0
ATTRIB
  5
6A9
330
17
100
AcDbEntity
  8
0
  6
Continuous
100
AcDbText
 10
17.278933336736493
 20
20.478725001489092
 30
0.0
 40
0.125
  1

  7
WD
 72
2
 11
17.278933336736493
 21
20.603725001489092
 31
0.0
100
AcDbAttribute
  2
TERM01
 70
9
 74
3
  0
ATTRIB
  5
6AA
330
17
100
AcDbEntity
  8
0
100
AcDbText
 10
17.497683336736493
 20
20.119475001489093
 30
0.0
 40
0.125
  1

  7
WD
 41
0.85
 72
1
 11
17.497683336736493
 21
20.119475001489093
 31
0.0
100
AcDbAttribute
  2
RATING2
 70
1
  0
ATTRIB
  5
6AB
330
17
100
AcDbEntity
  8
0
100
AcDbText
 10
17.497683336736493
 20
20.291350001489093
 30
0.0
 40
0.125
  1

  7
WD
 41
0.85
 72
1
 11
17.497683336736493
 21
20.291350001489093
 31
0.0
100
AcDbAttribute
  2
RATING1
 70
1
  0
SEQEND
  5
697
330
696
100
AcDbEntity
  8
SLD_SYMS
  0
LINE
  5
6AC
330
17
100
AcDbEntity
  8
SLD_CONTROL
100
AcDbLine
 10
17.6644
 20
20.6351
 30
0.0
 11
19.165399999999998
 21
20.6351
 31
0.0
  0
MTEXT
  5
6AD
330
17
100
AcDbEntity
  8
SLD_TEXT
100
AcDbMText
 10
15.758
 20
14.799
 30
0.0
 40
0.093
 41
0.0
 71
1
  1
52-F7A\P15kV\P1200A\P18kA
  0
MTEXT
  5
6AE
330
17
100
AcDbEntity
  8
SLD_TEXT
100
AcDbMText
 10
17.122
 20
17.35
 30
0.0
 40
0.093
 41
0.0
 71
1
  1
\pxqc;SEL-751\PFEEDER\PPROTECTION\PRELAY
  0
MTEXT
  5
6AF
330
17
100
AcDbEntity
  8
SLD_TEXT
100
AcDbMText
 10
16.001
 20
19.31
 30
0.0
 40
0.1
 41
0.0
 71
1
  1
\pxqc;SPARE
  0
MTEXT
  5
6B0
330
17
100
AcDbEntity
  8
SLD_TEXT
100
AcDbMText
 10
16.782
 20
18.168
 30
0.0
 40
0.093
 41
0.0
 71
1
  1
L.A.\P18kV\P15.3kV\PMCOV
  0
LINE
  5
6B1
330
17
100
AcDbEntity
  8
SLD_WIRE
100
AcDbLine
 10
16.017
 20
12.609
 30
0.0
 11
16.017
 21
9.408
 31
0.0
  0
LINE
  5
6B2
330
17
100
AcDbEntity
  8
SLD_WIRE
100
AcDbLine
 10
16.017
 20
9.252
 30
0.0
 11
16.017
 21
8.8231
 31
0.0
  0
LINE
  5
6B3
330
17
100
AcDbEntity
  8
SLD_WIRE
100
AcDbLine
 10
16.017
 20
7.9025
 30
0.0
 11
16.017
 21
7.547
 31
0.0
  0
LINE
  5
6B4
330
17
100
AcDbEntity
  8
SLD_WIRE
100
AcDbLine
 10
16.017
 20
7.391
 30
0.0
 11
16.017
 21
3.893
 31
0.0
  0
INSERT
  5
6B5
330
17
100
AcDbEntity
  8
SLD_SYMS
100
AcDbBlockReference
 66
1
  2
VFU1
 10
17.448
 20
9.503
 30
0.0
  0
ATTRIB
  5
6B7
330
17
100
AcDbEntity
  8
0
100
AcDbText
 10
17.729249998957403
 20
9.128000000708662
 30
0.0
 40
0.0625
  1

  7
WD
 41
0.7
 11
17.729249998957403
 21
9.128000000708662
 31
0.0
100
AcDbAttribute
  2
DESC3
 70
1
  0
ATTRIB
  5
6B8
330
17
100
AcDbEntity
  8
0
100
AcDbText
 10
17.729249998957403
 20
9.212584657032297
 30
0.0
 40
0.0625
  1

  7
WD
 41
0.7
 11
17.729249998957403
 21
9.212584657032297
 31
0.0
100
AcDbAttribute
  2
DESC2
 70
1
  0
ATTRIB
  5
6B9
330
17
100
AcDbEntity
  8
0
100
AcDbText
 10
17.729249998957403
 20
9.306744936220037
 30
0.0
 40
0.0625
  1

  7
WD
 41
0.7
 11
17.729249998957403
 21
9.306744936220037
 31
0.0
100
AcDbAttribute
  2
DESC1
 70
1
  0
ATTRIB
  5
6BA
330
17
100
AcDbEntity
  8
0
100
AcDbText
 10
17.72925
 20
9.665925
 30
0.0
 40
0.0625
  1

  7
WD
 41
0.7
 11
17.72925
 21
9.665925
 31
0.0
100
AcDbAttribute
  2
INST
 70
1
  0
ATTRIB
  5
6BB
330
17
100
AcDbEntity
  8
0
 62
7
100
AcDbText
 10
17.323
 20
9.503
 30
0.0
 40
0.01
  1

  7
WD
 11
17.323
 21
9.503
 31
0.0
100
AcDbAttribute
  2
X4LINK
 70
1
  0
ATTRIB
  5
6BC
330
17
100
AcDbEntity
  8
0
 62
7
100
AcDbText
 10
17.588625
 20
9.503
 30
0.0
 40
0.01
  1

  7
WD
 11
17.588625
 21
9.503
 31
0.0
100
AcDbAttribute
  2
X1LINK
 70
1
  0
ATTRIB
  5
6BD
330
17
100
AcDbEntity
  8
0
  6
Continuous
100
AcDbText
 10
17.34951636756395
 20
9.394940348433865
 30
0.0
 40
0.01
  1

  7
WD
 72
1
 11
17.34951636756395
 21
9.394940348433865
 31
0.0
100
AcDbAttribute
  2
ASSYCODE
 70
9
  0
ATTRIB
  5
6BE
330
17
100
AcDbEntity
  8
0
100
AcDbText
 10
17.60619143797307
 20
9.44237500000005
 30
0.0
 40
0.109375
  1

  7
WD
 41
0.9
 11
17.60619143797307
 21
9.44237500000005
 31
0.0
100
AcDbAttribute
  2
TAG1
 70
1
  0
ATTRIB
  5
6BF
330
17
100
AcDbEntity
  8
0
100
AcDbText
 10
17.72925
 20
9.581125
 30
0.0
 40
0.0625
  1

  7
WD
 41
0.7
 11
17.72925
 21
9.581125
 31
0.0
100
AcDbAttribute
  2
LOC
 70
1
  0
ATTRIB
  5
6C0
330
17
100
AcDbEntity
  8
0
  6
Continuous
100
AcDbText
 10
17.393029620844345
 20
9.70962661600492
 30
0.0
 40
0.0625
  1

  7
WD
 72
2
 11
17.393029620844345
 21
9.70962661600492
 31
0.0
100
AcDbAttribute
  2
TERM01
 70
9
  0
ATTRIB
  5
6C1
330
17
100
AcDbEntity
  8
0
  6
Continuous
100
AcDbText
 10
17.407298778392004
 20
9.227052969349003
 30
0.0
 40
0.0625
  1

  7
WD
 72
2
 11
17.407298778392004
 21
9.289552969349003
 31
0.0
100
AcDbAttribute
  2
TERM02
 70
9
 74
3
  0
ATTRIB
  5
6C2
330
17
100
AcDbEntity
  8
0
 62
7
100
AcDbText
 10
17.448
 20
9.6905
 30
0.0
 40
0.0109375
  1

  7
WD
 11
17.448
 21
9.6905
 31
0.0
100
AcDbAttribute
  2
X2TERM01
 70
1
  0
ATTRIB
  5
6C3
330
17
100
AcDbEntity
  8
0
 62
7
100
AcDbText
 10
17.448
 20
9.3155
 30
0.0
 40
0.0109375
  1

  7
WD
 11
17.448
 21
9.3155
 31
0.0
100
AcDbAttribute
  2
X8TERM02
 70
1
  0
ATTRIB
  5
6C4
330
17
100
AcDbEntity
  8
0
100
AcDbText
 10
17.351716414340327
 20
9.466540457527664
 30
0.0
 40
0.01
  1

  7
WD
 72
2
 11
17.368383081006996
 21
9.466540457527664
 31
0.0
100
AcDbAttribute
  2
FAMILY
 70
9
  0
ATTRIB
  5
6C5
330
17
100
AcDbEntity
  8
0
  6
Continuous
100
AcDbText
 10
17.368383081006996
 20
9.429873790860997
 30
0.0
 40
0.01
  1

  7
WD
 72
2
 11
17.368383081006996
 21
9.429873790860997
 31
0.0
100
AcDbAttribute
  2
CAT
 70
9
  0
ATTRIB
  5
6C6
330
17
100
AcDbEntity
  8
0
  6
Continuous
100
AcDbText
 10
17.368383081006996
 20
9.414873790860998
 30
0.0
 40
0.01
  1

  7
WD
 72
2
 11
17.368383081006996
 21
9.414873790860998
 31
0.0
100
AcDbAttribute
  2
MFG
 70
9
  0
ATTRIB
  5
6C7
330
17
100
AcDbEntity
  8
0
100
AcDbText
 10
17.5803
 20
9.4698
 30
0.0
 40
0.09375
  1
6A
 50
90.0
  7
WD
 41
0.7
 72
1
 11
17.5803
 21
9.4698
 31
0.0
100
AcDbAttribute
  2
RATING1
 70
0
 74
2
  0
SEQEND
  5
6B6
330
6B5
100
AcDbEntity
  8
SLD_SYMS
  0
INSERT
  5
6C8
330
17
100
AcDbEntity
  8
SLD_SYMS
100
AcDbBlockReference
 66
1
  2
VCN1PJ
 10
16.017
 20
9.346
 30
0.0
  0
ATTRIB
  5
6CA
330
17
100
AcDbEntity
  8
0
100
AcDbText
 10
16.246166666666667
 20
10.195801758954774
 30
0.0
 40
0.125
  1

  7
WD
 41
0.7
 72
2
 11
16.246166666666667
 21
10.195801758954774
 31
0.0
100
AcDbAttribute
  2
INST
 70
1
  0
ATTRIB
  5
6CB
330
17
100
AcDbEntity
  8
0
100
AcDbText
 10
16.030072926894988
 20
9.231359872741505
 30
0.0
 40
0.01
  1

  7
WD
 11
16.030072926894988
 21
9.231359872741505
 31
0.0
100
AcDbAttribute
  2
X8TERMDESC01
 70
1
  0
ATTRIB
  5
6CC
330
17
100
AcDbEntity
  8
0
100
AcDbText
 10
16.043145864499053
 20
9.387609867770696
 30
0.0
 40
0.01
  1

  7
WD
 11
16.043145864499053
 21
9.387609867770696
 31
0.0
100
AcDbAttribute
  2
X2TERMDESC02
 70
1
  0
ATTRIB
  5
6CD
330
17
100
AcDbEntity
  8
0
  6
Continuous
100
AcDbText
 10
15.907924736372424
 20
9.332056517835845
 30
0.0
 40
0.01
  1

  7
WD
 72
1
 11
15.907924736372424
 21
9.332056517835845
 31
0.0
100
AcDbAttribute
  2
ASSYCODE
 70
9
  0
ATTRIB
  5
6CE
330
17
100
AcDbEntity
  8
0
100
AcDbText
 10
15.892
 20
9.2835
 30
0.0
 40
0.01
  1

  7
WD
 11
15.892
 21
9.2835
 31
0.0
100
AcDbAttribute
  2
X4LINK
 70
1
  0
ATTRIB
  5
6CF
330
17
100
AcDbEntity
  8
0
100
AcDbText
 10
16.142
 20
9.2835
 30
0.0
 40
0.01
  1

  7
WD
 11
16.142
 21
9.2835
 31
0.0
100
AcDbAttribute
  2
X1LINK
 70
1
  0
ATTRIB
  5
6D0
330
17
100
AcDbEntity
  8
0
100
AcDbText
 10
15.9545
 20
10.026201758954775
 30
0.0
 40
0.125
  1

  7
WD
 41
0.7
 72
2
 11
15.9545
 21
10.026201758954775
 31
0.0
100
AcDbAttribute
  2
LOC
 70
1
  0
ATTRIB
  5
6D1
330
17
100
AcDbEntity
  8
0
  6
Continuous
100
AcDbText
 10
15.908393108449658
 20
9.346039283222856
 30
0.0
 40
0.01
  1

  7
WD
 72
1
 11
15.908393108449658
 21
9.346039283222856
 31
0.0
100
AcDbAttribute
  2
MFG
 70
9
  0
ATTRIB
  5
6D2
330
17
100
AcDbEntity
  8
0
  6
Continuous
100
AcDbText
 10
15.910338154089578
 20
9.365481036930307
 30
0.0
 40
0.01
  1

  7
WD
 72
1
 11
15.910338154089578
 21
9.365481036930307
 31
0.0
100
AcDbAttribute
  2
CAT
 70
9
  0
ATTRIB
  5
6D3
330
17
100
AcDbEntity
  8
0
100
AcDbText
 10
15.885284888151228
 20
9.40965745279007
 30
0.0
 40
0.01
  1

  7
WD
 11
15.885284888151228
 21
9.40965745279007
 31
0.0
100
AcDbAttribute
  2
FAMILY
 70
9
  0
ATTRIB
  5
6D4
330
17
100
AcDbEntity
  8
0
100
AcDbText
 10
15.9545
 20
9.700278904647664
 30
0.0
 40
0.125
  1

  7
WD
 41
0.7
 72
2
 11
15.9545
 21
9.700278904647664
 31
0.0
100
AcDbAttribute
  2
DESC2
 70
1
  0
ATTRIB
  5
6D5
330
17
100
AcDbEntity
  8
0
100
AcDbText
 10
15.9545
 20
9.856525331801219
 30
0.0
 40
0.125
  1

  7
WD
 41
0.7
 72
2
 11
15.9545
 21
9.856525331801219
 31
0.0
100
AcDbAttribute
  2
DESC1
 70
1
  0
ATTRIB
  5
6D6
330
17
100
AcDbEntity
  8
0
100
AcDbText
 10
15.746166666666666
 20
9.43975
 30
0.0
 40
0.125
  1

  7
WD
 72
2
 11
15.9545
 21
9.43975
 31
0.0
100
AcDbAttribute
  2
TAG1
 70
1
  0
ATTRIB
  5
6D7
330
17
100
AcDbEntity
  8
0
  6
Continuous
100
AcDbText
 10
16.064
 20
9.06475
 30
0.0
 40
0.125
  1

  7
WD
 11
16.064
 21
9.18975
 31
0.0
100
AcDbAttribute
  2
TERM01
 70
9
 74
3
  0
ATTRIB
  5
6D8
330
17
100
AcDbEntity
  8
0
100
AcDbText
 10
16.017
 20
9.25225
 30
0.0
 40
0.0125
  1

  7
WD
 11
16.017
 21
9.25225
 31
0.0
100
AcDbAttribute
  2
X8TERM01
 70
1
  0
ATTRIB
  5
6D9
330
17
100
AcDbEntity
  8
0
100
AcDbText
 10
16.017
 20
9.4085
 30
0.0
 40
0.0125
  1

  7
WD
 11
16.017
 21
9.4085
 31
0.0
100
AcDbAttribute
  2
X2TERM02
 70
1
  0
ATTRIB
  5
6DA
330
17
100
AcDbEntity
  8
0
  6
Continuous
100
AcDbText
 10
16.064
 20
9.4085
 30
0.0
 40
0.125
  1

  7
WD
 11
16.064
 21
9.4085
 31
0.0
100
AcDbAttribute
  2
TERM02
 70
9
  0
ATTRIB
  5
6DB
330
17
100
AcDbEntity
  8
0
100
AcDbText
 10
15.885284888151228
 20
9.391025320458438
 30
0.0
 40
0.01
  1

  7
WD
 11
15.885284888151228
 21
9.391025320458438
 31
0.0
100
AcDbAttribute
  2
WDBLKNAM
 70
9
  0
SEQEND
  5
6C9
330
6C8
100
AcDbEntity
  8
SLD_SYMS
  0
CIRCLE
  5
6DC
330
17
100
AcDbEntity
  8
SLD_SYMS
100
AcDbCircle
 10
17.072
 20
8.522
 30
0.0
 40
0.176
  0
MTEXT
  5
6DD
330
17
100
AcDbEntity
  8
SLD_TEXT
100
AcDbMText
 10
16.988
 20
8.576
 30
0.0
 40
0.093
 41
0.0
 71
1
  1
\pxqc;86
  0
LINE
  5
6DE
330
17
100
AcDbEntity
  8
SLD_CONTROL
100
AcDbLine
 10
16.392
 20
8.522
 30
0.0
 11
16.896
 21
8.522
 31
0.0
  0
LINE
  5
6DF
330
17
100
AcDbEntity
  8
SLD_CONTROL
100
AcDbLine
 10
17.072
 20
8.345
 30
0.0
 11
17.072
 21
7.918
 31
0.0
  0
LWPOLYLINE
  5
6E0
330
17
100
AcDbEntity
  8
SLD_SYMS
100
AcDbPolyline
 90
4
 70
1
 10
15.6022
 20
8.8231
 10
16.3918
 20
8.8231
 10
16.3918
 20
7.9025
 10
15.6022
 20
7.9025
  0
LWPOLYLINE
  5
6E1
330
17
100
AcDbEntity
  8
SLD_SYMS
100
AcDbPolyline
 90
4
 70
1
 10
16.533
 20
7.9183
 10
17.7364
 20
7.9183
 10
17.7364
 20
7.2459
 10
16.533
 20
7.2459
  0
INSERT
  5
6E2
330
17
100
AcDbEntity
  8
SLD_SYMS
100
AcDbBlockReference
 66
1
  2
VCN1PJ
 10
16.017
 20
7.453
 30
0.0
 50
180.0
  0
ATTRIB
  5
6E4
330
17
100
AcDbEntity
  8
0
100
AcDbText
 10
15.787833333333333
 20
6.603198241045226
 30
0.0
 40
0.125
  1

 50
180.0
  7
WD
 41
0.7
 72
2
 11
15.787833333333333
 21
6.603198241045226
 31
0.0
100
AcDbAttribute
  2
INST
 70
1
  0
ATTRIB
  5
6E5
330
17
100
AcDbEntity
  8
0
100
AcDbText
 10
16.00392707310501
 20
7.567640127258495
 30
0.0
 40
0.01
  1

 50
180.0
  7
WD
 11
16.00392707310501
 21
7.567640127258495
 31
0.0
100
AcDbAttribute
  2
X8TERMDESC01
 70
1
  0
ATTRIB
  5
6E6
330
17
100
AcDbEntity
  8
0
100
AcDbText
 10
15.990854135500946
 20
7.411390132229304
 30
0.0
 40
0.01
  1

 50
180.0
  7
WD
 11
15.990854135500946
 21
7.411390132229304
 31
0.0
100
AcDbAttribute
  2
X2TERMDESC02
 70
1
  0
ATTRIB
  5
6E7
330
17
100
AcDbEntity
  8
0
  6
Continuous
100
AcDbText
 10
16.126075263627577
 20
7.4669434821641545
 30
0.0
 40
0.01
  1

 50
180.0
  7
WD
 72
1
 11
16.126075263627577
 21
7.4669434821641545
 31
0.0
100
AcDbAttribute
  2
ASSYCODE
 70
9
  0
ATTRIB
  5
6E8
330
17
100
AcDbEntity
  8
0
100
AcDbText
 10
16.142
 20
7.5155
 30
0.0
 40
0.01
  1

 50
180.0
  7
WD
 11
16.142
 21
7.5155
 31
0.0
100
AcDbAttribute
  2
X4LINK
 70
1
  0
ATTRIB
  5
6E9
330
17
100
AcDbEntity
  8
0
100
AcDbText
 10
15.892
 20
7.5155
 30
0.0
 40
0.01
  1

 50
180.0
  7
WD
 11
15.892
 21
7.5155
 31
0.0
100
AcDbAttribute
  2
X1LINK
 70
1
  0
ATTRIB
  5
6EA
330
17
100
AcDbEntity
  8
0
100
AcDbText
 10
16.0795
 20
6.772798241045226
 30
0.0
 40
0.125
  1

 50
180.0
  7
WD
 41
0.7
 72
2
 11
16.0795
 21
6.772798241045226
 31
0.0
100
AcDbAttribute
  2
LOC
 70
1
  0
ATTRIB
  5
6EB
330
17
100
AcDbEntity
  8
0
  6
Continuous
100
AcDbText
 10
16.12560689155034
 20
7.452960716777144
 30
0.0
 40
0.01
  1

 50
180.0
  7
WD
 72
1
 11
16.12560689155034
 21
7.452960716777144
 31
0.0
100
AcDbAttribute
  2
MFG
 70
9
  0
ATTRIB
  5
6EC
330
17
100
AcDbEntity
  8
0
  6
Continuous
100
AcDbText
 10
16.123661845910423
 20
7.433518963069694
 30
0.0
 40
0.01
  1

 50
180.0
  7
WD
 72
1
 11
16.123661845910423
 21
7.433518963069694
 31
0.0
100
AcDbAttribute
  2
CAT
 70
9
  0
ATTRIB
  5
6ED
330
17
100
AcDbEntity
  8
0
100
AcDbText
 10
16.148715111848773
 20
7.389342547209931
 30
0.0
 40
0.01
  1

 50
180.0
  7
WD
 11
16.148715111848773
 21
7.389342547209931
 31
0.0
100
AcDbAttribute
  2
FAMILY
 70
9
  0
ATTRIB
  5
6EE
330
17
100
AcDbEntity
  8
0
100
AcDbText
 10
16.0795
 20
7.098721095352336
 30
0.0
 40
0.125
  1

 50
180.0
  7
WD
 41
0.7
 72
2
 11
16.0795
 21
7.098721095352336
 31
0.0
100
AcDbAttribute
  2
DESC2
 70
1
  0
ATTRIB
  5
6EF
330
17
100
AcDbEntity
  8
0
100
AcDbText
 10
16.0795
 20
6.942474668198781
 30
0.0
 40
0.125
  1

 50
180.0
  7
WD
 41
0.7
 72
2
 11
16.0795
 21
6.942474668198781
 31
0.0
100
AcDbAttribute
  2
DESC1
 70
1
  0
ATTRIB
  5
6F0
330
17
100
AcDbEntity
  8
0
100
AcDbText
 10
16.28783333333333
 20
7.35925
 30
0.0
 40
0.125
  1

 50
180.0
  7
WD
 72
2
 11
16.0795
 21
7.35925
 31
0.0
100
AcDbAttribute
  2
TAG1
 70
1
  0
ATTRIB
  5
6F1
330
17
100
AcDbEntity
  8
0
  6
Continuous
100
AcDbText
 10
15.969999999999999
 20
7.73425
 30
0.0
 40
0.125
  1

 50
180.0
  7
WD
 11
15.969999999999999
 21
7.60925
 31
0.0
100
AcDbAttribute
  2
TERM01
 70
9
 74
3
  0
ATTRIB
  5
6F2
330
17
100
AcDbEntity
  8
0
100
AcDbText
 10
16.017
 20
7.54675
 30
0.0
 40
0.0125
  1

 50
180.0
  7
WD
 11
16.017
 21
7.54675
 31
0.0
100
AcDbAttribute
  2
X8TERM01
 70
1
  0
ATTRIB
  5
6F3
330
17
100
AcDbEntity
  8
0
100
AcDbText
 10
16.017
 20
7.3905
 30
0.0
 40
0.0125
  1

 50
180.0
  7
WD
 11
16.017
 21
7.3905
 31
0.0
100
AcDbAttribute
  2
X2TERM02
 70
1
  0
ATTRIB
  5
6F4
330
17
100
AcDbEntity
  8
0
  6
Continuous
100
AcDbText
 10
15.969999999999999
 20
7.3905
 30
0.0
 40
0.125
  1

 50
180.0
  7
WD
 11
15.969999999999999
 21
7.3905
 31
0.0
100
AcDbAttribute
  2
TERM02
 70
9
  0
ATTRIB
  5
6F5
330
17
100
AcDbEntity
  8
0
100
AcDbText
 10
16.148715111848773
 20
7.407974679541563
 30
0.0
 40
0.01
  1

 50
180.0
  7
WD
 11
16.148715111848773
 21
7.407974679541563
 31
0.0
100
AcDbAttribute
  2
WDBLKNAM
 70
9
  0
SEQEND
  5
6E3
330
6E2
100
AcDbEntity
  8
SLD_SYMS
  0
INSERT
  5
6F6
330
17
100
AcDbEntity
  8
SLD_SYMS
100
AcDbBlockReference
 66
1
  2
VXF1CT
 10
16.2087
 20
6.8035
 30
0.0
  0
ATTRIB
  5
6F8
330
17
100
AcDbEntity
  8
0
100
AcDbText
 10
15.981616666666667
 20
6.381625
 30
0.0
 40
0.125
  1

  7
WD
 41
0.7
 72
1
 11
15.981616666666667
 21
6.381625
 31
0.0
100
AcDbAttribute
  2
INST
 70
1
  0
ATTRIB
  5
6F9
330
17
100
AcDbEntity
  8
0
100
AcDbText
 10
16.2087
 20
6.520326474599724
 30
0.0
 40
0.0125
  1

  7
WD
 11
16.2087
 21
6.520326474599724
 31
0.0
100
AcDbAttribute
  2
X8TERM01
 70
1
  0
ATTRIB
  5
6FA
330
17
100
AcDbEntity
  8
0
100
AcDbText
 10
16.240911762700136
 20
6.552538237299862
 30
0.0
 40
0.0125
  1

  7
WD
 11
16.240911762700136
 21
6.552538237299862
 31
0.0
100
AcDbAttribute
  2
X1TERM01
 70
1
  0
ATTRIB
  5
6FB
330
17
100
AcDbEntity
  8
0
  6
Continuous
100
AcDbText
 10
16.153762169619043
 20
6.572956032263782
 30
0.0
 40
0.125
  1

  7
WD
 72
2
 11
16.153762169619043
 21
6.572956032263782
 31
0.0
100
AcDbAttribute
  2
TERM01
 70
9
  0
ATTRIB
  5
6FC
330
17
100
AcDbEntity
  8
0
  6
Continuous
100
AcDbText
 10
16.163706916951067
 20
7.070465784883833
 30
0.0
 40
0.125
  1

  7
WD
 72
2
 11
16.163706916951067
 21
7.070465784883833
 31
0.0
100
AcDbAttribute
  2
TERM02
 70
9
  0
ATTRIB
  5
6FD
330
17
100
AcDbEntity
  8
0
100
AcDbText
 10
16.240911762700136
 20
7.052538237299862
 30
0.0
 40
0.0125
  1

  7
WD
 11
16.240911762700136
 21
7.052538237299862
 31
0.0
100
AcDbAttribute
  2
X1TERM02
 70
1
  0
ATTRIB
  5
6FE
330
17
100
AcDbEntity
  8
0
100
AcDbText
 10
16.2087
 20
7.08475
 30
0.0
 40
0.0125
  1

  7
WD
 11
16.2087
 21
7.08475
 31
0.0
100
AcDbAttribute
  2
X2TERM02
 70
1
  0
ATTRIB
  5
6FF
330
17
100
AcDbEntity
  8
0
100
AcDbText
 10
16.48995
 20
6.6785
 30
0.0
 40
0.125
  1

  7
WD
 41
0.7
 11
16.48995
 21
6.6785
 31
0.0
100
AcDbAttribute
  2
RATING1
 70
1
  0
ATTRIB
  5
700
330
17
100
AcDbEntity
  8
0
100
AcDbText
 10
16.48995
 20
6.83475
 30
0.0
 40
0.125
  1

  7
WD
 11
16.48995
 21
6.83475
 31
0.0
100
AcDbAttribute
  2
TAG1
 70
1
  0
ATTRIB
  5
701
330
17
100
AcDbEntity
  8
0
100
AcDbText
 10
14.9476
 20
6.786099999999999
 30
0.0
 40
0.125
  1
400:5A (3)
  7
WD
 41
0.7
 72
1
 11
14.9476
 21
6.786099999999999
 31
0.0
100
AcDbAttribute
  2
DESC1
 70
0
  0
ATTRIB
  5
702
330
17
100
AcDbEntity
  8
0
100
AcDbText
 10
14.9532
 20
6.6254
 30
0.0
 40
0.125
  1
CT C200
  7
WD
 41
0.7
 72
1
 11
14.9532
 21
6.6254
 31
0.0
100
AcDbAttribute
  2
DESC2
 70
0
  0
ATTRIB
  5
703
330
17
100
AcDbEntity
  8
0
100
AcDbText
 10
16.008170622272793
 20
6.202451758954774
 30
0.0
 40
0.125
  1

  7
WD
 41
0.7
 72
1
 11
16.008170622272793
 21
6.202451758954774
 31
0.0
100
AcDbAttribute
  2
LOC
 70
1
  0
ATTRIB
  5
704
330
17
100
AcDbEntity
  8
0
  6
Continuous
100
AcDbText
 10
16.037769824898973
 20
6.922455350386372
 30
0.0
 40
0.01
  1

  7
WD
 72
1
 11
16.037769824898973
 21
6.922455350386372
 31
0.0
100
AcDbAttribute
  2
ASSYCODE
 70
9
  0
ATTRIB
  5
705
330
17
100
AcDbEntity
  8
0
100
AcDbText
 10
16.015991666666668
 20
6.756625
 30
0.0
 40
0.125
  1

  7
WD
 72
1
 11
16.161825
 21
6.756625
 31
0.0
100
AcDbAttribute
  2
TYPE
 70
1
  0
ATTRIB
  5
706
330
17
100
AcDbEntity
  8
0
100
AcDbText
 10
16.01289277590037
 20
6.994190293718368
 30
0.0
 40
0.01
  1

  7
WD
 11
16.01289277590037
 21
6.994190293718368
 31
0.0
100
AcDbAttribute
  2
FAMILY
 70
9
  0
ATTRIB
  5
707
330
17
100
AcDbEntity
  8
0
  6
Continuous
100
AcDbText
 10
16.03794604183872
 20
6.965638877858606
 30
0.0
 40
0.01
  1

  7
WD
 72
1
 11
16.03794604183872
 21
6.965638877858606
 31
0.0
100
AcDbAttribute
  2
CAT
 70
9
  0
ATTRIB
  5
708
330
17
100
AcDbEntity
  8
0
  6
Continuous
100
AcDbText
 10
16.036000996198798
 20
6.946197124151155
 30
0.0
 40
0.01
  1

  7
WD
 72
1
 11
16.036000996198798
 21
6.946197124151155
 31
0.0
100
AcDbAttribute
  2
MFG
 70
9
  0
SEQEND
  5
6F7
330
6F6
100
AcDbEntity
  8
SLD_SYMS
  0
INSERT
  5
709
330
17
100
AcDbEntity
  8
SLD_SYMS
100
AcDbBlockReference
  2
WDDOT
 10
16.072
 20
6.4985
 30
0.0
  0
MTEXT
  5
70B
330
17
100
AcDbEntity
  8
SLD_TEXT
100
AcDbMText
 10
15.24
 20
6.571
 30
0.0
 40
0.1
 41
0.0
 71
1
  1
\pxqc;1%%C
  0
INSERT
  5
70C
330
17
100
AcDbEntity
  8
SLD_SYMS
100
AcDbBlockReference
 66
1
  2
VXF1CT
 10
16.2087
 20
6.0313
 30
0.0
  0
ATTRIB
  5
70E
330
17
100
AcDbEntity
  8
0
100
AcDbText
 10
15.981616666666667
 20
5.609425
 30
0.0
 40
0.125
  1

  7
WD
 41
0.7
 72
1
 11
15.981616666666667
 21
5.609425
 31
0.0
100
AcDbAttribute
  2
INST
 70
1
  0
ATTRIB
  5
70F
330
17
100
AcDbEntity
  8
0
100
AcDbText
 10
16.2087
 20
5.748126474599724
 30
0.0
 40
0.0125
  1

  7
WD
 11
16.2087
 21
5.748126474599724
 31
0.0
100
AcDbAttribute
  2
X8TERM01
 70
1
  0
ATTRIB
  5
710
330
17
100
AcDbEntity
  8
0
100
AcDbText
 10
16.240911762700136
 20
5.780338237299862
 30
0.0
 40
0.0125
  1

  7
WD
 11
16.240911762700136
 21
5.780338237299862
 31
0.0
100
AcDbAttribute
  2
X1TERM01
 70
1
  0
ATTRIB
  5
711
330
17
100
AcDbEntity
  8
0
  6
Continuous
100
AcDbText
 10
16.153762169619043
 20
5.800756032263783
 30
0.0
 40
0.125
  1

  7
WD
 72
2
 11
16.153762169619043
 21
5.800756032263783
 31
0.0
100
AcDbAttribute
  2
TERM01
 70
9
  0
ATTRIB
  5
712
330
17
100
AcDbEntity
  8
0
  6
Continuous
100
AcDbText
 10
16.163706916951067
 20
6.298265784883833
 30
0.0
 40
0.125
  1

  7
WD
 72
2
 11
16.163706916951067
 21
6.298265784883833
 31
0.0
100
AcDbAttribute
  2
TERM02
 70
9
  0
ATTRIB
  5
713
330
17
100
AcDbEntity
  8
0
100
AcDbText
 10
16.240911762700136
 20
6.280338237299862
 30
0.0
 40
0.0125
  1

  7
WD
 11
16.240911762700136
 21
6.280338237299862
 31
0.0
100
AcDbAttribute
  2
X1TERM02
 70
1
  0
ATTRIB
  5
714
330
17
100
AcDbEntity
  8
0
100
AcDbText
 10
16.2087
 20
6.31255
 30
0.0
 40
0.0125
  1

  7
WD
 11
16.2087
 21
6.31255
 31
0.0
100
AcDbAttribute
  2
X2TERM02
 70
1
  0
ATTRIB
  5
715
330
17
100
AcDbEntity
  8
0
100
AcDbText
 10
16.48995
 20
5.9063
 30
0.0
 40
0.125
  1

  7
WD
 41
0.7
 11
16.48995
 21
5.9063
 31
0.0
100
AcDbAttribute
  2
RATING1
 70
1
  0
ATTRIB
  5
716
330
17
100
AcDbEntity
  8
0
100
AcDbText
 10
16.48995
 20
6.06255
 30
0.0
 40
0.125
  1

  7
WD
 11
16.48995
 21
6.06255
 31
0.0
100
AcDbAttribute
  2
TAG1
 70
1
  0
ATTRIB
  5
717
330
17
100
AcDbEntity
  8
0
100
AcDbText
 10
14.9605
 20
6.0139
 30
0.0
 40
0.125
  1
2000:5A (3)
  7
WD
 41
0.7
 72
1
 11
14.9605
 21
6.0139
 31
0.0
100
AcDbAttribute
  2
DESC1
 70
0
  0
ATTRIB
  5
718
330
17
100
AcDbEntity
  8
0
100
AcDbText
 10
15.056700000000001
 20
5.8532
 30
0.0
 40
0.125
  1
CT C200
  7
WD
 41
0.7
 72
1
 11
15.056700000000001
 21
5.8532
 31
0.0
100
AcDbAttribute
  2
DESC2
 70
0
  0
ATTRIB
  5
719
330
17
100
AcDbEntity
  8
0
100
AcDbText
 10
16.008170622272793
 20
5.430251758954774
 30
0.0
 40
0.125
  1

  7
WD
 41
0.7
 72
1
 11
16.008170622272793
 21
5.430251758954774
 31
0.0
100
AcDbAttribute
  2
LOC
 70
1
  0
ATTRIB
  5
71A
330
17
100
AcDbEntity
  8
0
  6
Continuous
100
AcDbText
 10
16.037769824898973
 20
6.150255350386372
 30
0.0
 40
0.01
  1

  7
WD
 72
1
 11
16.037769824898973
 21
6.150255350386372
 31
0.0
100
AcDbAttribute
  2
ASSYCODE
 70
9
  0
ATTRIB
  5
71B
330
17
100
AcDbEntity
  8
0
100
AcDbText
 10
16.015991666666668
 20
5.984425
 30
0.0
 40
0.125
  1

  7
WD
 72
1
 11
16.161825
 21
5.984425
 31
0.0
100
AcDbAttribute
  2
TYPE
 70
1
  0
ATTRIB
  5
71C
330
17
100
AcDbEntity
  8
0
100
AcDbText
 10
16.01289277590037
 20
6.221990293718369
 30
0.0
 40
0.01
  1

  7
WD
 11
16.01289277590037
 21
6.221990293718369
 31
0.0
100
AcDbAttribute
  2
FAMILY
 70
9
  0
ATTRIB
  5
71D
330
17
100
AcDbEntity
  8
0
  6
Continuous
100
AcDbText
 10
16.03794604183872
 20
6.193438877858606
 30
0.0
 40
0.01
  1

  7
WD
 72
1
 11
16.03794604183872
 21
6.193438877858606
 31
0.0
100
AcDbAttribute
  2
CAT
 70
9
  0
ATTRIB
  5
71E
330
17
100
AcDbEntity
  8
0
  6
Continuous
100
AcDbText
 10
16.036000996198798
 20
6.173997124151155
 30
0.0
 40
0.01
  1

  7
WD
 72
1
 11
16.036000996198798
 21
6.173997124151155
 31
0.0
100
AcDbAttribute
  2
MFG
 70
9
  0
SEQEND
  5
70D
330
70C
100
AcDbEntity
  8
SLD_SYMS
  0
INSERT
  5
71F
330
17
100
AcDbEntity
  8
SLD_SYMS
100
AcDbBlockReference
  2
WDDOT
 10
16.07
 20
5.7233
 30
0.0
  0
MTEXT
  5
721
330
17
100
AcDbEntity
  8
SLD_TEXT
100
AcDbMText
 10
15.24
 20
5.803
 30
0.0
 40
0.1
 41
0.0
 71
1
  1
\pxqc;1%%C
  0
LWPOLYLINE
  5
722
330
17
100
AcDbEntity
  8
SLD_SYMS
100
AcDbPolyline
 90
4
 70
1
 10
17.1532
 20
5.8436
 10
17.284899999999997
 20
5.8436
 10
17.284899999999997
 20
5.7209
 10
17.1532
 20
5.7209
  0
LINE
  5
723
330
17
100
AcDbEntity
  8
SLD_SYMS
100
AcDbLine
 10
17.2849
 20
5.8436
 30
0.0
 11
17.1532
 21
5.8436
 31
0.0
  0
LINE
  5
724
330
17
100
AcDbEntity
  8
SLD_SYMS
100
AcDbLine
 10
17.1532
 20
5.7209
 30
0.0
 11
17.2849
 21
5.8436
 31
0.0
  0
LINE
  5
725
330
17
100
AcDbEntity
  8
SLD_SYMS
100
AcDbLine
 10
17.1532
 20
5.8436
 30
0.0
 11
17.2849
 21
5.7209
 31
0.0
  0
INSERT
  5
726
330
17
100
AcDbEntity
  8
SLD_SYMS
100
AcDbBlockReference
  2
WDDOT
 10
16.017
 20
5.2652
 30
0.0
  0
LINE
  5
728
330
17
100
AcDbEntity
  8
SLD_WIRE
100
AcDbLine
 10
16.017
 20
5.2652
 30
0.0
 11
15.7755
 21
5.2652
 31
0.0
  0
CIRCLE
  5
729
330
17
100
AcDbEntity
  8
SLD_SYMS
100
AcDbCircle
 10
15.746699999999999
 20
5.2652
 30
0.0
 40
0.0289
  0
CIRCLE
  5
72A
330
17
100
AcDbEntity
  8
SLD_SYMS
100
AcDbCircle
 10
15.6223
 20
5.2651
 30
0.0
 40
0.0289
  0
LINE
  5
72B
330
17
100
AcDbEntity
  8
SLD_WIRE
100
AcDbLine
 10
15.593499999999999
 20
5.2651
 30
0.0
 11
15.4001
 21
5.2651
 31
0.0
  0
INSERT
  5
72C
330
17
100
AcDbEntity
  8
SLD_SYMS
100
AcDbBlockReference
 66
1
  2
HGND2
 10
15.4001
 20
5.2651
 30
0.0
  0
ATTRIB
  5
72E
330
17
100
AcDbEntity
  8
0
100
AcDbText
 10
15.4001
 20
5.2651
 30
0.0
 40
0.01
  1

  7
WD
 11
15.4001
 21
5.2651
 31
0.0
100
AcDbAttribute
  2
X4TERM01
 70
1
  0
SEQEND
  5
72D
330
72C
100
AcDbEntity
  8
SLD_SYMS
  0
INSERT
  5
72F
330
17
100
AcDbEntity
  8
SLD_SYMS
100
AcDbBlockReference
 66
1
  2
VCN1PJ
 10
16.017
 20
3.83
 30
0.0
  0
ATTRIB
  5
731
330
17
100
AcDbEntity
  8
0
100
AcDbText
 10
16.246166666666667
 20
4.679801758954774
 30
0.0
 40
0.125
  1

  7
WD
 41
0.7
 72
2
 11
16.246166666666667
 21
4.679801758954774
 31
0.0
100
AcDbAttribute
  2
INST
 70
1
  0
ATTRIB
  5
732
330
17
100
AcDbEntity
  8
0
100
AcDbText
 10
16.030072926894988
 20
3.715359872741505
 30
0.0
 40
0.01
  1

  7
WD
 11
16.030072926894988
 21
3.715359872741505
 31
0.0
100
AcDbAttribute
  2
X8TERMDESC01
 70
1
  0
ATTRIB
  5
733
330
17
100
AcDbEntity
  8
0
100
AcDbText
 10
16.043145864499053
 20
3.8716098677706965
 30
0.0
 40
0.01
  1

  7
WD
 11
16.043145864499053
 21
3.8716098677706965
 31
0.0
100
AcDbAttribute
  2
X2TERMDESC02
 70
1
  0
ATTRIB
  5
734
330
17
100
AcDbEntity
  8
0
  6
Continuous
100
AcDbText
 10
15.907924736372424
 20
3.8160565178358454
 30
0.0
 40
0.01
  1

  7
WD
 72
1
 11
15.907924736372424
 21
3.8160565178358454
 31
0.0
100
AcDbAttribute
  2
ASSYCODE
 70
9
  0
ATTRIB
  5
735
330
17
100
AcDbEntity
  8
0
100
AcDbText
 10
15.892
 20
3.7675
 30
0.0
 40
0.01
  1

  7
WD
 11
15.892
 21
3.7675
 31
0.0
100
AcDbAttribute
  2
X4LINK
 70
1
  0
ATTRIB
  5
736
330
17
100
AcDbEntity
  8
0
100
AcDbText
 10
16.142
 20
3.7675
 30
0.0
 40
0.01
  1

  7
WD
 11
16.142
 21
3.7675
 31
0.0
100
AcDbAttribute
  2
X1LINK
 70
1
  0
ATTRIB
  5
737
330
17
100
AcDbEntity
  8
0
100
AcDbText
 10
15.9545
 20
4.510201758954774
 30
0.0
 40
0.125
  1

  7
WD
 41
0.7
 72
2
 11
15.9545
 21
4.510201758954774
 31
0.0
100
AcDbAttribute
  2
LOC
 70
1
  0
ATTRIB
  5
738
330
17
100
AcDbEntity
  8
0
  6
Continuous
100
AcDbText
 10
15.908393108449658
 20
3.8300392832228556
 30
0.0
 40
0.01
  1

  7
WD
 72
1
 11
15.908393108449658
 21
3.8300392832228556
 31
0.0
100
AcDbAttribute
  2
MFG
 70
9
  0
ATTRIB
  5
739
330
17
100
AcDbEntity
  8
0
  6
Continuous
100
AcDbText
 10
15.910338154089578
 20
3.8494810369303063
 30
0.0
 40
0.01
  1

  7
WD
 72
1
 11
15.910338154089578
 21
3.8494810369303063
 31
0.0
100
AcDbAttribute
  2
CAT
 70
9
  0
ATTRIB
  5
73A
330
17
100
AcDbEntity
  8
0
100
AcDbText
 10
15.885284888151228
 20
3.8936574527900696
 30
0.0
 40
0.01
  1

  7
WD
 11
15.885284888151228
 21
3.8936574527900696
 31
0.0
100
AcDbAttribute
  2
FAMILY
 70
9
  0
ATTRIB
  5
73B
330
17
100
AcDbEntity
  8
0
100
AcDbText
 10
15.9545
 20
4.184278904647664
 30
0.0
 40
0.125
  1

  7
WD
 41
0.7
 72
2
 11
15.9545
 21
4.184278904647664
 31
0.0
100
AcDbAttribute
  2
DESC2
 70
1
  0
ATTRIB
  5
73C
330
17
100
AcDbEntity
  8
0
100
AcDbText
 10
15.9545
 20
4.340525331801219
 30
0.0
 40
0.125
  1

  7
WD
 41
0.7
 72
2
 11
15.9545
 21
4.340525331801219
 31
0.0
100
AcDbAttribute
  2
DESC1
 70
1
  0
ATTRIB
  5
73D
330
17
100
AcDbEntity
  8
0
100
AcDbText
 10
15.746166666666666
 20
3.92375
 30
0.0
 40
0.125
  1

  7
WD
 72
2
 11
15.9545
 21
3.92375
 31
0.0
100
AcDbAttribute
  2
TAG1
 70
1
  0
ATTRIB
  5
73E
330
17
100
AcDbEntity
  8
0
  6
Continuous
100
AcDbText
 10
16.064
 20
3.54875
 30
0.0
 40
0.125
  1

  7
WD
 11
16.064
 21
3.67375
 31
0.0
100
AcDbAttribute
  2
TERM01
 70
9
 74
3
  0
ATTRIB
  5
73F
330
17
100
AcDbEntity
  8
0
100
AcDbText
 10
16.017
 20
3.73625
 30
0.0
 40
0.0125
  1

  7
WD
 11
16.017
 21
3.73625
 31
0.0
100
AcDbAttribute
  2
X8TERM01
 70
1
  0
ATTRIB
  5
740
330
17
100
AcDbEntity
  8
0
100
AcDbText
 10
16.017
 20
3.8925
 30
0.0
 40
0.0125
  1

  7
WD
 11
16.017
 21
3.8925
 31
0.0
100
AcDbAttribute
  2
X2TERM02
 70
1
  0
ATTRIB
  5
741
330
17
100
AcDbEntity
  8
0
  6
Continuous
100
AcDbText
 10
16.064
 20
3.8925
 30
0.0
 40
0.125
  1

  7
WD
 11
16.064
 21
3.8925
 31
0.0
100
AcDbAttribute
  2
TERM02
 70
9
  0
ATTRIB
  5
742
330
17
100
AcDbEntity
  8
0
100
AcDbText
 10
15.885284888151228
 20
3.875025320458437
 30
0.0
 40
0.01
  1

  7
WD
 11
15.885284888151228
 21
3.875025320458437
 31
0.0
100
AcDbAttribute
  2
WDBLKNAM
 70
9
  0
SEQEND
  5
730
330
72F
100
AcDbEntity
  8
SLD_SYMS
  0
MTEXT
  5
743
330
17
100
AcDbEntity
  8
SLD_TEXT
100
AcDbMText
 10
15.758
 20
8.61
 30
0.0
 40
0.093
 41
0.0
 71
1
  1
52-F8A\P15kV\P1200A\P18kA
  0
MTEXT
  5
744
330
17
100
AcDbEntity
  8
SLD_TEXT
100
AcDbMText
 10
17.137
 20
7.88
 30
0.0
 40
0.093
 41
0.0
 71
1
  1
\pxqc;SEL-751\PFEEDER\PPROTECTION\PRELAY
  0
MTEXT
  5
745
330
17
100
AcDbEntity
  8
SLD_TEXT
100
AcDbMText
 10
16.059
 20
3.668
 30
0.0
 40
0.1
 41
0.0
 71
1
  1
\pxqc;SPARE
  0
MTEXT
  5
746
330
17
100
AcDbEntity
  8
SLD_TEXT
100
AcDbMText
 10
14.789
 20
5.549
 30
0.0
 40
0.093
 41
0.0
 71
1
  1
L.A.\P18kV\P15.3kV\PMCOV
  0
LWPOLYLINE
  5
747
330
17
100
AcDbEntity
  8
SLD_SYMS
100
AcDbPolyline
 90
4
 70
1
 10
19.619999999999997
 20
21.278
 10
20.700999999999997
 20
21.278
 10
20.700999999999997
 20
19.992
 10
19.619999999999997
 20
19.992
  0
MTEXT
  5
748
330
17
100
AcDbEntity
  8
SLD_TEXT
100
AcDbMText
 10
19.823
 20
21.142
 30
0.0
 40
0.1
 41
0.0
 71
1
  1
LP-1\P42CCT\P240V:120V\P1PH,3W\P200A BUS\P200A MB
  0
LINE
  5
749
330
17
100
AcDbEntity
  8
SLD_CONTROL
100
AcDbLine
 10
18.119
 20
20.635
 30
0.0
 11
19.619999999999997
 21
20.635
 31
0.0
  0
LWPOLYLINE
  5
74A
330
17
100
AcDbEntity
  8
SLD_SYMS
100
AcDbPolyline
 90
4
 70
1
 10
19.8279
 20
13.0233
 10
20.7485
 20
13.0233
 10
20.7485
 20
12.2337
 10
19.8279
 20
12.2337
  0
INSERT
  5
74B
330
17
100
AcDbEntity
  8
SLD_SYMS
100
AcDbBlockReference
 66
1
  2
VCN1PJ
 10
19.378
 20
12.609
 30
0.0
 50
90.0
  0
ATTRIB
  5
74D
330
17
100
AcDbEntity
  8
0
100
AcDbText
 10
18.528198241045224
 20
12.838166666666666
 30
0.0
 40
0.125
  1

 50
90.0
  7
WD
 41
0.7
 72
2
 11
18.528198241045224
 21
12.838166666666666
 31
0.0
100
AcDbAttribute
  2
INST
 70
1
  0
ATTRIB
  5
74E
330
17
100
AcDbEntity
  8
0
100
AcDbText
 10
19.492640127258493
 20
12.622072926894987
 30
0.0
 40
0.01
  1

 50
90.0
  7
WD
 11
19.492640127258493
 21
12.622072926894987
 31
0.0
100
AcDbAttribute
  2
X8TERMDESC01
 70
1
  0
ATTRIB
  5
74F
330
17
100
AcDbEntity
  8
0
100
AcDbText
 10
19.336390132229305
 20
12.635145864499053
 30
0.0
 40
0.01
  1

 50
90.0
  7
WD
 11
19.336390132229305
 21
12.635145864499053
 31
0.0
100
AcDbAttribute
  2
X2TERMDESC02
 70
1
  0
ATTRIB
  5
750
330
17
100
AcDbEntity
  8
0
  6
Continuous
100
AcDbText
 10
19.391943482164155
 20
12.499924736372424
 30
0.0
 40
0.01
  1

 50
90.0
  7
WD
 72
1
 11
19.391943482164155
 21
12.499924736372424
 31
0.0
100
AcDbAttribute
  2
ASSYCODE
 70
9
  0
ATTRIB
  5
751
330
17
100
AcDbEntity
  8
0
100
AcDbText
 10
19.4405
 20
12.484
 30
0.0
 40
0.01
  1

 50
90.0
  7
WD
 11
19.4405
 21
12.484
 31
0.0
100
AcDbAttribute
  2
X4LINK
 70
1
  0
ATTRIB
  5
752
330
17
100
AcDbEntity
  8
0
100
AcDbText
 10
19.4405
 20
12.734
 30
0.0
 40
0.01
  1

 50
90.0
  7
WD
 11
19.4405
 21
12.734
 31
0.0
100
AcDbAttribute
  2
X1LINK
 70
1
  0
ATTRIB
  5
753
330
17
100
AcDbEntity
  8
0
100
AcDbText
 10
18.697798241045227
 20
12.5465
 30
0.0
 40
0.125
  1

 50
90.0
  7
WD
 41
0.7
 72
2
 11
18.697798241045227
 21
12.5465
 31
0.0
100
AcDbAttribute
  2
LOC
 70
1
  0
ATTRIB
  5
754
330
17
100
AcDbEntity
  8
0
  6
Continuous
100
AcDbText
 10
19.377960716777146
 20
12.500393108449659
 30
0.0
 40
0.01
  1

 50
90.0
  7
WD
 72
1
 11
19.377960716777146
 21
12.500393108449659
 31
0.0
100
AcDbAttribute
  2
MFG
 70
9
  0
ATTRIB
  5
755
330
17
100
AcDbEntity
  8
0
  6
Continuous
100
AcDbText
 10
19.358518963069695
 20
12.502338154089578
 30
0.0
 40
0.01
  1

 50
90.0
  7
WD
 72
1
 11
19.358518963069695
 21
12.502338154089578
 31
0.0
100
AcDbAttribute
  2
CAT
 70
9
  0
ATTRIB
  5
756
330
17
100
AcDbEntity
  8
0
100
AcDbText
 10
19.314342547209932
 20
12.477284888151228
 30
0.0
 40
0.01
  1

 50
90.0
  7
WD
 11
19.314342547209932
 21
12.477284888151228
 31
0.0
100
AcDbAttribute
  2
FAMILY
 70
9
  0
ATTRIB
  5
757
330
17
100
AcDbEntity
  8
0
100
AcDbText
 10
19.023721095352336
 20
12.5465
 30
0.0
 40
0.125
  1

 50
90.0
  7
WD
 41
0.7
 72
2
 11
19.023721095352336
 21
12.5465
 31
0.0
100
AcDbAttribute
  2
DESC2
 70
1
  0
ATTRIB
  5
758
330
17
100
AcDbEntity
  8
0
100
AcDbText
 10
18.86747466819878
 20
12.5465
 30
0.0
 40
0.125
  1

 50
90.0
  7
WD
 41
0.7
 72
2
 11
18.86747466819878
 21
12.5465
 31
0.0
100
AcDbAttribute
  2
DESC1
 70
1
  0
ATTRIB
  5
759
330
17
100
AcDbEntity
  8
0
100
AcDbText
 10
19.28425
 20
12.338166666666666
 30
0.0
 40
0.125
  1

 50
90.0
  7
WD
 72
2
 11
19.28425
 21
12.5465
 31
0.0
100
AcDbAttribute
  2
TAG1
 70
1
  0
ATTRIB
  5
75A
330
17
100
AcDbEntity
  8
0
  6
Continuous
100
AcDbText
 10
19.65925
 20
12.656
 30
0.0
 40
0.125
  1

 50
90.0
  7
WD
 11
19.53425
 21
12.656
 31
0.0
100
AcDbAttribute
  2
TERM01
 70
9
 74
3
  0
ATTRIB
  5
75B
330
17
100
AcDbEntity
  8
0
100
AcDbText
 10
19.47175
 20
12.609
 30
0.0
 40
0.0125
  1

 50
90.0
  7
WD
 11
19.47175
 21
12.609
 31
0.0
100
AcDbAttribute
  2
X8TERM01
 70
1
  0
ATTRIB
  5
75C
330
17
100
AcDbEntity
  8
0
100
AcDbText
 10
19.3155
 20
12.609
 30
0.0
 40
0.0125
  1

 50
90.0
  7
WD
 11
19.3155
 21
12.609
 31
0.0
100
AcDbAttribute
  2
X2TERM02
 70
1
  0
ATTRIB
  5
75D
330
17
100
AcDbEntity
  8
0
  6
Continuous
100
AcDbText
 10
19.3155
 20
12.656
 30
0.0
 40
0.125
  1

 50
90.0
  7
WD
 11
19.3155
 21
12.656
 31
0.0
100
AcDbAttribute
  2
TERM02
 70
9
  0
ATTRIB
  5
75E
330
17
100
AcDbEntity
  8
0
100
AcDbText
 10
19.332974679541564
 20
12.477284888151228
 30
0.0
 40
0.01
  1

 50
90.0
  7
WD
 11
19.332974679541564
 21
12.477284888151228
 31
0.0
100
AcDbAttribute
  2
WDBLKNAM
 70
9
  0
SEQEND
  5
74C
330
74B
100
AcDbEntity
  8
SLD_SYMS
  0
INSERT
  5
75F
330
17
100
AcDbEntity
  8
SLD_SYMS
100
AcDbBlockReference
 66
1
  2
VCN1PJ
 10
21.270999999999997
 20
12.609
 30
0.0
 50
270.0
  0
ATTRIB
  5
761
330
17
100
AcDbEntity
  8
0
100
AcDbText
 10
22.120801758954773
 20
12.379833333333334
 30
0.0
 40
0.125
  1

 50
-90.00000000000001
  7
WD
 41
0.7
 72
2
 11
22.120801758954773
 21
12.379833333333334
 31
0.0
100
AcDbAttribute
  2
INST
 70
1
  0
ATTRIB
  5
762
330
17
100
AcDbEntity
  8
0
100
AcDbText
 10
21.156359872741504
 20
12.595927073105013
 30
0.0
 40
0.01
  1

 50
-90.00000000000001
  7
WD
 11
21.156359872741504
 21
12.595927073105013
 31
0.0
100
AcDbAttribute
  2
X8TERMDESC01
 70
1
  0
ATTRIB
  5
763
330
17
100
AcDbEntity
  8
0
100
AcDbText
 10
21.312609867770693
 20
12.582854135500947
 30
0.0
 40
0.01
  1

 50
-90.00000000000001
  7
WD
 11
21.312609867770693
 21
12.582854135500947
 31
0.0
100
AcDbAttribute
  2
X2TERMDESC02
 70
1
  0
ATTRIB
  5
764
330
17
100
AcDbEntity
  8
0
  6
Continuous
100
AcDbText
 10
21.257056517835842
 20
12.718075263627576
 30
0.0
 40
0.01
  1

 50
-90.00000000000001
  7
WD
 72
1
 11
21.257056517835842
 21
12.718075263627576
 31
0.0
100
AcDbAttribute
  2
ASSYCODE
 70
9
  0
ATTRIB
  5
765
330
17
100
AcDbEntity
  8
0
100
AcDbText
 10
21.208499999999997
 20
12.734
 30
0.0
 40
0.01
  1

 50
-90.00000000000001
  7
WD
 11
21.208499999999997
 21
12.734
 31
0.0
100
AcDbAttribute
  2
X4LINK
 70
1
  0
ATTRIB
  5
766
330
17
100
AcDbEntity
  8
0
100
AcDbText
 10
21.208499999999997
 20
12.484
 30
0.0
 40
0.01
  1

 50
-90.00000000000001
  7
WD
 11
21.208499999999997
 21
12.484
 31
0.0
100
AcDbAttribute
  2
X1LINK
 70
1
  0
ATTRIB
  5
767
330
17
100
AcDbEntity
  8
0
100
AcDbText
 10
21.95120175895477
 20
12.6715
 30
0.0
 40
0.125
  1

 50
-90.00000000000001
  7
WD
 41
0.7
 72
2
 11
21.95120175895477
 21
12.6715
 31
0.0
100
AcDbAttribute
  2
LOC
 70
1
  0
ATTRIB
  5
768
330
17
100
AcDbEntity
  8
0
  6
Continuous
100
AcDbText
 10
21.27103928322285
 20
12.717606891550341
 30
0.0
 40
0.01
  1

 50
-90.00000000000001
  7
WD
 72
1
 11
21.27103928322285
 21
12.717606891550341
 31
0.0
100
AcDbAttribute
  2
MFG
 70
9
  0
ATTRIB
  5
769
330
17
100
AcDbEntity
  8
0
  6
Continuous
100
AcDbText
 10
21.290481036930302
 20
12.715661845910422
 30
0.0
 40
0.01
  1

 50
-90.00000000000001
  7
WD
 72
1
 11
21.290481036930302
 21
12.715661845910422
 31
0.0
100
AcDbAttribute
  2
CAT
 70
9
  0
ATTRIB
  5
76A
330
17
100
AcDbEntity
  8
0
100
AcDbText
 10
21.334657452790065
 20
12.740715111848772
 30
0.0
 40
0.01
  1

 50
-90.00000000000001
  7
WD
 11
21.334657452790065
 21
12.740715111848772
 31
0.0
100
AcDbAttribute
  2
FAMILY
 70
9
  0
ATTRIB
  5
76B
330
17
100
AcDbEntity
  8
0
100
AcDbText
 10
21.62527890464766
 20
12.6715
 30
0.0
 40
0.125
  1

 50
-90.00000000000001
  7
WD
 41
0.7
 72
2
 11
21.62527890464766
 21
12.6715
 31
0.0
100
AcDbAttribute
  2
DESC2
 70
1
  0
ATTRIB
  5
76C
330
17
100
AcDbEntity
  8
0
100
AcDbText
 10
21.781525331801216
 20
12.6715
 30
0.0
 40
0.125
  1

 50
-90.00000000000001
  7
WD
 41
0.7
 72
2
 11
21.781525331801216
 21
12.6715
 31
0.0
100
AcDbAttribute
  2
DESC1
 70
1
  0
ATTRIB
  5
76D
330
17
100
AcDbEntity
  8
0
100
AcDbText
 10
21.364749999999997
 20
12.879833333333334
 30
0.0
 40
0.125
  1

 50
-90.00000000000001
  7
WD
 72
2
 11
21.364749999999997
 21
12.6715
 31
0.0
100
AcDbAttribute
  2
TAG1
 70
1
  0
ATTRIB
  5
76E
330
17
100
AcDbEntity
  8
0
  6
Continuous
100
AcDbText
 10
20.989749999999997
 20
12.562
 30
0.0
 40
0.125
  1

 50
-90.00000000000001
  7
WD
 11
21.114749999999997
 21
12.562
 31
0.0
100
AcDbAttribute
  2
TERM01
 70
9
 74
3
  0
ATTRIB
  5
76F
330
17
100
AcDbEntity
  8
0
100
AcDbText
 10
21.177249999999997
 20
12.609
 30
0.0
 40
0.0125
  1

 50
-90.00000000000001
  7
WD
 11
21.177249999999997
 21
12.609
 31
0.0
100
AcDbAttribute
  2
X8TERM01
 70
1
  0
ATTRIB
  5
770
330
17
100
AcDbEntity
  8
0
100
AcDbText
 10
21.333499999999997
 20
12.609
 30
0.0
 40
0.0125
  1

 50
-90.00000000000001
  7
WD
 11
21.333499999999997
 21
12.609
 31
0.0
100
AcDbAttribute
  2
X2TERM02
 70
1
  0
ATTRIB
  5
771
330
17
100
AcDbEntity
  8
0
  6
Continuous
100
AcDbText
 10
21.333499999999997
 20
12.562
 30
0.0
 40
0.125
  1

 50
-90.00000000000001
  7
WD
 11
21.333499999999997
 21
12.562
 31
0.0
100
AcDbAttribute
  2
TERM02
 70
9
  0
ATTRIB
  5
772
330
17
100
AcDbEntity
  8
0
100
AcDbText
 10
21.316025320458433
 20
12.740715111848772
 30
0.0
 40
0.01
  1

 50
-90.00000000000001
  7
WD
 11
21.316025320458433
 21
12.740715111848772
 31
0.0
100
AcDbAttribute
  2
WDBLKNAM
 70
9
  0
SEQEND
  5
760
330
75F
100
AcDbEntity
  8
SLD_SYMS
  0
LINE
  5
773
330
17
100
AcDbEntity
  8
SLD_WIRE
100
AcDbLine
 10
19.471999999999998
 20
12.609
 30
0.0
 11
19.828
 21
12.609
 31
0.0
  0
LINE
  5
774
330
17
100
AcDbEntity
  8
SLD_WIRE
100
AcDbLine
 10
20.747999999999998
 20
12.609
 30
0.0
 11
21.177
 21
12.609
 31
0.0
  0
INSERT
  5
775
330
17
100
AcDbEntity
  8
SLD_SYMS
100
AcDbBlockReference
 66
1
  2
HXF1CT
 10
18.776
 20
12.41
 30
0.0
  0
ATTRIB
  5
777
330
17
100
AcDbEntity
  8
0
100
AcDbText
 10
18.38797062227279
 20
12.98746533180122
 30
0.0
 40
0.125
  1

  7
WD
 41
0.7
 72
2
 11
18.38797062227279
 21
12.98746533180122
 31
0.0
100
AcDbAttribute
  2
INST
 70
1
  0
ATTRIB
  5
778
330
17
100
AcDbEntity
  8
0
  6
Continuous
100
AcDbText
 10
19.104125
 20
12.535
 30
0.0
 40
0.01
  1

  7
WD
 72
1
 11
19.104125
 21
12.535
 31
0.0
100
AcDbAttribute
  2
ASSYCODE
 70
9
  0
ATTRIB
  5
779
330
17
100
AcDbEntity
  8
0
100
AcDbText
 10
19.05725
 20
12.41
 30
0.0
 40
0.0125
  1

  7
WD
 11
19.05725
 21
12.41
 31
0.0
100
AcDbAttribute
  2
X1TERM02
 70
1
  0
ATTRIB
  5
77A
330
17
100
AcDbEntity
  8
0
100
AcDbText
 10
19.025038237299864
 20
12.377788237299862
 30
0.0
 40
0.0125
  1

  7
WD
 11
19.025038237299864
 21
12.377788237299862
 31
0.0
100
AcDbAttribute
  2
X8TERM02
 70
1
  0
ATTRIB
  5
77B
330
17
100
AcDbEntity
  8
0
100
AcDbText
 10
18.49475
 20
12.41
 30
0.0
 40
0.0125
  1

  7
WD
 11
18.49475
 21
12.41
 31
0.0
100
AcDbAttribute
  2
X4TERM01
 70
1
  0
ATTRIB
  5
77C
330
17
100
AcDbEntity
  8
0
100
AcDbText
 10
18.526961762700136
 20
12.377788237299862
 30
0.0
 40
0.0125
  1

  7
WD
 11
18.526961762700136
 21
12.377788237299862
 31
0.0
100
AcDbAttribute
  2
X8TERM01
 70
1
  0
ATTRIB
  5
77D
330
17
100
AcDbEntity
  8
0
100
AcDbText
 10
18.630166666666668
 20
12.535
 30
0.0
 40
0.125
  1

  7
WD
 72
1
 11
18.776
 21
12.535
 31
0.0
100
AcDbAttribute
  2
TYPE
 70
1
  0
ATTRIB
  5
77E
330
17
100
AcDbEntity
  8
0
  6
Continuous
100
AcDbText
 10
18.5885
 20
12.25375
 30
0.0
 40
0.125
  1

  7
WD
 11
18.5885
 21
12.37875
 31
0.0
100
AcDbAttribute
  2
TERM01
 70
9
 74
3
  0
ATTRIB
  5
77F
330
17
100
AcDbEntity
  8
0
  6
Continuous
100
AcDbText
 10
19.104125
 20
12.25375
 30
0.0
 40
0.125
  1

  7
WD
 11
19.104125
 21
12.37875
 31
0.0
100
AcDbAttribute
  2
TERM02
 70
9
 74
3
  0
ATTRIB
  5
780
330
17
100
AcDbEntity
  8
0
100
AcDbText
 10
19.144125
 20
12.44125
 30
0.0
 40
0.125
  1

  7
WD
 41
0.7
 11
19.144125
 21
12.44125
 31
0.0
100
AcDbAttribute
  2
RATING1
 70
1
  0
ATTRIB
  5
781
330
17
100
AcDbEntity
  8
0
100
AcDbText
 10
19.144125
 20
12.5975
 30
0.0
 40
0.125
  1

  7
WD
 11
19.144125
 21
12.5975
 31
0.0
100
AcDbAttribute
  2
TAG1
 70
1
  0
ATTRIB
  5
782
330
17
100
AcDbEntity
  8
0
100
AcDbText
 10
18.38797062227279
 20
12.661615331801219
 30
0.0
 40
0.125
  1
2000:5A (3)
  7
WD
 41
0.7
 72
2
 11
18.38797062227279
 21
12.661615331801219
 31
0.0
100
AcDbAttribute
  2
DESC1
 70
0
  0
ATTRIB
  5
783
330
17
100
AcDbEntity
  8
0
100
AcDbText
 10
18.38797062227279
 20
12.505365331801219
 30
0.0
 40
0.125
  1
CT C200
  7
WD
 41
0.7
 72
2
 11
18.38797062227279
 21
12.505365331801219
 31
0.0
100
AcDbAttribute
  2
DESC2
 70
0
  0
ATTRIB
  5
784
330
17
100
AcDbEntity
  8
0
100
AcDbText
 10
18.38797062227279
 20
12.817865331801219
 30
0.0
 40
0.125
  1

  7
WD
 41
0.7
 72
2
 11
18.38797062227279
 21
12.817865331801219
 31
0.0
100
AcDbAttribute
  2
LOC
 70
1
  0
ATTRIB
  5
785
330
17
100
AcDbEntity
  8
0
100
AcDbText
 10
19.080192775900368
 20
12.600690293718369
 30
0.0
 40
0.01
  1

  7
WD
 11
19.080192775900368
 21
12.600690293718369
 31
0.0
100
AcDbAttribute
  2
FAMILY
 70
9
  0
ATTRIB
  5
786
330
17
100
AcDbEntity
  8
0
  6
Continuous
100
AcDbText
 10
19.10524604183872
 20
12.572138877858606
 30
0.0
 40
0.01
  1

  7
WD
 72
1
 11
19.10524604183872
 21
12.572138877858606
 31
0.0
100
AcDbAttribute
  2
CAT
 70
9
  0
ATTRIB
  5
787
330
17
100
AcDbEntity
  8
0
  6
Continuous
100
AcDbText
 10
19.103300996198797
 20
12.552697124151155
 30
0.0
 40
0.01
  1

  7
WD
 72
1
 11
19.103300996198797
 21
12.552697124151155
 31
0.0
100
AcDbAttribute
  2
MFG
 70
9
  0
SEQEND
  5
776
330
775
100
AcDbEntity
  8
SLD_SYMS
  0
INSERT
  5
788
330
17
100
AcDbEntity
  8
SLD_SYMS
100
AcDbBlockReference
  2
WDDOT
 10
19.072
 20
12.484
 30
0.0
  0
MTEXT
  5
78A
330
17
100
AcDbEntity
  8
SLD_TEXT
100
AcDbMText
 10
18.695
 20
13.006
 30
0.0
 40
0.1
 41
0.0
 71
1
  1
\pxqc;1%%C
  0
CIRCLE
  5
78B
330
17
100
AcDbEntity
  8
SLD_SYMS
100
AcDbCircle
 10
20.340999999999998
 20
11.902
 30
0.0
 40
0.176
  0
MTEXT
  5
78C
330
17
100
AcDbEntity
  8
SLD_TEXT
100
AcDbMText
 10
20.256999999999998
 20
11.956
 30
0.0
 40
0.093
 41
0.0
 71
1
  1
\pxqc;86
  0
LINE
  5
78D
330
17
100
AcDbEntity
  8
SLD_CONTROL
100
AcDbLine
 10
20.340999999999998
 20
12.078
 30
0.0
 11
20.340999999999998
 21
12.234
 31
0.0
  0
LINE
  5
78E
330
17
100
AcDbEntity
  8
SLD_CONTROL
100
AcDbLine
 10
20.340999999999998
 20
11.726
 30
0.0
 11
20.340999999999998
 21
11.555
 31
0.0
  0
LWPOLYLINE
  5
78F
330
17
100
AcDbEntity
  8
SLD_SYMS
100
AcDbPolyline
 90
4
 70
1
 10
19.4623
 20
11.5546
 10
20.425
 20
11.5546
 10
20.425
 20
10.8822
 10
19.4623
 20
10.8822
  0
LINE
  5
790
330
17
100
AcDbEntity
  8
SLD_CONTROL
100
AcDbLine
 10
19.884999999999998
 20
11.555
 30
0.0
 11
19.884999999999998
 21
11.856
 31
0.0
  0
LINE
  5
791
330
17
100
AcDbEntity
  8
SLD_CONTROL
100
AcDbLine
 10
19.884999999999998
 20
11.856
 30
0.0
 11
18.526999999999997
 21
11.856
 31
0.0
  0
LINE
  5
792
330
17
100
AcDbEntity
  8
SLD_CONTROL
100
AcDbLine
 10
18.526999999999997
 20
11.856
 30
0.0
 11
18.526999999999997
 21
12.377
 31
0.0
  0
INSERT
  5
793
330
17
100
AcDbEntity
  8
SLD_SYMS
100
AcDbBlockReference
 66
1
  2
HFU1
 10
18.759
 20
11.386
 30
0.0
  0
ATTRIB
  5
795
330
17
100
AcDbEntity
  8
0
100
AcDbText
 10
18.76733333317369
 20
11.158494935192815
 30
0.0
 40
0.0625
  1

  7
WD
 41
0.7
 72
1
 11
18.76733333317369
 21
11.158494935192815
 31
0.0
100
AcDbAttribute
  2
DESC1
 70
1
  0
ATTRIB
  5
796
330
17
100
AcDbEntity
  8
0
100
AcDbText
 10
18.76733333317369
 20
11.064334656005077
 30
0.0
 40
0.0625
  1

  7
WD
 41
0.7
 72
1
 11
18.76733333317369
 21
11.064334656005077
 31
0.0
100
AcDbAttribute
  2
DESC2
 70
1
  0
ATTRIB
  5
797
330
17
100
AcDbEntity
  8
0
100
AcDbText
 10
18.76733333317369
 20
10.97974999968144
 30
0.0
 40
0.0625
  1

  7
WD
 41
0.7
 72
1
 11
18.76733333317369
 21
10.97974999968144
 31
0.0
100
AcDbAttribute
  2
DESC3
 70
1
  0
ATTRIB
  5
798
330
17
100
AcDbEntity
  8
0
100
AcDbText
 10
18.759
 20
11.752049999999999
 30
0.0
 40
0.0625
  1

  7
WD
 41
0.7
 72
1
 11
18.759
 21
11.752049999999999
 31
0.0
100
AcDbAttribute
  2
INST
 70
1
  0
ATTRIB
  5
799
330
17
100
AcDbEntity
  8
0
100
AcDbText
 10
18.759
 20
11.495375
 30
0.0
 40
0.01
  1

  7
WD
 11
18.759
 21
11.495375
 31
0.0
100
AcDbAttribute
  2
X2LINK
 70
1
  0
ATTRIB
  5
79A
330
17
100
AcDbEntity
  8
0
100
AcDbText
 10
18.759
 20
11.276625
 30
0.0
 40
0.01
  1

  7
WD
 11
18.759
 21
11.276625
 31
0.0
100
AcDbAttribute
  2
X8LINK
 70
1
  0
ATTRIB
  5
79B
330
17
100
AcDbEntity
  8
0
  6
Continuous
100
AcDbText
 10
18.91589954240309
 20
11.636864915199554
 30
0.0
 40
0.01
  1

  7
WD
 72
1
 11
18.91589954240309
 21
11.636864915199554
 31
0.0
100
AcDbAttribute
  2
ASSYCODE
 70
9
  0
ATTRIB
  5
79C
330
17
100
AcDbEntity
  8
0
100
AcDbText
 10
18.759
 20
11.339125
 30
0.0
 40
0.09375
  1
6A
  7
WD
 41
0.7
 72
1
 11
18.759
 21
11.386
 31
0.0
100
AcDbAttribute
  2
RATING1
 70
0
 74
2
  0
ATTRIB
  5
79D
330
17
100
AcDbEntity
  8
0
100
AcDbText
 10
18.759
 20
11.66725
 30
0.0
 40
0.0625
  1

  7
WD
 41
0.7
 72
1
 11
18.759
 21
11.66725
 31
0.0
100
AcDbAttribute
  2
LOC
 70
1
  0
ATTRIB
  5
79E
330
17
100
AcDbEntity
  8
0
100
AcDbText
 10
18.9465
 20
11.386
 30
0.0
 40
0.0109375
  1

  7
WD
 11
18.9465
 21
11.386
 31
0.0
100
AcDbAttribute
  2
X1TERM02
 70
1
  0
ATTRIB
  5
79F
330
17
100
AcDbEntity
  8
0
  6
Continuous
100
AcDbText
 10
19.009
 20
11.307749999999999
 30
0.0
 40
0.0625
  1

  7
WD
 11
19.009
 21
11.370249999999999
 31
0.0
100
AcDbAttribute
  2
TERM02
 70
9
 74
3
  0
ATTRIB
  5
7A0
330
17
100
AcDbEntity
  8
0
100
AcDbText
 10
18.5715
 20
11.386
 30
0.0
 40
0.0109375
  1

  7
WD
 11
18.5715
 21
11.386
 31
0.0
100
AcDbAttribute
  2
X4TERM01
 70
1
  0
ATTRIB
  5
7A1
330
17
100
AcDbEntity
  8
0
  6
Continuous
100
AcDbText
 10
18.509
 20
11.307749999999999
 30
0.0
 40
0.0625
  1

  7
WD
 72
2
 11
18.509
 21
11.370249999999999
 31
0.0
100
AcDbAttribute
  2
TERM01
 70
9
 74
3
  0
ATTRIB
  5
7A2
330
17
100
AcDbEntity
  8
0
  6
Continuous
100
AcDbText
 10
18.915391555253336
 20
11.46872685514612
 30
0.0
 40
0.01
  1

  7
WD
 72
1
 11
18.915391555253336
 21
11.46872685514612
 31
0.0
100
AcDbAttribute
  2
MFG
 70
9
  0
ATTRIB
  5
7A3
330
17
100
AcDbEntity
  8
0
  6
Continuous
100
AcDbText
 10
18.915391555253336
 20
11.488249347705073
 30
0.0
 40
0.01
  1

  7
WD
 72
1
 11
18.915391555253336
 21
11.488249347705073
 31
0.0
100
AcDbAttribute
  2
CAT
 70
9
  0
ATTRIB
  5
7A4
330
17
100
AcDbEntity
  8
0
100
AcDbText
 10
18.888231561178927
 20
11.493637125193631
 30
0.0
 40
0.01
  1

  7
WD
 11
18.888231561178927
 21
11.493637125193631
 31
0.0
100
AcDbAttribute
  2
FAMILY
 70
9
  0
ATTRIB
  5
7A5
330
17
100
AcDbEntity
  8
0
100
AcDbText
 10
18.667854166666668
 20
11.511
 30
0.0
 40
0.109375
  1

  7
WD
 72
1
 11
18.759
 21
11.511
 31
0.0
100
AcDbAttribute
  2
TAG1
 70
1
  0
SEQEND
  5
794
330
793
100
AcDbEntity
  8
SLD_SYMS
  0
LINE
  5
7A6
330
17
100
AcDbEntity
  8
SLD_CONTROL
100
AcDbLine
 10
18.945999999999998
 20
11.386
 30
0.0
 11
19.462
 21
11.386
 31
0.0
  0
INSERT
  5
7A7
330
17
100
AcDbEntity
  8
SLD_SYMS
100
AcDbBlockReference
 66
1
  2
HFU1
 10
21.002
 20
11.391
 30
0.0
  0
ATTRIB
  5
7A9
330
17
100
AcDbEntity
  8
0
100
AcDbText
 10
21.010333333173687
 20
11.163494935192816
 30
0.0
 40
0.0625
  1

  7
WD
 41
0.7
 72
1
 11
21.010333333173687
 21
11.163494935192816
 31
0.0
100
AcDbAttribute
  2
DESC1
 70
1
  0
ATTRIB
  5
7AA
330
17
100
AcDbEntity
  8
0
100
AcDbText
 10
21.010333333173687
 20
11.069334656005077
 30
0.0
 40
0.0625
  1

  7
WD
 41
0.7
 72
1
 11
21.010333333173687
 21
11.069334656005077
 31
0.0
100
AcDbAttribute
  2
DESC2
 70
1
  0
ATTRIB
  5
7AB
330
17
100
AcDbEntity
  8
0
100
AcDbText
 10
21.010333333173687
 20
10.98474999968144
 30
0.0
 40
0.0625
  1

  7
WD
 41
0.7
 72
1
 11
21.010333333173687
 21
10.98474999968144
 31
0.0
100
AcDbAttribute
  2
DESC3
 70
1
  0
ATTRIB
  5
7AC
330
17
100
AcDbEntity
  8
0
100
AcDbText
 10
21.002
 20
11.75705
 30
0.0
 40
0.0625
  1

  7
WD
 41
0.7
 72
1
 11
21.002
 21
11.75705
 31
0.0
100
AcDbAttribute
  2
INST
 70
1
  0
ATTRIB
  5
7AD
330
17
100
AcDbEntity
  8
0
100
AcDbText
 10
21.002
 20
11.500375
 30
0.0
 40
0.01
  1

  7
WD
 11
21.002
 21
11.500375
 31
0.0
100
AcDbAttribute
  2
X2LINK
 70
1
  0
ATTRIB
  5
7AE
330
17
100
AcDbEntity
  8
0
100
AcDbText
 10
21.002
 20
11.281625
 30
0.0
 40
0.01
  1

  7
WD
 11
21.002
 21
11.281625
 31
0.0
100
AcDbAttribute
  2
X8LINK
 70
1
  0
ATTRIB
  5
7AF
330
17
100
AcDbEntity
  8
0
  6
Continuous
100
AcDbText
 10
21.158899542403088
 20
11.641864915199555
 30
0.0
 40
0.01
  1

  7
WD
 72
1
 11
21.158899542403088
 21
11.641864915199555
 31
0.0
100
AcDbAttribute
  2
ASSYCODE
 70
9
  0
ATTRIB
  5
7B0
330
17
100
AcDbEntity
  8
0
100
AcDbText
 10
21.002
 20
11.344125
 30
0.0
 40
0.09375
  1
6A
  7
WD
 41
0.7
 72
1
 11
21.002
 21
11.391
 31
0.0
100
AcDbAttribute
  2
RATING1
 70
0
 74
2
  0
ATTRIB
  5
7B1
330
17
100
AcDbEntity
  8
0
100
AcDbText
 10
21.002
 20
11.67225
 30
0.0
 40
0.0625
  1

  7
WD
 41
0.7
 72
1
 11
21.002
 21
11.67225
 31
0.0
100
AcDbAttribute
  2
LOC
 70
1
  0
ATTRIB
  5
7B2
330
17
100
AcDbEntity
  8
0
100
AcDbText
 10
21.1895
 20
11.391
 30
0.0
 40
0.0109375
  1

  7
WD
 11
21.1895
 21
11.391
 31
0.0
100
AcDbAttribute
  2
X1TERM02
 70
1
  0
ATTRIB
  5
7B3
330
17
100
AcDbEntity
  8
0
  6
Continuous
100
AcDbText
 10
21.252
 20
11.31275
 30
0.0
 40
0.0625
  1

  7
WD
 11
21.252
 21
11.37525
 31
0.0
100
AcDbAttribute
  2
TERM02
 70
9
 74
3
  0
ATTRIB
  5
7B4
330
17
100
AcDbEntity
  8
0
100
AcDbText
 10
20.8145
 20
11.391
 30
0.0
 40
0.0109375
  1

  7
WD
 11
20.8145
 21
11.391
 31
0.0
100
AcDbAttribute
  2
X4TERM01
 70
1
  0
ATTRIB
  5
7B5
330
17
100
AcDbEntity
  8
0
  6
Continuous
100
AcDbText
 10
20.752
 20
11.31275
 30
0.0
 40
0.0625
  1

  7
WD
 72
2
 11
20.752
 21
11.37525
 31
0.0
100
AcDbAttribute
  2
TERM01
 70
9
 74
3
  0
ATTRIB
  5
7B6
330
17
100
AcDbEntity
  8
0
  6
Continuous
100
AcDbText
 10
21.158391555253335
 20
11.47372685514612
 30
0.0
 40
0.01
  1

  7
WD
 72
1
 11
21.158391555253335
 21
11.47372685514612
 31
0.0
100
AcDbAttribute
  2
MFG
 70
9
  0
ATTRIB
  5
7B7
330
17
100
AcDbEntity
  8
0
  6
Continuous
100
AcDbText
 10
21.158391555253335
 20
11.493249347705074
 30
0.0
 40
0.01
  1

  7
WD
 72
1
 11
21.158391555253335
 21
11.493249347705074
 31
0.0
100
AcDbAttribute
  2
CAT
 70
9
  0
ATTRIB
  5
7B8
330
17
100
AcDbEntity
  8
0
100
AcDbText
 10
21.131231561178925
 20
11.498637125193632
 30
0.0
 40
0.01
  1

  7
WD
 11
21.131231561178925
 21
11.498637125193632
 31
0.0
100
AcDbAttribute
  2
FAMILY
 70
9
  0
ATTRIB
  5
7B9
330
17
100
AcDbEntity
  8
0
100
AcDbText
 10
20.910854166666667
 20
11.516
 30
0.0
 40
0.109375
  1

  7
WD
 72
1
 11
21.002
 21
11.516
 31
0.0
100
AcDbAttribute
  2
TAG1
 70
1
  0
SEQEND
  5
7A8
330
7A7
100
AcDbEntity
  8
SLD_SYMS
  0
LINE
  5
7BA
330
17
100
AcDbEntity
  8
SLD_CONTROL
100
AcDbLine
 10
20.814
 20
11.391
 30
0.0
 11
20.426
 21
11.391
 31
0.0
  0
MTEXT
  5
7BB
330
17
100
AcDbEntity
  8
SLD_TEXT
100
AcDbMText
 10
20.124
 20
12.984
 30
0.0
 40
0.093
 41
0.0
 71
1
  1
52-T\P15kV\P2000A\P37kA\PN.C.
  0
MTEXT
  5
7BC
330
17
100
AcDbEntity
  8
SLD_TEXT
100
AcDbMText
 10
19.942999999999998
 20
11.516
 30
0.0
 40
0.093
 41
0.0
 71
1
  1
\pxqc;SEL-751\PFEEDER\PPROTECTION\PRELAY
  0
LINE
  5
7BD
330
17
100
AcDbEntity
  8
SLD_CONTROL
100
AcDbLine
 10
1.8011
 20
8.6289
 30
0.0
 11
2.2231
 21
8.6289
 31
0.0
  0
LINE
  5
7BE
330
17
100
AcDbEntity
  8
SLD_CONTROL
100
AcDbLine
 10
1.8011
 20
7.7913
 30
0.0
 11
2.1943
 21
7.7913
 31
0.0
  0
LINE
  5
7BF
330
17
100
AcDbEntity
  8
SLD_CONTROL
100
AcDbLine
 10
1.8011
 20
6.9464
 30
0.0
 11
2.5293
 21
6.9464
 31
0.0
  0
LINE
  5
7C0
330
17
100
AcDbEntity
  8
SLD_CONTROL
100
AcDbLine
 10
2.1562
 20
11.386
 30
0.0
 11
2.1562
 21
11.5415
 31
0.0
  0
LINE
  5
7C1
330
17
100
AcDbEntity
  8
SLD_CONTROL
100
AcDbLine
 10
2.1562
 20
11.9165
 30
0.0
 11
2.1562
 21
12.0723
 31
0.0
  0
LINE
  5
7C2
330
17
100
AcDbEntity
  8
SLD_CONTROL
100
AcDbLine
 10
2.1562
 20
12.3848
 30
0.0
 11
2.1562
 21
12.6085
 31
0.0
  0
LINE
  5
7C3
330
17
100
AcDbEntity
  8
SLD_CONTROL
100
AcDbLine
 10
3.0078
 20
9.6998
 30
0.0
 11
3.0078
 21
11.386
 31
0.0
  0
INSERT
  5
7C4
330
17
100
AcDbEntity
  8
SLD_SYMS
100
AcDbBlockReference
  2
WDDOT
 10
3.0078
 20
11.386
 30
0.0
  0
LINE
  5
7C6
330
17
100
AcDbEntity
  8
SLD_CONTROL
100
AcDbLine
 10
3.3883
 20
6.5163
 30
0.0
 11
3.3883
 21
11.386
 31
0.0
  0
INSERT
  5
7C7
330
17
100
AcDbEntity
  8
SLD_SYMS
100
AcDbBlockReference
  2
WDDOT
 10
3.3883
 20
11.386
 30
0.0
  0
LINE
  5
7C9
330
17
100
AcDbEntity
  8
SLD_CONTROL
100
AcDbLine
 10
2.2231
 20
8.6289
 30
0.0
 11
2.2231
 21
9.0274
 31
0.0
  0
LINE
  5
7CA
330
17
100
AcDbEntity
  8
SLD_CONTROL
100
AcDbLine
 10
2.5293
 20
6.5129
 30
0.0
 11
2.5293
 21
6.9464
 31
0.0
  0
LINE
  5
7CB
330
17
100
AcDbEntity
  8
SLD_CONTROL
100
AcDbLine
 10
5.411
 20
17.321
 30
0.0
 11
5.701999999999999
 21
17.321
 31
0.0
  0
LINE
  5
7CC
330
17
100
AcDbEntity
  8
SLD_CONTROL
100
AcDbLine
 10
5.411
 20
16.377
 30
0.0
 11
5.845
 21
16.377
 31
0.0
  0
LINE
  5
7CD
330
17
100
AcDbEntity
  8
SLD_CONTROL
100
AcDbLine
 10
6.2909999999999995
 20
11.386
 30
0.0
 11
6.2909999999999995
 21
13.455
 31
0.0
  0
LINE
  5
7CE
330
17
100
AcDbEntity
  8
SLD_CONTROL
100
AcDbLine
 10
6.2909999999999995
 20
13.83
 30
0.0
 11
6.2909999999999995
 21
16.716
 31
0.0
  0
INSERT
  5
7CF
330
17
100
AcDbEntity
  8
SLD_SYMS
100
AcDbBlockReference
  2
WDDOT
 10
6.2909999999999995
 20
11.386
 30
0.0
  0
LINE
  5
7D1
330
17
100
AcDbEntity
  8
SLD_CONTROL
100
AcDbLine
 10
5.411
 20
6.5545
 30
0.0
 11
6.6175999999999995
 21
6.5545
 31
0.0
  0
LINE
  5
7D2
330
17
100
AcDbEntity
  8
SLD_CONTROL
100
AcDbLine
 10
5.4109
 20
5.7823
 30
0.0
 11
6.3232
 21
5.7823
 31
0.0
  0
LINE
  5
7D3
330
17
100
AcDbEntity
  8
SLD_CONTROL
100
AcDbLine
 10
6.6175999999999995
 20
6.5545
 30
0.0
 11
6.6175999999999995
 21
7.2459
 31
0.0
  0
LINE
  5
7D4
330
17
100
AcDbEntity
  8
SLD_CONTROL
100
AcDbLine
 10
6.6175999999999995
 20
7.9183
 30
0.0
 11
6.6175999999999995
 21
9.3156
 31
0.0
  0
LINE
  5
7D5
330
17
100
AcDbEntity
  8
SLD_CONTROL
100
AcDbLine
 10
6.6175999999999995
 20
9.6906
 30
0.0
 11
6.6175999999999995
 21
11.386
 31
0.0
  0
INSERT
  5
7D6
330
17
100
AcDbEntity
  8
SLD_SYMS
100
AcDbBlockReference
  2
WDDOT
 10
6.6175999999999995
 20
11.386
 30
0.0
  0
LINE
  5
7D8
330
17
100
AcDbEntity
  8
SLD_CONTROL
100
AcDbLine
 10
9.021
 20
17.321
 30
0.0
 11
9.312000000000001
 21
17.321
 31
0.0
  0
LINE
  5
7D9
330
17
100
AcDbEntity
  8
SLD_CONTROL
100
AcDbLine
 10
9.021
 20
16.377
 30
0.0
 11
9.455
 21
16.377
 31
0.0
  0
LINE
  5
7DA
330
17
100
AcDbEntity
  8
SLD_CONTROL
100
AcDbLine
 10
9.901
 20
11.386
 30
0.0
 11
9.901
 21
13.455
 31
0.0
  0
LINE
  5
7DB
330
17
100
AcDbEntity
  8
SLD_CONTROL
100
AcDbLine
 10
9.901
 20
13.83
 30
0.0
 11
9.901
 21
16.716
 31
0.0
  0
INSERT
  5
7DC
330
17
100
AcDbEntity
  8
SLD_SYMS
100
AcDbBlockReference
  2
WDDOT
 10
9.901
 20
11.386
 30
0.0
  0
LINE
  5
7DE
330
17
100
AcDbEntity
  8
SLD_CONTROL
100
AcDbLine
 10
9.021
 20
6.5545
 30
0.0
 11
10.2276
 21
6.5545
 31
0.0
  0
LINE
  5
7DF
330
17
100
AcDbEntity
  8
SLD_CONTROL
100
AcDbLine
 10
9.020900000000001
 20
5.7823
 30
0.0
 11
9.933200000000001
 21
5.7823
 31
0.0
  0
LINE
  5
7E0
330
17
100
AcDbEntity
  8
SLD_CONTROL
100
AcDbLine
 10
10.2276
 20
6.5545
 30
0.0
 11
10.2276
 21
7.2459
 31
0.0
  0
LINE
  5
7E1
330
17
100
AcDbEntity
  8
SLD_CONTROL
100
AcDbLine
 10
10.2276
 20
7.9183
 30
0.0
 11
10.2276
 21
9.3156
 31
0.0
  0
LINE
  5
7E2
330
17
100
AcDbEntity
  8
SLD_CONTROL
100
AcDbLine
 10
10.2276
 20
9.6906
 30
0.0
 11
10.2276
 21
11.386
 31
0.0
  0
INSERT
  5
7E3
330
17
100
AcDbEntity
  8
SLD_SYMS
100
AcDbBlockReference
  2
WDDOT
 10
10.2276
 20
11.386
 30
0.0
  0
LINE
  5
7E5
330
17
100
AcDbEntity
  8
SLD_CONTROL
100
AcDbLine
 10
12.631
 20
17.321
 30
0.0
 11
12.922
 21
17.321
 31
0.0
  0
LINE
  5
7E6
330
17
100
AcDbEntity
  8
SLD_CONTROL
100
AcDbLine
 10
12.631
 20
16.377
 30
0.0
 11
13.065
 21
16.377
 31
0.0
  0
LINE
  5
7E7
330
17
100
AcDbEntity
  8
SLD_CONTROL
100
AcDbLine
 10
13.511
 20
11.386
 30
0.0
 11
13.511
 21
13.455
 31
0.0
  0
LINE
  5
7E8
330
17
100
AcDbEntity
  8
SLD_CONTROL
100
AcDbLine
 10
13.511
 20
13.83
 30
0.0
 11
13.511
 21
16.716
 31
0.0
  0
INSERT
  5
7E9
330
17
100
AcDbEntity
  8
SLD_SYMS
100
AcDbBlockReference
  2
WDDOT
 10
13.511
 20
11.386
 30
0.0
  0
LINE
  5
7EB
330
17
100
AcDbEntity
  8
SLD_CONTROL
100
AcDbLine
 10
12.631
 20
6.5545
 30
0.0
 11
13.8376
 21
6.5545
 31
0.0
  0
LINE
  5
7EC
330
17
100
AcDbEntity
  8
SLD_CONTROL
100
AcDbLine
 10
12.6309
 20
5.7823
 30
0.0
 11
13.5432
 21
5.7823
 31
0.0
  0
LINE
  5
7ED
330
17
100
AcDbEntity
  8
SLD_CONTROL
100
AcDbLine
 10
13.8376
 20
6.5545
 30
0.0
 11
13.8376
 21
7.2459
 31
0.0
  0
LINE
  5
7EE
330
17
100
AcDbEntity
  8
SLD_CONTROL
100
AcDbLine
 10
13.8376
 20
7.9183
 30
0.0
 11
13.8376
 21
9.3156
 31
0.0
  0
LINE
  5
7EF
330
17
100
AcDbEntity
  8
SLD_CONTROL
100
AcDbLine
 10
13.8376
 20
9.6906
 30
0.0
 11
13.8376
 21
11.386
 31
0.0
  0
INSERT
  5
7F0
330
17
100
AcDbEntity
  8
SLD_SYMS
100
AcDbBlockReference
  2
WDDOT
 10
13.8376
 20
11.386
 30
0.0
  0
LINE
  5
7F2
330
17
100
AcDbEntity
  8
SLD_CONTROL
100
AcDbLine
 10
16.241
 20
17.321
 30
0.0
 11
16.532
 21
17.321
 31
0.0
  0
LINE
  5
7F3
330
17
100
AcDbEntity
  8
SLD_CONTROL
100
AcDbLine
 10
16.241
 20
16.377
 30
0.0
 11
16.675
 21
16.377
 31
0.0
  0
LINE
  5
7F4
330
17
100
AcDbEntity
  8
SLD_CONTROL
100
AcDbLine
 10
17.121
 20
11.386
 30
0.0
 11
17.121
 21
13.455
 31
0.0
  0
LINE
  5
7F5
330
17
100
AcDbEntity
  8
SLD_CONTROL
100
AcDbLine
 10
17.121
 20
13.83
 30
0.0
 11
17.121
 21
16.716
 31
0.0
  0
INSERT
  5
7F6
330
17
100
AcDbEntity
  8
SLD_SYMS
100
AcDbBlockReference
  2
WDDOT
 10
17.121
 20
11.386
 30
0.0
  0
LINE
  5
7F8
330
17
100
AcDbEntity
  8
SLD_CONTROL
100
AcDbLine
 10
16.241
 20
6.5545
 30
0.0
 11
17.4476
 21
6.5545
 31
0.0
  0
LINE
  5
7F9
330
17
100
AcDbEntity
  8
SLD_CONTROL
100
AcDbLine
 10
16.2409
 20
5.7823
 30
0.0
 11
17.1532
 21
5.7823
 31
0.0
  0
LINE
  5
7FA
330
17
100
AcDbEntity
  8
SLD_CONTROL
100
AcDbLine
 10
17.4476
 20
6.5545
 30
0.0
 11
17.4476
 21
7.2459
 31
0.0
  0
LINE
  5
7FB
330
17
100
AcDbEntity
  8
SLD_CONTROL
100
AcDbLine
 10
17.4476
 20
7.9183
 30
0.0
 11
17.4476
 21
9.3156
 31
0.0
  0
LINE
  5
7FC
330
17
100
AcDbEntity
  8
SLD_CONTROL
100
AcDbLine
 10
17.4476
 20
9.6906
 30
0.0
 11
17.4476
 21
11.386
 31
0.0
  0
INSERT
  5
7FD
330
17
100
AcDbEntity
  8
SLD_SYMS
100
AcDbBlockReference
  2
WDDOT
 10
17.4476
 20
11.386
 30
0.0
  0
LINE
  5
7FF
330
17
100
AcDbEntity
  8
SLD_CONTROL
100
AcDbLine
 10
2.1562
 20
11.386
 30
0.0
 11
5.137
 21
11.386
 31
0.0
  0
ARC
  5
800
330
17
100
AcDbEntity
  8
SLD_CONTROL
100
AcDbCircle
 10
5.186999999999999
 20
11.386
 30
0.0
 40
0.05
100
AcDbArc
 50
0.0
 51
180.0
  0
LINE
  5
801
330
17
100
AcDbEntity
  8
SLD_CONTROL
100
AcDbLine
 10
5.236999999999999
 20
11.386
 30
0.0
 11
8.747
 21
11.386
 31
0.0
  0
ARC
  5
802
330
17
100
AcDbEntity
  8
SLD_CONTROL
100
AcDbCircle
 10
8.797
 20
11.386
 30
0.0
 40
0.05
100
AcDbArc
 50
0.0
 51
180.0
  0
LINE
  5
803
330
17
100
AcDbEntity
  8
SLD_CONTROL
100
AcDbLine
 10
8.847000000000001
 20
11.386
 30
0.0
 11
12.357
 21
11.386
 31
0.0
  0
ARC
  5
804
330
17
100
AcDbEntity
  8
SLD_CONTROL
100
AcDbCircle
 10
12.407
 20
11.386
 30
0.0
 40
0.05
100
AcDbArc
 50
0.0
 51
180.0
  0
LINE
  5
805
330
17
100
AcDbEntity
  8
SLD_CONTROL
100
AcDbLine
 10
12.457
 20
11.386
 30
0.0
 11
15.966999999999999
 21
11.386
 31
0.0
  0
ARC
  5
806
330
17
100
AcDbEntity
  8
SLD_CONTROL
100
AcDbCircle
 10
16.017
 20
11.386
 30
0.0
 40
0.05
100
AcDbArc
 50
0.0
 51
180.0
  0
LINE
  5
807
330
17
100
AcDbEntity
  8
SLD_CONTROL
100
AcDbLine
 10
16.067
 20
11.386
 30
0.0
 11
18.570999999999998
 21
11.386
 31
0.0
  0
ENDSEC
  0
SECTION
  2
OBJECTS
  0
DICTIONARY
  5
A
330
0
100
AcDbDictionary
281
1
  3
ACAD_COLOR
350
B
  3
ACAD_GROUP
350
C
  3
ACAD_LAYOUT
350
D
  3
ACAD_MATERIAL
350
E
  3
ACAD_MLEADERSTYLE
350
F
  3
ACAD_MLINESTYLE
350
10
  3
ACAD_PLOTSETTINGS
350
11
  3
ACAD_PLOTSTYLENAME
350
12
  3
ACAD_SCALELIST
350
14
  3
ACAD_TABLESTYLE
350
15
  3
ACAD_VISUALSTYLE
350
16
  3
EZDXF_META
350
2D
  0
DICTIONARY
  5
B
330
A
100
AcDbDictionary
281
1
  0
DICTIONARY
  5
C
330
A
100
AcDbDictionary
281
1
  0
DICTIONARY
  5
D
330
A
100
AcDbDictionary
281
1
  3
Model
350
1A
  3
Layout1
350
1E
  0
DICTIONARY
  5
E
330
A
100
AcDbDictionary
281
1
  3
ByBlock
350
1F
  3
ByLayer
350
20
  3
Global
350
21
  0
DICTIONARY
  5
F
330
A
100
AcDbDictionary
281
1
  3
Standard
350
2C
  0
DICTIONARY
  5
10
330
A
100
AcDbDictionary
281
1
  3
Standard
350
22
  0
DICTIONARY
  5
11
330
A
100
AcDbDictionary
281
1
  0
ACDBDICTIONARYWDFLT
  5
12
330
A
100
AcDbDictionary
281
1
  3
Normal
350
13
100
AcDbDictionaryWithDefault
340
13
  0
ACDBPLACEHOLDER
  5
13
330
12
  0
DICTIONARY
  5
14
330
A
100
AcDbDictionary
281
1
  0
DICTIONARY
  5
15
330
A
100
AcDbDictionary
281
1
  0
DICTIONARY
  5
16
330
A
100
AcDbDictionary
281
1
  3
2dWireframe
350
5A
  3
Basic
350
5B
  3
Brighten
350
5C
  3
ColorChange
350
5D
  3
Conceptual
350
5E
  3
Dim
350
5F
  3
EdgeColorOff
350
60
  3
Facepattern
350
61
  3
Flat
350
62
  3
FlatWithEdges
350
63
  3
Gouraud
350
64
  3
GouraudWithEdges
350
65
  3
Hidden
350
66
  3
JitterOff
350
67
  3
Linepattern
350
68
  3
Modeling
350
69
  3
OverhangOff
350
6A
  3
Realistic
350
6B
  3
Shaded
350
6C
  3
Shaded with edges
350
6D
  3
Shades of Gray
350
6E
  3
Sketchy
350
6F
  3
Thicken
350
70
  3
Wireframe
350
71
  3
X-Ray
350
72
  0
LAYOUT
  5
1A
330
D
100
AcDbPlotSettings
  1

  4
A3
  6

 40
7.5
 41
20.0
 42
7.5
 43
20.0
 44
420.0
 45
297.0
 46
0.0
 47
0.0
 48
0.0
 49
0.0
140
0.0
141
0.0
142
1.0
143
1.0
 70
1024
 72
1
 73
0
 74
5
  7

 75
16
 76
0
 77
2
 78
300
147
1.0
148
0.0
149
0.0
100
AcDbLayout
  1
Model
 70
1
 71
0
 10
0.0
 20
0.0
 11
420.0
 21
297.0
 12
0.0
 22
0.0
 32
0.0
 14
1e+20
 24
1e+20
 34
1e+20
 15
-1e+20
 25
-1e+20
 35
-1e+20
146
0.0
 13
0.0
 23
0.0
 33
0.0
 16
1.0
 26
0.0
 36
0.0
 17
0.0
 27
1.0
 37
0.0
 76
1
330
17
  0
LAYOUT
  5
1E
330
D
100
AcDbPlotSettings
  1

  4
A3
  6

 40
7.5
 41
20.0
 42
7.5
 43
20.0
 44
420.0
 45
297.0
 46
0.0
 47
0.0
 48
0.0
 49
0.0
140
0.0
141
0.0
142
1.0
143
1.0
 70
0
 72
1
 73
0
 74
5
  7

 75
16
 76
0
 77
2
 78
300
147
1.0
148
0.0
149
0.0
100
AcDbLayout
  1
Layout1
 70
1
 71
1
 10
0.0
 20
0.0
 11
420.0
 21
297.0
 12
0.0
 22
0.0
 32
0.0
 14
1e+20
 24
1e+20
 34
1e+20
 15
-1e+20
 25
-1e+20
 35
-1e+20
146
0.0
 13
0.0
 23
0.0
 33
0.0
 16
1.0
 26
0.0
 36
0.0
 17
0.0
 27
1.0
 37
0.0
 76
1
330
1B
  0
MATERIAL
  5
1F
102
{ACAD_REACTORS
330
E
102
}
330
E
100
AcDbMaterial
  1
ByBlock
  2

 70
0
 40
1.0
 71
1
 41
1.0
 91
-1023410177
 42
1.0
 72
1
  3

 73
1
 74
1
 75
1
 44
0.5
 73
0
 45
1.0
 46
1.0
 77
1
  4

 78
1
 79
1
170
1
 48
1.0
171
1
  6

172
1
173
1
174
1
140
1.0
141
1.0
175
1
  7

176
1
177
1
178
1
143
1.0
179
1
  8

270
1
271
1
272
1
145
1.0
146
1.0
273
1
  9

274
1
275
1
276
1
 42
1.0
 72
1
  3

 73
1
 74
1
 75
1
 94
63
  0
MATERIAL
  5
20
102
{ACAD_REACTORS
330
E
102
}
330
E
100
AcDbMaterial
  1
ByLayer
  2

 70
0
 40
1.0
 71
1
 41
1.0
 91
-1023410177
 42
1.0
 72
1
  3

 73
1
 74
1
 75
1
 44
0.5
 73
0
 45
1.0
 46
1.0
 77
1
  4

 78
1
 79
1
170
1
 48
1.0
171
1
  6

172
1
173
1
174
1
140
1.0
141
1.0
175
1
  7

176
1
177
1
178
1
143
1.0
179
1
  8

270
1
271
1
272
1
145
1.0
146
1.0
273
1
  9

274
1
275
1
276
1
 42
1.0
 72
1
  3

 73
1
 74
1
 75
1
 94
63
  0
MATERIAL
  5
21
102
{ACAD_REACTORS
330
E
102
}
330
E
100
AcDbMaterial
  1
Global
  2

 70
0
 40
1.0
 71
1
 41
1.0
 91
-1023410177
 42
1.0
 72
1
  3

 73
1
 74
1
 75
1
 44
0.5
 73
0
 45
1.0
 46
1.0
 77
1
  4

 78
1
 79
1
170
1
 48
1.0
171
1
  6

172
1
173
1
174
1
140
1.0
141
1.0
175
1
  7

176
1
177
1
178
1
143
1.0
179
1
  8

270
1
271
1
272
1
145
1.0
146
1.0
273
1
  9

274
1
275
1
276
1
 42
1.0
 72
1
  3

 73
1
 74
1
 75
1
 94
63
  0
MLINESTYLE
  5
22
102
{ACAD_REACTORS
330
10
102
}
330
10
100
AcDbMlineStyle
  2
Standard
 70
0
  3

 62
256
 51
90.0
 52
90.0
 71
2
 49
0.5
 62
256
  6
BYLAYER
 49
-0.5
 62
256
  6
BYLAYER
  0
MLEADERSTYLE
  5
2C
102
{ACAD_REACTORS
330
F
102
}
330
F
100
AcDbMLeaderStyle
179
2
170
2
171
1
172
0
 90
2
 40
0.0
 41
0.0
173
1
 91
-1056964608
 92
-2
290
1
 42
2.0
291
1
 43
8.0
  3
Standard
 44
4.0
300

342
29
174
1
175
1
176
0
178
1
 93
-1056964608
 45
4.0
292
0
297
0
 46
4.0
 94
-1056964608
 47
1.0
 49
1.0
140
1.0
294
1
141
0.0
177
0
142
1.0
295
0
296
0
143
3.75
271
0
272
9
273
9
  0
DICTIONARY
  5
2D
330
A
100
AcDbDictionary
280
1
281
1
  3
CREATED_BY_EZDXF
350
2E
  3
WRITTEN_BY_EZDXF
350
80A
  0
DICTIONARYVAR
  5
2E
330
2D
100
DictionaryVariables
280
0
  1
1.4.4 @ 2026-08-07T00:37:19.080617+00:00
  0
VISUALSTYLE
  5
5A
102
{ACAD_REACTORS
330
16
102
}
330
16
100
AcDbVisualStyle
  2
2dWireframe
 70
4
177
3
291
0
 70
58
 90
2
176
1
 90
2
176
1
 90
0
176
1
 90
0
176
1
 40
0.6
176
1
 40
30.0
176
1
 62
7
420
16777215
176
1
 90
1
176
1
 90
4
176
1
 62
7
176
1
 62
257
176
1
 90
1
176
1
 90
1
176
1
 40
1.0
176
1
 90
8
176
1
 62
7
176
1
 40
1.0
176
1
 90
1
176
1
 90
6
176
1
 90
2
176
1
 62
7
176
1
 90
5
176
1
 90
0
176
1
 90
0
176
1
290
0
176
1
 90
1
176
1
 40
0.0
176
1
 90
0
176
1
290
1
176
1
290
1
176
1
290
0
176
1
290
0
176
1
290
0
176
1
290
0
176
1
290
0
176
1
290
0
176
1
290
0
176
1
 90
50
176
1
 40
0.0
176
1
 40
1.0
176
1
 90
0
176
1
 62
18
420
0
176
1
 90
50
176
1
 90
3
176
1
 62
5
420
255
176
1
290
0
176
1
 90
50
176
1
 90
50
176
1
 90
50
176
1
290
0
176
1
 90
50
176
1
 62
256
176
0
 40
1.0
176
0
 90
2
176
1
  1
strokes_ogs.tif
176
1
290
0
176
1
 40
1.0
176
1
 40
1.0
176
1
  0
VISUALSTYLE
  5
5B
102
{ACAD_REACTORS
330
16
102
}
330
16
100
AcDbVisualStyle
  2
Basic
 70
7
177
3
291
1
 70
58
 90
2
176
1
 90
2
176
1
 90
0
176
1
 90
1
176
1
 40
0.6
176
1
 40
30.0
176
1
 62
7
420
16777215
176
1
 90
1
176
1
 90
4
176
1
 62
7
176
1
 62
257
176
1
 90
1
176
1
 90
1
176
1
 40
1.0
176
1
 90
8
176
1
 62
7
176
1
 40
1.0
176
1
 90
1
176
1
 90
6
176
1
 90
2
176
1
 62
7
176
1
 90
5
176
1
 90
0
176
1
 90
0
176
1
290
0
176
1
 90
1
176
1
 40
0.0
176
1
 90
0
176
1
290
0
176
1
290
1
176
1
290
1
176
1
290
0
176
1
290
0
176
1
290
0
176
1
290
0
176
1
290
0
176
1
290
0
176
1
 90
50
176
1
 40
0.0
176
1
 40
1.0
176
1
 90
0
176
1
 62
18
420
0
176
1
 90
50
176
1
 90
3
176
1
 62
5
420
255
176
1
290
0
176
1
 90
50
176
1
 90
50
176
1
 90
50
176
1
290
0
176
1
 90
50
176
1
 62
256
176
0
 40
1.0
176
0
 90
2
176
1
  1
strokes_ogs.tif
176
1
290
0
176
1
 40
1.0
176
1
 40
1.0
176
1
  0
VISUALSTYLE
  5
5C
102
{ACAD_REACTORS
330
16
102
}
330
16
100
AcDbVisualStyle
  2
Brighten
 70
12
177
3
291
1
 70
58
 90
2
176
1
 90
2
176
1
 90
0
176
1
 90
2
176
1
 40
0.6
176
1
 40
30.0
176
1
 62
7
420
16777215
176
1
 90
1
176
1
 90
4
176
1
 62
7
176
1
 62
257
176
1
 90
1
176
1
 90
1
176
1
 40
1.0
176
1
 90
8
176
1
 62
7
176
1
 40
1.0
176
1
 90
1
176
1
 90
6
176
1
 90
2
176
1
 62
7
176
1
 90
5
176
1
 90
0
176
1
 90
0
176
1
290
0
176
1
 90
1
176
1
 40
0.0
176
1
 90
0
176
1
290
0
176
1
290
1
176
1
290
1
176
1
290
0
176
1
290
0
176
1
290
0
176
1
290
0
176
1
290
0
176
1
290
0
176
1
 90
50
176
1
 40
0.0
176
1
 40
1.0
176
1
 90
0
176
1
 62
18
420
0
176
1
 90
50
176
1
 90
3
176
1
 62
5
420
255
176
1
290
0
176
1
 90
50
176
1
 90
50
176
1
 90
50
176
1
290
0
176
1
 90
50
176
1
 62
256
176
0
 40
1.0
176
0
 90
2
176
1
  1
strokes_ogs.tif
176
1
290
0
176
1
 40
1.0
176
1
 40
1.0
176
1
  0
VISUALSTYLE
  5
5D
102
{ACAD_REACTORS
330
16
102
}
330
16
100
AcDbVisualStyle
  2
ColorChange
 70
16
177
3
291
1
 70
58
 90
2
176
1
 90
2
176
1
 90
0
176
1
 90
2
176
1
 40
0.6
176
1
 40
30.0
176
1
 62
7
420
16777215
176
1
 90
1
176
1
 90
4
176
1
 62
7
176
1
 62
257
176
1
 90
1
176
1
 90
1
176
1
 40
1.0
176
1
 90
8
176
1
 62
7
176
1
 40
1.0
176
1
 90
1
176
1
 90
6
176
1
 90
2
176
1
 62
7
176
1
 90
5
176
1
 90
0
176
1
 90
0
176
1
290
0
176
1
 90
1
176
1
 40
0.0
176
1
 90
0
176
1
290
0
176
1
290
1
176
1
290
1
176
1
290
0
176
1
290
0
176
1
290
0
176
1
290
0
176
1
290
0
176
1
290
0
176
1
 90
50
176
1
 40
0.0
176
1
 40
1.0
176
1
 90
0
176
1
 62
18
420
0
176
1
 90
50
176
1
 90
3
176
1
 62
5
420
255
176
1
290
0
176
1
 90
50
176
1
 90
50
176
1
 90
50
176
1
290
0
176
1
 90
50
176
1
 62
256
176
0
 40
1.0
176
0
 90
2
176
1
  1
strokes_ogs.tif
176
1
290
0
176
1
 40
1.0
176
1
 40
1.0
176
1
  0
VISUALSTYLE
  5
5E
102
{ACAD_REACTORS
330
16
102
}
330
16
100
AcDbVisualStyle
  2
Conceptual
 70
9
177
3
291
0
 70
58
 90
2
176
1
 90
2
176
1
 90
0
176
1
 90
3
176
1
 40
0.6
176
1
 40
30.0
176
1
 62
7
420
16777215
176
1
 90
1
176
1
 90
4
176
1
 62
7
176
1
 62
257
176
1
 90
1
176
1
 90
1
176
1
 40
1.0
176
1
 90
8
176
1
 62
7
176
1
 40
1.0
176
1
 90
1
176
1
 90
6
176
1
 90
2
176
1
 62
7
176
1
 90
5
176
1
 90
0
176
1
 90
0
176
1
290
0
176
1
 90
1
176
1
 40
0.0
176
1
 90
0
176
1
290
0
176
1
290
1
176
1
290
1
176
1
290
0
176
1
290
0
176
1
290
0
176
1
290
0
176
1
290
0
176
1
290
0
176
1
 90
50
176
1
 40
0.0
176
1
 40
1.0
176
1
 90
0
176
1
 62
18
420
0
176
1
 90
50
176
1
 90
3
176
1
 62
5
420
255
176
1
290
0
176
1
 90
50
176
1
 90
50
176
1
 90
50
176
1
290
0
176
1
 90
50
176
1
 62
256
176
0
 40
1.0
176
0
 90
2
176
1
  1
strokes_ogs.tif
176
1
290
0
176
1
 40
1.0
176
1
 40
1.0
176
1
  0
VISUALSTYLE
  5
5F
102
{ACAD_REACTORS
330
16
102
}
330
16
100
AcDbVisualStyle
  2
Dim
 70
11
177
3
291
1
 70
58
 90
2
176
1
 90
2
176
1
 90
0
176
1
 90
2
176
1
 40
0.6
176
1
 40
30.0
176
1
 62
7
420
16777215
176
1
 90
1
176
1
 90
4
176
1
 62
7
176
1
 62
257
176
1
 90
1
176
1
 90
1
176
1
 40
1.0
176
1
 90
8
176
1
 62
7
176
1
 40
1.0
176
1
 90
1
176
1
 90
6
176
1
 90
2
176
1
 62
7
176
1
 90
5
176
1
 90
0
176
1
 90
0
176
1
290
0
176
1
 90
1
176
1
 40
0.0
176
1
 90
0
176
1
290
0
176
1
290
1
176
1
290
1
176
1
290
0
176
1
290
0
176
1
290
0
176
1
290
0
176
1
290
0
176
1
290
0
176
1
 90
50
176
1
 40
0.0
176
1
 40
1.0
176
1
 90
0
176
1
 62
18
420
0
176
1
 90
50
176
1
 90
3
176
1
 62
5
420
255
176
1
290
0
176
1
 90
50
176
1
 90
50
176
1
 90
50
176
1
290
0
176
1
 90
50
176
1
 62
256
176
0
 40
1.0
176
0
 90
2
176
1
  1
strokes_ogs.tif
176
1
290
0
176
1
 40
1.0
176
1
 40
1.0
176
1
  0
VISUALSTYLE
  5
60
102
{ACAD_REACTORS
330
16
102
}
330
16
100
AcDbVisualStyle
  2
EdgeColorOff
 70
22
177
3
291
1
 70
58
 90
2
176
1
 90
2
176
1
 90
0
176
1
 90
2
176
1
 40
0.6
176
1
 40
30.0
176
1
 62
7
420
16777215
176
1
 90
1
176
1
 90
4
176
1
 62
7
176
1
 62
257
176
1
 90
1
176
1
 90
1
176
1
 40
1.0
176
1
 90
8
176
1
 62
7
176
1
 40
1.0
176
1
 90
1
176
1
 90
6
176
1
 90
2
176
1
 62
7
176
1
 90
5
176
1
 90
0
176
1
 90
0
176
1
290
0
176
1
 90
1
176
1
 40
0.0
176
1
 90
0
176
1
290
0
176
1
290
1
176
1
290
1
176
1
290
0
176
1
290
0
176
1
290
0
176
1
290
0
176
1
290
0
176
1
290
0
176
1
 90
50
176
1
 40
0.0
176
1
 40
1.0
176
1
 90
0
176
1
 62
18
420
0
176
1
 90
50
176
1
 90
3
176
1
 62
5
420
255
176
1
290
0
176
1
 90
50
176
1
 90
50
176
1
 90
50
176
1
290
0
176
1
 90
50
176
1
 62
256
176
0
 40
1.0
176
0
 90
2
176
1
  1
strokes_ogs.tif
176
1
290
0
176
1
 40
1.0
176
1
 40
1.0
176
1
  0
VISUALSTYLE
  5
61
102
{ACAD_REACTORS
330
16
102
}
330
16
100
AcDbVisualStyle
  2
Facepattern
 70
15
177
3
291
1
 70
58
 90
2
176
1
 90
2
176
1
 90
0
176
1
 90
2
176
1
 40
0.6
176
1
 40
30.0
176
1
 62
7
420
16777215
176
1
 90
1
176
1
 90
4
176
1
 62
7
176
1
 62
257
176
1
 90
1
176
1
 90
1
176
1
 40
1.0
176
1
 90
8
176
1
 62
7
176
1
 40
1.0
176
1
 90
1
176
1
 90
6
176
1
 90
2
176
1
 62
7
176
1
 90
5
176
1
 90
0
176
1
 90
0
176
1
290
0
176
1
 90
1
176
1
 40
0.0
176
1
 90
0
176
1
290
0
176
1
290
1
176
1
290
1
176
1
290
0
176
1
290
0
176
1
290
0
176
1
290
0
176
1
290
0
176
1
290
0
176
1
 90
50
176
1
 40
0.0
176
1
 40
1.0
176
1
 90
0
176
1
 62
18
420
0
176
1
 90
50
176
1
 90
3
176
1
 62
5
420
255
176
1
290
0
176
1
 90
50
176
1
 90
50
176
1
 90
50
176
1
290
0
176
1
 90
50
176
1
 62
256
176
0
 40
1.0
176
0
 90
2
176
1
  1
strokes_ogs.tif
176
1
290
0
176
1
 40
1.0
176
1
 40
1.0
176
1
  0
VISUALSTYLE
  5
62
102
{ACAD_REACTORS
330
16
102
}
330
16
100
AcDbVisualStyle
  2
Flat
 70
0
177
3
291
1
 70
58
 90
2
176
1
 90
2
176
1
 90
0
176
1
 90
2
176
1
 40
0.6
176
1
 40
30.0
176
1
 62
7
420
16777215
176
1
 90
1
176
1
 90
4
176
1
 62
7
176
1
 62
257
176
1
 90
1
176
1
 90
1
176
1
 40
1.0
176
1
 90
8
176
1
 62
7
176
1
 40
1.0
176
1
 90
1
176
1
 90
6
176
1
 90
2
176
1
 62
7
176
1
 90
5
176
1
 90
0
176
1
 90
0
176
1
290
0
176
1
 90
1
176
1
 40
0.0
176
1
 90
0
176
1
290
0
176
1
290
1
176
1
290
1
176
1
290
0
176
1
290
0
176
1
290
0
176
1
290
0
176
1
290
0
176
1
290
0
176
1
 90
50
176
1
 40
0.0
176
1
 40
1.0
176
1
 90
0
176
1
 62
18
420
0
176
1
 90
50
176
1
 90
3
176
1
 62
5
420
255
176
1
290
0
176
1
 90
50
176
1
 90
50
176
1
 90
50
176
1
290
0
176
1
 90
50
176
1
 62
256
176
0
 40
1.0
176
0
 90
2
176
1
  1
strokes_ogs.tif
176
1
290
0
176
1
 40
1.0
176
1
 40
1.0
176
1
  0
VISUALSTYLE
  5
63
102
{ACAD_REACTORS
330
16
102
}
330
16
100
AcDbVisualStyle
  2
FlatWithEdges
 70
1
177
3
291
1
 70
58
 90
2
176
1
 90
2
176
1
 90
0
176
1
 90
2
176
1
 40
0.6
176
1
 40
30.0
176
1
 62
7
420
16777215
176
1
 90
1
176
1
 90
4
176
1
 62
7
176
1
 62
257
176
1
 90
1
176
1
 90
1
176
1
 40
1.0
176
1
 90
8
176
1
 62
7
176
1
 40
1.0
176
1
 90
1
176
1
 90
6
176
1
 90
2
176
1
 62
7
176
1
 90
5
176
1
 90
0
176
1
 90
0
176
1
290
0
176
1
 90
1
176
1
 40
0.0
176
1
 90
0
176
1
290
0
176
1
290
1
176
1
290
1
176
1
290
0
176
1
290
0
176
1
290
0
176
1
290
0
176
1
290
0
176
1
290
0
176
1
 90
50
176
1
 40
0.0
176
1
 40
1.0
176
1
 90
0
176
1
 62
18
420
0
176
1
 90
50
176
1
 90
3
176
1
 62
5
420
255
176
1
290
0
176
1
 90
50
176
1
 90
50
176
1
 90
50
176
1
290
0
176
1
 90
50
176
1
 62
256
176
0
 40
1.0
176
0
 90
2
176
1
  1
strokes_ogs.tif
176
1
290
0
176
1
 40
1.0
176
1
 40
1.0
176
1
  0
VISUALSTYLE
  5
64
102
{ACAD_REACTORS
330
16
102
}
330
16
100
AcDbVisualStyle
  2
Gouraud
 70
2
177
3
291
1
 70
58
 90
2
176
1
 90
2
176
1
 90
0
176
1
 90
2
176
1
 40
0.6
176
1
 40
30.0
176
1
 62
7
420
16777215
176
1
 90
1
176
1
 90
4
176
1
 62
7
176
1
 62
257
176
1
 90
1
176
1
 90
1
176
1
 40
1.0
176
1
 90
8
176
1
 62
7
176
1
 40
1.0
176
1
 90
1
176
1
 90
6
176
1
 90
2
176
1
 62
7
176
1
 90
5
176
1
 90
0
176
1
 90
0
176
1
290
0
176
1
 90
1
176
1
 40
0.0
176
1
 90
0
176
1
290
0
176
1
290
1
176
1
290
1
176
1
290
0
176
1
290
0
176
1
290
0
176
1
290
0
176
1
290
0
176
1
290
0
176
1
 90
50
176
1
 40
0.0
176
1
 40
1.0
176
1
 90
0
176
1
 62
18
420
0
176
1
 90
50
176
1
 90
3
176
1
 62
5
420
255
176
1
290
0
176
1
 90
50
176
1
 90
50
176
1
 90
50
176
1
290
0
176
1
 90
50
176
1
 62
256
176
0
 40
1.0
176
0
 90
2
176
1
  1
strokes_ogs.tif
176
1
290
0
176
1
 40
1.0
176
1
 40
1.0
176
1
  0
VISUALSTYLE
  5
65
102
{ACAD_REACTORS
330
16
102
}
330
16
100
AcDbVisualStyle
  2
GouraudWithEdges
 70
3
177
3
291
1
 70
58
 90
2
176
1
 90
2
176
1
 90
0
176
1
 90
2
176
1
 40
0.6
176
1
 40
30.0
176
1
 62
7
420
16777215
176
1
 90
1
176
1
 90
4
176
1
 62
7
176
1
 62
257
176
1
 90
1
176
1
 90
1
176
1
 40
1.0
176
1
 90
8
176
1
 62
7
176
1
 40
1.0
176
1
 90
1
176
1
 90
6
176
1
 90
2
176
1
 62
7
176
1
 90
5
176
1
 90
0
176
1
 90
0
176
1
290
0
176
1
 90
1
176
1
 40
0.0
176
1
 90
0
176
1
290
0
176
1
290
1
176
1
290
1
176
1
290
0
176
1
290
0
176
1
290
0
176
1
290
0
176
1
290
0
176
1
290
0
176
1
 90
50
176
1
 40
0.0
176
1
 40
1.0
176
1
 90
0
176
1
 62
18
420
0
176
1
 90
50
176
1
 90
3
176
1
 62
5
420
255
176
1
290
0
176
1
 90
50
176
1
 90
50
176
1
 90
50
176
1
290
0
176
1
 90
50
176
1
 62
256
176
0
 40
1.0
176
0
 90
2
176
1
  1
strokes_ogs.tif
176
1
290
0
176
1
 40
1.0
176
1
 40
1.0
176
1
  0
VISUALSTYLE
  5
66
102
{ACAD_REACTORS
330
16
102
}
330
16
100
AcDbVisualStyle
  2
Hidden
 70
6
177
3
291
0
 70
58
 90
2
176
1
 90
2
176
1
 90
0
176
1
 90
1
176
1
 40
0.6
176
1
 40
30.0
176
1
 62
7
420
16777215
176
1
 90
1
176
1
 90
4
176
1
 62
7
176
1
 62
257
176
1
 90
1
176
1
 90
1
176
1
 40
1.0
176
1
 90
8
176
1
 62
7
176
1
 40
1.0
176
1
 90
1
176
1
 90
6
176
1
 90
2
176
1
 62
7
176
1
 90
5
176
1
 90
0
176
1
 90
0
176
1
290
0
176
1
 90
1
176
1
 40
0.0
176
1
 90
0
176
1
290
0
176
1
290
1
176
1
290
1
176
1
290
0
176
1
290
0
176
1
290
0
176
1
290
0
176
1
290
0
176
1
290
0
176
1
 90
50
176
1
 40
0.0
176
1
 40
1.0
176
1
 90
0
176
1
 62
18
420
0
176
1
 90
50
176
1
 90
3
176
1
 62
5
420
255
176
1
290
0
176
1
 90
50
176
1
 90
50
176
1
 90
50
176
1
290
0
176
1
 90
50
176
1
 62
256
176
0
 40
1.0
176
0
 90
2
176
1
  1
strokes_ogs.tif
176
1
290
0
176
1
 40
1.0
176
1
 40
1.0
176
1
  0
VISUALSTYLE
  5
67
102
{ACAD_REACTORS
330
16
102
}
330
16
100
AcDbVisualStyle
  2
JitterOff
 70
20
177
3
291
1
 70
58
 90
2
176
1
 90
2
176
1
 90
0
176
1
 90
2
176
1
 40
0.6
176
1
 40
30.0
176
1
 62
7
420
16777215
176
1
 90
1
176
1
 90
4
176
1
 62
7
176
1
 62
257
176
1
 90
1
176
1
 90
1
176
1
 40
1.0
176
1
 90
8
176
1
 62
7
176
1
 40
1.0
176
1
 90
1
176
1
 90
6
176
1
 90
2
176
1
 62
7
176
1
 90
5
176
1
 90
0
176
1
 90
0
176
1
290
0
176
1
 90
1
176
1
 40
0.0
176
1
 90
0
176
1
290
0
176
1
290
1
176
1
290
1
176
1
290
0
176
1
290
0
176
1
290
0
176
1
290
0
176
1
290
0
176
1
290
0
176
1
 90
50
176
1
 40
0.0
176
1
 40
1.0
176
1
 90
0
176
1
 62
18
420
0
176
1
 90
50
176
1
 90
3
176
1
 62
5
420
255
176
1
290
0
176
1
 90
50
176
1
 90
50
176
1
 90
50
176
1
290
0
176
1
 90
50
176
1
 62
256
176
0
 40
1.0
176
0
 90
2
176
1
  1
strokes_ogs.tif
176
1
290
0
176
1
 40
1.0
176
1
 40
1.0
176
1
  0
VISUALSTYLE
  5
68
102
{ACAD_REACTORS
330
16
102
}
330
16
100
AcDbVisualStyle
  2
Linepattern
 70
14
177
3
291
1
 70
58
 90
2
176
1
 90
2
176
1
 90
0
176
1
 90
2
176
1
 40
0.6
176
1
 40
30.0
176
1
 62
7
420
16777215
176
1
 90
1
176
1
 90
4
176
1
 62
7
176
1
 62
257
176
1
 90
1
176
1
 90
1
176
1
 40
1.0
176
1
 90
8
176
1
 62
7
176
1
 40
1.0
176
1
 90
1
176
1
 90
6
176
1
 90
2
176
1
 62
7
176
1
 90
5
176
1
 90
0
176
1
 90
0
176
1
290
0
176
1
 90
1
176
1
 40
0.0
176
1
 90
0
176
1
290
0
176
1
290
1
176
1
290
1
176
1
290
0
176
1
290
0
176
1
290
0
176
1
290
0
176
1
290
0
176
1
290
0
176
1
 90
50
176
1
 40
0.0
176
1
 40
1.0
176
1
 90
0
176
1
 62
18
420
0
176
1
 90
50
176
1
 90
3
176
1
 62
5
420
255
176
1
290
0
176
1
 90
50
176
1
 90
50
176
1
 90
50
176
1
290
0
176
1
 90
50
176
1
 62
256
176
0
 40
1.0
176
0
 90
2
176
1
  1
strokes_ogs.tif
176
1
290
0
176
1
 40
1.0
176
1
 40
1.0
176
1
  0
VISUALSTYLE
  5
69
102
{ACAD_REACTORS
330
16
102
}
330
16
100
AcDbVisualStyle
  2
Modeling
 70
10
177
3
291
0
 70
58
 90
2
176
1
 90
2
176
1
 90
0
176
1
 90
2
176
1
 40
0.6
176
1
 40
30.0
176
1
 62
7
420
16777215
176
1
 90
1
176
1
 90
4
176
1
 62
7
176
1
 62
257
176
1
 90
1
176
1
 90
1
176
1
 40
1.0
176
1
 90
8
176
1
 62
7
176
1
 40
1.0
176
1
 90
1
176
1
 90
6
176
1
 90
2
176
1
 62
7
176
1
 90
5
176
1
 90
0
176
1
 90
0
176
1
290
0
176
1
 90
1
176
1
 40
0.0
176
1
 90
0
176
1
290
0
176
1
290
1
176
1
290
1
176
1
290
0
176
1
290
0
176
1
290
0
176
1
290
0
176
1
290
0
176
1
290
0
176
1
 90
50
176
1
 40
0.0
176
1
 40
1.0
176
1
 90
0
176
1
 62
18
420
0
176
1
 90
50
176
1
 90
3
176
1
 62
5
420
255
176
1
290
0
176
1
 90
50
176
1
 90
50
176
1
 90
50
176
1
290
0
176
1
 90
50
176
1
 62
256
176
0
 40
1.0
176
0
 90
2
176
1
  1
strokes_ogs.tif
176
1
290
0
176
1
 40
1.0
176
1
 40
1.0
176
1
  0
VISUALSTYLE
  5
6A
102
{ACAD_REACTORS
330
16
102
}
330
16
100
AcDbVisualStyle
  2
OverhangOff
 70
21
177
3
291
1
 70
58
 90
2
176
1
 90
2
176
1
 90
0
176
1
 90
2
176
1
 40
0.6
176
1
 40
30.0
176
1
 62
7
420
16777215
176
1
 90
1
176
1
 90
4
176
1
 62
7
176
1
 62
257
176
1
 90
1
176
1
 90
1
176
1
 40
1.0
176
1
 90
8
176
1
 62
7
176
1
 40
1.0
176
1
 90
1
176
1
 90
6
176
1
 90
2
176
1
 62
7
176
1
 90
5
176
1
 90
0
176
1
 90
0
176
1
290
0
176
1
 90
1
176
1
 40
0.0
176
1
 90
0
176
1
290
0
176
1
290
1
176
1
290
1
176
1
290
0
176
1
290
0
176
1
290
0
176
1
290
0
176
1
290
0
176
1
290
0
176
1
 90
50
176
1
 40
0.0
176
1
 40
1.0
176
1
 90
0
176
1
 62
18
420
0
176
1
 90
50
176
1
 90
3
176
1
 62
5
420
255
176
1
290
0
176
1
 90
50
176
1
 90
50
176
1
 90
50
176
1
290
0
176
1
 90
50
176
1
 62
256
176
0
 40
1.0
176
0
 90
2
176
1
  1
strokes_ogs.tif
176
1
290
0
176
1
 40
1.0
176
1
 40
1.0
176
1
  0
VISUALSTYLE
  5
6B
102
{ACAD_REACTORS
330
16
102
}
330
16
100
AcDbVisualStyle
  2
Realistic
 70
8
177
3
291
0
 70
58
 90
2
176
1
 90
2
176
1
 90
0
176
1
 90
2
176
1
 40
0.6
176
1
 40
30.0
176
1
 62
7
420
16777215
176
1
 90
1
176
1
 90
4
176
1
 62
7
176
1
 62
257
176
1
 90
1
176
1
 90
1
176
1
 40
1.0
176
1
 90
8
176
1
 62
7
176
1
 40
1.0
176
1
 90
1
176
1
 90
6
176
1
 90
2
176
1
 62
7
176
1
 90
5
176
1
 90
0
176
1
 90
0
176
1
290
0
176
1
 90
1
176
1
 40
0.0
176
1
 90
0
176
1
290
0
176
1
290
1
176
1
290
1
176
1
290
0
176
1
290
0
176
1
290
0
176
1
290
0
176
1
290
0
176
1
290
0
176
1
 90
50
176
1
 40
0.0
176
1
 40
1.0
176
1
 90
0
176
1
 62
18
420
0
176
1
 90
50
176
1
 90
3
176
1
 62
5
420
255
176
1
290
0
176
1
 90
50
176
1
 90
50
176
1
 90
50
176
1
290
0
176
1
 90
50
176
1
 62
256
176
0
 40
1.0
176
0
 90
2
176
1
  1
strokes_ogs.tif
176
1
290
0
176
1
 40
1.0
176
1
 40
1.0
176
1
  0
VISUALSTYLE
  5
6C
102
{ACAD_REACTORS
330
16
102
}
330
16
100
AcDbVisualStyle
  2
Shaded
 70
27
177
3
291
0
 70
58
 90
2
176
1
 90
2
176
1
 90
0
176
1
 90
2
176
1
 40
0.6
176
1
 40
30.0
176
1
 62
7
420
16777215
176
1
 90
1
176
1
 90
4
176
1
 62
7
176
1
 62
257
176
1
 90
1
176
1
 90
1
176
1
 40
1.0
176
1
 90
8
176
1
 62
7
176
1
 40
1.0
176
1
 90
1
176
1
 90
6
176
1
 90
2
176
1
 62
7
176
1
 90
5
176
1
 90
0
176
1
 90
0
176
1
290
0
176
1
 90
1
176
1
 40
0.0
176
1
 90
0
176
1
290
0
176
1
290
1
176
1
290
1
176
1
290
0
176
1
290
0
176
1
290
0
176
1
290
0
176
1
290
0
176
1
290
0
176
1
 90
50
176
1
 40
0.0
176
1
 40
1.0
176
1
 90
0
176
1
 62
18
420
0
176
1
 90
50
176
1
 90
3
176
1
 62
5
420
255
176
1
290
0
176
1
 90
50
176
1
 90
50
176
1
 90
50
176
1
290
0
176
1
 90
50
176
1
 62
256
176
0
 40
1.0
176
0
 90
2
176
1
  1
strokes_ogs.tif
176
1
290
0
176
1
 40
1.0
176
1
 40
1.0
176
1
  0
VISUALSTYLE
  5
6D
102
{ACAD_REACTORS
330
16
102
}
330
16
100
AcDbVisualStyle
  2
Shaded with edges
 70
26
177
3
291
0
 70
58
 90
2
176
1
 90
2
176
1
 90
0
176
1
 90
2
176
1
 40
0.6
176
1
 40
30.0
176
1
 62
7
420
16777215
176
1
 90
1
176
1
 90
4
176
1
 62
7
176
1
 62
257
176
1
 90
1
176
1
 90
1
176
1
 40
1.0
176
1
 90
8
176
1
 62
7
176
1
 40
1.0
176
1
 90
1
176
1
 90
6
176
1
 90
2
176
1
 62
7
176
1
 90
5
176
1
 90
0
176
1
 90
0
176
1
290
0
176
1
 90
1
176
1
 40
0.0
176
1
 90
0
176
1
290
0
176
1
290
1
176
1
290
1
176
1
290
0
176
1
290
0
176
1
290
0
176
1
290
0
176
1
290
0
176
1
290
0
176
1
 90
50
176
1
 40
0.0
176
1
 40
1.0
176
1
 90
0
176
1
 62
18
420
0
176
1
 90
50
176
1
 90
3
176
1
 62
5
420
255
176
1
290
0
176
1
 90
50
176
1
 90
50
176
1
 90
50
176
1
290
0
176
1
 90
50
176
1
 62
256
176
0
 40
1.0
176
0
 90
2
176
1
  1
strokes_ogs.tif
176
1
290
0
176
1
 40
1.0
176
1
 40
1.0
176
1
  0
VISUALSTYLE
  5
6E
102
{ACAD_REACTORS
330
16
102
}
330
16
100
AcDbVisualStyle
  2
Shades of Gray
 70
23
177
3
291
0
 70
58
 90
2
176
1
 90
2
176
1
 90
0
176
1
 90
2
176
1
 40
0.6
176
1
 40
30.0
176
1
 62
7
420
16777215
176
1
 90
1
176
1
 90
4
176
1
 62
7
176
1
 62
257
176
1
 90
1
176
1
 90
1
176
1
 40
1.0
176
1
 90
8
176
1
 62
7
176
1
 40
1.0
176
1
 90
1
176
1
 90
6
176
1
 90
2
176
1
 62
7
176
1
 90
5
176
1
 90
0
176
1
 90
0
176
1
290
0
176
1
 90
1
176
1
 40
0.0
176
1
 90
0
176
1
290
0
176
1
290
1
176
1
290
1
176
1
290
0
176
1
290
0
176
1
290
0
176
1
290
0
176
1
290
0
176
1
290
0
176
1
 90
50
176
1
 40
0.0
176
1
 40
1.0
176
1
 90
0
176
1
 62
18
420
0
176
1
 90
50
176
1
 90
3
176
1
 62
5
420
255
176
1
290
0
176
1
 90
50
176
1
 90
50
176
1
 90
50
176
1
290
0
176
1
 90
50
176
1
 62
256
176
0
 40
1.0
176
0
 90
2
176
1
  1
strokes_ogs.tif
176
1
290
0
176
1
 40
1.0
176
1
 40
1.0
176
1
  0
VISUALSTYLE
  5
6F
102
{ACAD_REACTORS
330
16
102
}
330
16
100
AcDbVisualStyle
  2
Sketchy
 70
24
177
3
291
0
 70
58
 90
2
176
1
 90
2
176
1
 90
0
176
1
 90
1
176
1
 40
0.6
176
1
 40
30.0
176
1
 62
7
420
16777215
176
1
 90
1
176
1
 90
4
176
1
 62
7
176
1
 62
257
176
1
 90
1
176
1
 90
1
176
1
 40
1.0
176
1
 90
8
176
1
 62
7
176
1
 40
1.0
176
1
 90
1
176
1
 90
6
176
1
 90
2
176
1
 62
7
176
1
 90
5
176
1
 90
0
176
1
 90
0
176
1
290
0
176
1
 90
1
176
1
 40
0.0
176
1
 90
0
176
1
290
0
176
1
290
1
176
1
290
1
176
1
290
0
176
1
290
0
176
1
290
0
176
1
290
0
176
1
290
0
176
1
290
0
176
1
 90
50
176
1
 40
0.0
176
1
 40
1.0
176
1
 90
0
176
1
 62
18
420
0
176
1
 90
50
176
1
 90
3
176
1
 62
5
420
255
176
1
290
0
176
1
 90
50
176
1
 90
50
176
1
 90
50
176
1
290
0
176
1
 90
50
176
1
 62
256
176
0
 40
1.0
176
0
 90
2
176
1
  1
strokes_ogs.tif
176
1
290
0
176
1
 40
1.0
176
1
 40
1.0
176
1
  0
VISUALSTYLE
  5
70
102
{ACAD_REACTORS
330
16
102
}
330
16
100
AcDbVisualStyle
  2
Thicken
 70
13
177
3
291
1
 70
58
 90
2
176
1
 90
2
176
1
 90
0
176
1
 90
2
176
1
 40
0.6
176
1
 40
30.0
176
1
 62
7
420
16777215
176
1
 90
1
176
1
 90
4
176
1
 62
7
176
1
 62
257
176
1
 90
1
176
1
 90
1
176
1
 40
1.0
176
1
 90
8
176
1
 62
7
176
1
 40
1.0
176
1
 90
1
176
1
 90
6
176
1
 90
2
176
1
 62
7
176
1
 90
5
176
1
 90
0
176
1
 90
0
176
1
290
0
176
1
 90
1
176
1
 40
0.0
176
1
 90
0
176
1
290
0
176
1
290
1
176
1
290
1
176
1
290
0
176
1
290
0
176
1
290
0
176
1
290
0
176
1
290
0
176
1
290
0
176
1
 90
50
176
1
 40
0.0
176
1
 40
1.0
176
1
 90
0
176
1
 62
18
420
0
176
1
 90
50
176
1
 90
3
176
1
 62
5
420
255
176
1
290
0
176
1
 90
50
176
1
 90
50
176
1
 90
50
176
1
290
0
176
1
 90
50
176
1
 62
256
176
0
 40
1.0
176
0
 90
2
176
1
  1
strokes_ogs.tif
176
1
290
0
176
1
 40
1.0
176
1
 40
1.0
176
1
  0
VISUALSTYLE
  5
71
102
{ACAD_REACTORS
330
16
102
}
330
16
100
AcDbVisualStyle
  2
Wireframe
 70
5
177
3
291
0
 70
58
 90
2
176
1
 90
2
176
1
 90
0
176
1
 90
0
176
1
 40
0.6
176
1
 40
30.0
176
1
 62
7
420
16777215
176
1
 90
1
176
1
 90
4
176
1
 62
7
176
1
 62
257
176
1
 90
1
176
1
 90
1
176
1
 40
1.0
176
1
 90
8
176
1
 62
7
176
1
 40
1.0
176
1
 90
1
176
1
 90
6
176
1
 90
2
176
1
 62
7
176
1
 90
5
176
1
 90
0
176
1
 90
0
176
1
290
0
176
1
 90
1
176
1
 40
0.0
176
1
 90
0
176
1
290
0
176
1
290
1
176
1
290
1
176
1
290
0
176
1
290
0
176
1
290
0
176
1
290
0
176
1
290
0
176
1
290
0
176
1
 90
50
176
1
 40
0.0
176
1
 40
1.0
176
1
 90
0
176
1
 62
18
420
0
176
1
 90
50
176
1
 90
3
176
1
 62
5
420
255
176
1
290
0
176
1
 90
50
176
1
 90
50
176
1
 90
50
176
1
290
0
176
1
 90
50
176
1
 62
256
176
0
 40
1.0
176
0
 90
2
176
1
  1
strokes_ogs.tif
176
1
290
0
176
1
 40
1.0
176
1
 40
1.0
176
1
  0
VISUALSTYLE
  5
72
102
{ACAD_REACTORS
330
16
102
}
330
16
100
AcDbVisualStyle
  2
X-Ray
 70
25
177
3
291
0
 70
58
 90
2
176
1
 90
2
176
1
 90
0
176
1
 90
2
176
1
 40
0.5
176
1
 40
30.0
176
1
 62
7
420
16777215
176
1
 90
1
176
1
 90
4
176
1
 62
7
176
1
 62
257
176
1
 90
1
176
1
 90
1
176
1
 40
1.0
176
1
 90
8
176
1
 62
7
176
1
 40
1.0
176
1
 90
1
176
1
 90
6
176
1
 90
2
176
1
 62
7
176
1
 90
5
176
1
 90
0
176
1
 90
0
176
1
290
0
176
1
 90
1
176
1
 40
0.0
176
1
 90
0
176
1
290
0
176
1
290
1
176
1
290
1
176
1
290
0
176
1
290
0
176
1
290
0
176
1
290
0
176
1
290
0
176
1
290
0
176
1
 90
50
176
1
 40
0.0
176
1
 40
1.0
176
1
 90
0
176
1
 62
18
420
0
176
1
 90
50
176
1
 90
3
176
1
 62
5
420
255
176
1
290
0
176
1
 90
50
176
1
 90
50
176
1
 90
50
176
1
290
0
176
1
 90
50
176
1
 62
256
176
0
 40
1.0
176
0
 90
2
176
1
  1
strokes_ogs.tif
176
1
290
0
176
1
 40
1.0
176
1
 40
1.0
176
1
  0
DICTIONARYVAR
  5
80A
330
2D
100
DictionaryVariables
280
0
  1
1.4.4 @ 2026-08-07T00:37:19.250745+00:00
  0
ENDSEC
  0
EOF
