  0
SECTION
  2
HEADER
  9
$ACADVER
  1
AC1027
  9
$ACADMAINTVER
 70
105
  9
$DWGCODEPAGE
  3
ANSI_1252
  9
$LASTSAVEDBY
  1
ezdxf
  9
$REQUIREDVERSIONS
160
0
  9
$INSBASE
 10
0.0
 20
0.0
 30
0.0
  9
$EXTMIN
 10
1e+20
 20
1e+20
 30
1e+20
  9
$EXTMAX
 10
-1e+20
 20
-1e+20
 30
-1e+20
  9
$LIMMIN
 10
0.0
 20
0.0
  9
$LIMMAX
 10
420.0
 20
297.0
  9
$ORTHOMODE
 70
0
  9
$REGENMODE
 70
1
  9
$FILLMODE
 70
1
  9
$QTEXTMODE
 70
0
  9
$MIRRTEXT
 70
1
  9
$LTSCALE
 40
0.15
  9
$ATTMODE
 70
1
  9
$TEXTSIZE
 40
2.5
  9
$TRACEWID
 40
1.0
  9
$TEXTSTYLE
  7
OpenSans
  9
$CLAYER
  8
0
  9
$CELTYPE
  6
ByLayer
  9
$CECOLOR
 62
256
  9
$CELTSCALE
 40
1.0
  9
$DISPSILH
 70
0
  9
$DIMSCALE
 40
1.0
  9
$DIMASZ
 40
0.175
  9
$DIMEXO
 40
0.125
  9
$DIMDLI
 40
3.75
  9
$DIMRND
 40
0.0
  9
$DIMDLE
 40
0.0
  9
$DIMEXE
 40
0.375
  9
$DIMTP
 40
0.0
  9
$DIMTM
 40
0.0
  9
$DIMTXT
 40
0.25
  9
$DIMCEN
 40
2.5
  9
$DIMTSZ
 40
0.0
  9
$DIMTOL
 70
0
  9
$DIMLIM
 70
0
  9
$DIMTIH
 70
0
  9
$DIMTOH
 70
0
  9
$DIMSE1
 70
0
  9
$DIMSE2
 70
0
  9
$DIMTAD
 70
1
  9
$DIMZIN
 70
12
  9
$DIMBLK
  1
ARCHTICK
  9
$DIMASO
 70
1
  9
$DIMSHO
 70
1
  9
$DIMPOST
  1

  9
$DIMAPOST
  1

  9
$DIMALT
 70
0
  9
$DIMALTD
 70
3
  9
$DIMALTF
 40
0.03937007874
  9
$DIMLFAC
 40
100.0
  9
$DIMTOFL
 70
1
  9
$DIMTVP
 40
0.0
  9
$DIMTIX
 70
0
  9
$DIMSOXD
 70
0
  9
$DIMSAH
 70
0
  9
$DIMBLK1
  1

  9
$DIMBLK2
  1

  9
$DIMSTYLE
  2
EZDXF
  9
$DIMCLRD
 70
0
  9
$DIMCLRE
 70
0
  9
$DIMCLRT
 70
0
  9
$DIMTFAC
 40
0.5
  9
$DIMGAP
 40
0.1
  9
$DIMJUST
 70
0
  9
$DIMSD1
 70
0
  9
$DIMSD2
 70
0
  9
$DIMTOLJ
 70
0
  9
$DIMTZIN
 70
8
  9
$DIMALTZ
 70
0
  9
$DIMALTTZ
 70
0
  9
$DIMUPT
 70
1
  9
$DIMDEC
 70
2
  9
$DIMTDEC
 70
2
  9
$DIMALTU
 70
2
  9
$DIMALTTD
 70
3
  9
$DIMTXSTY
  7
OpenSansCondensed-Light
  9
$DIMAUNIT
 70
0
  9
$DIMADEC
 70
2
  9
$DIMALTRND
 40
0.0
  9
$DIMAZIN
 70
3
  9
$DIMDSEP
 70
46
  9
$DIMATFIT
 70
3
  9
$DIMFRAC
 70
0
  9
$DIMLDRBLK
  1

  9
$DIMLUNIT
 70
2
  9
$DIMLWD
 70
-2
  9
$DIMLWE
 70
-2
  9
$DIMTMOVE
 70
2
  9
$DIMFXL
 40
1.0
  9
$DIMFXLON
 70
0
  9
$DIMJOGANG
 40
0.785398163397
  9
$DIMTFILL
 70
0
  9
$DIMTFILLCLR
 70
0
  9
$DIMARCSYM
 70
0
  9
$DIMLTYPE
  6

  9
$DIMLTEX1
  6

  9
$DIMLTEX2
  6

  9
$DIMTXTDIRECTION
 70
0
  9
$LUNITS
 70
2
  9
$LUPREC
 70
4
  9
$SKETCHINC
 40
1.0
  9
$FILLETRAD
 40
10.0
  9
$AUNITS
 70
0
  9
$AUPREC
 70
2
  9
$MENU
  1
.
  9
$ELEVATION
 40
0.0
  9
$PELEVATION
 40
0.0
  9
$THICKNESS
 40
0.0
  9
$LIMCHECK
 70
0
  9
$CHAMFERA
 40
0.0
  9
$CHAMFERB
 40
0.0
  9
$CHAMFERC
 40
0.0
  9
$CHAMFERD
 40
0.0
  9
$SKPOLY
 70
0
  9
$TDCREATE
 40
2461255.983020833
  9
$TDUCREATE
 40
2458532.153996898
  9
$TDUPDATE
 40
2461255.983020833
  9
$TDUUPDATE
 40
2458532.1544311
  9
$TDINDWG
 40
0.0
  9
$TDUSRTIMER
 40
0.0
  9
$USRTIMER
 70
1
  9
$ANGBASE
 50
0.0
  9
$ANGDIR
 70
0
  9
$PDMODE
 70
0
  9
$PDSIZE
 40
0.0
  9
$PLINEWID
 40
0.0
  9
$SPLFRAME
 70
0
  9
$SPLINETYPE
 70
6
  9
$SPLINESEGS
 70
8
  9
$HANDSEED
  5
D16
  9
$SURFTAB1
 70
6
  9
$SURFTAB2
 70
6
  9
$SURFTYPE
 70
6
  9
$SURFU
 70
6
  9
$SURFV
 70
6
  9
$UCSBASE
  2

  9
$UCSNAME
  2

  9
$UCSORG
 10
0.0
 20
0.0
 30
0.0
  9
$UCSXDIR
 10
1.0
 20
0.0
 30
0.0
  9
$UCSYDIR
 10
0.0
 20
1.0
 30
0.0
  9
$UCSORTHOREF
  2

  9
$UCSORTHOVIEW
 70
0
  9
$UCSORGTOP
 10
0.0
 20
0.0
 30
0.0
  9
$UCSORGBOTTOM
 10
0.0
 20
0.0
 30
0.0
  9
$UCSORGLEFT
 10
0.0
 20
0.0
 30
0.0
  9
$UCSORGRIGHT
 10
0.0
 20
0.0
 30
0.0
  9
$UCSORGFRONT
 10
0.0
 20
0.0
 30
0.0
  9
$UCSORGBACK
 10
0.0
 20
0.0
 30
0.0
  9
$PUCSBASE
  2

  9
$PUCSNAME
  2

  9
$PUCSORG
 10
0.0
 20
0.0
 30
0.0
  9
$PUCSXDIR
 10
1.0
 20
0.0
 30
0.0
  9
$PUCSYDIR
 10
0.0
 20
1.0
 30
0.0
  9
$PUCSORTHOREF
  2

  9
$PUCSORTHOVIEW
 70
0
  9
$PUCSORGTOP
 10
0.0
 20
0.0
 30
0.0
  9
$PUCSORGBOTTOM
 10
0.0
 20
0.0
 30
0.0
  9
$PUCSORGLEFT
 10
0.0
 20
0.0
 30
0.0
  9
$PUCSORGRIGHT
 10
0.0
 20
0.0
 30
0.0
  9
$PUCSORGFRONT
 10
0.0
 20
0.0
 30
0.0
  9
$PUCSORGBACK
 10
0.0
 20
0.0
 30
0.0
  9
$USERI1
 70
0
  9
$USERI2
 70
0
  9
$USERI3
 70
0
  9
$USERI4
 70
0
  9
$USERI5
 70
0
  9
$USERR1
 40
0.0
  9
$USERR2
 40
0.0
  9
$USERR3
 40
0.0
  9
$USERR4
 40
0.0
  9
$USERR5
 40
0.0
  9
$WORLDVIEW
 70
1
  9
$SHADEDGE
 70
3
  9
$SHADEDIF
 70
70
  9
$TILEMODE
 70
1
  9
$MAXACTVP
 70
64
  9
$PINSBASE
 10
0.0
 20
0.0
 30
0.0
  9
$PLIMCHECK
 70
0
  9
$PEXTMIN
 10
1e+20
 20
1e+20
 30
1e+20
  9
$PEXTMAX
 10
-1e+20
 20
-1e+20
 30
-1e+20
  9
$PLIMMIN
 10
0.0
 20
0.0
  9
$PLIMMAX
 10
420.0
 20
297.0
  9
$UNITMODE
 70
0
  9
$VISRETAIN
 70
1
  9
$PLINEGEN
 70
0
  9
$PSLTSCALE
 70
1
  9
$TREEDEPTH
 70
3020
  9
$CMLSTYLE
  2
Standard
  9
$CMLJUST
 70
0
  9
$CMLSCALE
 40
20.0
  9
$PROXYGRAPHICS
 70
1
  9
$MEASUREMENT
 70
1
  9
$CELWEIGHT
370
-1
  9
$ENDCAPS
280
0
  9
$JOINSTYLE
280
0
  9
$LWDISPLAY
290
0
  9
$INSUNITS
 70
6
  9
$HYPERLINKBASE
  1

  9
$STYLESHEET
  1

  9
$XEDIT
290
1
  9
$CEPSNTYPE
380
0
  9
$PSTYLEMODE
290
1
  9
$FINGERPRINTGUID
  2
{B1EC615C-D93F-430F-8E52-F275FE7F702C}
  9
$VERSIONGUID
  2
{00696653-C5F7-469A-B2C9-181097A6E334}
  9
$EXTNAMES
290
1
  9
$PSVPSCALE
 40
0.0
  9
$OLESTARTUP
290
0
  9
$SORTENTS
280
127
  9
$INDEXCTL
280
0
  9
$HIDETEXT
280
1
  9
$XCLIPFRAME
280
1
  9
$HALOGAP
280
0
  9
$OBSCOLOR
 70
257
  9
$OBSLTYPE
280
0
  9
$INTERSECTIONDISPLAY
280
0
  9
$INTERSECTIONCOLOR
 70
257
  9
$DIMASSOC
280
2
  9
$PROJECTNAME
  1

  9
$CAMERADISPLAY
290
0
  9
$LENSLENGTH
 40
50.0
  9
$CAMERAHEIGHT
 40
0.0
  9
$STEPSPERSEC
 40
24.0
  9
$STEPSIZE
 40
100.0
  9
$3DDWFPREC
 40
2.0
  9
$PSOLWIDTH
 40
0.005
  9
$PSOLHEIGHT
 40
0.08
  9
$LOFTANG1
 40
1.570796326795
  9
$LOFTANG2
 40
1.570796326795
  9
$LOFTMAG1
 40
0.0
  9
$LOFTMAG2
 40
0.0
  9
$LOFTPARAM
 70
7
  9
$LOFTNORMALS
280
1
  9
$LATITUDE
 40
37.795
  9
$LONGITUDE
 40
-122.394
  9
$NORTHDIRECTION
 40
0.0
  9
$TIMEZONE
 70
-8000
  9
$LIGHTGLYPHDISPLAY
280
1
  9
$TILEMODELIGHTSYNCH
280
1
  9
$CMATERIAL
347
20
  9
$SOLIDHIST
280
0
  9
$SHOWHIST
280
1
  9
$DWFFRAME
280
2
  9
$DGNFRAME
280
2
  9
$REALWORLDSCALE
290
1
  9
$INTERFERECOLOR
 62
256
  9
$CSHADOW
280
0
  9
$SHADOWPLANELOCATION
 40
0.0
  0
ENDSEC
  0
SECTION
  2
CLASSES
  0
CLASS
  1
ACDBDICTIONARYWDFLT
  2
AcDbDictionaryWithDefault
  3
ObjectDBX Classes
 90
0
 91
0
280
0
281
0
  0
CLASS
  1
SUN
  2
AcDbSun
  3
SCENEOE
 90
1153
 91
0
280
0
281
0
  0
CLASS
  1
VISUALSTYLE
  2
AcDbVisualStyle
  3
ObjectDBX Classes
 90
4095
 91
0
280
0
281
0
  0
CLASS
  1
MATERIAL
  2
AcDbMaterial
  3
ObjectDBX Classes
 90
1153
 91
0
280
0
281
0
  0
CLASS
  1
SCALE
  2
AcDbScale
  3
ObjectDBX Classes
 90
1153
 91
0
280
0
281
0
  0
CLASS
  1
TABLESTYLE
  2
AcDbTableStyle
  3
ObjectDBX Classes
 90
4095
 91
0
280
0
281
0
  0
CLASS
  1
MLEADERSTYLE
  2
AcDbMLeaderStyle
  3
ACDB_MLEADERSTYLE_CLASS
 90
4095
 91
0
280
0
281
0
  0
CLASS
  1
DICTIONARYVAR
  2
AcDbDictionaryVar
  3
ObjectDBX Classes
 90
0
 91
0
280
0
281
0
  0
CLASS
  1
CELLSTYLEMAP
  2
AcDbCellStyleMap
  3
ObjectDBX Classes
 90
1152
 91
0
280
0
281
0
  0
CLASS
  1
MENTALRAYRENDERSETTINGS
  2
AcDbMentalRayRenderSettings
  3
SCENEOE
 90
1024
 91
0
280
0
281
0
  0
CLASS
  1
ACDBDETAILVIEWSTYLE
  2
AcDbDetailViewStyle
  3
ObjectDBX Classes
 90
1025
 91
0
280
0
281
0
  0
CLASS
  1
ACDBSECTIONVIEWSTYLE
  2
AcDbSectionViewStyle
  3
ObjectDBX Classes
 90
1025
 91
0
280
0
281
0
  0
CLASS
  1
RASTERVARIABLES
  2
AcDbRasterVariables
  3
ISM
 90
0
 91
0
280
0
281
0
  0
CLASS
  1
ACDBPLACEHOLDER
  2
AcDbPlaceHolder
  3
ObjectDBX Classes
 90
0
 91
0
280
0
281
0
  0
CLASS
  1
LAYOUT
  2
AcDbLayout
  3
ObjectDBX Classes
 90
0
 91
0
280
0
281
0
  0
ENDSEC
  0
SECTION
  2
TABLES
  0
TABLE
  2
VPORT
  5
8
330
0
100
AcDbSymbolTable
 70
1
  0
VPORT
  5
23
330
8
100
AcDbSymbolTableRecord
100
AcDbViewportTableRecord
  2
*Active
 70
0
 10
0.0
 20
0.0
 11
1.0
 21
1.0
 12
0.0
 22
0.0
 13
0.0
 23
0.0
 14
0.5
 24
0.5
 15
0.5
 25
0.5
 16
0.0
 26
0.0
 36
1.0
 17
0.0
 27
0.0
 37
0.0
 40
1000.0
 41
1.34
 42
50.0
 43
0.0
 44
0.0
 50
0.0
 51
0.0
 71
0
 72
1000
 73
1
 74
3
 75
0
 76
0
 77
0
 78
0
281
0
 65
0
146
0.0
  0
ENDTAB
  0
TABLE
  2
LTYPE
  5
2
330
0
100
AcDbSymbolTable
 70
21
  0
LTYPE
  5
24
330
2
100
AcDbSymbolTableRecord
100
AcDbLinetypeTableRecord
  2
ByBlock
 70
0
  3

 72
65
 73
0
 40
0.0
  0
LTYPE
  5
25
330
2
100
AcDbSymbolTableRecord
100
AcDbLinetypeTableRecord
  2
ByLayer
 70
0
  3

 72
65
 73
0
 40
0.0
  0
LTYPE
  5
26
330
2
100
AcDbSymbolTableRecord
100
AcDbLinetypeTableRecord
  2
Continuous
 70
0
  3

 72
65
 73
0
 40
0.0
  0
LTYPE
  5
2F
330
2
100
AcDbSymbolTableRecord
100
AcDbLinetypeTableRecord
  2
CENTER
 70
0
  3
Center ____ _ ____ _ ____ _ ____ _ ____ _ ____
 72
65
 73
4
 40
5.08
 49
3.175
 74
0
 49
-0.635
 74
0
 49
0.635
 74
0
 49
-0.635
 74
0
  0
LTYPE
  5
30
330
2
100
AcDbSymbolTableRecord
100
AcDbLinetypeTableRecord
  2
CENTERX2
 70
0
  3
Center (2x) ________  __  ________  __  ________
 72
65
 73
4
 40
8.89
 49
6.35
 74
0
 49
-0.635
 74
0
 49
1.27
 74
0
 49
-0.635
 74
0
  0
LTYPE
  5
31
330
2
100
AcDbSymbolTableRecord
100
AcDbLinetypeTableRecord
  2
CENTER2
 70
0
  3
Center (.5x) ____ _ ____ _ ____ _ ____ _ ____
 72
65
 73
4
 40
2.54
 49
1.587
 74
0
 49
-0.318
 74
0
 49
0.318
 74
0
 49
-0.318
 74
0
  0
LTYPE
  5
32
330
2
100
AcDbSymbolTableRecord
100
AcDbLinetypeTableRecord
  2
DASHED
 70
0
  3
Dashed __ __ __ __ __ __ __ __ __ __ __ __ __ _
 72
65
 73
2
 40
1.524
 49
1.27
 74
0
 49
-0.254
 74
0
  0
LTYPE
  5
33
330
2
100
AcDbSymbolTableRecord
100
AcDbLinetypeTableRecord
  2
DASHEDX2
 70
0
  3
Dashed (2x) ____  ____  ____  ____  ____  ____
 72
65
 73
2
 40
3.048
 49
2.54
 74
0
 49
-0.508
 74
0
  0
LTYPE
  5
34
330
2
100
AcDbSymbolTableRecord
100
AcDbLinetypeTableRecord
  2
DASHED2
 70
0
  3
Dashed (.5x) _ _ _ _ _ _ _ _ _ _ _ _ _ _
 72
65
 73
2
 40
0.762
 49
0.635
 74
0
 49
-0.127
 74
0
  0
LTYPE
  5
35
330
2
100
AcDbSymbolTableRecord
100
AcDbLinetypeTableRecord
  2
PHANTOM
 70
0
  3
Phantom ______  __  __  ______  __  __  ______
 72
65
 73
6
 40
6.35
 49
3.175
 74
0
 49
-0.635
 74
0
 49
0.635
 74
0
 49
-0.635
 74
0
 49
0.635
 74
0
 49
-0.635
 74
0
  0
LTYPE
  5
36
330
2
100
AcDbSymbolTableRecord
100
AcDbLinetypeTableRecord
  2
PHANTOMX2
 70
0
  3
Phantom (2x)____________    ____    ____    ____________
 72
65
 73
6
 40
10.795
 49
6.35
 74
0
 49
-0.635
 74
0
 49
1.27
 74
0
 49
-0.635
 74
0
 49
1.27
 74
0
 49
-0.635
 74
0
  0
LTYPE
  5
37
330
2
100
AcDbSymbolTableRecord
100
AcDbLinetypeTableRecord
  2
PHANTOM2
 70
0
  3
Phantom (.5x) ___ _ _ ___ _ _ ___ _ _ ___ _ _ ___
 72
65
 73
6
 40
3.175
 49
1.587
 74
0
 49
-0.318
 74
0
 49
0.318
 74
0
 49
-0.318
 74
0
 49
0.318
 74
0
 49
-0.318
 74
0
  0
LTYPE
  5
38
330
2
100
AcDbSymbolTableRecord
100
AcDbLinetypeTableRecord
  2
DASHDOT
 70
0
  3
Dash dot __ . __ . __ . __ . __ . __ . __ . __
 72
65
 73
4
 40
3.556
 49
2.54
 74
0
 49
-0.508
 74
0
 49
0.0
 74
0
 49
-0.508
 74
0
  0
LTYPE
  5
39
330
2
100
AcDbSymbolTableRecord
100
AcDbLinetypeTableRecord
  2
DASHDOTX2
 70
0
  3
Dash dot (2x) ____  .  ____  .  ____  .  ____
 72
65
 73
4
 40
6.096
 49
5.08
 74
0
 49
-0.508
 74
0
 49
0.0
 74
0
 49
-0.508
 74
0
  0
LTYPE
  5
3A
330
2
100
AcDbSymbolTableRecord
100
AcDbLinetypeTableRecord
  2
DASHDOT2
 70
0
  3
Dash dot (.5x) _ . _ . _ . _ . _ . _ . _ . _
 72
65
 73
4
 40
1.778
 49
1.27
 74
0
 49
-0.254
 74
0
 49
0.0
 74
0
 49
-0.254
 74
0
  0
LTYPE
  5
3B
330
2
100
AcDbSymbolTableRecord
100
AcDbLinetypeTableRecord
  2
DOT
 70
0
  3
Dot .  .  .  .  .  .  .  .  .  .  .  .  .  .  .  .
 72
65
 73
2
 40
0.508
 49
0.0
 74
0
 49
-0.508
 74
0
  0
LTYPE
  5
3C
330
2
100
AcDbSymbolTableRecord
100
AcDbLinetypeTableRecord
  2
DOTX2
 70
0
  3
Dot (2x) .    .    .    .    .    .    .    . 
 72
65
 73
2
 40
1.016
 49
0.0
 74
0
 49
-1.016
 74
0
  0
LTYPE
  5
3D
330
2
100
AcDbSymbolTableRecord
100
AcDbLinetypeTableRecord
  2
DOT2
 70
0
  3
Dot (.5) . . . . . . . . . . . . . . . . . . . 
 72
65
 73
2
 40
0.254
 49
0.0
 74
0
 49
-0.254
 74
0
  0
LTYPE
  5
3E
330
2
100
AcDbSymbolTableRecord
100
AcDbLinetypeTableRecord
  2
DIVIDE
 70
0
  3
Divide __ . . __ . . __ . . __ . . __ . . __
 72
65
 73
6
 40
4.064
 49
2.54
 74
0
 49
-0.508
 74
0
 49
0.0
 74
0
 49
-0.508
 74
0
 49
0.0
 74
0
 49
-0.508
 74
0
  0
LTYPE
  5
3F
330
2
100
AcDbSymbolTableRecord
100
AcDbLinetypeTableRecord
  2
DIVIDEX2
 70
0
  3
Divide (2x) ____  . .  ____  . .  ____  . .  ____
 72
65
 73
6
 40
6.604
 49
5.08
 74
0
 49
-0.508
 74
0
 49
0.0
 74
0
 49
-0.508
 74
0
 49
0.0
 74
0
 49
-0.508
 74
0
  0
LTYPE
  5
40
330
2
100
AcDbSymbolTableRecord
100
AcDbLinetypeTableRecord
  2
DIVIDE2
 70
0
  3
Divide(.5x) _ . _ . _ . _ . _ . _ . _ . _
 72
65
 73
6
 40
2.032
 49
1.27
 74
0
 49
-0.254
 74
0
 49
0.0
 74
0
 49
-0.254
 74
0
 49
0.0
 74
0
 49
-0.254
 74
0
  0
ENDTAB
  0
TABLE
  2
LAYER
  5
1
330
0
100
AcDbSymbolTable
 70
10
  0
LAYER
  5
27
330
1
100
AcDbSymbolTableRecord
100
AcDbLayerTableRecord
  2
0
 70
0
 62
7
  6
Continuous
370
-3
390
13
347
21
  0
LAYER
  5
28
330
1
100
AcDbSymbolTableRecord
100
AcDbLayerTableRecord
  2
Defpoints
 70
0
 62
7
  6
Continuous
290
0
370
-3
390
13
347
21
  0
LAYER
  5
8A
330
1
100
AcDbSymbolTableRecord
100
AcDbLayerTableRecord
  2
SLD_BUS
 70
0
 62
5
  6
Continuous
370
50
390
13
347
21
  0
LAYER
  5
8B
330
1
100
AcDbSymbolTableRecord
100
AcDbLayerTableRecord
  2
SLD_WIRE
 70
0
 62
7
  6
Continuous
370
25
390
13
347
21
  0
LAYER
  5
8C
330
1
100
AcDbSymbolTableRecord
100
AcDbLayerTableRecord
  2
SLD_SYMS
 70
0
 62
7
  6
Continuous
370
25
390
13
347
21
  0
LAYER
  5
8D
330
1
100
AcDbSymbolTableRecord
100
AcDbLayerTableRecord
  2
SLD_CUBICLE
 70
0
 62
8
  6
Continuous
370
13
390
13
347
21
  0
LAYER
  5
8E
330
1
100
AcDbSymbolTableRecord
100
AcDbLayerTableRecord
  2
SLD_TEXT
 70
0
 62
7
  6
Continuous
370
13
390
13
347
21
  0
LAYER
  5
8F
330
1
100
AcDbSymbolTableRecord
100
AcDbLayerTableRecord
  2
SLD_CONTROL
 70
0
 62
7
  6
Continuous
370
13
390
13
347
21
  0
LAYER
  5
17C
330
1
100
AcDbSymbolTableRecord
100
AcDbLayerTableRecord
  2
SYMS
 70
0
 62
7
  6
Continuous
370
-3
390
13
347
21
348
0
  0
LAYER
  5
17D
330
1
100
AcDbSymbolTableRecord
100
AcDbLayerTableRecord
  2
WIRES
 70
0
 62
7
  6
Continuous
370
-3
390
13
347
21
348
0
  0
ENDTAB
  0
TABLE
  2
STYLE
  5
5
330
0
100
AcDbSymbolTable
 70
27
  0
STYLE
  5
29
330
5
100
AcDbSymbolTableRecord
100
AcDbTextStyleTableRecord
  2
Standard
 70
0
 40
0.0
 41
1.0
 50
0.0
 71
0
 42
2.5
  3
txt
  4

  0
STYLE
  5
41
330
5
100
AcDbSymbolTableRecord
100
AcDbTextStyleTableRecord
  2
OpenSans-Light
 70
0
 40
0.0
 41
1.0
 50
0.0
 71
0
 42
2.5
  3
OpenSans-Light.ttf
  4

  0
STYLE
  5
42
330
5
100
AcDbSymbolTableRecord
100
AcDbTextStyleTableRecord
  2
OpenSans-Light-Italic
 70
0
 40
0.0
 41
1.0
 50
0.0
 71
0
 42
2.5
  3
OpenSans-LightItalic.ttf
  4

  0
STYLE
  5
43
330
5
100
AcDbSymbolTableRecord
100
AcDbTextStyleTableRecord
  2
OpenSans
 70
0
 40
0.0
 41
1.0
 50
0.0
 71
0
 42
2.5
  3
OpenSans-Regular.ttf
  4

  0
STYLE
  5
44
330
5
100
AcDbSymbolTableRecord
100
AcDbTextStyleTableRecord
  2
OpenSans-Italic
 70
0
 40
0.0
 41
1.0
 50
0.0
 71
0
 42
2.5
  3
OpenSans-Italic.ttf
  4

  0
STYLE
  5
45
330
5
100
AcDbSymbolTableRecord
100
AcDbTextStyleTableRecord
  2
OpenSans-SemiBold
 70
0
 40
0.0
 41
1.0
 50
0.0
 71
0
 42
2.5
  3
OpenSans-SemiBold.ttf
  4

  0
STYLE
  5
46
330
5
100
AcDbSymbolTableRecord
100
AcDbTextStyleTableRecord
  2
OpenSans-SemiBoldItalic
 70
0
 40
0.0
 41
1.0
 50
0.0
 71
0
 42
2.5
  3
OpenSans-SemiBoldItalic.ttf
  4

  0
STYLE
  5
47
330
5
100
AcDbSymbolTableRecord
100
AcDbTextStyleTableRecord
  2
OpenSans-Bold
 70
0
 40
0.0
 41
1.0
 50
0.0
 71
0
 42
2.5
  3
OpenSans-Bold.ttf
  4

  0
STYLE
  5
48
330
5
100
AcDbSymbolTableRecord
100
AcDbTextStyleTableRecord
  2
OpenSans-BoldItalic
 70
0
 40
0.0
 41
1.0
 50
0.0
 71
0
 42
2.5
  3
OpenSans-BoldItalic.ttf
  4

  0
STYLE
  5
49
330
5
100
AcDbSymbolTableRecord
100
AcDbTextStyleTableRecord
  2
OpenSans-ExtraBold
 70
0
 40
0.0
 41
1.0
 50
0.0
 71
0
 42
2.5
  3
OpenSans-ExtraBold.ttf
  4

  0
STYLE
  5
4A
330
5
100
AcDbSymbolTableRecord
100
AcDbTextStyleTableRecord
  2
OpenSans-ExtraBoldItalic
 70
0
 40
0.0
 41
1.0
 50
0.0
 71
0
 42
2.5
  3
OpenSans-ExtraBoldItalic.ttf
  4

  0
STYLE
  5
4B
330
5
100
AcDbSymbolTableRecord
100
AcDbTextStyleTableRecord
  2
OpenSansCondensed-Bold
 70
0
 40
0.0
 41
1.0
 50
0.0
 71
0
 42
2.5
  3
OpenSansCondensed-Bold.ttf
  4

  0
STYLE
  5
4C
330
5
100
AcDbSymbolTableRecord
100
AcDbTextStyleTableRecord
  2
OpenSansCondensed-Light
 70
0
 40
0.0
 41
1.0
 50
0.0
 71
0
 42
2.5
  3
OpenSansCondensed-Light.ttf
  4

  0
STYLE
  5
4D
330
5
100
AcDbSymbolTableRecord
100
AcDbTextStyleTableRecord
  2
OpenSansCondensed-Italic
 70
0
 40
0.0
 41
1.0
 50
0.0
 71
0
 42
2.5
  3
OpenSansCondensed-LightItalic.ttf
  4

  0
STYLE
  5
4E
330
5
100
AcDbSymbolTableRecord
100
AcDbTextStyleTableRecord
  2
LiberationSans
 70
0
 40
0.0
 41
1.0
 50
0.0
 71
0
 42
2.5
  3
LiberationSans-Regular.ttf
  4

  0
STYLE
  5
4F
330
5
100
AcDbSymbolTableRecord
100
AcDbTextStyleTableRecord
  2
LiberationSans-Bold
 70
0
 40
0.0
 41
1.0
 50
0.0
 71
0
 42
2.5
  3
LiberationSans-Bold.ttf
  4

  0
STYLE
  5
50
330
5
100
AcDbSymbolTableRecord
100
AcDbTextStyleTableRecord
  2
LiberationSans-BoldItalic
 70
0
 40
0.0
 41
1.0
 50
0.0
 71
0
 42
2.5
  3
LiberationSans-BoldItalic.ttf
  4

  0
STYLE
  5
51
330
5
100
AcDbSymbolTableRecord
100
AcDbTextStyleTableRecord
  2
LiberationSans-Italic
 70
0
 40
0.0
 41
1.0
 50
0.0
 71
0
 42
2.5
  3
LiberationSans-Italic.ttf
  4

  0
STYLE
  5
52
330
5
100
AcDbSymbolTableRecord
100
AcDbTextStyleTableRecord
  2
LiberationSerif
 70
0
 40
0.0
 41
1.0
 50
0.0
 71
0
 42
2.5
  3
LiberationSerif-Regular.ttf
  4

  0
STYLE
  5
53
330
5
100
AcDbSymbolTableRecord
100
AcDbTextStyleTableRecord
  2
LiberationSerif-Bold
 70
0
 40
0.0
 41
1.0
 50
0.0
 71
0
 42
2.5
  3
LiberationSerif-Bold.ttf
  4

  0
STYLE
  5
54
330
5
100
AcDbSymbolTableRecord
100
AcDbTextStyleTableRecord
  2
LiberationSerif-BoldItalic
 70
0
 40
0.0
 41
1.0
 50
0.0
 71
0
 42
2.5
  3
LiberationSerif-BoldItalic.ttf
  4

  0
STYLE
  5
55
330
5
100
AcDbSymbolTableRecord
100
AcDbTextStyleTableRecord
  2
LiberationSerif-Italic
 70
0
 40
0.0
 41
1.0
 50
0.0
 71
0
 42
2.5
  3
LiberationSerif-Italic.ttf
  4

  0
STYLE
  5
56
330
5
100
AcDbSymbolTableRecord
100
AcDbTextStyleTableRecord
  2
LiberationMono
 70
0
 40
0.0
 41
1.0
 50
0.0
 71
0
 42
2.5
  3
LiberationMono-Regular.ttf
  4

  0
STYLE
  5
57
330
5
100
AcDbSymbolTableRecord
100
AcDbTextStyleTableRecord
  2
LiberationMono-Bold
 70
0
 40
0.0
 41
1.0
 50
0.0
 71
0
 42
2.5
  3
LiberationMono-Bold.ttf
  4

  0
STYLE
  5
58
330
5
100
AcDbSymbolTableRecord
100
AcDbTextStyleTableRecord
  2
LiberationMono-BoldItalic
 70
0
 40
0.0
 41
1.0
 50
0.0
 71
0
 42
2.5
  3
LiberationMono-BoldItalic.ttf
  4

  0
STYLE
  5
59
330
5
100
AcDbSymbolTableRecord
100
AcDbTextStyleTableRecord
  2
LiberationMono-Italic
 70
0
 40
0.0
 41
1.0
 50
0.0
 71
0
 42
2.5
  3
LiberationMono-Italic.ttf
  4

  0
STYLE
  5
17E
330
5
100
AcDbSymbolTableRecord
100
AcDbTextStyleTableRecord
  2
WD
 70
0
 40
0.0
 41
1.0
 50
0.0
 71
0
 42
0.15
  3
txt
  4

  0
ENDTAB
  0
TABLE
  2
VIEW
  5
7
330
0
100
AcDbSymbolTable
 70
0
  0
ENDTAB
  0
TABLE
  2
UCS
  5
6
330
0
100
AcDbSymbolTable
 70
0
  0
ENDTAB
  0
TABLE
  2
APPID
  5
3
330
0
100
AcDbSymbolTable
 70
3
  0
APPID
  5
2A
330
3
100
AcDbSymbolTableRecord
100
AcDbRegAppTableRecord
  2
ACAD
 70
0
  0
APPID
  5
D13
330
3
100
AcDbSymbolTableRecord
100
AcDbRegAppTableRecord
  2
HATCHBACKGROUNDCOLOR
 70
0
  0
APPID
  5
D14
330
3
100
AcDbSymbolTableRecord
100
AcDbRegAppTableRecord
  2
EZDXF
 70
0
  0
ENDTAB
  0
TABLE
  2
DIMSTYLE
  5
4
330
0
100
AcDbSymbolTable
 70
12
100
AcDbDimStyleTable
  0
DIMSTYLE
105
2B
330
4
100
AcDbSymbolTableRecord
100
AcDbDimStyleTableRecord
  2
Standard
 70
0
 40
1.0
 41
2.5
 42
0.625
 43
3.75
 44
1.25
 45
0.0
 46
0.0
 47
0.0
 48
0.0
 49
2.5
140
2.5
141
2.5
142
0.0
143
0.03937007874
144
1.0
145
0.0
146
1.0
147
0.625
148
0.0
 69
0
 70
0
 71
0
 72
0
 73
0
 74
0
 75
0
 76
0
 77
1
 78
8
 79
3
170
0
171
3
172
1
173
0
174
0
175
0
176
0
177
0
178
0
179
2
271
2
272
2
273
2
274
3
275
0
276
0
277
2
278
44
279
0
280
0
281
0
282
0
283
0
284
8
285
0
286
0
288
0
289
3
290
0
371
-2
372
-2
  0
DIMSTYLE
105
73
330
4
100
AcDbSymbolTableRecord
100
AcDbDimStyleTableRecord
  2
EZDXF
 70
0
 40
1.0
 41
0.175
 42
0.125
 43
3.75
 44
0.375
 45
0.0
 46
0.0
 47
0.0
 48
0.0
 49
2.5
140
0.25
141
2.5
142
0.0
143
0.03937007874
144
100.0
145
0.0
146
0.5
147
0.1
148
0.0
 69
0
 70
0
 71
0
 72
0
 73
0
 74
0
 75
0
 76
0
 77
1
 78
12
 79
3
170
0
171
3
172
1
173
0
174
0
175
0
176
0
177
0
178
0
179
2
271
2
272
2
273
2
274
3
275
0
276
0
277
2
278
46
279
2
280
0
281
0
282
0
283
0
284
8
285
0
286
0
288
1
289
3
290
0
340
4C
342
74
371
-2
372
-2
  0
DIMSTYLE
105
7C
330
4
100
AcDbSymbolTableRecord
100
AcDbDimStyleTableRecord
  2
EZ_M_100_H25_CM
 70
0
 40
1.0
 41
0.25
 42
0.125
 43
3.75
 44
0.375
 45
0.0
 46
0.0
 47
0.0
 48
0.0
 49
2.5
140
0.25
141
2.5
142
0.125
143
0.03937007874
144
100.0
145
0.0
146
0.5
147
0.1
148
0.0
 69
0
 70
0
 71
0
 72
0
 73
0
 74
0
 75
0
 76
0
 77
1
 78
12
 79
3
170
0
171
3
172
1
173
0
174
0
175
0
176
0
177
0
178
0
179
2
271
2
272
2
273
2
274
3
275
0
276
0
277
2
278
46
279
2
280
0
281
0
282
0
283
0
284
8
285
0
286
0
288
1
289
3
290
0
340
4C
371
-2
372
-2
  0
DIMSTYLE
105
7D
330
4
100
AcDbSymbolTableRecord
100
AcDbDimStyleTableRecord
  2
EZ_M_50_H25_CM
 70
0
 40
1.0
 41
0.125
 42
0.0625
 43
3.75
 44
0.1875
 45
0.0
 46
0.0
 47
0.0
 48
0.0
 49
2.5
140
0.125
141
2.5
142
0.0625
143
0.03937007874
144
100.0
145
0.0
146
0.5
147
0.05
148
0.0
 69
0
 70
0
 71
0
 72
0
 73
0
 74
0
 75
0
 76
0
 77
1
 78
12
 79
3
170
0
171
3
172
1
173
0
174
0
175
0
176
0
177
0
178
0
179
2
271
2
272
2
273
2
274
3
275
0
276
0
277
2
278
46
279
2
280
0
281
0
282
0
283
0
284
8
285
0
286
0
288
1
289
3
290
0
340
4C
371
-2
372
-2
  0
DIMSTYLE
105
7E
330
4
100
AcDbSymbolTableRecord
100
AcDbDimStyleTableRecord
  2
EZ_M_25_H25_CM
 70
0
 40
1.0
 41
0.0625
 42
0.03125
 43
3.75
 44
0.09375
 45
0.0
 46
0.0
 47
0.0
 48
0.0
 49
2.5
140
0.0625
141
2.5
142
0.03125
143
0.03937007874
144
100.0
145
0.0
146
0.5
147
0.025
148
0.0
 69
0
 70
0
 71
0
 72
0
 73
0
 74
0
 75
0
 76
0
 77
1
 78
12
 79
3
170
0
171
3
172
1
173
0
174
0
175
0
176
0
177
0
178
0
179
2
271
2
272
2
273
2
274
3
275
0
276
0
277
2
278
46
279
2
280
0
281
0
282
0
283
0
284
8
285
0
286
0
288
1
289
3
290
0
340
4C
371
-2
372
-2
  0
DIMSTYLE
105
7F
330
4
100
AcDbSymbolTableRecord
100
AcDbDimStyleTableRecord
  2
EZ_M_20_H25_CM
 70
0
 40
1.0
 41
0.05
 42
0.025
 43
3.75
 44
0.07500000000000001
 45
0.0
 46
0.0
 47
0.0
 48
0.0
 49
2.5
140
0.05
141
2.5
142
0.025
143
0.03937007874
144
100.0
145
0.0
146
0.5
147
0.020000000000000004
148
0.0
 69
0
 70
0
 71
0
 72
0
 73
0
 74
0
 75
0
 76
0
 77
1
 78
12
 79
3
170
0
171
3
172
1
173
0
174
0
175
0
176
0
177
0
178
0
179
2
271
2
272
2
273
2
274
3
275
0
276
0
277
2
278
46
279
2
280
0
281
0
282
0
283
0
284
8
285
0
286
0
288
1
289
3
290
0
340
4C
371
-2
372
-2
  0
DIMSTYLE
105
80
330
4
100
AcDbSymbolTableRecord
100
AcDbDimStyleTableRecord
  2
EZ_M_10_H25_CM
 70
0
 40
1.0
 41
0.025
 42
0.0125
 43
3.75
 44
0.037500000000000006
 45
0.0
 46
0.0
 47
0.0
 48
0.0
 49
2.5
140
0.025
141
2.5
142
0.0125
143
0.03937007874
144
100.0
145
0.0
146
0.5
147
0.010000000000000002
148
0.0
 69
0
 70
0
 71
0
 72
0
 73
0
 74
0
 75
0
 76
0
 77
1
 78
12
 79
3
170
0
171
3
172
1
173
0
174
0
175
0
176
0
177
0
178
0
179
2
271
2
272
2
273
2
274
3
275
0
276
0
277
2
278
46
279
2
280
0
281
0
282
0
283
0
284
8
285
0
286
0
288
1
289
3
290
0
340
4C
371
-2
372
-2
  0
DIMSTYLE
105
81
330
4
100
AcDbSymbolTableRecord
100
AcDbDimStyleTableRecord
  2
EZ_M_5_H25_CM
 70
0
 40
1.0
 41
0.0125
 42
0.00625
 43
3.75
 44
0.018750000000000003
 45
0.0
 46
0.0
 47
0.0
 48
0.0
 49
2.5
140
0.0125
141
2.5
142
0.00625
143
0.03937007874
144
100.0
145
0.0
146
0.5
147
0.005000000000000001
148
0.0
 69
0
 70
0
 71
0
 72
0
 73
0
 74
0
 75
0
 76
0
 77
1
 78
12
 79
3
170
0
171
3
172
1
173
0
174
0
175
0
176
0
177
0
178
0
179
2
271
2
272
2
273
2
274
3
275
0
276
0
277
2
278
46
279
2
280
0
281
0
282
0
283
0
284
8
285
0
286
0
288
1
289
3
290
0
340
4C
371
-2
372
-2
  0
DIMSTYLE
105
82
330
4
100
AcDbSymbolTableRecord
100
AcDbDimStyleTableRecord
  2
EZ_M_1_H25_CM
 70
0
 40
1.0
 41
0.0025
 42
0.00125
 43
3.75
 44
0.00375
 45
0.0
 46
0.0
 47
0.0
 48
0.0
 49
2.5
140
0.0025
141
2.5
142
0.00125
143
0.03937007874
144
100.0
145
0.0
146
0.5
147
0.001
148
0.0
 69
0
 70
0
 71
0
 72
0
 73
0
 74
0
 75
0
 76
0
 77
1
 78
12
 79
3
170
0
171
3
172
1
173
0
174
0
175
0
176
0
177
0
178
0
179
2
271
2
272
2
273
2
274
3
275
0
276
0
277
2
278
46
279
2
280
0
281
0
282
0
283
0
284
8
285
0
286
0
288
1
289
3
290
0
340
4C
371
-2
372
-2
  0
DIMSTYLE
105
83
330
4
100
AcDbSymbolTableRecord
100
AcDbDimStyleTableRecord
  2
EZ_RADIUS
 70
0
 40
1.0
 41
0.25
 42
0.125
 43
3.75
 44
0.375
 45
0.0
 46
0.0
 47
0.0
 48
0.0
 49
2.5
140
0.25
141
0.0
142
0.0
143
0.03937007874
144
100.0
145
0.0
146
0.5
147
0.1
148
0.0
 69
0
 70
0
 71
0
 72
0
 73
0
 74
0
 75
0
 76
0
 77
1
 78
12
 79
3
170
0
171
3
172
0
173
0
174
0
175
0
176
0
177
0
178
0
179
2
271
2
272
2
273
2
274
3
275
0
276
0
277
2
278
46
279
1
280
0
281
0
282
0
283
0
284
8
285
0
286
0
288
1
289
3
290
0
340
4C
342
84
371
-2
372
-2
  0
DIMSTYLE
105
88
330
4
100
AcDbSymbolTableRecord
100
AcDbDimStyleTableRecord
  2
EZ_RADIUS_INSIDE
 70
0
 40
1.0
 41
0.25
 42
0.125
 43
3.75
 44
0.375
 45
0.0
 46
0.0
 47
0.0
 48
0.0
 49
2.5
140
0.25
141
0.0
142
0.0
143
0.03937007874
144
100.0
145
0.0
146
0.5
147
0.1
148
0.0
 69
0
 70
0
 71
0
 72
0
 73
0
 74
0
 75
0
 76
0
 77
0
 78
12
 79
3
170
0
171
3
172
0
173
0
174
1
175
0
176
0
177
0
178
0
179
2
271
2
272
2
273
2
274
3
275
0
276
0
277
2
278
46
279
0
280
0
281
0
282
0
283
0
284
8
285
0
286
0
288
1
289
0
290
0
340
4C
342
84
371
-2
372
-2
  0
DIMSTYLE
105
89
330
4
100
AcDbSymbolTableRecord
100
AcDbDimStyleTableRecord
  2
EZ_CURVED
 70
0
 40
1.0
 41
0.25
 42
0.125
 43
3.75
 44
0.375
 45
0.0
 46
0.0
 47
0.0
 48
0.0
 49
2.5
140
0.25
141
2.5
142
0.0
143
0.03937007874
144
100.0
145
0.0
146
0.5
147
0.1
148
0.0
 69
0
 70
0
 71
0
 72
0
 73
0
 74
0
 75
0
 76
0
 77
1
 78
12
 79
2
 90
2
170
0
171
3
172
1
173
0
174
0
175
0
176
0
177
0
178
0
179
2
271
2
272
2
273
2
274
3
275
0
276
0
277
2
278
46
279
2
280
0
281
0
282
0
283
0
284
8
285
0
286
0
288
1
289
3
290
0
340
4C
371
-2
372
-2
  0
ENDTAB
  0
TABLE
  2
BLOCK_RECORD
  5
9
330
0
100
AcDbSymbolTable
 70
16
  0
BLOCK_RECORD
  5
17
330
9
100
AcDbSymbolTableRecord
100
AcDbBlockTableRecord
  2
*Model_Space
340
1A
 70
0
280
1
281
0
  0
BLOCK_RECORD
  5
1B
330
9
100
AcDbSymbolTableRecord
100
AcDbBlockTableRecord
  2
*Paper_Space
340
1E
 70
0
280
1
281
0
  0
BLOCK_RECORD
  5
74
330
9
100
AcDbSymbolTableRecord
100
AcDbBlockTableRecord
  2
_ARCHTICK
340
0
 70
0
280
1
281
0
  0
BLOCK_RECORD
  5
78
330
9
100
AcDbSymbolTableRecord
100
AcDbBlockTableRecord
  2
_CLOSEDFILLED
340
0
 70
0
280
1
281
0
  0
BLOCK_RECORD
  5
84
330
9
100
AcDbSymbolTableRecord
100
AcDbBlockTableRecord
  2
_CLOSEDBLANK
340
0
 70
0
280
1
281
0
  0
BLOCK_RECORD
  5
90
330
9
100
AcDbSymbolTableRecord
100
AcDbBlockTableRecord
  2
ARRESTER
340
0
 70
0
280
1
281
0
  0
BLOCK_RECORD
  5
9D
330
9
100
AcDbSymbolTableRecord
100
AcDbBlockTableRecord
  2
DEVICE_BUBBLE
340
0
 70
0
280
1
281
0
  0
BLOCK_RECORD
  5
A2
330
9
100
AcDbSymbolTableRecord
100
AcDbBlockTableRecord
  2
HGND2
340
0
 70
0
280
1
281
0
  0
BLOCK_RECORD
  5
A9
330
9
100
AcDbSymbolTableRecord
100
AcDbBlockTableRecord
  2
HXF1CT
340
0
 70
0
280
1
281
0
  0
BLOCK_RECORD
  5
C4
330
9
100
AcDbSymbolTableRecord
100
AcDbBlockTableRecord
  2
HXF1T1_1-
340
0
 70
0
280
1
281
0
  0
BLOCK_RECORD
  5
E5
330
9
100
AcDbSymbolTableRecord
100
AcDbBlockTableRecord
  2
VCN1PJ
340
0
 70
0
280
1
281
0
  0
BLOCK_RECORD
  5
FF
330
9
100
AcDbSymbolTableRecord
100
AcDbBlockTableRecord
  2
VDS11F
340
0
 70
0
280
1
281
0
  0
BLOCK_RECORD
  5
121
330
9
100
AcDbSymbolTableRecord
100
AcDbBlockTableRecord
  2
VFU1_1-
340
0
 70
0
280
1
281
0
  0
BLOCK_RECORD
  5
13A
330
9
100
AcDbSymbolTableRecord
100
AcDbBlockTableRecord
  2
VXF1CT
340
0
 70
0
280
1
281
0
  0
BLOCK_RECORD
  5
155
330
9
100
AcDbSymbolTableRecord
100
AcDbBlockTableRecord
  2
VXF1T1_1-
340
0
 70
0
280
1
281
0
  0
BLOCK_RECORD
  5
176
330
9
100
AcDbSymbolTableRecord
100
AcDbBlockTableRecord
  2
WDDOT
340
0
 70
0
280
1
281
0
  0
ENDTAB
  0
ENDSEC
  0
SECTION
  2
BLOCKS
  0
BLOCK
  5
18
330
17
100
AcDbEntity
  8
0
100
AcDbBlockBegin
  2
*Model_Space
 70
0
 10
0.0
 20
0.0
 30
0.0
  3
*Model_Space
  1

  0
ENDBLK
  5
19
330
17
100
AcDbEntity
  8
0
100
AcDbBlockEnd
  0
BLOCK
  5
1C
330
1B
100
AcDbEntity
  8
0
100
AcDbBlockBegin
  2
*Paper_Space
 70
0
 10
0.0
 20
0.0
 30
0.0
  3
*Paper_Space
  1

  0
ENDBLK
  5
1D
330
1B
100
AcDbEntity
  8
0
100
AcDbBlockEnd
  0
BLOCK
  5
75
330
74
100
AcDbEntity
  8
0
100
AcDbBlockBegin
  2
_ARCHTICK
 70
0
 10
0.0
 20
0.0
 30
0.0
  3
_ARCHTICK
  1

  0
LWPOLYLINE
  5
77
330
74
100
AcDbEntity
  8
0
  6
BYBLOCK
 62
0
100
AcDbPolyline
 90
2
 70
0
 43
0.15
 10
-0.5
 20
-0.5
 10
0.5
 20
0.5
  0
ENDBLK
  5
76
330
74
100
AcDbEntity
  8
0
100
AcDbBlockEnd
  0
BLOCK
  5
79
330
78
100
AcDbEntity
  8
0
100
AcDbBlockBegin
  2
_CLOSEDFILLED
 70
0
 10
0.0
 20
0.0
 30
0.0
  3
_CLOSEDFILLED
  1

  0
SOLID
  5
7B
330
78
100
AcDbEntity
  8
0
  6
BYBLOCK
 62
0
100
AcDbTrace
 10
-1.0
 20
0.16439898372402537
 30
0.0
 11
0.0
 21
0.0
 31
0.0
 12
-1.0
 22
-0.16439898372402537
 32
0.0
 13
-1.0
 23
-0.16439898372402537
 33
0.0
  0
ENDBLK
  5
7A
330
78
100
AcDbEntity
  8
0
100
AcDbBlockEnd
  0
BLOCK
  5
85
330
84
100
AcDbEntity
  8
0
100
AcDbBlockBegin
  2
_CLOSEDBLANK
 70
0
 10
0.0
 20
0.0
 30
0.0
  3
_CLOSEDBLANK
  1

  0
LWPOLYLINE
  5
87
330
84
100
AcDbEntity
  8
0
  6
BYBLOCK
 62
0
100
AcDbPolyline
 90
3
 70
1
 10
-1.0
 20
0.16439898372402537
 10
0.0
 20
0.0
 10
-1.0
 20
-0.16439898372402537
  0
ENDBLK
  5
86
330
84
100
AcDbEntity
  8
0
100
AcDbBlockEnd
  0
BLOCK
  5
91
330
90
100
AcDbEntity
  8
0
100
AcDbBlockBegin
  2
ARRESTER
 70
0
 10
0.0
 20
0.0
 30
0.0
  3
ARRESTER
  1

  0
LINE
  5
93
330
90
100
AcDbEntity
  8
WIRES
 62
7
 48
0.2
100
AcDbLine
 10
-0.0002354885388911
 20
-0.0003695089762203
 30
0.0
 11
0.2412497385918328
 21
-0.0003695089762203
 31
0.0
  0
INSERT
  5
94
330
90
100
AcDbEntity
  8
SYMS
 62
7
 48
0.2
100
AcDbBlockReference
  2
WDDOT
 10
-0.0002354885388911
 20
-0.0003695089762186
 30
0.0
  0
CIRCLE
  5
96
330
90
100
AcDbEntity
  8
0
 62
7
 48
0.2
100
AcDbCircle
 10
0.2701022400400035
 20
-0.0003695089762203
 30
0.0
 40
0.0288525014481707
  0
CIRCLE
  5
97
330
90
100
AcDbEntity
  8
0
 62
7
 48
0.2
100
AcDbCircle
 10
0.4548505535764065
 20
-0.0004577611034762
 30
0.0
 40
0.0288525014481707
  0
LINE
  5
98
330
90
100
AcDbEntity
  8
WIRES
 62
7
 48
0.2
100
AcDbLine
 10
0.4837030550245771
 20
-0.0004577611034762
 30
0.0
 11
0.6770460902128406
 21
-0.0004577611034762
 31
0.0
  0
INSERT
  5
99
330
90
100
AcDbEntity
  8
SYMS
 62
7
 48
0.2
100
AcDbBlockReference
 66
1
  2
HGND2
 10
0.6770460902128406
 20
-0.0004577611034762
 30
0.0
  0
ATTRIB
  5
9A
330
99
100
AcDbEntity
  8
0
100
AcDbText
 10
0.6770460902128406
 20
-0.0004577611034762
 30
0.0
 40
0.01
  1

  7
WD
100
AcDbAttribute
  2
X4TERM01
 70
1
  0
SEQEND
  5
9B
330
99
100
AcDbEntity
  8
SYMS
 62
7
 48
0.2
  0
MTEXT
  5
9C
330
90
100
AcDbEntity
  8
0
 62
7
 48
0.2
100
AcDbMText
 10
0.8171558000249206
 20
0.2195202964539327
 30
0.0
 40
0.1
 41
0.0
 46
0.0
 71
1
 72
5
  1
L.A.\P18kV\P15.3kV MCOV
  7
WD
  0
ENDBLK
  5
92
330
90
100
AcDbEntity
  8
0
100
AcDbBlockEnd
  0
BLOCK
  5
9E
330
9D
100
AcDbEntity
  8
0
100
AcDbBlockBegin
  2
DEVICE_BUBBLE
 70
2
 10
0.0
 20
0.0
 30
0.0
  3
DEVICE_BUBBLE
  1

  0
CIRCLE
  5
A0
330
9D
100
AcDbEntity
  8
0
100
AcDbCircle
 10
-0.0076230149297771
 20
0.0038114376397971
 30
0.0
 40
0.217314968347708
  0
ATTDEF
  5
A1
330
9D
100
AcDbEntity
  8
0
100
AcDbText
 10
-0.1715320898920254
 20
-0.0990484842091064
 30
0.0
 40
0.2
  1

  7
OpenSans
100
AcDbAttributeDefinition
  3

  2
DB
 70
0
280
1
  0
ENDBLK
  5
9F
330
9D
100
AcDbEntity
  8
0
100
AcDbBlockEnd
  0
BLOCK
  5
A3
330
A2
100
AcDbEntity
  8
0
100
AcDbBlockBegin
  2
HGND2
 70
2
 10
0.0
 20
0.0
 30
0.0
  3
HGND2
  1

  0
LINE
  5
A5
330
A2
100
AcDbEntity
  8
0
100
AcDbLine
 10
0.0
 20
0.09375
 30
0.0
 11
0.0
 21
-0.09375
 31
0.0
  0
LINE
  5
A6
330
A2
100
AcDbEntity
  8
0
100
AcDbLine
 10
0.046875
 20
0.0625
 30
0.0
 11
0.046875
 21
-0.0625
 31
0.0
  0
LINE
  5
A7
330
A2
100
AcDbEntity
  8
0
100
AcDbLine
 10
0.09375
 20
0.03125
 30
0.0
 11
0.09375
 21
-0.03125
 31
0.0
  0
ATTDEF
  5
A8
330
A2
100
AcDbEntity
  8
0
100
AcDbText
 10
0.0
 20
0.0
 30
0.0
 40
0.01
  1

  7
WD
100
AcDbAttributeDefinition
  3

  2
X4TERM01
 70
1
  0
ENDBLK
  5
A4
330
A2
100
AcDbEntity
  8
0
100
AcDbBlockEnd
  0
BLOCK
  5
AA
330
A9
100
AcDbEntity
  8
0
100
AcDbBlockBegin
  2
HXF1CT
 70
2
 10
0.0
 20
0.0
 30
0.0
  3
HXF1CT
  1

  0
ARC
  5
AC
330
A9
100
AcDbEntity
  8
0
100
AcDbCircle
 10
-0.125
 20
0.34375
 30
0.0
 40
0.125
100
AcDbArc
 50
0.0
 51
180.0
  0
ARC
  5
AD
330
A9
100
AcDbEntity
  8
0
100
AcDbCircle
 10
0.125
 20
0.34375
 30
0.0
 40
0.125
100
AcDbArc
 50
0.0
 51
180.0
  0
LINE
  5
AE
330
A9
100
AcDbEntity
  8
0
100
AcDbLine
 10
0.0
 20
0.34375
 30
0.0
 11
0.0
 21
0.28125
 31
0.0
  0
CIRCLE
  5
AF
330
A9
100
AcDbEntity
  8
0
100
AcDbCircle
 10
-0.2490382372998621
 20
0.0
 30
0.0
 40
0.032211762700138
  0
CIRCLE
  5
B0
330
A9
100
AcDbEntity
  8
0
100
AcDbCircle
 10
0.2490382372998621
 20
0.0
 30
0.0
 40
0.032211762700138
  0
LINE
  5
B1
330
A9
100
AcDbEntity
  8
0
100
AcDbLine
 10
0.25
 20
0.34375
 30
0.0
 11
0.25
 21
0.0321974015839574
 31
0.0
  0
LINE
  5
B2
330
A9
100
AcDbEntity
  8
0
100
AcDbLine
 10
-0.25
 20
0.34375
 30
0.0
 11
-0.25
 21
0.0321974015839574
 31
0.0
  0
ATTDEF
  5
B3
330
A9
100
AcDbEntity
  8
0
100
AcDbText
 10
-0.388029377727209
 20
0.5774653318012195
 30
0.0
 40
0.125
  1

  7
WD
 41
0.7
 72
2
 11
-0.388029377727209
 21
0.5774653318012195
 31
0.0
100
AcDbAttributeDefinition
  3

  2
INST
 70
0
  0
ATTDEF
  5
B4
330
A9
100
AcDbEntity
  8
0
  6
Continuous
100
AcDbText
 10
0.328125
 20
0.125
 30
0.0
 40
0.01
  1

  7
WD
 72
1
 11
0.328125
 21
0.125
 31
0.0
100
AcDbAttributeDefinition
  3

  2
ASSYCODE
 70
9
  0
ATTDEF
  5
B5
330
A9
100
AcDbEntity
  8
0
100
AcDbText
 10
0.28125
 20
0.0
 30
0.0
 40
0.0125
  1

  7
WD
100
AcDbAttributeDefinition
  3

  2
X1TERM02
 70
1
  0
ATTDEF
  5
B6
330
A9
100
AcDbEntity
  8
0
100
AcDbText
 10
0.2490382372998621
 20
-0.032211762700138
 30
0.0
 40
0.0125
  1

  7
WD
100
AcDbAttributeDefinition
  3

  2
X8TERM02
 70
1
  0
ATTDEF
  5
B7
330
A9
100
AcDbEntity
  8
0
100
AcDbText
 10
-0.28125
 20
0.0
 30
0.0
 40
0.0125
  1

  7
WD
100
AcDbAttributeDefinition
  3

  2
X4TERM01
 70
1
  0
ATTDEF
  5
B8
330
A9
100
AcDbEntity
  8
0
100
AcDbText
 10
-0.2490382372998621
 20
-0.032211762700138
 30
0.0
 40
0.0125
  1

  7
WD
100
AcDbAttributeDefinition
  3

  2
X8TERM01
 70
1
  0
ATTDEF
  5
B9
330
A9
100
AcDbEntity
  8
0
100
AcDbText
 10
-0.1458333333333333
 20
0.125
 30
0.0
 40
0.125
  1
C.T.
  7
WD
 72
1
 11
0.0
 21
0.125
 31
0.0
100
AcDbAttributeDefinition
  3

  2
TYPE
 70
0
  0
ATTDEF
  5
BA
330
A9
100
AcDbEntity
  8
0
  6
Continuous
100
AcDbText
 10
-0.1875
 20
-0.15625
 30
0.0
 40
0.125
  1

  7
WD
 11
-0.1875
 21
-0.03125
 31
0.0
100
AcDbAttributeDefinition
  3

  2
TERM01
 70
8
 74
3
  0
ATTDEF
  5
BB
330
A9
100
AcDbEntity
  8
0
  6
Continuous
100
AcDbText
 10
0.328125
 20
-0.15625
 30
0.0
 40
0.125
  1

  7
WD
 11
0.328125
 21
-0.03125
 31
0.0
100
AcDbAttributeDefinition
  3

  2
TERM02
 70
8
 74
3
  0
ATTDEF
  5
BC
330
A9
100
AcDbEntity
  8
0
100
AcDbText
 10
0.368125
 20
0.03125
 30
0.0
 40
0.125
  1

  7
WD
 41
0.7
100
AcDbAttributeDefinition
  3

  2
RATING1
 70
0
  0
ATTDEF
  5
BD
330
A9
100
AcDbEntity
  8
0
100
AcDbText
 10
0.368125
 20
0.1875
 30
0.0
 40
0.125
  1
XF
  7
WD
100
AcDbAttributeDefinition
  3

  2
TAG1
 70
0
  0
ATTDEF
  5
BE
330
A9
100
AcDbEntity
  8
0
100
AcDbText
 10
-0.388029377727209
 20
0.2516153318012193
 30
0.0
 40
0.125
  1

  7
WD
 41
0.7
 72
2
 11
-0.388029377727209
 21
0.2516153318012193
 31
0.0
100
AcDbAttributeDefinition
  3

  2
DESC1
 70
0
  0
ATTDEF
  5
BF
330
A9
100
AcDbEntity
  8
0
100
AcDbText
 10
-0.388029377727209
 20
0.0953653318012193
 30
0.0
 40
0.125
  1

  7
WD
 41
0.7
 72
2
 11
-0.388029377727209
 21
0.0953653318012193
 31
0.0
100
AcDbAttributeDefinition
  3

  2
DESC2
 70
0
  0
ATTDEF
  5
C0
330
A9
100
AcDbEntity
  8
0
100
AcDbText
 10
-0.388029377727209
 20
0.4078653318012195
 30
0.0
 40
0.125
  1

  7
WD
 41
0.7
 72
2
 11
-0.388029377727209
 21
0.4078653318012195
 31
0.0
100
AcDbAttributeDefinition
  3

  2
LOC
 70
0
  0
ATTDEF
  5
C1
330
A9
100
AcDbEntity
  8
0
100
AcDbText
 10
0.3041927759003675
 20
0.1906902937183689
 30
0.0
 40
0.01
  1
XF
  7
WD
100
AcDbAttributeDefinition
  3

  2
FAMILY
 70
9
  0
ATTDEF
  5
C2
330
A9
100
AcDbEntity
  8
0
  6
Continuous
100
AcDbText
 10
0.3292460418387173
 20
0.1621388778586058
 30
0.0
 40
0.01
  1

  7
WD
 72
1
 11
0.3292460418387173
 21
0.1621388778586058
 31
0.0
100
AcDbAttributeDefinition
  3

  2
CAT
 70
9
  0
ATTDEF
  5
C3
330
A9
100
AcDbEntity
  8
0
  6
Continuous
100
AcDbText
 10
0.3273009961987987
 20
0.1426971241511551
 30
0.0
 40
0.01
  1

  7
WD
 72
1
 11
0.3273009961987987
 21
0.1426971241511551
 31
0.0
100
AcDbAttributeDefinition
  3

  2
MFG
 70
9
  0
ENDBLK
  5
AB
330
A9
100
AcDbEntity
  8
0
100
AcDbBlockEnd
  0
BLOCK
  5
C5
330
C4
100
AcDbEntity
  8
0
100
AcDbBlockBegin
  2
HXF1T1_1-
 70
2
 10
0.0
 20
0.0
 30
0.0
  3
HXF1T1_1-
  1

  0
ATTDEF
  5
C7
330
C4
100
AcDbEntity
  8
0
  6
Continuous
100
AcDbText
 10
0.21875
 20
0.0625
 30
0.0
 40
0.01
  1

  7
WD
 72
1
 11
0.21875
 21
0.0625
 31
0.0
100
AcDbAttributeDefinition
  3

  2
ASSYCODE
 70
9
  0
ATTDEF
  5
C8
330
C4
100
AcDbEntity
  8
0
100
AcDbText
 10
0.0
 20
0.15625
 30
0.0
 40
0.01
  1

  7
WD
100
AcDbAttributeDefinition
  3

  2
X2LINK
 70
0
  0
ATTDEF
  5
C9
330
C4
100
AcDbEntity
  8
0
100
AcDbText
 10
0.0
 20
-0.171875
 30
0.0
 40
0.01
  1

  7
WD
100
AcDbAttributeDefinition
  3

  2
X8LINK
 70
0
  0
ATTDEF
  5
CA
330
C4
100
AcDbEntity
  8
0
  6
Continuous
100
AcDbText
 10
0.227797819576856
 20
0.0887266596591497
 30
0.0
 40
0.01
  1

  7
WD
 72
1
 11
0.227797819576856
 21
0.0887266596591497
 31
0.0
100
AcDbAttributeDefinition
  3

  2
MFG
 70
9
  0
ATTDEF
  5
CB
330
C4
100
AcDbEntity
  8
0
  6
Continuous
100
AcDbText
 10
0.2297428652167746
 20
0.1081684133666007
 30
0.0
 40
0.01
  1

  7
WD
 72
1
 11
0.2297428652167746
 21
0.1081684133666007
 31
0.0
100
AcDbAttributeDefinition
  3

  2
CAT
 70
9
  0
ATTDEF
  5
CC
330
C4
100
AcDbEntity
  8
0
100
AcDbText
 10
0.2062459949469165
 20
0.130565050798622
 30
0.0
 40
0.01
  1
XF
  7
WD
100
AcDbAttributeDefinition
  3

  2
FAMILY
 70
9
  0
ATTDEF
  5
CD
330
C4
100
AcDbEntity
  8
0
100
AcDbText
 10
0.2062459949469165
 20
0.040072249971904
 30
0.0
 40
0.01
  1
NO
  7
WD
100
AcDbAttributeDefinition
  3

  2
CONTACT
 70
9
  0
ATTDEF
  5
CE
330
C4
100
AcDbEntity
  8
0
100
AcDbText
 10
-0.2342613780164024
 20
0.0747558932534971
 30
0.0
 40
0.01
  1
1-
  7
WD
 72
2
 11
-0.2209280446830691
 21
0.0747558932534971
 31
0.0
100
AcDbAttributeDefinition
  3

  2
WDTYPE
 70
9
  0
ATTDEF
  5
CF
330
C4
100
AcDbEntity
  8
0
100
AcDbText
 10
-0.0123581012365755
 20
0.5918750014890417
 30
0.0
 40
0.125
  1

  7
WD
 41
0.85
 72
1
 11
-0.0123581012365755
 21
0.5918750014890417
 31
0.0
100
AcDbAttributeDefinition
  3

  2
INST
 70
0
  0
ATTDEF
  5
D0
330
C4
100
AcDbEntity
  8
0
100
AcDbText
 10
-0.0989583299301724
 20
0.2500000014890915
 30
0.0
 40
0.125
  1
XF
  7
WD
 41
0.85
 72
1
 11
-0.0104166632635057
 21
0.2500000014890915
 31
0.0
100
AcDbAttributeDefinition
  3

  2
TAG1
 70
0
  0
ATTDEF
  5
D1
330
C4
100
AcDbEntity
  8
0
100
AcDbText
 10
-0.0123581012365755
 20
0.4200000014890417
 30
0.0
 40
0.125
  1

  7
WD
 41
0.85
 72
1
 11
-0.0123581012365755
 21
0.4200000014890417
 31
0.0
100
AcDbAttributeDefinition
  3

  2
LOC
 70
0
  0
ATTDEF
  5
D2
330
C4
100
AcDbEntity
  8
0
100
AcDbText
 10
-0.0104166632635057
 20
-0.8593749985109083
 30
0.0
 40
0.125
  1

  7
WD
 41
0.85
 72
1
 11
-0.0104166632635057
 21
-0.8593749985109083
 31
0.0
100
AcDbAttributeDefinition
  3

  2
DESC2
 70
0
  0
ATTDEF
  5
D3
330
C4
100
AcDbEntity
  8
0
100
AcDbText
 10
-0.0104166632635057
 20
-0.6874999985109085
 30
0.0
 40
0.125
  1

  7
WD
 41
0.85
 72
1
 11
-0.0104166632635057
 21
-0.6874999985109085
 31
0.0
100
AcDbAttributeDefinition
  3

  2
DESC1
 70
0
  0
ATTDEF
  5
D4
330
C4
100
AcDbEntity
  8
0
100
AcDbText
 10
-0.0104166632635057
 20
-1.031249998510907
 30
0.0
 40
0.125
  1

  7
WD
 41
0.85
 72
1
 11
-0.0104166632635057
 21
-1.031249998510907
 31
0.0
100
AcDbAttributeDefinition
  3

  2
DESC3
 70
0
  0
ATTDEF
  5
D5
330
C4
100
AcDbEntity
  8
0
 62
7
100
AcDbText
 10
0.15625
 20
0.0
 30
0.0
 40
0.0125
  1

  7
WD
100
AcDbAttributeDefinition
  3

  2
X1TERM02
 70
1
  0
ATTDEF
  5
D6
330
C4
100
AcDbEntity
  8
0
 62
7
100
AcDbText
 10
-0.15625
 20
0.0
 30
0.0
 40
0.0125
  1

  7
WD
100
AcDbAttributeDefinition
  3

  2
X4TERM01
 70
1
  0
ATTDEF
  5
D7
330
C4
100
AcDbEntity
  8
0
  6
Continuous
100
AcDbText
 10
0.2083333367364943
 20
-0.1563749985109085
 30
0.0
 40
0.125
  1

  7
WD
 11
0.2083333367364943
 21
-0.0313749985109085
 31
0.0
100
AcDbAttributeDefinition
  3

  2
TERM02
 70
8
 74
3
  0
ATTDEF
  5
D8
330
C4
100
AcDbEntity
  8
0
  6
Continuous
100
AcDbText
 10
-0.2291666632635056
 20
-0.1563749985109085
 30
0.0
 40
0.125
  1

  7
WD
 72
2
 11
-0.2291666632635056
 21
-0.0313749985109085
 31
0.0
100
AcDbAttributeDefinition
  3

  2
TERM01
 70
8
 74
3
  0
ATTDEF
  5
D9
330
C4
100
AcDbEntity
  8
0
100
AcDbText
 10
-0.0104166632635057
 20
-0.5156249985109085
 30
0.0
 40
0.125
  1

  7
WD
 41
0.85
 72
1
 11
-0.0104166632635057
 21
-0.5156249985109085
 31
0.0
100
AcDbAttributeDefinition
  3

  2
RATING2
 70
0
  0
ATTDEF
  5
DA
330
C4
100
AcDbEntity
  8
0
100
AcDbText
 10
-0.0104166632635057
 20
-0.3437499985109085
 30
0.0
 40
0.125
  1

  7
WD
 41
0.85
 72
1
 11
-0.0104166632635057
 21
-0.3437499985109085
 31
0.0
100
AcDbAttributeDefinition
  3

  2
RATING1
 70
0
  0
LWPOLYLINE
  5
DB
330
C4
100
AcDbEntity
  8
0
100
AcDbPolyline
 90
2
 70
0
 43
0.0125
 10
0.015625
 20
-0.140625
 10
0.015625
 20
0.140625
  0
LWPOLYLINE
  5
DC
330
C4
100
AcDbEntity
  8
0
100
AcDbPolyline
 90
2
 70
0
 43
0.0125
 10
-0.015625
 20
-0.140625
 10
-0.015625
 20
0.140625
  0
LWPOLYLINE
  5
DD
330
C4
100
AcDbEntity
  8
0
100
AcDbPolyline
 90
3
 70
0
 10
0.15625
 20
0.0
 40
0.0125
 41
0.0125
 10
0.1241161890382753
 20
0.0
 40
0.0125
 41
0.0125
 42
0.9943769052811418
 10
0.1250027463848736
 20
-0.1562450006121466
  0
LWPOLYLINE
  5
DE
330
C4
100
AcDbEntity
  8
0
100
AcDbPolyline
 90
2
 70
0
 43
0.0125
 10
0.1249986216425859
 20
0.1562450006482603
 42
1.000008755414071
 10
0.1250027463848736
 20
-4.9992913077e-06
  0
LWPOLYLINE
  5
DF
330
C4
100
AcDbEntity
  8
0
100
AcDbPolyline
 90
2
 70
0
 43
0.0125
 10
0.15625
 20
0.15625
 10
0.125
 20
0.15625
  0
LWPOLYLINE
  5
E0
330
C4
100
AcDbEntity
  8
0
100
AcDbPolyline
 90
2
 70
0
 43
0.0125
 10
0.15625
 20
-0.15625
 10
0.125
 20
-0.15625
  0
LWPOLYLINE
  5
E1
330
C4
100
AcDbEntity
  8
0
100
AcDbPolyline
 90
2
 70
0
 43
0.0125
 10
-0.15625
 20
-0.15625
 10
-0.125
 20
-0.15625
  0
LWPOLYLINE
  5
E2
330
C4
100
AcDbEntity
  8
0
100
AcDbPolyline
 90
2
 70
0
 43
0.0125
 10
-0.125
 20
-0.1562450006604195
 42
1.000009054788699
 10
-0.125001414804329
 20
4.9993267699e-06
  0
LWPOLYLINE
  5
E3
330
C4
100
AcDbEntity
  8
0
100
AcDbPolyline
 90
3
 70
0
 10
-0.15625
 20
0.0
 40
0.0125
 41
0.0125
 10
-0.1258838109617247
 20
0.0
 40
0.0125
 41
0.0125
 42
1.005681675710494
 10
-0.125001414804329
 20
0.1562450006476088
  0
LWPOLYLINE
  5
E4
330
C4
100
AcDbEntity
  8
0
100
AcDbPolyline
 90
2
 70
0
 43
0.0125
 10
-0.15625
 20
0.15625
 10
-0.125
 20
0.15625
  0
ENDBLK
  5
C6
330
C4
100
AcDbEntity
  8
0
100
AcDbBlockEnd
  0
BLOCK
  5
E6
330
E5
100
AcDbEntity
  8
0
100
AcDbBlockBegin
  2
VCN1PJ
 70
2
 10
0.0
 20
0.0
 30
0.0
  3
VCN1PJ
  1

  0
LINE
  5
E8
330
E5
100
AcDbEntity
  8
0
100
AcDbLine
 10
0.0
 20
-0.03125
 30
0.0
 11
-0.0625
 21
-0.125
 31
0.0
  0
LINE
  5
E9
330
E5
100
AcDbEntity
  8
0
100
AcDbLine
 10
0.0
 20
-0.03125
 30
0.0
 11
0.0625
 21
-0.125
 31
0.0
  0
LINE
  5
EA
330
E5
100
AcDbEntity
  8
0
100
AcDbLine
 10
0.0
 20
0.0625
 30
0.0
 11
-0.09375
 21
-0.0625
 31
0.0
  0
LINE
  5
EB
330
E5
100
AcDbEntity
  8
0
100
AcDbLine
 10
0.0
 20
0.0625
 30
0.0
 11
0.09375
 21
-0.0625
 31
0.0
  0
LINE
  5
EC
330
E5
100
AcDbEntity
  8
0
100
AcDbLine
 10
0.0
 20
-0.03125
 30
0.0
 11
0.0
 21
-0.09375
 31
0.0
  0
ATTDEF
  5
ED
330
E5
100
AcDbEntity
  8
0
100
AcDbText
 10
0.2291666666666667
 20
0.8498017589547741
 30
0.0
 40
0.125
  1

  7
WD
 41
0.7
 72
2
 11
0.2291666666666667
 21
0.8498017589547741
 31
0.0
100
AcDbAttributeDefinition
  3

  2
INST
 70
0
  0
ATTDEF
  5
EE
330
E5
100
AcDbEntity
  8
0
100
AcDbText
 10
0.0130729268949868
 20
-0.1146401272584949
 30
0.0
 40
0.01
  1
P
  7
WD
100
AcDbAttributeDefinition
  3

  2
X8TERMDESC01
 70
1
  0
ATTDEF
  5
EF
330
E5
100
AcDbEntity
  8
0
100
AcDbText
 10
0.0261458644990533
 20
0.0416098677706964
 30
0.0
 40
0.01
  1
J
  7
WD
100
AcDbAttributeDefinition
  3

  2
X2TERMDESC02
 70
1
  0
ATTDEF
  5
F0
330
E5
100
AcDbEntity
  8
0
  6
Continuous
100
AcDbText
 10
-0.1090752636275756
 20
-0.0139434821641545
 30
0.0
 40
0.01
  1

  7
WD
 72
1
 11
-0.1090752636275756
 21
-0.0139434821641545
 31
0.0
100
AcDbAttributeDefinition
  3

  2
ASSYCODE
 70
9
  0
ATTDEF
  5
F1
330
E5
100
AcDbEntity
  8
0
100
AcDbText
 10
-0.125
 20
-0.0625
 30
0.0
 40
0.01
  1

  7
WD
100
AcDbAttributeDefinition
  3

  2
X4LINK
 70
0
  0
ATTDEF
  5
F2
330
E5
100
AcDbEntity
  8
0
100
AcDbText
 10
0.125
 20
-0.0625
 30
0.0
 40
0.01
  1

  7
WD
100
AcDbAttributeDefinition
  3

  2
X1LINK
 70
0
  0
ATTDEF
  5
F3
330
E5
100
AcDbEntity
  8
0
100
AcDbText
 10
-0.0625
 20
0.6802017589547742
 30
0.0
 40
0.125
  1

  7
WD
 41
0.7
 72
2
 11
-0.0625
 21
0.6802017589547742
 31
0.0
100
AcDbAttributeDefinition
  3

  2
LOC
 70
0
  0
ATTDEF
  5
F4
330
E5
100
AcDbEntity
  8
0
  6
Continuous
100
AcDbText
 10
-0.1086068915503407
 20
3.92832228555e-05
 30
0.0
 40
0.01
  1

  7
WD
 72
1
 11
-0.1086068915503407
 21
3.92832228555e-05
 31
0.0
100
AcDbAttributeDefinition
  3

  2
MFG
 70
9
  0
ATTDEF
  5
F5
330
E5
100
AcDbEntity
  8
0
  6
Continuous
100
AcDbText
 10
-0.1066618459104218
 20
0.0194810369303064
 30
0.0
 40
0.01
  1

  7
WD
 72
1
 11
-0.1066618459104218
 21
0.0194810369303064
 31
0.0
100
AcDbAttributeDefinition
  3

  2
CAT
 70
9
  0
ATTDEF
  5
F6
330
E5
100
AcDbEntity
  8
0
100
AcDbText
 10
-0.131715111848772
 20
0.0636574527900694
 30
0.0
 40
0.01
  1
PJ
  7
WD
100
AcDbAttributeDefinition
  3

  2
FAMILY
 70
9
  0
ATTDEF
  5
F7
330
E5
100
AcDbEntity
  8
0
100
AcDbText
 10
-0.0625
 20
0.3542789046476642
 30
0.0
 40
0.125
  1

  7
WD
 41
0.7
 72
2
 11
-0.0625
 21
0.3542789046476642
 31
0.0
100
AcDbAttributeDefinition
  3

  2
DESC2
 70
0
  0
ATTDEF
  5
F8
330
E5
100
AcDbEntity
  8
0
100
AcDbText
 10
-0.0625
 20
0.5105253318012193
 30
0.0
 40
0.125
  1

  7
WD
 41
0.7
 72
2
 11
-0.0625
 21
0.5105253318012193
 31
0.0
100
AcDbAttributeDefinition
  3

  2
DESC1
 70
0
  0
ATTDEF
  5
F9
330
E5
100
AcDbEntity
  8
0
100
AcDbText
 10
-0.2708333333333334
 20
0.09375
 30
0.0
 40
0.125
  1
PJ
  7
WD
 72
2
 11
-0.0625
 21
0.09375
 31
0.0
100
AcDbAttributeDefinition
  3

  2
TAG1
 70
0
  0
ATTDEF
  5
FA
330
E5
100
AcDbEntity
  8
0
  6
Continuous
100
AcDbText
 10
0.047
 20
-0.28125
 30
0.0
 40
0.125
  1
1
  7
WD
 11
0.047
 21
-0.15625
 31
0.0
100
AcDbAttributeDefinition
  3

  2
TERM01
 70
8
 74
3
  0
ATTDEF
  5
FB
330
E5
100
AcDbEntity
  8
0
100
AcDbText
 10
0.0
 20
-0.09375
 30
0.0
 40
0.0125
  1

  7
WD
100
AcDbAttributeDefinition
  3

  2
X8TERM01
 70
1
  0
ATTDEF
  5
FC
330
E5
100
AcDbEntity
  8
0
100
AcDbText
 10
0.0
 20
0.0625
 30
0.0
 40
0.0125
  1

  7
WD
100
AcDbAttributeDefinition
  3

  2
X2TERM02
 70
1
  0
ATTDEF
  5
FD
330
E5
100
AcDbEntity
  8
0
  6
Continuous
100
AcDbText
 10
0.047
 20
0.0625
 30
0.0
 40
0.125
  1
1
  7
WD
100
AcDbAttributeDefinition
  3

  2
TERM02
 70
8
  0
ATTDEF
  5
FE
330
E5
100
AcDbEntity
  8
0
100
AcDbText
 10
-0.131715111848772
 20
0.045025320458437
 30
0.0
 40
0.01
  1
VC0
  7
WD
100
AcDbAttributeDefinition
  3

  2
WDBLKNAM
 70
9
  0
ENDBLK
  5
E7
330
E5
100
AcDbEntity
  8
0
100
AcDbBlockEnd
  0
BLOCK
  5
100
330
FF
100
AcDbEntity
  8
0
100
AcDbBlockBegin
  2
VDS11F
 70
2
 10
0.0
 20
0.0
 30
0.0
  3
VDS11F
  1

  0
LINE
  5
102
330
FF
100
AcDbEntity
  8
0
100
AcDbLine
 10
-0.0651040002703667
 20
0.0
 30
0.0
 11
-0.125
 21
0.0
 31
0.0
  0
LINE
  5
103
330
FF
100
AcDbEntity
  8
0
100
AcDbLine
 10
-0.0127297767816092
 20
-0.125698535724138
 30
0.0
 11
-0.1300587346467841
 21
0.1558909631522819
 31
0.0
  0
LINE
  5
104
330
FF
100
AcDbEntity
  8
0
100
AcDbLine
 10
-0.0989580005407334
 20
-0.0625
 30
0.0
 11
-0.125
 21
0.0
 31
0.0
  0
CIRCLE
  5
105
330
FF
100
AcDbEntity
  8
0
100
AcDbCircle
 10
0.0
 20
-0.1552882372998621
 30
0.0
 40
0.032211762700138
  0
CIRCLE
  5
106
330
FF
100
AcDbEntity
  8
0
100
AcDbCircle
 10
0.0
 20
0.155288237299862
 30
0.0
 40
0.032211762700138
  0
LINE
  5
107
330
FF
100
AcDbEntity
  8
0
100
AcDbLine
 10
0.078125
 20
-0.25
 30
0.0
 11
-0.078125
 21
-0.25
 31
0.0
  0
LINE
  5
108
330
FF
100
AcDbEntity
  8
0
100
AcDbLine
 10
-0.078125
 20
-0.25
 30
0.0
 11
-0.078125
 21
-0.625
 31
0.0
  0
LINE
  5
109
330
FF
100
AcDbEntity
  8
0
100
AcDbLine
 10
-0.078125
 20
-0.625
 30
0.0
 11
0.078125
 21
-0.625
 31
0.0
  0
LINE
  5
10A
330
FF
100
AcDbEntity
  8
0
100
AcDbLine
 10
0.078125
 20
-0.625
 30
0.0
 11
0.078125
 21
-0.25
 31
0.0
  0
LINE
  5
10B
330
FF
100
AcDbEntity
  8
0
100
AcDbLine
 10
-0.078125
 20
-0.28125
 30
0.0
 11
0.078125
 21
-0.28125
 31
0.0
  0
LINE
  5
10C
330
FF
100
AcDbEntity
  8
0
100
AcDbLine
 10
-0.078125
 20
-0.59375
 30
0.0
 11
0.078125
 21
-0.59375
 31
0.0
  0
LINE
  5
10D
330
FF
100
AcDbEntity
  8
0
100
AcDbLine
 10
0.0
 20
-0.1875
 30
0.0
 11
0.0
 21
-0.25
 31
0.0
  0
ATTDEF
  5
10E
330
FF
100
AcDbEntity
  8
0
100
AcDbText
 10
0.1269414379730698
 20
0.3902250000000498
 30
0.0
 40
0.125
  1

  7
WD
 41
0.7
100
AcDbAttributeDefinition
  3

  2
INST
 70
0
  0
ATTDEF
  5
10F
330
FF
100
AcDbEntity
  8
0
  6
Continuous
100
AcDbText
 10
-0.0949632851844462
 20
-0.1075179616762009
 30
0.0
 40
0.01
  1

  7
WD
 72
1
 11
-0.0949632851844462
 21
-0.1075179616762009
 31
0.0
100
AcDbAttributeDefinition
  3

  2
ASSYCODE
 70
9
  0
ATTDEF
  5
110
330
FF
100
AcDbEntity
  8
0
100
AcDbText
 10
0.0
 20
-0.4375
 30
0.0
 40
0.125
  1

 50
90.0
  7
WD
 41
0.7
 72
4
 11
0.0
 21
-0.4375
 31
0.0
100
AcDbAttributeDefinition
  3

  2
RATING2
 70
0
  0
ATTDEF
  5
111
330
FF
100
AcDbEntity
  8
0
 62
7
100
AcDbText
 10
-0.203125
 20
0.0
 30
0.0
 40
0.01
  1

  7
WD
100
AcDbAttributeDefinition
  3

  2
X4LINK
 70
0
  0
ATTDEF
  5
112
330
FF
100
AcDbEntity
  8
0
 62
7
100
AcDbText
 10
0.0
 20
0.0
 30
0.0
 40
0.01
  1

  7
WD
100
AcDbAttributeDefinition
  3

  2
X1LINK
 70
0
  0
ATTDEF
  5
113
330
FF
100
AcDbEntity
  8
0
100
AcDbText
 10
0.1287140374805342
 20
-0.3982421517458954
 30
0.0
 40
0.125
  1

  7
WD
 41
0.7
100
AcDbAttributeDefinition
  3

  2
DESC2
 70
0
  0
ATTDEF
  5
114
330
FF
100
AcDbEntity
  8
0
100
AcDbText
 10
0.1287140374805342
 20
-0.241995724592341
 30
0.0
 40
0.125
  1

  7
WD
 41
0.7
100
AcDbAttributeDefinition
  3

  2
DESC1
 70
0
  0
ATTDEF
  5
115
330
FF
100
AcDbEntity
  8
0
100
AcDbText
 10
0.1287140374805342
 20
-0.0900121483655863
 30
0.0
 40
0.125
  1

  7
WD
 41
0.7
100
AcDbAttributeDefinition
  3

  2
XREF
 70
0
  0
ATTDEF
  5
116
330
FF
100
AcDbEntity
  8
0
100
AcDbText
 10
0.1269414379730698
 20
0.0643750000000498
 30
0.0
 40
0.125
  1
DS
  7
WD
 41
0.9
100
AcDbAttributeDefinition
  3

  2
TAG1
 70
0
  0
ATTDEF
  5
117
330
FF
100
AcDbEntity
  8
0
100
AcDbText
 10
0.1269414379730698
 20
0.2206250000000498
 30
0.0
 40
0.125
  1

  7
WD
 41
0.7
100
AcDbAttributeDefinition
  3

  2
LOC
 70
0
  0
ATTDEF
  5
118
330
FF
100
AcDbEntity
  8
0
  6
Continuous
100
AcDbText
 10
-0.0549703791556545
 20
0.2066266160049204
 30
0.0
 40
0.125
  1

  7
WD
 72
2
 11
-0.0549703791556545
 21
0.2066266160049204
 31
0.0
100
AcDbAttributeDefinition
  3

  2
TERM01
 70
8
  0
ATTDEF
  5
119
330
FF
100
AcDbEntity
  8
0
  6
Continuous
100
AcDbText
 10
-0.0407012216079946
 20
-0.7759470306509961
 30
0.0
 40
0.125
  1

  7
WD
 72
2
 11
-0.0407012216079946
 21
-0.6509470306509961
 31
0.0
100
AcDbAttributeDefinition
  3

  2
TERM02
 70
8
 74
3
  0
ATTDEF
  5
11A
330
FF
100
AcDbEntity
  8
0
 62
7
100
AcDbText
 10
0.0
 20
0.1875
 30
0.0
 40
0.0125
  1

  7
WD
100
AcDbAttributeDefinition
  3

  2
X2TERM01
 70
1
  0
ATTDEF
  5
11B
330
FF
100
AcDbEntity
  8
0
 62
7
100
AcDbText
 10
0.0
 20
-0.625
 30
0.0
 40
0.0125
  1

  7
WD
100
AcDbAttributeDefinition
  3

  2
X8TERM02
 70
1
  0
ATTDEF
  5
11C
330
FF
100
AcDbEntity
  8
0
100
AcDbText
 10
-0.0962835856596719
 20
-0.0364595424723361
 30
0.0
 40
0.01
  1
DS
  7
WD
 72
2
 11
-0.0796169189930052
 21
-0.0364595424723361
 31
0.0
100
AcDbAttributeDefinition
  3

  2
FAMILY
 70
9
  0
ATTDEF
  5
11D
330
FF
100
AcDbEntity
  8
0
  6
Continuous
100
AcDbText
 10
-0.0796169189930052
 20
-0.0731262091390027
 30
0.0
 40
0.01
  1

  7
WD
 72
2
 11
-0.0796169189930052
 21
-0.0731262091390027
 31
0.0
100
AcDbAttributeDefinition
  3

  2
CAT
 70
9
  0
ATTDEF
  5
11E
330
FF
100
AcDbEntity
  8
0
  6
Continuous
100
AcDbText
 10
-0.0796169189930052
 20
-0.0881262091390027
 30
0.0
 40
0.01
  1

  7
WD
 72
2
 11
-0.0796169189930052
 21
-0.0881262091390027
 31
0.0
100
AcDbAttributeDefinition
  3

  2
MFG
 70
9
  0
ATTDEF
  5
11F
330
FF
100
AcDbEntity
  8
0
100
AcDbText
 10
-0.15625
 20
0.03125
 30
0.0
 40
0.125
  1

  7
WD
 41
0.7
 72
2
 11
-0.15625
 21
0.03125
 31
0.0
100
AcDbAttributeDefinition
  3

  2
RATING1
 70
0
  0
ATTDEF
  5
120
330
FF
100
AcDbEntity
  8
0
100
AcDbText
 10
-0.0829502523263386
 20
-0.1305007943677214
 30
0.0
 40
0.01
  1
NO
  7
WD
 72
2
 11
-0.0662835856596719
 21
-0.1305007943677214
 31
0.0
100
AcDbAttributeDefinition
  3

  2
CONTACT
 70
9
  0
ENDBLK
  5
101
330
FF
100
AcDbEntity
  8
0
100
AcDbBlockEnd
  0
BLOCK
  5
122
330
121
100
AcDbEntity
  8
0
100
AcDbBlockBegin
  2
VFU1_1-
 70
2
 10
0.0
 20
0.0
 30
0.0
  3
VFU1_1-
  1

  0
ATTDEF
  5
124
330
121
100
AcDbEntity
  8
0
100
AcDbText
 10
0.125
 20
0.28125
 30
0.0
 40
0.125
  1

  7
WD
 41
0.85
100
AcDbAttributeDefinition
  3

  2
INST
 70
0
  0
ATTDEF
  5
125
330
121
100
AcDbEntity
  8
0
  6
Continuous
100
AcDbText
 10
-0.1532796356183921
 20
-0.1061498358372156
 30
0.0
 40
0.01
  1

  7
WD
 72
1
 11
-0.1532796356183921
 21
-0.1061498358372156
 31
0.0
100
AcDbAttributeDefinition
  3

  2
ASSYCODE
 70
9
  0
ATTDEF
  5
126
330
121
100
AcDbEntity
  8
0
 62
7
100
AcDbText
 10
-0.125
 20
0.0
 30
0.0
 40
0.01
  1

  7
WD
100
AcDbAttributeDefinition
  3

  2
X4LINK
 70
0
  0
ATTDEF
  5
127
330
121
100
AcDbEntity
  8
0
 62
7
100
AcDbText
 10
0.125
 20
0.0
 30
0.0
 40
0.01
  1

  7
WD
100
AcDbAttributeDefinition
  3

  2
X1LINK
 70
0
  0
ATTDEF
  5
128
330
121
100
AcDbEntity
  8
0
100
AcDbText
 10
-0.15625
 20
-0.0625
 30
0.0
 40
0.125
  1

  7
WD
 41
0.85
 72
2
 11
-0.15625
 21
-0.0625
 31
0.0
100
AcDbAttributeDefinition
  3

  2
RATING1
 70
0
  0
ATTDEF
  5
129
330
121
100
AcDbEntity
  8
0
100
AcDbText
 10
0.125
 20
-0.40625
 30
0.0
 40
0.125
  1

  7
WD
 41
0.85
100
AcDbAttributeDefinition
  3

  2
DESC2
 70
0
  0
ATTDEF
  5
12A
330
121
100
AcDbEntity
  8
0
100
AcDbText
 10
0.125
 20
-0.234375
 30
0.0
 40
0.125
  1

  7
WD
 41
0.85
100
AcDbAttributeDefinition
  3

  2
DESC1
 70
0
  0
ATTDEF
  5
12B
330
121
100
AcDbEntity
  8
0
100
AcDbText
 10
0.1269414379730698
 20
-0.0606249999999502
 30
0.0
 40
0.125
  1
FU
  7
WD
 41
0.85
100
AcDbAttributeDefinition
  3

  2
TAG1
 70
0
  0
ATTDEF
  5
12C
330
121
100
AcDbEntity
  8
0
100
AcDbText
 10
0.125
 20
0.109375
 30
0.0
 40
0.125
  1

  7
WD
 41
0.85
100
AcDbAttributeDefinition
  3

  2
LOC
 70
0
  0
ATTDEF
  5
12D
330
121
100
AcDbEntity
  8
0
  6
Continuous
100
AcDbText
 10
-0.1421169189930051
 20
-0.0881262091390027
 30
0.0
 40
0.01
  1

  7
WD
 72
2
 11
-0.1421169189930051
 21
-0.0881262091390027
 31
0.0
100
AcDbAttributeDefinition
  3

  2
MFG
 70
9
  0
ATTDEF
  5
12E
330
121
100
AcDbEntity
  8
0
  6
Continuous
100
AcDbText
 10
-0.1421169189930051
 20
-0.0731262091390027
 30
0.0
 40
0.01
  1

  7
WD
 72
2
 11
-0.1421169189930051
 21
-0.0731262091390027
 31
0.0
100
AcDbAttributeDefinition
  3

  2
CAT
 70
9
  0
ATTDEF
  5
12F
330
121
100
AcDbEntity
  8
0
100
AcDbText
 10
-0.1587835856596718
 20
-0.0364595424723361
 30
0.0
 40
0.01
  1
FU
  7
WD
 72
2
 11
-0.1421169189930051
 21
-0.0364595424723361
 31
0.0
100
AcDbAttributeDefinition
  3

  2
FAMILY
 70
9
  0
ATTDEF
  5
130
330
121
100
AcDbEntity
  8
0
 62
7
100
AcDbText
 10
0.0
 20
-0.15625
 30
0.0
 40
0.0125
  1

  7
WD
100
AcDbAttributeDefinition
  3

  2
X8TERM02
 70
1
  0
ATTDEF
  5
131
330
121
100
AcDbEntity
  8
0
 62
7
100
AcDbText
 10
0.0
 20
0.15625
 30
0.0
 40
0.0125
  1

  7
WD
100
AcDbAttributeDefinition
  3

  2
X2TERM01
 70
1
  0
ATTDEF
  5
132
330
121
100
AcDbEntity
  8
0
  6
Continuous
100
AcDbText
 10
-0.0407012216079947
 20
-0.3071970306509963
 30
0.0
 40
0.125
  1

  7
WD
 41
0.85
 72
2
 11
-0.0407012216079947
 21
-0.1821970306509962
 31
0.0
100
AcDbAttributeDefinition
  3

  2
TERM02
 70
8
 74
3
  0
ATTDEF
  5
133
330
121
100
AcDbEntity
  8
0
  6
Continuous
100
AcDbText
 10
-0.0549703791556545
 20
0.1753766160049204
 30
0.0
 40
0.125
  1

  7
WD
 41
0.85
 72
2
 11
-0.0549703791556545
 21
0.1753766160049204
 31
0.0
100
AcDbAttributeDefinition
  3

  2
TERM01
 70
8
  0
ATTDEF
  5
134
330
121
100
AcDbEntity
  8
0
100
AcDbText
 10
-0.1421169189930051
 20
-0.153236882760555
 30
0.0
 40
0.01
  1
1-
  7
WD
 72
2
 11
-0.1287835856596718
 21
-0.153236882760555
 31
0.0
100
AcDbAttributeDefinition
  3

  2
WDTYPE
 70
9
  0
ATTDEF
  5
135
330
121
100
AcDbEntity
  8
0
100
AcDbText
 10
0.125
 20
-0.578125
 30
0.0
 40
0.125
  1

  7
WD
 41
0.85
100
AcDbAttributeDefinition
  3

  2
DESC3
 70
0
  0
ATTDEF
  5
136
330
121
100
AcDbEntity
  8
0
100
AcDbText
 10
-0.1287835856596718
 20
-0.168861882760555
 30
0.0
 40
0.01
  1

  7
WD
 72
2
 11
-0.1287835856596718
 21
-0.168861882760555
 31
0.0
100
AcDbAttributeDefinition
  3

  2
WDBLKNAM
 70
9
  0
LWPOLYLINE
  5
137
330
121
100
AcDbEntity
  8
0
100
AcDbPolyline
 90
2
 70
0
 43
0.0125
 10
-0.046875
 20
-0.09375
 10
0.046875
 20
-0.09375
  0
LWPOLYLINE
  5
138
330
121
100
AcDbEntity
  8
0
100
AcDbPolyline
 90
2
 70
0
 43
0.0125
 10
-0.046875
 20
0.09375
 10
0.046875
 20
0.09375
  0
LWPOLYLINE
  5
139
330
121
100
AcDbEntity
  8
0
100
AcDbPolyline
 90
4
 70
1
 43
0.0125
 10
-0.046875
 20
0.15625
 10
-0.046875
 20
-0.15625
 10
0.046875
 20
-0.15625
 10
0.046875
 20
0.15625
  0
ENDBLK
  5
123
330
121
100
AcDbEntity
  8
0
100
AcDbBlockEnd
  0
BLOCK
  5
13B
330
13A
100
AcDbEntity
  8
0
100
AcDbBlockBegin
  2
VXF1CT
 70
2
 10
0.0
 20
0.0
 30
0.0
  3
VXF1CT
  1

  0
ARC
  5
13D
330
13A
100
AcDbEntity
  8
0
100
AcDbCircle
 10
-0.34375
 20
-0.125
 30
0.0
 40
0.125
100
AcDbArc
 50
90.0
 51
270.0
  0
ARC
  5
13E
330
13A
100
AcDbEntity
  8
0
100
AcDbCircle
 10
-0.34375
 20
0.125
 30
0.0
 40
0.125
100
AcDbArc
 50
90.0
 51
270.0
  0
LINE
  5
13F
330
13A
100
AcDbEntity
  8
0
100
AcDbLine
 10
-0.34375
 20
0.0
 30
0.0
 11
-0.28125
 21
0.0
 31
0.0
  0
LINE
  5
140
330
13A
100
AcDbEntity
  8
0
100
AcDbLine
 10
-0.34375
 20
-0.25
 30
0.0
 11
-0.0321974015839574
 21
-0.25
 31
0.0
  0
LINE
  5
141
330
13A
100
AcDbEntity
  8
0
100
AcDbLine
 10
-0.34375
 20
0.25
 30
0.0
 11
-0.0321974015839574
 21
0.25
 31
0.0
  0
CIRCLE
  5
142
330
13A
100
AcDbEntity
  8
0
100
AcDbCircle
 10
0.0
 20
0.2490382372998621
 30
0.0
 40
0.032211762700138
  0
CIRCLE
  5
143
330
13A
100
AcDbEntity
  8
0
100
AcDbCircle
 10
0.0
 20
-0.2490382372998621
 30
0.0
 40
0.032211762700138
  0
ATTDEF
  5
144
330
13A
100
AcDbEntity
  8
0
100
AcDbText
 10
-0.2270833333333333
 20
-0.421875
 30
0.0
 40
0.125
  1

  7
WD
 41
0.7
 72
1
 11
-0.2270833333333333
 21
-0.421875
 31
0.0
100
AcDbAttributeDefinition
  3

  2
INST
 70
0
  0
ATTDEF
  5
145
330
13A
100
AcDbEntity
  8
0
100
AcDbText
 10
0.0
 20
-0.2831735254002758
 30
0.0
 40
0.0125
  1

  7
WD
100
AcDbAttributeDefinition
  3

  2
X8TERM01
 70
1
  0
ATTDEF
  5
146
330
13A
100
AcDbEntity
  8
0
100
AcDbText
 10
0.0322117627001379
 20
-0.2509617627001379
 30
0.0
 40
0.0125
  1

  7
WD
100
AcDbAttributeDefinition
  3

  2
X1TERM01
 70
1
  0
ATTDEF
  5
147
330
13A
100
AcDbEntity
  8
0
  6
Continuous
100
AcDbText
 10
-0.0549378303809576
 20
-0.2305439677362169
 30
0.0
 40
0.125
  1

  7
WD
 72
2
 11
-0.0549378303809576
 21
-0.2305439677362169
 31
0.0
100
AcDbAttributeDefinition
  3

  2
TERM01
 70
8
  0
ATTDEF
  5
148
330
13A
100
AcDbEntity
  8
0
  6
Continuous
100
AcDbText
 10
-0.0449930830489329
 20
0.2669657848838338
 30
0.0
 40
0.125
  1

  7
WD
 72
2
 11
-0.0449930830489329
 21
0.2669657848838338
 31
0.0
100
AcDbAttributeDefinition
  3

  2
TERM02
 70
8
  0
ATTDEF
  5
149
330
13A
100
AcDbEntity
  8
0
100
AcDbText
 10
0.0322117627001379
 20
0.2490382372998621
 30
0.0
 40
0.0125
  1

  7
WD
100
AcDbAttributeDefinition
  3

  2
X1TERM02
 70
1
  0
ATTDEF
  5
14A
330
13A
100
AcDbEntity
  8
0
100
AcDbText
 10
0.0
 20
0.28125
 30
0.0
 40
0.0125
  1

  7
WD
100
AcDbAttributeDefinition
  3

  2
X2TERM02
 70
1
  0
ATTDEF
  5
14B
330
13A
100
AcDbEntity
  8
0
100
AcDbText
 10
0.28125
 20
-0.125
 30
0.0
 40
0.125
  1

  7
WD
 41
0.7
100
AcDbAttributeDefinition
  3

  2
RATING1
 70
0
  0
ATTDEF
  5
14C
330
13A
100
AcDbEntity
  8
0
100
AcDbText
 10
0.28125
 20
0.03125
 30
0.0
 40
0.125
  1
XF
  7
WD
100
AcDbAttributeDefinition
  3

  2
TAG1
 70
0
  0
ATTDEF
  5
14D
330
13A
100
AcDbEntity
  8
0
100
AcDbText
 10
-0.200529377727209
 20
-0.7572946681987807
 30
0.0
 40
0.125
  1

  7
WD
 41
0.7
 72
1
 11
-0.200529377727209
 21
-0.7572946681987807
 31
0.0
100
AcDbAttributeDefinition
  3

  2
DESC1
 70
0
  0
ATTDEF
  5
14E
330
13A
100
AcDbEntity
  8
0
100
AcDbText
 10
-0.200529377727209
 20
-0.913541095352336
 30
0.0
 40
0.125
  1

  7
WD
 41
0.7
 72
1
 11
-0.200529377727209
 21
-0.913541095352336
 31
0.0
100
AcDbAttributeDefinition
  3

  2
DESC2
 70
0
  0
ATTDEF
  5
14F
330
13A
100
AcDbEntity
  8
0
100
AcDbText
 10
-0.200529377727209
 20
-0.601048241045226
 30
0.0
 40
0.125
  1

  7
WD
 41
0.7
 72
1
 11
-0.200529377727209
 21
-0.601048241045226
 31
0.0
100
AcDbAttributeDefinition
  3

  2
LOC
 70
0
  0
ATTDEF
  5
150
330
13A
100
AcDbEntity
  8
0
  6
Continuous
100
AcDbText
 10
-0.1709301751010279
 20
0.1189553503863717
 30
0.0
 40
0.01
  1

  7
WD
 72
1
 11
-0.1709301751010279
 21
0.1189553503863717
 31
0.0
100
AcDbAttributeDefinition
  3

  2
ASSYCODE
 70
9
  0
ATTDEF
  5
151
330
13A
100
AcDbEntity
  8
0
100
AcDbText
 10
-0.1927083333333333
 20
-0.046875
 30
0.0
 40
0.125
  1
C.T.
  7
WD
 72
1
 11
-0.046875
 21
-0.046875
 31
0.0
100
AcDbAttributeDefinition
  3

  2
TYPE
 70
0
  0
ATTDEF
  5
152
330
13A
100
AcDbEntity
  8
0
100
AcDbText
 10
-0.1958072240996325
 20
0.1906902937183689
 30
0.0
 40
0.01
  1
XF
  7
WD
100
AcDbAttributeDefinition
  3

  2
FAMILY
 70
9
  0
ATTDEF
  5
153
330
13A
100
AcDbEntity
  8
0
  6
Continuous
100
AcDbText
 10
-0.1707539581612827
 20
0.1621388778586058
 30
0.0
 40
0.01
  1

  7
WD
 72
1
 11
-0.1707539581612827
 21
0.1621388778586058
 31
0.0
100
AcDbAttributeDefinition
  3

  2
CAT
 70
9
  0
ATTDEF
  5
154
330
13A
100
AcDbEntity
  8
0
  6
Continuous
100
AcDbText
 10
-0.1726990038012013
 20
0.1426971241511551
 30
0.0
 40
0.01
  1

  7
WD
 72
1
 11
-0.1726990038012013
 21
0.1426971241511551
 31
0.0
100
AcDbAttributeDefinition
  3

  2
MFG
 70
9
  0
ENDBLK
  5
13C
330
13A
100
AcDbEntity
  8
0
100
AcDbBlockEnd
  0
BLOCK
  5
156
330
155
100
AcDbEntity
  8
0
100
AcDbBlockBegin
  2
VXF1T1_1-
 70
2
 10
0.0
 20
0.0
 30
0.0
  3
VXF1T1_1-
  1

  0
ATTDEF
  5
158
330
155
100
AcDbEntity
  8
0
100
AcDbText
 10
0.203125
 20
0.28125
 30
0.0
 40
0.125
  1

  7
WD
 41
0.85
100
AcDbAttributeDefinition
  3

  2
INST
 70
0
  0
ATTDEF
  5
159
330
155
100
AcDbEntity
  8
0
  6
Continuous
100
AcDbText
 10
-0.2157796356183921
 20
-0.0905248358372156
 30
0.0
 40
0.01
  1

  7
WD
 72
1
 11
-0.2157796356183921
 21
-0.0905248358372156
 31
0.0
100
AcDbAttributeDefinition
  3

  2
ASSYCODE
 70
9
  0
ATTDEF
  5
15A
330
155
100
AcDbEntity
  8
0
100
AcDbText
 10
-0.28125
 20
0.03125
 30
0.0
 40
0.125
  1

  7
WD
 41
0.85
 72
2
 11
-0.28125
 21
0.03125
 31
0.0
100
AcDbAttributeDefinition
  3

  2
RATING1
 70
0
  0
ATTDEF
  5
15B
330
155
100
AcDbEntity
  8
0
100
AcDbText
 10
0.203125
 20
-0.40625
 30
0.0
 40
0.125
  1

  7
WD
 41
0.85
100
AcDbAttributeDefinition
  3

  2
DESC2
 70
0
  0
ATTDEF
  5
15C
330
155
100
AcDbEntity
  8
0
100
AcDbText
 10
0.203125
 20
-0.234375
 30
0.0
 40
0.125
  1

  7
WD
 41
0.85
100
AcDbAttributeDefinition
  3

  2
DESC1
 70
0
  0
ATTDEF
  5
15D
330
155
100
AcDbEntity
  8
0
100
AcDbText
 10
0.2050664379730698
 20
-0.0606249999999502
 30
0.0
 40
0.125
  1
XF
  7
WD
 41
0.85
100
AcDbAttributeDefinition
  3

  2
TAG1
 70
0
  0
ATTDEF
  5
15E
330
155
100
AcDbEntity
  8
0
100
AcDbText
 10
0.203125
 20
0.109375
 30
0.0
 40
0.125
  1

  7
WD
 41
0.85
100
AcDbAttributeDefinition
  3

  2
LOC
 70
0
  0
ATTDEF
  5
15F
330
155
100
AcDbEntity
  8
0
  6
Continuous
100
AcDbText
 10
-0.2046169189930051
 20
-0.0725012091390027
 30
0.0
 40
0.01
  1

  7
WD
 72
2
 11
-0.2046169189930051
 21
-0.0725012091390027
 31
0.0
100
AcDbAttributeDefinition
  3

  2
MFG
 70
9
  0
ATTDEF
  5
160
330
155
100
AcDbEntity
  8
0
  6
Continuous
100
AcDbText
 10
-0.2046169189930051
 20
-0.0575012091390027
 30
0.0
 40
0.01
  1

  7
WD
 72
2
 11
-0.2046169189930051
 21
-0.0575012091390027
 31
0.0
100
AcDbAttributeDefinition
  3

  2
CAT
 70
9
  0
ATTDEF
  5
161
330
155
100
AcDbEntity
  8
0
100
AcDbText
 10
-0.2212835856596718
 20
-0.0208345424723361
 30
0.0
 40
0.01
  1
XF
  7
WD
 72
2
 11
-0.2046169189930051
 21
-0.0208345424723361
 31
0.0
100
AcDbAttributeDefinition
  3

  2
FAMILY
 70
9
  0
ATTDEF
  5
162
330
155
100
AcDbEntity
  8
0
 62
7
100
AcDbText
 10
0.0
 20
-0.15625
 30
0.0
 40
0.0125
  1

  7
WD
100
AcDbAttributeDefinition
  3

  2
X8TERM02
 70
1
  0
ATTDEF
  5
163
330
155
100
AcDbEntity
  8
0
 62
7
100
AcDbText
 10
0.0
 20
0.15625
 30
0.0
 40
0.0125
  1

  7
WD
100
AcDbAttributeDefinition
  3

  2
X2TERM01
 70
1
  0
ATTDEF
  5
164
330
155
100
AcDbEntity
  8
0
  6
Continuous
100
AcDbText
 10
-0.0407012216079947
 20
-0.3384470306509963
 30
0.0
 40
0.125
  1

  7
WD
 41
0.85
 72
2
 11
-0.0407012216079947
 21
-0.2134470306509962
 31
0.0
100
AcDbAttributeDefinition
  3

  2
TERM02
 70
8
 74
3
  0
ATTDEF
  5
165
330
155
100
AcDbEntity
  8
0
  6
Continuous
100
AcDbText
 10
-0.0549703791556545
 20
0.2378766160049203
 30
0.0
 40
0.125
  1

  7
WD
 41
0.85
 72
2
 11
-0.0549703791556545
 21
0.2378766160049203
 31
0.0
100
AcDbAttributeDefinition
  3

  2
TERM01
 70
8
  0
ATTDEF
  5
166
330
155
100
AcDbEntity
  8
0
100
AcDbText
 10
-0.2046169189930051
 20
-0.137611882760555
 30
0.0
 40
0.01
  1
1-
  7
WD
 72
2
 11
-0.1912835856596718
 21
-0.137611882760555
 31
0.0
100
AcDbAttributeDefinition
  3

  2
WDTYPE
 70
9
  0
ATTDEF
  5
167
330
155
100
AcDbEntity
  8
0
100
AcDbText
 10
0.203125
 20
-0.578125
 30
0.0
 40
0.125
  1

  7
WD
 41
0.85
100
AcDbAttributeDefinition
  3

  2
DESC3
 70
0
  0
ATTDEF
  5
168
330
155
100
AcDbEntity
  8
0
100
AcDbText
 10
-0.1912835856596718
 20
-0.153236882760555
 30
0.0
 40
0.01
  1

  7
WD
 72
2
 11
-0.1912835856596718
 21
-0.153236882760555
 31
0.0
100
AcDbAttributeDefinition
  3

  2
WDBLKNAM
 70
9
  0
ATTDEF
  5
169
330
155
100
AcDbEntity
  8
0
100
AcDbText
 10
-0.28125
 20
-0.140625
 30
0.0
 40
0.125
  1

  7
WD
 41
0.85
 72
2
 11
-0.28125
 21
-0.140625
 31
0.0
100
AcDbAttributeDefinition
  3

  2
RATING2
 70
0
  0
LWPOLYLINE
  5
16A
330
155
100
AcDbEntity
  8
0
100
AcDbPolyline
 90
2
 70
0
 43
0.0125
 10
-0.140625
 20
-0.015625
 10
0.140625
 20
-0.015625
  0
LWPOLYLINE
  5
16B
330
155
100
AcDbEntity
  8
0
100
AcDbPolyline
 90
2
 70
0
 43
0.0125
 10
-0.140625
 20
0.015625
 10
0.140625
 20
0.015625
  0
LWPOLYLINE
  5
16C
330
155
100
AcDbEntity
  8
0
100
AcDbPolyline
 90
2
 70
0
 43
0.0125
 10
4.9993274214e-06
 20
-0.1249986216425859
 42
1.000008755414071
 10
-0.1562450006121466
 20
-0.1250027463848736
  0
LWPOLYLINE
  5
16D
330
155
100
AcDbEntity
  8
0
100
AcDbPolyline
 90
2
 70
0
 43
0.0125
 10
0.1562450006482603
 20
-0.1249986216425859
 42
1.000008755414071
 10
-4.9992913077e-06
 20
-0.1250027463848736
  0
LWPOLYLINE
  5
16E
330
155
100
AcDbEntity
  8
0
100
AcDbPolyline
 90
2
 70
0
 43
0.0125
 10
0.15625
 20
-0.15625
 10
0.15625
 20
-0.125
  0
LWPOLYLINE
  5
16F
330
155
100
AcDbEntity
  8
0
100
AcDbPolyline
 90
2
 70
0
 43
0.0125
 10
0.0
 20
-0.15625
 10
0.0
 20
-0.125
  0
LWPOLYLINE
  5
170
330
155
100
AcDbEntity
  8
0
100
AcDbPolyline
 90
2
 70
0
 43
0.0125
 10
-0.15625
 20
-0.15625
 10
-0.15625
 20
-0.125
  0
LWPOLYLINE
  5
171
330
155
100
AcDbEntity
  8
0
100
AcDbPolyline
 90
2
 70
0
 43
0.0125
 10
-0.15625
 20
0.15625
 10
-0.15625
 20
0.125
  0
LWPOLYLINE
  5
172
330
155
100
AcDbEntity
  8
0
100
AcDbPolyline
 90
2
 70
0
 43
0.0125
 10
-0.1562450006604195
 20
0.125
 42
1.000009054788699
 10
4.9993267698e-06
 20
0.125001414804329
  0
LWPOLYLINE
  5
173
330
155
100
AcDbEntity
  8
0
100
AcDbPolyline
 90
2
 70
0
 43
0.0125
 10
0.0
 20
0.15625
 10
0.0
 20
0.125
  0
LWPOLYLINE
  5
174
330
155
100
AcDbEntity
  8
0
100
AcDbPolyline
 90
2
 70
0
 43
0.0125
 10
-4.9993395805e-06
 20
0.125
 42
1.000009054788699
 10
0.1562450006476088
 20
0.125001414804329
  0
LWPOLYLINE
  5
175
330
155
100
AcDbEntity
  8
0
100
AcDbPolyline
 90
2
 70
0
 43
0.0125
 10
0.15625
 20
0.15625
 10
0.15625
 20
0.125
  0
ENDBLK
  5
157
330
155
100
AcDbEntity
  8
0
100
AcDbBlockEnd
  0
BLOCK
  5
177
330
176
100
AcDbEntity
  8
0
100
AcDbBlockBegin
  2
WDDOT
 70
0
 10
0.0
 20
0.0
 30
0.0
  3
WDDOT
  1

  0
CIRCLE
  5
179
330
176
100
AcDbEntity
  8
0
100
AcDbCircle
 10
0.0
 20
0.0
 30
0.0
 40
0.0300000000000003
  0
CIRCLE
  5
17A
330
176
100
AcDbEntity
  8
0
100
AcDbCircle
 10
0.0
 20
0.0
 30
0.0
 40
0.0187012496499282
  0
CIRCLE
  5
17B
330
176
100
AcDbEntity
  8
0
100
AcDbCircle
 10
0.0
 20
0.0
 30
0.0
 40
0.0092948236686489
  0
ENDBLK
  5
178
330
176
100
AcDbEntity
  8
0
100
AcDbBlockEnd
  0
ENDSEC
  0
SECTION
  2
ENTITIES
  0
LWPOLYLINE
  5
17F
330
17
100
AcDbEntity
  8
SLD_CUBICLE
100
AcDbPolyline
 90
4
 70
1
 10
0.133
 20
20.602
 10
3.743
 20
20.602
 10
3.743
 20
9.435
 10
0.133
 20
9.435
  0
LWPOLYLINE
  5
180
330
17
100
AcDbEntity
  8
SLD_CUBICLE
100
AcDbPolyline
 90
4
 70
1
 10
3.743
 20
20.602
 10
7.353
 20
20.602
 10
7.353
 20
9.435
 10
3.743
 20
9.435
  0
LWPOLYLINE
  5
181
330
17
100
AcDbEntity
  8
SLD_CUBICLE
100
AcDbPolyline
 90
4
 70
1
 10
7.353
 20
20.602
 10
10.963
 20
20.602
 10
10.963
 20
9.435
 10
7.353
 20
9.435
  0
LWPOLYLINE
  5
182
330
17
100
AcDbEntity
  8
SLD_CUBICLE
100
AcDbPolyline
 90
4
 70
1
 10
10.963000000000001
 20
20.602
 10
14.573
 20
20.602
 10
14.573
 20
9.435
 10
10.963000000000001
 20
9.435
  0
LWPOLYLINE
  5
183
330
17
100
AcDbEntity
  8
SLD_CUBICLE
100
AcDbPolyline
 90
4
 70
1
 10
14.573
 20
20.602
 10
18.183
 20
20.602
 10
18.183
 20
9.435
 10
14.573
 20
9.435
  0
LWPOLYLINE
  5
184
330
17
100
AcDbEntity
  8
SLD_CUBICLE
100
AcDbPolyline
 90
4
 70
1
 10
18.183
 20
20.602
 10
21.793
 20
20.602
 10
21.793
 20
9.435
 10
18.183
 20
9.435
  0
LWPOLYLINE
  5
185
330
17
100
AcDbEntity
  8
SLD_CUBICLE
100
AcDbPolyline
 90
4
 70
1
 10
21.793
 20
20.602
 10
25.403
 20
20.602
 10
25.403
 20
9.435
 10
21.793
 20
9.435
  0
LWPOLYLINE
  5
186
330
17
100
AcDbEntity
  8
SLD_CUBICLE
100
AcDbPolyline
 90
4
 70
1
 10
25.403
 20
20.602
 10
29.012999999999998
 20
20.602
 10
29.012999999999998
 20
9.435
 10
25.403
 20
9.435
  0
LWPOLYLINE
  5
187
330
17
100
AcDbEntity
  8
SLD_CUBICLE
100
AcDbPolyline
 90
4
 70
1
 10
29.012999999999998
 20
20.602
 10
32.623
 20
20.602
 10
32.623
 20
9.435
 10
29.012999999999998
 20
9.435
  0
LWPOLYLINE
  5
188
330
17
100
AcDbEntity
  8
SLD_CUBICLE
100
AcDbPolyline
 90
4
 70
1
 10
32.623000000000005
 20
20.602
 10
36.233000000000004
 20
20.602
 10
36.233000000000004
 20
9.435
 10
32.623000000000005
 20
9.435
  0
LWPOLYLINE
  5
189
330
17
100
AcDbEntity
  8
SLD_CUBICLE
100
AcDbPolyline
 90
4
 70
1
 10
36.233000000000004
 20
20.602
 10
39.843
 20
20.602
 10
39.843
 20
9.435
 10
36.233000000000004
 20
9.435
  0
LWPOLYLINE
  5
18A
330
17
100
AcDbEntity
  8
SLD_CUBICLE
100
AcDbPolyline
 90
4
 70
1
 10
39.843
 20
20.602
 10
43.453
 20
20.602
 10
43.453
 20
9.435
 10
39.843
 20
9.435
  0
LWPOLYLINE
  5
18B
330
17
100
AcDbEntity
  8
SLD_CUBICLE
100
AcDbPolyline
 90
4
 70
1
 10
43.453
 20
20.602
 10
47.063
 20
20.602
 10
47.063
 20
9.435
 10
43.453
 20
9.435
  0
LWPOLYLINE
  5
18C
330
17
100
AcDbEntity
  8
SLD_CUBICLE
100
AcDbPolyline
 90
4
 70
1
 10
47.063
 20
20.602
 10
50.673
 20
20.602
 10
50.673
 20
9.435
 10
47.063
 20
9.435
  0
LWPOLYLINE
  5
18D
330
17
100
AcDbEntity
  8
SLD_CUBICLE
100
AcDbPolyline
 90
4
 70
1
 10
50.673
 20
20.602
 10
54.283
 20
20.602
 10
54.283
 20
9.435
 10
50.673
 20
9.435
  0
LWPOLYLINE
  5
18E
330
17
100
AcDbEntity
  8
SLD_CUBICLE
100
AcDbPolyline
 90
4
 70
1
 10
54.283
 20
20.602
 10
57.893
 20
20.602
 10
57.893
 20
9.435
 10
54.283
 20
9.435
  0
LWPOLYLINE
  5
18F
330
17
100
AcDbEntity
  8
SLD_CUBICLE
100
AcDbPolyline
 90
4
 70
1
 10
57.893
 20
20.602
 10
61.503
 20
20.602
 10
61.503
 20
9.435
 10
57.893
 20
9.435
  0
LWPOLYLINE
  5
190
330
17
100
AcDbEntity
  8
SLD_CUBICLE
100
AcDbPolyline
 90
4
 70
1
 10
61.503
 20
20.602
 10
65.113
 20
20.602
 10
65.113
 20
9.435
 10
61.503
 20
9.435
  0
LWPOLYLINE
  5
191
330
17
100
AcDbEntity
  8
SLD_CUBICLE
100
AcDbPolyline
 90
4
 70
1
 10
65.113
 20
20.602
 10
68.723
 20
20.602
 10
68.723
 20
9.435
 10
65.113
 20
9.435
  0
LINE
  5
192
330
17
100
AcDbEntity
  8
SLD_BUS
100
AcDbLine
 10
1.13
 20
18.583
 30
0.0
 11
66.71
 21
18.583
 31
0.0
  0
MTEXT
  5
193
330
17
100
AcDbEntity
  8
SLD_TEXT
100
AcDbMText
 10
1.4649999999999999
 20
19.088
 30
0.0
 40
0.1
 41
0.0
 71
1
  1
17.5KV, 3150A\P3PH, 40KAIC, BIL 95kV\PBUS A
  0
LINE
  5
194
330
17
100
AcDbEntity
  8
SLD_WIRE
100
AcDbLine
 10
1.43
 20
18.583
 30
0.0
 11
1.43
 21
16.207
 31
0.0
  0
LINE
  5
195
330
17
100
AcDbEntity
  8
SLD_WIRE
100
AcDbLine
 10
1.43
 20
16.051
 30
0.0
 11
1.43
 21
15.622
 31
0.0
  0
LINE
  5
196
330
17
100
AcDbEntity
  8
SLD_WIRE
100
AcDbLine
 10
1.43
 20
14.701
 30
0.0
 11
1.43
 21
14.346
 31
0.0
  0
LINE
  5
197
330
17
100
AcDbEntity
  8
SLD_WIRE
100
AcDbLine
 10
1.43
 20
14.189
 30
0.0
 11
1.43
 21
9.097
 31
0.0
  0
INSERT
  5
198
330
17
100
AcDbEntity
  8
SLD_SYMS
100
AcDbBlockReference
  2
WDDOT
 10
1.43
 20
18.583
 30
0.0
  0
INSERT
  5
19A
330
17
100
AcDbEntity
  8
SLD_SYMS
100
AcDbBlockReference
 66
1
  2
VFU1_1-
 10
2.8609999999999998
 20
16.204
 30
0.0
  0
ATTRIB
  5
19C
330
17
100
AcDbEntity
  8
0
100
AcDbText
 10
2.9859999999999998
 20
16.48525
 30
0.0
 40
0.125
  1

  7
WD
 41
0.85
 11
2.9859999999999998
 21
16.48525
 31
0.0
100
AcDbAttribute
  2
INST
 70
1
  0
ATTRIB
  5
19D
330
17
100
AcDbEntity
  8
0
  6
Continuous
100
AcDbText
 10
2.7077203643816077
 20
16.097850164162786
 30
0.0
 40
0.01
  1

  7
WD
 72
1
 11
2.7077203643816077
 21
16.097850164162786
 31
0.0
100
AcDbAttribute
  2
ASSYCODE
 70
9
  0
ATTRIB
  5
19E
330
17
100
AcDbEntity
  8
0
 62
7
100
AcDbText
 10
2.7359999999999998
 20
16.204
 30
0.0
 40
0.01
  1

  7
WD
 11
2.7359999999999998
 21
16.204
 31
0.0
100
AcDbAttribute
  2
X4LINK
 70
1
  0
ATTRIB
  5
19F
330
17
100
AcDbEntity
  8
0
 62
7
100
AcDbText
 10
2.9859999999999998
 20
16.204
 30
0.0
 40
0.01
  1

  7
WD
 11
2.9859999999999998
 21
16.204
 31
0.0
100
AcDbAttribute
  2
X1LINK
 70
1
  0
ATTRIB
  5
1A0
330
17
100
AcDbEntity
  8
0
100
AcDbText
 10
2.7047499999999998
 20
16.1415
 30
0.0
 40
0.125
  1
6A
  7
WD
 41
0.85
 72
2
 11
2.7047499999999998
 21
16.1415
 31
0.0
100
AcDbAttribute
  2
RATING1
 70
0
  0
ATTRIB
  5
1A1
330
17
100
AcDbEntity
  8
0
100
AcDbText
 10
2.9859999999999998
 20
15.79775
 30
0.0
 40
0.125
  1

  7
WD
 41
0.85
 11
2.9859999999999998
 21
15.79775
 31
0.0
100
AcDbAttribute
  2
DESC2
 70
1
  0
ATTRIB
  5
1A2
330
17
100
AcDbEntity
  8
0
100
AcDbText
 10
2.9859999999999998
 20
15.969625
 30
0.0
 40
0.125
  1

  7
WD
 41
0.85
 11
2.9859999999999998
 21
15.969625
 31
0.0
100
AcDbAttribute
  2
DESC1
 70
1
  0
ATTRIB
  5
1A3
330
17
100
AcDbEntity
  8
0
100
AcDbText
 10
2.9879414379730695
 20
16.14337500000005
 30
0.0
 40
0.125
  1

  7
WD
 41
0.85
 11
2.9879414379730695
 21
16.14337500000005
 31
0.0
100
AcDbAttribute
  2
TAG1
 70
1
  0
ATTRIB
  5
1A4
330
17
100
AcDbEntity
  8
0
100
AcDbText
 10
2.9859999999999998
 20
16.313375
 30
0.0
 40
0.125
  1

  7
WD
 41
0.85
 11
2.9859999999999998
 21
16.313375
 31
0.0
100
AcDbAttribute
  2
LOC
 70
1
  0
ATTRIB
  5
1A5
330
17
100
AcDbEntity
  8
0
  6
Continuous
100
AcDbText
 10
2.718883081006995
 20
16.115873790861
 30
0.0
 40
0.01
  1

  7
WD
 72
2
 11
2.718883081006995
 21
16.115873790861
 31
0.0
100
AcDbAttribute
  2
MFG
 70
9
  0
ATTRIB
  5
1A6
330
17
100
AcDbEntity
  8
0
  6
Continuous
100
AcDbText
 10
2.718883081006995
 20
16.130873790861
 30
0.0
 40
0.01
  1

  7
WD
 72
2
 11
2.718883081006995
 21
16.130873790861
 31
0.0
100
AcDbAttribute
  2
CAT
 70
9
  0
ATTRIB
  5
1A7
330
17
100
AcDbEntity
  8
0
100
AcDbText
 10
2.7022164143403278
 20
16.167540457527664
 30
0.0
 40
0.01
  1

  7
WD
 72
2
 11
2.718883081006995
 21
16.167540457527664
 31
0.0
100
AcDbAttribute
  2
FAMILY
 70
9
  0
ATTRIB
  5
1A8
330
17
100
AcDbEntity
  8
0
 62
7
100
AcDbText
 10
2.8609999999999998
 20
16.04775
 30
0.0
 40
0.0125
  1

  7
WD
 11
2.8609999999999998
 21
16.04775
 31
0.0
100
AcDbAttribute
  2
X8TERM02
 70
1
  0
ATTRIB
  5
1A9
330
17
100
AcDbEntity
  8
0
 62
7
100
AcDbText
 10
2.8609999999999998
 20
16.36025
 30
0.0
 40
0.0125
  1

  7
WD
 11
2.8609999999999998
 21
16.36025
 31
0.0
100
AcDbAttribute
  2
X2TERM01
 70
1
  0
ATTRIB
  5
1AA
330
17
100
AcDbEntity
  8
0
  6
Continuous
100
AcDbText
 10
2.8202987783920053
 20
15.896802969349004
 30
0.0
 40
0.125
  1

  7
WD
 41
0.85
 72
2
 11
2.8202987783920053
 21
16.021802969349004
 31
0.0
100
AcDbAttribute
  2
TERM02
 70
9
 74
3
  0
ATTRIB
  5
1AB
330
17
100
AcDbEntity
  8
0
  6
Continuous
100
AcDbText
 10
2.8060296208443454
 20
16.379376616004922
 30
0.0
 40
0.125
  1

  7
WD
 41
0.85
 72
2
 11
2.8060296208443454
 21
16.379376616004922
 31
0.0
100
AcDbAttribute
  2
TERM01
 70
9
  0
ATTRIB
  5
1AC
330
17
100
AcDbEntity
  8
0
100
AcDbText
 10
2.718883081006995
 20
16.050763117239445
 30
0.0
 40
0.01
  1

  7
WD
 72
2
 11
2.732216414340328
 21
16.050763117239445
 31
0.0
100
AcDbAttribute
  2
WDTYPE
 70
9
  0
ATTRIB
  5
1AD
330
17
100
AcDbEntity
  8
0
100
AcDbText
 10
2.9859999999999998
 20
15.625875
 30
0.0
 40
0.125
  1

  7
WD
 41
0.85
 11
2.9859999999999998
 21
15.625875
 31
0.0
100
AcDbAttribute
  2
DESC3
 70
1
  0
ATTRIB
  5
1AE
330
17
100
AcDbEntity
  8
0
100
AcDbText
 10
2.732216414340328
 20
16.035138117239445
 30
0.0
 40
0.01
  1

  7
WD
 72
2
 11
2.732216414340328
 21
16.035138117239445
 31
0.0
100
AcDbAttribute
  2
WDBLKNAM
 70
9
  0
SEQEND
  5
19B
330
19A
100
AcDbEntity
  8
SLD_SYMS
  0
INSERT
  5
1AF
330
17
100
AcDbEntity
  8
SLD_SYMS
100
AcDbBlockReference
 66
1
  2
VCN1PJ
 10
1.43
 20
16.144
 30
0.0
  0
ATTRIB
  5
1B1
330
17
100
AcDbEntity
  8
0
100
AcDbText
 10
1.6591666666666667
 20
16.993801758954774
 30
0.0
 40
0.125
  1

  7
WD
 41
0.7
 72
2
 11
1.6591666666666667
 21
16.993801758954774
 31
0.0
100
AcDbAttribute
  2
INST
 70
1
  0
ATTRIB
  5
1B2
330
17
100
AcDbEntity
  8
0
100
AcDbText
 10
1.4430729268949867
 20
16.029359872741505
 30
0.0
 40
0.01
  1

  7
WD
 11
1.4430729268949867
 21
16.029359872741505
 31
0.0
100
AcDbAttribute
  2
X8TERMDESC01
 70
1
  0
ATTRIB
  5
1B3
330
17
100
AcDbEntity
  8
0
100
AcDbText
 10
1.4561458644990533
 20
16.185609867770694
 30
0.0
 40
0.01
  1

  7
WD
 11
1.4561458644990533
 21
16.185609867770694
 31
0.0
100
AcDbAttribute
  2
X2TERMDESC02
 70
1
  0
ATTRIB
  5
1B4
330
17
100
AcDbEntity
  8
0
  6
Continuous
100
AcDbText
 10
1.3209247363724244
 20
16.130056517835843
 30
0.0
 40
0.01
  1

  7
WD
 72
1
 11
1.3209247363724244
 21
16.130056517835843
 31
0.0
100
AcDbAttribute
  2
ASSYCODE
 70
9
  0
ATTRIB
  5
1B5
330
17
100
AcDbEntity
  8
0
100
AcDbText
 10
1.305
 20
16.0815
 30
0.0
 40
0.01
  1

  7
WD
 11
1.305
 21
16.0815
 31
0.0
100
AcDbAttribute
  2
X4LINK
 70
1
  0
ATTRIB
  5
1B6
330
17
100
AcDbEntity
  8
0
100
AcDbText
 10
1.555
 20
16.0815
 30
0.0
 40
0.01
  1

  7
WD
 11
1.555
 21
16.0815
 31
0.0
100
AcDbAttribute
  2
X1LINK
 70
1
  0
ATTRIB
  5
1B7
330
17
100
AcDbEntity
  8
0
100
AcDbText
 10
1.3675
 20
16.82420175895477
 30
0.0
 40
0.125
  1

  7
WD
 41
0.7
 72
2
 11
1.3675
 21
16.82420175895477
 31
0.0
100
AcDbAttribute
  2
LOC
 70
1
  0
ATTRIB
  5
1B8
330
17
100
AcDbEntity
  8
0
  6
Continuous
100
AcDbText
 10
1.3213931084496593
 20
16.144039283222853
 30
0.0
 40
0.01
  1

  7
WD
 72
1
 11
1.3213931084496593
 21
16.144039283222853
 31
0.0
100
AcDbAttribute
  2
MFG
 70
9
  0
ATTRIB
  5
1B9
330
17
100
AcDbEntity
  8
0
  6
Continuous
100
AcDbText
 10
1.3233381540895781
 20
16.163481036930303
 30
0.0
 40
0.01
  1

  7
WD
 72
1
 11
1.3233381540895781
 21
16.163481036930303
 31
0.0
100
AcDbAttribute
  2
CAT
 70
9
  0
ATTRIB
  5
1BA
330
17
100
AcDbEntity
  8
0
100
AcDbText
 10
1.298284888151228
 20
16.207657452790066
 30
0.0
 40
0.01
  1

  7
WD
 11
1.298284888151228
 21
16.207657452790066
 31
0.0
100
AcDbAttribute
  2
FAMILY
 70
9
  0
ATTRIB
  5
1BB
330
17
100
AcDbEntity
  8
0
100
AcDbText
 10
1.3675
 20
16.498278904647663
 30
0.0
 40
0.125
  1

  7
WD
 41
0.7
 72
2
 11
1.3675
 21
16.498278904647663
 31
0.0
100
AcDbAttribute
  2
DESC2
 70
1
  0
ATTRIB
  5
1BC
330
17
100
AcDbEntity
  8
0
100
AcDbText
 10
1.3675
 20
16.654525331801217
 30
0.0
 40
0.125
  1

  7
WD
 41
0.7
 72
2
 11
1.3675
 21
16.654525331801217
 31
0.0
100
AcDbAttribute
  2
DESC1
 70
1
  0
ATTRIB
  5
1BD
330
17
100
AcDbEntity
  8
0
100
AcDbText
 10
1.1591666666666665
 20
16.23775
 30
0.0
 40
0.125
  1

  7
WD
 72
2
 11
1.3675
 21
16.23775
 31
0.0
100
AcDbAttribute
  2
TAG1
 70
1
  0
ATTRIB
  5
1BE
330
17
100
AcDbEntity
  8
0
  6
Continuous
100
AcDbText
 10
1.4769999999999999
 20
15.862749999999998
 30
0.0
 40
0.125
  1

  7
WD
 11
1.4769999999999999
 21
15.987749999999998
 31
0.0
100
AcDbAttribute
  2
TERM01
 70
9
 74
3
  0
ATTRIB
  5
1BF
330
17
100
AcDbEntity
  8
0
100
AcDbText
 10
1.43
 20
16.05025
 30
0.0
 40
0.0125
  1

  7
WD
 11
1.43
 21
16.05025
 31
0.0
100
AcDbAttribute
  2
X8TERM01
 70
1
  0
ATTRIB
  5
1C0
330
17
100
AcDbEntity
  8
0
100
AcDbText
 10
1.43
 20
16.2065
 30
0.0
 40
0.0125
  1

  7
WD
 11
1.43
 21
16.2065
 31
0.0
100
AcDbAttribute
  2
X2TERM02
 70
1
  0
ATTRIB
  5
1C1
330
17
100
AcDbEntity
  8
0
  6
Continuous
100
AcDbText
 10
1.4769999999999999
 20
16.2065
 30
0.0
 40
0.125
  1

  7
WD
 11
1.4769999999999999
 21
16.2065
 31
0.0
100
AcDbAttribute
  2
TERM02
 70
9
  0
ATTRIB
  5
1C2
330
17
100
AcDbEntity
  8
0
100
AcDbText
 10
1.298284888151228
 20
16.189025320458434
 30
0.0
 40
0.01
  1

  7
WD
 11
1.298284888151228
 21
16.189025320458434
 31
0.0
100
AcDbAttribute
  2
WDBLKNAM
 70
9
  0
SEQEND
  5
1B0
330
1AF
100
AcDbEntity
  8
SLD_SYMS
  0
LWPOLYLINE
  5
1C3
330
17
100
AcDbEntity
  8
SLD_SYMS
100
AcDbPolyline
 90
4
 70
1
 10
1.015
 20
15.622
 10
1.7919999999999998
 20
15.622
 10
1.7919999999999998
 20
14.701
 10
1.015
 20
14.701
  0
INSERT
  5
1C4
330
17
100
AcDbEntity
  8
SLD_SYMS
100
AcDbBlockReference
 66
1
  2
VCN1PJ
 10
1.43
 20
14.252
 30
0.0
 50
180.0
  0
ATTRIB
  5
1C6
330
17
100
AcDbEntity
  8
0
100
AcDbText
 10
1.2008333333333332
 20
13.402198241045227
 30
0.0
 40
0.125
  1

 50
180.0
  7
WD
 41
0.7
 72
2
 11
1.2008333333333332
 21
13.402198241045227
 31
0.0
100
AcDbAttribute
  2
INST
 70
1
  0
ATTRIB
  5
1C7
330
17
100
AcDbEntity
  8
0
100
AcDbText
 10
1.4169270731050132
 20
14.366640127258496
 30
0.0
 40
0.01
  1

 50
180.0
  7
WD
 11
1.4169270731050132
 21
14.366640127258496
 31
0.0
100
AcDbAttribute
  2
X8TERMDESC01
 70
1
  0
ATTRIB
  5
1C8
330
17
100
AcDbEntity
  8
0
100
AcDbText
 10
1.4038541355009466
 20
14.210390132229305
 30
0.0
 40
0.01
  1

 50
180.0
  7
WD
 11
1.4038541355009466
 21
14.210390132229305
 31
0.0
100
AcDbAttribute
  2
X2TERMDESC02
 70
1
  0
ATTRIB
  5
1C9
330
17
100
AcDbEntity
  8
0
  6
Continuous
100
AcDbText
 10
1.5390752636275755
 20
14.265943482164156
 30
0.0
 40
0.01
  1

 50
180.0
  7
WD
 72
1
 11
1.5390752636275755
 21
14.265943482164156
 31
0.0
100
AcDbAttribute
  2
ASSYCODE
 70
9
  0
ATTRIB
  5
1CA
330
17
100
AcDbEntity
  8
0
100
AcDbText
 10
1.555
 20
14.3145
 30
0.0
 40
0.01
  1

 50
180.0
  7
WD
 11
1.555
 21
14.3145
 31
0.0
100
AcDbAttribute
  2
X4LINK
 70
1
  0
ATTRIB
  5
1CB
330
17
100
AcDbEntity
  8
0
100
AcDbText
 10
1.305
 20
14.3145
 30
0.0
 40
0.01
  1

 50
180.0
  7
WD
 11
1.305
 21
14.3145
 31
0.0
100
AcDbAttribute
  2
X1LINK
 70
1
  0
ATTRIB
  5
1CC
330
17
100
AcDbEntity
  8
0
100
AcDbText
 10
1.4925
 20
13.571798241045226
 30
0.0
 40
0.125
  1

 50
180.0
  7
WD
 41
0.7
 72
2
 11
1.4925
 21
13.571798241045226
 31
0.0
100
AcDbAttribute
  2
LOC
 70
1
  0
ATTRIB
  5
1CD
330
17
100
AcDbEntity
  8
0
  6
Continuous
100
AcDbText
 10
1.5386068915503406
 20
14.251960716777145
 30
0.0
 40
0.01
  1

 50
180.0
  7
WD
 72
1
 11
1.5386068915503406
 21
14.251960716777145
 31
0.0
100
AcDbAttribute
  2
MFG
 70
9
  0
ATTRIB
  5
1CE
330
17
100
AcDbEntity
  8
0
  6
Continuous
100
AcDbText
 10
1.5366618459104218
 20
14.232518963069694
 30
0.0
 40
0.01
  1

 50
180.0
  7
WD
 72
1
 11
1.5366618459104218
 21
14.232518963069694
 31
0.0
100
AcDbAttribute
  2
CAT
 70
9
  0
ATTRIB
  5
1CF
330
17
100
AcDbEntity
  8
0
100
AcDbText
 10
1.561715111848772
 20
14.188342547209931
 30
0.0
 40
0.01
  1

 50
180.0
  7
WD
 11
1.561715111848772
 21
14.188342547209931
 31
0.0
100
AcDbAttribute
  2
FAMILY
 70
9
  0
ATTRIB
  5
1D0
330
17
100
AcDbEntity
  8
0
100
AcDbText
 10
1.4925
 20
13.897721095352336
 30
0.0
 40
0.125
  1

 50
180.0
  7
WD
 41
0.7
 72
2
 11
1.4925
 21
13.897721095352336
 31
0.0
100
AcDbAttribute
  2
DESC2
 70
1
  0
ATTRIB
  5
1D1
330
17
100
AcDbEntity
  8
0
100
AcDbText
 10
1.4925
 20
13.741474668198782
 30
0.0
 40
0.125
  1

 50
180.0
  7
WD
 41
0.7
 72
2
 11
1.4925
 21
13.741474668198782
 31
0.0
100
AcDbAttribute
  2
DESC1
 70
1
  0
ATTRIB
  5
1D2
330
17
100
AcDbEntity
  8
0
100
AcDbText
 10
1.7008333333333334
 20
14.15825
 30
0.0
 40
0.125
  1

 50
180.0
  7
WD
 72
2
 11
1.4925
 21
14.15825
 31
0.0
100
AcDbAttribute
  2
TAG1
 70
1
  0
ATTRIB
  5
1D3
330
17
100
AcDbEntity
  8
0
  6
Continuous
100
AcDbText
 10
1.383
 20
14.53325
 30
0.0
 40
0.125
  1

 50
180.0
  7
WD
 11
1.383
 21
14.40825
 31
0.0
100
AcDbAttribute
  2
TERM01
 70
9
 74
3
  0
ATTRIB
  5
1D4
330
17
100
AcDbEntity
  8
0
100
AcDbText
 10
1.43
 20
14.34575
 30
0.0
 40
0.0125
  1

 50
180.0
  7
WD
 11
1.43
 21
14.34575
 31
0.0
100
AcDbAttribute
  2
X8TERM01
 70
1
  0
ATTRIB
  5
1D5
330
17
100
AcDbEntity
  8
0
100
AcDbText
 10
1.43
 20
14.1895
 30
0.0
 40
0.0125
  1

 50
180.0
  7
WD
 11
1.43
 21
14.1895
 31
0.0
100
AcDbAttribute
  2
X2TERM02
 70
1
  0
ATTRIB
  5
1D6
330
17
100
AcDbEntity
  8
0
  6
Continuous
100
AcDbText
 10
1.383
 20
14.1895
 30
0.0
 40
0.125
  1

 50
180.0
  7
WD
 11
1.383
 21
14.1895
 31
0.0
100
AcDbAttribute
  2
TERM02
 70
9
  0
ATTRIB
  5
1D7
330
17
100
AcDbEntity
  8
0
100
AcDbText
 10
1.561715111848772
 20
14.206974679541563
 30
0.0
 40
0.01
  1

 50
180.0
  7
WD
 11
1.561715111848772
 21
14.206974679541563
 31
0.0
100
AcDbAttribute
  2
WDBLKNAM
 70
9
  0
SEQEND
  5
1C5
330
1C4
100
AcDbEntity
  8
SLD_SYMS
  0
INSERT
  5
1D8
330
17
100
AcDbEntity
  8
SLD_SYMS
100
AcDbBlockReference
  2
ARRESTER
 10
1.428
 20
13.359
 30
0.0
  0
INSERT
  5
1DA
330
17
100
AcDbEntity
  8
SLD_SYMS
100
AcDbBlockReference
 66
1
  2
VXF1CT
 10
1.6199999999999999
 20
12.007
 30
0.0
  0
ATTRIB
  5
1DC
330
17
100
AcDbEntity
  8
0
100
AcDbText
 10
1.3929166666666666
 20
11.585125
 30
0.0
 40
0.125
  1

  7
WD
 41
0.7
 72
1
 11
1.3929166666666666
 21
11.585125
 31
0.0
100
AcDbAttribute
  2
INST
 70
1
  0
ATTRIB
  5
1DD
330
17
100
AcDbEntity
  8
0
100
AcDbText
 10
1.6199999999999999
 20
11.723826474599724
 30
0.0
 40
0.0125
  1

  7
WD
 11
1.6199999999999999
 21
11.723826474599724
 31
0.0
100
AcDbAttribute
  2
X8TERM01
 70
1
  0
ATTRIB
  5
1DE
330
17
100
AcDbEntity
  8
0
100
AcDbText
 10
1.6522117627001378
 20
11.756038237299862
 30
0.0
 40
0.0125
  1

  7
WD
 11
1.6522117627001378
 21
11.756038237299862
 31
0.0
100
AcDbAttribute
  2
X1TERM01
 70
1
  0
ATTRIB
  5
1DF
330
17
100
AcDbEntity
  8
0
  6
Continuous
100
AcDbText
 10
1.5650621696190423
 20
11.776456032263782
 30
0.0
 40
0.125
  1

  7
WD
 72
2
 11
1.5650621696190423
 21
11.776456032263782
 31
0.0
100
AcDbAttribute
  2
TERM01
 70
9
  0
ATTRIB
  5
1E0
330
17
100
AcDbEntity
  8
0
  6
Continuous
100
AcDbText
 10
1.575006916951067
 20
12.273965784883833
 30
0.0
 40
0.125
  1

  7
WD
 72
2
 11
1.575006916951067
 21
12.273965784883833
 31
0.0
100
AcDbAttribute
  2
TERM02
 70
9
  0
ATTRIB
  5
1E1
330
17
100
AcDbEntity
  8
0
100
AcDbText
 10
1.6522117627001378
 20
12.256038237299862
 30
0.0
 40
0.0125
  1

  7
WD
 11
1.6522117627001378
 21
12.256038237299862
 31
0.0
100
AcDbAttribute
  2
X1TERM02
 70
1
  0
ATTRIB
  5
1E2
330
17
100
AcDbEntity
  8
0
100
AcDbText
 10
1.6199999999999999
 20
12.28825
 30
0.0
 40
0.0125
  1

  7
WD
 11
1.6199999999999999
 21
12.28825
 31
0.0
100
AcDbAttribute
  2
X2TERM02
 70
1
  0
ATTRIB
  5
1E3
330
17
100
AcDbEntity
  8
0
100
AcDbText
 10
1.9012499999999999
 20
11.882
 30
0.0
 40
0.125
  1

  7
WD
 41
0.7
 11
1.9012499999999999
 21
11.882
 31
0.0
100
AcDbAttribute
  2
RATING1
 70
1
  0
ATTRIB
  5
1E4
330
17
100
AcDbEntity
  8
0
100
AcDbText
 10
1.9012499999999999
 20
12.03825
 30
0.0
 40
0.125
  1

  7
WD
 11
1.9012499999999999
 21
12.03825
 31
0.0
100
AcDbAttribute
  2
TAG1
 70
1
  0
ATTRIB
  5
1E5
330
17
100
AcDbEntity
  8
0
100
AcDbText
 10
1.4194706222727909
 20
11.24970533180122
 30
0.0
 40
0.125
  1
400:5A (3)
  7
WD
 41
0.7
 72
1
 11
1.4194706222727909
 21
11.24970533180122
 31
0.0
100
AcDbAttribute
  2
DESC1
 70
0
  0
ATTRIB
  5
1E6
330
17
100
AcDbEntity
  8
0
100
AcDbText
 10
1.4194706222727909
 20
11.093458904647663
 30
0.0
 40
0.125
  1
CT 5P20
  7
WD
 41
0.7
 72
1
 11
1.4194706222727909
 21
11.093458904647663
 31
0.0
100
AcDbAttribute
  2
DESC2
 70
0
  0
ATTRIB
  5
1E7
330
17
100
AcDbEntity
  8
0
100
AcDbText
 10
1.4194706222727909
 20
11.405951758954775
 30
0.0
 40
0.125
  1

  7
WD
 41
0.7
 72
1
 11
1.4194706222727909
 21
11.405951758954775
 31
0.0
100
AcDbAttribute
  2
LOC
 70
1
  0
ATTRIB
  5
1E8
330
17
100
AcDbEntity
  8
0
  6
Continuous
100
AcDbText
 10
1.449069824898972
 20
12.125955350386372
 30
0.0
 40
0.01
  1

  7
WD
 72
1
 11
1.449069824898972
 21
12.125955350386372
 31
0.0
100
AcDbAttribute
  2
ASSYCODE
 70
9
  0
ATTRIB
  5
1E9
330
17
100
AcDbEntity
  8
0
100
AcDbText
 10
1.4272916666666666
 20
11.960125
 30
0.0
 40
0.125
  1

  7
WD
 72
1
 11
1.5731249999999999
 21
11.960125
 31
0.0
100
AcDbAttribute
  2
TYPE
 70
1
  0
ATTRIB
  5
1EA
330
17
100
AcDbEntity
  8
0
100
AcDbText
 10
1.4241927759003674
 20
12.197690293718368
 30
0.0
 40
0.01
  1

  7
WD
 11
1.4241927759003674
 21
12.197690293718368
 31
0.0
100
AcDbAttribute
  2
FAMILY
 70
9
  0
ATTRIB
  5
1EB
330
17
100
AcDbEntity
  8
0
  6
Continuous
100
AcDbText
 10
1.4492460418387172
 20
12.169138877858606
 30
0.0
 40
0.01
  1

  7
WD
 72
1
 11
1.4492460418387172
 21
12.169138877858606
 31
0.0
100
AcDbAttribute
  2
CAT
 70
9
  0
ATTRIB
  5
1EC
330
17
100
AcDbEntity
  8
0
  6
Continuous
100
AcDbText
 10
1.4473009961987986
 20
12.149697124151155
 30
0.0
 40
0.01
  1

  7
WD
 72
1
 11
1.4473009961987986
 21
12.149697124151155
 31
0.0
100
AcDbAttribute
  2
MFG
 70
9
  0
SEQEND
  5
1DB
330
1DA
100
AcDbEntity
  8
SLD_SYMS
  0
INSERT
  5
1ED
330
17
100
AcDbEntity
  8
SLD_SYMS
100
AcDbBlockReference
  2
WDDOT
 10
1.48
 20
12.325
 30
0.0
  0
MTEXT
  5
1EF
330
17
100
AcDbEntity
  8
SLD_TEXT
100
AcDbMText
 10
0.6529999999999999
 20
11.774
 30
0.0
 40
0.1
 41
0.0
 71
2
  1
1%%C
  0
INSERT
  5
1F0
330
17
100
AcDbEntity
  8
SLD_SYMS
100
AcDbBlockReference
 66
1
  2
VXF1CT
 10
1.6199999999999999
 20
10.308
 30
0.0
  0
ATTRIB
  5
1F2
330
17
100
AcDbEntity
  8
0
100
AcDbText
 10
1.3929166666666666
 20
9.886125
 30
0.0
 40
0.125
  1

  7
WD
 41
0.7
 72
1
 11
1.3929166666666666
 21
9.886125
 31
0.0
100
AcDbAttribute
  2
INST
 70
1
  0
ATTRIB
  5
1F3
330
17
100
AcDbEntity
  8
0
100
AcDbText
 10
1.6199999999999999
 20
10.024826474599724
 30
0.0
 40
0.0125
  1

  7
WD
 11
1.6199999999999999
 21
10.024826474599724
 31
0.0
100
AcDbAttribute
  2
X8TERM01
 70
1
  0
ATTRIB
  5
1F4
330
17
100
AcDbEntity
  8
0
100
AcDbText
 10
1.6522117627001378
 20
10.057038237299862
 30
0.0
 40
0.0125
  1

  7
WD
 11
1.6522117627001378
 21
10.057038237299862
 31
0.0
100
AcDbAttribute
  2
X1TERM01
 70
1
  0
ATTRIB
  5
1F5
330
17
100
AcDbEntity
  8
0
  6
Continuous
100
AcDbText
 10
1.5650621696190423
 20
10.077456032263783
 30
0.0
 40
0.125
  1

  7
WD
 72
2
 11
1.5650621696190423
 21
10.077456032263783
 31
0.0
100
AcDbAttribute
  2
TERM01
 70
9
  0
ATTRIB
  5
1F6
330
17
100
AcDbEntity
  8
0
  6
Continuous
100
AcDbText
 10
1.575006916951067
 20
10.574965784883833
 30
0.0
 40
0.125
  1

  7
WD
 72
2
 11
1.575006916951067
 21
10.574965784883833
 31
0.0
100
AcDbAttribute
  2
TERM02
 70
9
  0
ATTRIB
  5
1F7
330
17
100
AcDbEntity
  8
0
100
AcDbText
 10
1.6522117627001378
 20
10.557038237299862
 30
0.0
 40
0.0125
  1

  7
WD
 11
1.6522117627001378
 21
10.557038237299862
 31
0.0
100
AcDbAttribute
  2
X1TERM02
 70
1
  0
ATTRIB
  5
1F8
330
17
100
AcDbEntity
  8
0
100
AcDbText
 10
1.6199999999999999
 20
10.58925
 30
0.0
 40
0.0125
  1

  7
WD
 11
1.6199999999999999
 21
10.58925
 31
0.0
100
AcDbAttribute
  2
X2TERM02
 70
1
  0
ATTRIB
  5
1F9
330
17
100
AcDbEntity
  8
0
100
AcDbText
 10
1.9012499999999999
 20
10.183
 30
0.0
 40
0.125
  1

  7
WD
 41
0.7
 11
1.9012499999999999
 21
10.183
 31
0.0
100
AcDbAttribute
  2
RATING1
 70
1
  0
ATTRIB
  5
1FA
330
17
100
AcDbEntity
  8
0
100
AcDbText
 10
1.9012499999999999
 20
10.33925
 30
0.0
 40
0.125
  1

  7
WD
 11
1.9012499999999999
 21
10.33925
 31
0.0
100
AcDbAttribute
  2
TAG1
 70
1
  0
ATTRIB
  5
1FB
330
17
100
AcDbEntity
  8
0
100
AcDbText
 10
1.4194706222727909
 20
9.550705331801218
 30
0.0
 40
0.125
  1
3000:5A (3)
  7
WD
 41
0.7
 72
1
 11
1.4194706222727909
 21
9.550705331801218
 31
0.0
100
AcDbAttribute
  2
DESC1
 70
0
  0
ATTRIB
  5
1FC
330
17
100
AcDbEntity
  8
0
100
AcDbText
 10
1.4194706222727909
 20
9.394458904647664
 30
0.0
 40
0.125
  1
CT 5P20
  7
WD
 41
0.7
 72
1
 11
1.4194706222727909
 21
9.394458904647664
 31
0.0
100
AcDbAttribute
  2
DESC2
 70
0
  0
ATTRIB
  5
1FD
330
17
100
AcDbEntity
  8
0
100
AcDbText
 10
1.4194706222727909
 20
9.706951758954773
 30
0.0
 40
0.125
  1

  7
WD
 41
0.7
 72
1
 11
1.4194706222727909
 21
9.706951758954773
 31
0.0
100
AcDbAttribute
  2
LOC
 70
1
  0
ATTRIB
  5
1FE
330
17
100
AcDbEntity
  8
0
  6
Continuous
100
AcDbText
 10
1.449069824898972
 20
10.426955350386372
 30
0.0
 40
0.01
  1

  7
WD
 72
1
 11
1.449069824898972
 21
10.426955350386372
 31
0.0
100
AcDbAttribute
  2
ASSYCODE
 70
9
  0
ATTRIB
  5
1FF
330
17
100
AcDbEntity
  8
0
100
AcDbText
 10
1.4272916666666666
 20
10.261125
 30
0.0
 40
0.125
  1

  7
WD
 72
1
 11
1.5731249999999999
 21
10.261125
 31
0.0
100
AcDbAttribute
  2
TYPE
 70
1
  0
ATTRIB
  5
200
330
17
100
AcDbEntity
  8
0
100
AcDbText
 10
1.4241927759003674
 20
10.498690293718369
 30
0.0
 40
0.01
  1

  7
WD
 11
1.4241927759003674
 21
10.498690293718369
 31
0.0
100
AcDbAttribute
  2
FAMILY
 70
9
  0
ATTRIB
  5
201
330
17
100
AcDbEntity
  8
0
  6
Continuous
100
AcDbText
 10
1.4492460418387172
 20
10.470138877858606
 30
0.0
 40
0.01
  1

  7
WD
 72
1
 11
1.4492460418387172
 21
10.470138877858606
 31
0.0
100
AcDbAttribute
  2
CAT
 70
9
  0
ATTRIB
  5
202
330
17
100
AcDbEntity
  8
0
  6
Continuous
100
AcDbText
 10
1.4473009961987986
 20
10.450697124151155
 30
0.0
 40
0.01
  1

  7
WD
 72
1
 11
1.4473009961987986
 21
10.450697124151155
 31
0.0
100
AcDbAttribute
  2
MFG
 70
9
  0
SEQEND
  5
1F1
330
1F0
100
AcDbEntity
  8
SLD_SYMS
  0
INSERT
  5
203
330
17
100
AcDbEntity
  8
SLD_SYMS
100
AcDbBlockReference
  2
WDDOT
 10
1.474
 20
10.606
 30
0.0
  0
MTEXT
  5
205
330
17
100
AcDbEntity
  8
SLD_TEXT
100
AcDbMText
 10
0.6529999999999999
 20
10.08
 30
0.0
 40
0.1
 41
0.0
 71
2
  1
1%%C
  0
INSERT
  5
206
330
17
100
AcDbEntity
  8
SLD_SYMS
100
AcDbBlockReference
 66
1
  2
VCN1PJ
 10
1.43
 20
9.034
 30
0.0
  0
ATTRIB
  5
208
330
17
100
AcDbEntity
  8
0
100
AcDbText
 10
1.6591666666666667
 20
9.883801758954775
 30
0.0
 40
0.125
  1

  7
WD
 41
0.7
 72
2
 11
1.6591666666666667
 21
9.883801758954775
 31
0.0
100
AcDbAttribute
  2
INST
 70
1
  0
ATTRIB
  5
209
330
17
100
AcDbEntity
  8
0
100
AcDbText
 10
1.4430729268949867
 20
8.919359872741506
 30
0.0
 40
0.01
  1

  7
WD
 11
1.4430729268949867
 21
8.919359872741506
 31
0.0
100
AcDbAttribute
  2
X8TERMDESC01
 70
1
  0
ATTRIB
  5
20A
330
17
100
AcDbEntity
  8
0
100
AcDbText
 10
1.4561458644990533
 20
9.075609867770696
 30
0.0
 40
0.01
  1

  7
WD
 11
1.4561458644990533
 21
9.075609867770696
 31
0.0
100
AcDbAttribute
  2
X2TERMDESC02
 70
1
  0
ATTRIB
  5
20B
330
17
100
AcDbEntity
  8
0
  6
Continuous
100
AcDbText
 10
1.3209247363724244
 20
9.020056517835846
 30
0.0
 40
0.01
  1

  7
WD
 72
1
 11
1.3209247363724244
 21
9.020056517835846
 31
0.0
100
AcDbAttribute
  2
ASSYCODE
 70
9
  0
ATTRIB
  5
20C
330
17
100
AcDbEntity
  8
0
100
AcDbText
 10
1.305
 20
8.9715
 30
0.0
 40
0.01
  1

  7
WD
 11
1.305
 21
8.9715
 31
0.0
100
AcDbAttribute
  2
X4LINK
 70
1
  0
ATTRIB
  5
20D
330
17
100
AcDbEntity
  8
0
100
AcDbText
 10
1.555
 20
8.9715
 30
0.0
 40
0.01
  1

  7
WD
 11
1.555
 21
8.9715
 31
0.0
100
AcDbAttribute
  2
X1LINK
 70
1
  0
ATTRIB
  5
20E
330
17
100
AcDbEntity
  8
0
100
AcDbText
 10
1.3675
 20
9.714201758954776
 30
0.0
 40
0.125
  1

  7
WD
 41
0.7
 72
2
 11
1.3675
 21
9.714201758954776
 31
0.0
100
AcDbAttribute
  2
LOC
 70
1
  0
ATTRIB
  5
20F
330
17
100
AcDbEntity
  8
0
  6
Continuous
100
AcDbText
 10
1.3213931084496593
 20
9.034039283222857
 30
0.0
 40
0.01
  1

  7
WD
 72
1
 11
1.3213931084496593
 21
9.034039283222857
 31
0.0
100
AcDbAttribute
  2
MFG
 70
9
  0
ATTRIB
  5
210
330
17
100
AcDbEntity
  8
0
  6
Continuous
100
AcDbText
 10
1.3233381540895781
 20
9.053481036930307
 30
0.0
 40
0.01
  1

  7
WD
 72
1
 11
1.3233381540895781
 21
9.053481036930307
 31
0.0
100
AcDbAttribute
  2
CAT
 70
9
  0
ATTRIB
  5
211
330
17
100
AcDbEntity
  8
0
100
AcDbText
 10
1.298284888151228
 20
9.09765745279007
 30
0.0
 40
0.01
  1

  7
WD
 11
1.298284888151228
 21
9.09765745279007
 31
0.0
100
AcDbAttribute
  2
FAMILY
 70
9
  0
ATTRIB
  5
212
330
17
100
AcDbEntity
  8
0
100
AcDbText
 10
1.3675
 20
9.388278904647665
 30
0.0
 40
0.125
  1

  7
WD
 41
0.7
 72
2
 11
1.3675
 21
9.388278904647665
 31
0.0
100
AcDbAttribute
  2
DESC2
 70
1
  0
ATTRIB
  5
213
330
17
100
AcDbEntity
  8
0
100
AcDbText
 10
1.3675
 20
9.54452533180122
 30
0.0
 40
0.125
  1

  7
WD
 41
0.7
 72
2
 11
1.3675
 21
9.54452533180122
 31
0.0
100
AcDbAttribute
  2
DESC1
 70
1
  0
ATTRIB
  5
214
330
17
100
AcDbEntity
  8
0
100
AcDbText
 10
1.1591666666666665
 20
9.12775
 30
0.0
 40
0.125
  1

  7
WD
 72
2
 11
1.3675
 21
9.12775
 31
0.0
100
AcDbAttribute
  2
TAG1
 70
1
  0
ATTRIB
  5
215
330
17
100
AcDbEntity
  8
0
  6
Continuous
100
AcDbText
 10
1.4769999999999999
 20
8.75275
 30
0.0
 40
0.125
  1

  7
WD
 11
1.4769999999999999
 21
8.87775
 31
0.0
100
AcDbAttribute
  2
TERM01
 70
9
 74
3
  0
ATTRIB
  5
216
330
17
100
AcDbEntity
  8
0
100
AcDbText
 10
1.43
 20
8.94025
 30
0.0
 40
0.0125
  1

  7
WD
 11
1.43
 21
8.94025
 31
0.0
100
AcDbAttribute
  2
X8TERM01
 70
1
  0
ATTRIB
  5
217
330
17
100
AcDbEntity
  8
0
100
AcDbText
 10
1.43
 20
9.0965
 30
0.0
 40
0.0125
  1

  7
WD
 11
1.43
 21
9.0965
 31
0.0
100
AcDbAttribute
  2
X2TERM02
 70
1
  0
ATTRIB
  5
218
330
17
100
AcDbEntity
  8
0
  6
Continuous
100
AcDbText
 10
1.4769999999999999
 20
9.0965
 30
0.0
 40
0.125
  1

  7
WD
 11
1.4769999999999999
 21
9.0965
 31
0.0
100
AcDbAttribute
  2
TERM02
 70
9
  0
ATTRIB
  5
219
330
17
100
AcDbEntity
  8
0
100
AcDbText
 10
1.298284888151228
 20
9.079025320458438
 30
0.0
 40
0.01
  1

  7
WD
 11
1.298284888151228
 21
9.079025320458438
 31
0.0
100
AcDbAttribute
  2
WDBLKNAM
 70
9
  0
SEQEND
  5
207
330
206
100
AcDbEntity
  8
SLD_SYMS
  0
INSERT
  5
21A
330
17
100
AcDbEntity
  8
SLD_SYMS
100
AcDbBlockReference
 66
1
  2
DEVICE_BUBBLE
 10
2.484
 20
15.318
 30
0.0
  0
ATTRIB
  5
21C
330
17
100
AcDbEntity
  8
0
100
AcDbText
 10
2.3124679101079746
 20
15.218951515790893
 30
0.0
 40
0.2
  1
86
  7
OpenSans
 11
2.3124679101079746
 21
15.218951515790893
 31
0.0
100
AcDbAttribute
  2
DB
 70
0
280
1
  0
SEQEND
  5
21B
330
21A
100
AcDbEntity
  8
SLD_SYMS
  0
LINE
  5
21D
330
17
100
AcDbEntity
  8
SLD_CONTROL
100
AcDbLine
 10
1.7919999999999998
 20
15.318
 30
0.0
 11
2.267
 21
15.318
 31
0.0
  0
LINE
  5
21E
330
17
100
AcDbEntity
  8
SLD_CONTROL
100
AcDbLine
 10
2.484
 20
15.100999999999999
 30
0.0
 11
2.484
 21
14.715
 31
0.0
  0
LWPOLYLINE
  5
21F
330
17
100
AcDbEntity
  8
SLD_SYMS
100
AcDbPolyline
 90
4
 70
1
 10
2.177
 20
14.715
 10
3.355
 20
14.715
 10
3.355
 20
14.043
 10
2.177
 20
14.043
  0
LWPOLYLINE
  5
220
330
17
100
AcDbEntity
  8
SLD_CUBICLE
  6
DASHED
100
AcDbPolyline
 90
4
 70
1
 10
0.248
 20
12.465
 10
1.841
 20
12.465
 10
1.841
 20
9.912
 10
0.248
 20
9.912
  0
MTEXT
  5
221
330
17
100
AcDbEntity
  8
SLD_TEXT
100
AcDbMText
 10
1.43
 20
21.037
 30
0.0
 40
0.3
 41
0.0
 71
2
  1
UNIT 1
  0
MTEXT
  5
222
330
17
100
AcDbEntity
  8
SLD_TEXT
100
AcDbMText
 10
1.43
 20
20.173
 30
0.0
 40
0.3
 41
0.0
 71
2
  1
52-GEN1A
  0
MTEXT
  5
223
330
17
100
AcDbEntity
  8
SLD_TEXT
100
AcDbMText
 10
1.0539999999999998
 20
15.408
 30
0.0
 40
0.093
 41
0.0
 71
1
  1
52-GEN1A\P17.5kV\P3150A\P40kA
  0
MTEXT
  5
224
330
17
100
AcDbEntity
  8
SLD_TEXT
100
AcDbMText
 10
2.766
 20
14.677
 30
0.0
 40
0.093
 41
0.0
 71
2
  1
SEL-751-GEN1A\PFEEDER\PPROTECTION\PRELAY
  0
MTEXT
  5
225
330
17
100
AcDbEntity
  8
SLD_TEXT
100
AcDbMText
 10
1.43
 20
8.87
 30
0.0
 40
0.093
 41
0.0
 71
2
  1
INCOMING 13.8KV\PLINE FROM GEN-1A
  0
LINE
  5
226
330
17
100
AcDbEntity
  8
SLD_WIRE
100
AcDbLine
 10
5.04
 20
18.583
 30
0.0
 11
5.04
 21
16.207
 31
0.0
  0
LINE
  5
227
330
17
100
AcDbEntity
  8
SLD_WIRE
100
AcDbLine
 10
5.04
 20
16.051
 30
0.0
 11
5.04
 21
15.622
 31
0.0
  0
LINE
  5
228
330
17
100
AcDbEntity
  8
SLD_WIRE
100
AcDbLine
 10
5.04
 20
14.701
 30
0.0
 11
5.04
 21
14.346
 31
0.0
  0
LINE
  5
229
330
17
100
AcDbEntity
  8
SLD_WIRE
100
AcDbLine
 10
5.04
 20
14.189
 30
0.0
 11
5.04
 21
9.097
 31
0.0
  0
INSERT
  5
22A
330
17
100
AcDbEntity
  8
SLD_SYMS
100
AcDbBlockReference
  2
WDDOT
 10
5.04
 20
18.583
 30
0.0
  0
INSERT
  5
22C
330
17
100
AcDbEntity
  8
SLD_SYMS
100
AcDbBlockReference
 66
1
  2
VFU1_1-
 10
6.471
 20
16.204
 30
0.0
  0
ATTRIB
  5
22E
330
17
100
AcDbEntity
  8
0
100
AcDbText
 10
6.596
 20
16.48525
 30
0.0
 40
0.125
  1

  7
WD
 41
0.85
 11
6.596
 21
16.48525
 31
0.0
100
AcDbAttribute
  2
INST
 70
1
  0
ATTRIB
  5
22F
330
17
100
AcDbEntity
  8
0
  6
Continuous
100
AcDbText
 10
6.317720364381608
 20
16.097850164162786
 30
0.0
 40
0.01
  1

  7
WD
 72
1
 11
6.317720364381608
 21
16.097850164162786
 31
0.0
100
AcDbAttribute
  2
ASSYCODE
 70
9
  0
ATTRIB
  5
230
330
17
100
AcDbEntity
  8
0
 62
7
100
AcDbText
 10
6.346
 20
16.204
 30
0.0
 40
0.01
  1

  7
WD
 11
6.346
 21
16.204
 31
0.0
100
AcDbAttribute
  2
X4LINK
 70
1
  0
ATTRIB
  5
231
330
17
100
AcDbEntity
  8
0
 62
7
100
AcDbText
 10
6.596
 20
16.204
 30
0.0
 40
0.01
  1

  7
WD
 11
6.596
 21
16.204
 31
0.0
100
AcDbAttribute
  2
X1LINK
 70
1
  0
ATTRIB
  5
232
330
17
100
AcDbEntity
  8
0
100
AcDbText
 10
6.31475
 20
16.1415
 30
0.0
 40
0.125
  1
6A
  7
WD
 41
0.85
 72
2
 11
6.31475
 21
16.1415
 31
0.0
100
AcDbAttribute
  2
RATING1
 70
0
  0
ATTRIB
  5
233
330
17
100
AcDbEntity
  8
0
100
AcDbText
 10
6.596
 20
15.79775
 30
0.0
 40
0.125
  1

  7
WD
 41
0.85
 11
6.596
 21
15.79775
 31
0.0
100
AcDbAttribute
  2
DESC2
 70
1
  0
ATTRIB
  5
234
330
17
100
AcDbEntity
  8
0
100
AcDbText
 10
6.596
 20
15.969625
 30
0.0
 40
0.125
  1

  7
WD
 41
0.85
 11
6.596
 21
15.969625
 31
0.0
100
AcDbAttribute
  2
DESC1
 70
1
  0
ATTRIB
  5
235
330
17
100
AcDbEntity
  8
0
100
AcDbText
 10
6.59794143797307
 20
16.14337500000005
 30
0.0
 40
0.125
  1

  7
WD
 41
0.85
 11
6.59794143797307
 21
16.14337500000005
 31
0.0
100
AcDbAttribute
  2
TAG1
 70
1
  0
ATTRIB
  5
236
330
17
100
AcDbEntity
  8
0
100
AcDbText
 10
6.596
 20
16.313375
 30
0.0
 40
0.125
  1

  7
WD
 41
0.85
 11
6.596
 21
16.313375
 31
0.0
100
AcDbAttribute
  2
LOC
 70
1
  0
ATTRIB
  5
237
330
17
100
AcDbEntity
  8
0
  6
Continuous
100
AcDbText
 10
6.328883081006995
 20
16.115873790861
 30
0.0
 40
0.01
  1

  7
WD
 72
2
 11
6.328883081006995
 21
16.115873790861
 31
0.0
100
AcDbAttribute
  2
MFG
 70
9
  0
ATTRIB
  5
238
330
17
100
AcDbEntity
  8
0
  6
Continuous
100
AcDbText
 10
6.328883081006995
 20
16.130873790861
 30
0.0
 40
0.01
  1

  7
WD
 72
2
 11
6.328883081006995
 21
16.130873790861
 31
0.0
100
AcDbAttribute
  2
CAT
 70
9
  0
ATTRIB
  5
239
330
17
100
AcDbEntity
  8
0
100
AcDbText
 10
6.3122164143403285
 20
16.167540457527664
 30
0.0
 40
0.01
  1

  7
WD
 72
2
 11
6.328883081006995
 21
16.167540457527664
 31
0.0
100
AcDbAttribute
  2
FAMILY
 70
9
  0
ATTRIB
  5
23A
330
17
100
AcDbEntity
  8
0
 62
7
100
AcDbText
 10
6.471
 20
16.04775
 30
0.0
 40
0.0125
  1

  7
WD
 11
6.471
 21
16.04775
 31
0.0
100
AcDbAttribute
  2
X8TERM02
 70
1
  0
ATTRIB
  5
23B
330
17
100
AcDbEntity
  8
0
 62
7
100
AcDbText
 10
6.471
 20
16.36025
 30
0.0
 40
0.0125
  1

  7
WD
 11
6.471
 21
16.36025
 31
0.0
100
AcDbAttribute
  2
X2TERM01
 70
1
  0
ATTRIB
  5
23C
330
17
100
AcDbEntity
  8
0
  6
Continuous
100
AcDbText
 10
6.430298778392006
 20
15.896802969349004
 30
0.0
 40
0.125
  1

  7
WD
 41
0.85
 72
2
 11
6.430298778392006
 21
16.021802969349004
 31
0.0
100
AcDbAttribute
  2
TERM02
 70
9
 74
3
  0
ATTRIB
  5
23D
330
17
100
AcDbEntity
  8
0
  6
Continuous
100
AcDbText
 10
6.416029620844346
 20
16.379376616004922
 30
0.0
 40
0.125
  1

  7
WD
 41
0.85
 72
2
 11
6.416029620844346
 21
16.379376616004922
 31
0.0
100
AcDbAttribute
  2
TERM01
 70
9
  0
ATTRIB
  5
23E
330
17
100
AcDbEntity
  8
0
100
AcDbText
 10
6.328883081006995
 20
16.050763117239445
 30
0.0
 40
0.01
  1

  7
WD
 72
2
 11
6.342216414340328
 21
16.050763117239445
 31
0.0
100
AcDbAttribute
  2
WDTYPE
 70
9
  0
ATTRIB
  5
23F
330
17
100
AcDbEntity
  8
0
100
AcDbText
 10
6.596
 20
15.625875
 30
0.0
 40
0.125
  1

  7
WD
 41
0.85
 11
6.596
 21
15.625875
 31
0.0
100
AcDbAttribute
  2
DESC3
 70
1
  0
ATTRIB
  5
240
330
17
100
AcDbEntity
  8
0
100
AcDbText
 10
6.342216414340328
 20
16.035138117239445
 30
0.0
 40
0.01
  1

  7
WD
 72
2
 11
6.342216414340328
 21
16.035138117239445
 31
0.0
100
AcDbAttribute
  2
WDBLKNAM
 70
9
  0
SEQEND
  5
22D
330
22C
100
AcDbEntity
  8
SLD_SYMS
  0
INSERT
  5
241
330
17
100
AcDbEntity
  8
SLD_SYMS
100
AcDbBlockReference
 66
1
  2
VCN1PJ
 10
5.04
 20
16.144
 30
0.0
  0
ATTRIB
  5
243
330
17
100
AcDbEntity
  8
0
100
AcDbText
 10
5.269166666666667
 20
16.993801758954774
 30
0.0
 40
0.125
  1

  7
WD
 41
0.7
 72
2
 11
5.269166666666667
 21
16.993801758954774
 31
0.0
100
AcDbAttribute
  2
INST
 70
1
  0
ATTRIB
  5
244
330
17
100
AcDbEntity
  8
0
100
AcDbText
 10
5.053072926894987
 20
16.029359872741505
 30
0.0
 40
0.01
  1

  7
WD
 11
5.053072926894987
 21
16.029359872741505
 31
0.0
100
AcDbAttribute
  2
X8TERMDESC01
 70
1
  0
ATTRIB
  5
245
330
17
100
AcDbEntity
  8
0
100
AcDbText
 10
5.066145864499053
 20
16.185609867770694
 30
0.0
 40
0.01
  1

  7
WD
 11
5.066145864499053
 21
16.185609867770694
 31
0.0
100
AcDbAttribute
  2
X2TERMDESC02
 70
1
  0
ATTRIB
  5
246
330
17
100
AcDbEntity
  8
0
  6
Continuous
100
AcDbText
 10
4.9309247363724245
 20
16.130056517835843
 30
0.0
 40
0.01
  1

  7
WD
 72
1
 11
4.9309247363724245
 21
16.130056517835843
 31
0.0
100
AcDbAttribute
  2
ASSYCODE
 70
9
  0
ATTRIB
  5
247
330
17
100
AcDbEntity
  8
0
100
AcDbText
 10
4.915
 20
16.0815
 30
0.0
 40
0.01
  1

  7
WD
 11
4.915
 21
16.0815
 31
0.0
100
AcDbAttribute
  2
X4LINK
 70
1
  0
ATTRIB
  5
248
330
17
100
AcDbEntity
  8
0
100
AcDbText
 10
5.165
 20
16.0815
 30
0.0
 40
0.01
  1

  7
WD
 11
5.165
 21
16.0815
 31
0.0
100
AcDbAttribute
  2
X1LINK
 70
1
  0
ATTRIB
  5
249
330
17
100
AcDbEntity
  8
0
100
AcDbText
 10
4.9775
 20
16.82420175895477
 30
0.0
 40
0.125
  1

  7
WD
 41
0.7
 72
2
 11
4.9775
 21
16.82420175895477
 31
0.0
100
AcDbAttribute
  2
LOC
 70
1
  0
ATTRIB
  5
24A
330
17
100
AcDbEntity
  8
0
  6
Continuous
100
AcDbText
 10
4.931393108449659
 20
16.144039283222853
 30
0.0
 40
0.01
  1

  7
WD
 72
1
 11
4.931393108449659
 21
16.144039283222853
 31
0.0
100
AcDbAttribute
  2
MFG
 70
9
  0
ATTRIB
  5
24B
330
17
100
AcDbEntity
  8
0
  6
Continuous
100
AcDbText
 10
4.933338154089578
 20
16.163481036930303
 30
0.0
 40
0.01
  1

  7
WD
 72
1
 11
4.933338154089578
 21
16.163481036930303
 31
0.0
100
AcDbAttribute
  2
CAT
 70
9
  0
ATTRIB
  5
24C
330
17
100
AcDbEntity
  8
0
100
AcDbText
 10
4.908284888151228
 20
16.207657452790066
 30
0.0
 40
0.01
  1

  7
WD
 11
4.908284888151228
 21
16.207657452790066
 31
0.0
100
AcDbAttribute
  2
FAMILY
 70
9
  0
ATTRIB
  5
24D
330
17
100
AcDbEntity
  8
0
100
AcDbText
 10
4.9775
 20
16.498278904647663
 30
0.0
 40
0.125
  1

  7
WD
 41
0.7
 72
2
 11
4.9775
 21
16.498278904647663
 31
0.0
100
AcDbAttribute
  2
DESC2
 70
1
  0
ATTRIB
  5
24E
330
17
100
AcDbEntity
  8
0
100
AcDbText
 10
4.9775
 20
16.654525331801217
 30
0.0
 40
0.125
  1

  7
WD
 41
0.7
 72
2
 11
4.9775
 21
16.654525331801217
 31
0.0
100
AcDbAttribute
  2
DESC1
 70
1
  0
ATTRIB
  5
24F
330
17
100
AcDbEntity
  8
0
100
AcDbText
 10
4.769166666666667
 20
16.23775
 30
0.0
 40
0.125
  1

  7
WD
 72
2
 11
4.9775
 21
16.23775
 31
0.0
100
AcDbAttribute
  2
TAG1
 70
1
  0
ATTRIB
  5
250
330
17
100
AcDbEntity
  8
0
  6
Continuous
100
AcDbText
 10
5.087
 20
15.862749999999998
 30
0.0
 40
0.125
  1

  7
WD
 11
5.087
 21
15.987749999999998
 31
0.0
100
AcDbAttribute
  2
TERM01
 70
9
 74
3
  0
ATTRIB
  5
251
330
17
100
AcDbEntity
  8
0
100
AcDbText
 10
5.04
 20
16.05025
 30
0.0
 40
0.0125
  1

  7
WD
 11
5.04
 21
16.05025
 31
0.0
100
AcDbAttribute
  2
X8TERM01
 70
1
  0
ATTRIB
  5
252
330
17
100
AcDbEntity
  8
0
100
AcDbText
 10
5.04
 20
16.2065
 30
0.0
 40
0.0125
  1

  7
WD
 11
5.04
 21
16.2065
 31
0.0
100
AcDbAttribute
  2
X2TERM02
 70
1
  0
ATTRIB
  5
253
330
17
100
AcDbEntity
  8
0
  6
Continuous
100
AcDbText
 10
5.087
 20
16.2065
 30
0.0
 40
0.125
  1

  7
WD
 11
5.087
 21
16.2065
 31
0.0
100
AcDbAttribute
  2
TERM02
 70
9
  0
ATTRIB
  5
254
330
17
100
AcDbEntity
  8
0
100
AcDbText
 10
4.908284888151228
 20
16.189025320458434
 30
0.0
 40
0.01
  1

  7
WD
 11
4.908284888151228
 21
16.189025320458434
 31
0.0
100
AcDbAttribute
  2
WDBLKNAM
 70
9
  0
SEQEND
  5
242
330
241
100
AcDbEntity
  8
SLD_SYMS
  0
LWPOLYLINE
  5
255
330
17
100
AcDbEntity
  8
SLD_SYMS
100
AcDbPolyline
 90
4
 70
1
 10
4.625
 20
15.622
 10
5.402
 20
15.622
 10
5.402
 20
14.701
 10
4.625
 20
14.701
  0
INSERT
  5
256
330
17
100
AcDbEntity
  8
SLD_SYMS
100
AcDbBlockReference
 66
1
  2
VCN1PJ
 10
5.04
 20
14.252
 30
0.0
 50
180.0
  0
ATTRIB
  5
258
330
17
100
AcDbEntity
  8
0
100
AcDbText
 10
4.810833333333333
 20
13.402198241045227
 30
0.0
 40
0.125
  1

 50
180.0
  7
WD
 41
0.7
 72
2
 11
4.810833333333333
 21
13.402198241045227
 31
0.0
100
AcDbAttribute
  2
INST
 70
1
  0
ATTRIB
  5
259
330
17
100
AcDbEntity
  8
0
100
AcDbText
 10
5.026927073105013
 20
14.366640127258496
 30
0.0
 40
0.01
  1

 50
180.0
  7
WD
 11
5.026927073105013
 21
14.366640127258496
 31
0.0
100
AcDbAttribute
  2
X8TERMDESC01
 70
1
  0
ATTRIB
  5
25A
330
17
100
AcDbEntity
  8
0
100
AcDbText
 10
5.013854135500947
 20
14.210390132229305
 30
0.0
 40
0.01
  1

 50
180.0
  7
WD
 11
5.013854135500947
 21
14.210390132229305
 31
0.0
100
AcDbAttribute
  2
X2TERMDESC02
 70
1
  0
ATTRIB
  5
25B
330
17
100
AcDbEntity
  8
0
  6
Continuous
100
AcDbText
 10
5.149075263627576
 20
14.265943482164156
 30
0.0
 40
0.01
  1

 50
180.0
  7
WD
 72
1
 11
5.149075263627576
 21
14.265943482164156
 31
0.0
100
AcDbAttribute
  2
ASSYCODE
 70
9
  0
ATTRIB
  5
25C
330
17
100
AcDbEntity
  8
0
100
AcDbText
 10
5.165
 20
14.3145
 30
0.0
 40
0.01
  1

 50
180.0
  7
WD
 11
5.165
 21
14.3145
 31
0.0
100
AcDbAttribute
  2
X4LINK
 70
1
  0
ATTRIB
  5
25D
330
17
100
AcDbEntity
  8
0
100
AcDbText
 10
4.915
 20
14.3145
 30
0.0
 40
0.01
  1

 50
180.0
  7
WD
 11
4.915
 21
14.3145
 31
0.0
100
AcDbAttribute
  2
X1LINK
 70
1
  0
ATTRIB
  5
25E
330
17
100
AcDbEntity
  8
0
100
AcDbText
 10
5.1025
 20
13.571798241045226
 30
0.0
 40
0.125
  1

 50
180.0
  7
WD
 41
0.7
 72
2
 11
5.1025
 21
13.571798241045226
 31
0.0
100
AcDbAttribute
  2
LOC
 70
1
  0
ATTRIB
  5
25F
330
17
100
AcDbEntity
  8
0
  6
Continuous
100
AcDbText
 10
5.148606891550341
 20
14.251960716777145
 30
0.0
 40
0.01
  1

 50
180.0
  7
WD
 72
1
 11
5.148606891550341
 21
14.251960716777145
 31
0.0
100
AcDbAttribute
  2
MFG
 70
9
  0
ATTRIB
  5
260
330
17
100
AcDbEntity
  8
0
  6
Continuous
100
AcDbText
 10
5.146661845910422
 20
14.232518963069694
 30
0.0
 40
0.01
  1

 50
180.0
  7
WD
 72
1
 11
5.146661845910422
 21
14.232518963069694
 31
0.0
100
AcDbAttribute
  2
CAT
 70
9
  0
ATTRIB
  5
261
330
17
100
AcDbEntity
  8
0
100
AcDbText
 10
5.171715111848772
 20
14.188342547209931
 30
0.0
 40
0.01
  1

 50
180.0
  7
WD
 11
5.171715111848772
 21
14.188342547209931
 31
0.0
100
AcDbAttribute
  2
FAMILY
 70
9
  0
ATTRIB
  5
262
330
17
100
AcDbEntity
  8
0
100
AcDbText
 10
5.1025
 20
13.897721095352336
 30
0.0
 40
0.125
  1

 50
180.0
  7
WD
 41
0.7
 72
2
 11
5.1025
 21
13.897721095352336
 31
0.0
100
AcDbAttribute
  2
DESC2
 70
1
  0
ATTRIB
  5
263
330
17
100
AcDbEntity
  8
0
100
AcDbText
 10
5.1025
 20
13.741474668198782
 30
0.0
 40
0.125
  1

 50
180.0
  7
WD
 41
0.7
 72
2
 11
5.1025
 21
13.741474668198782
 31
0.0
100
AcDbAttribute
  2
DESC1
 70
1
  0
ATTRIB
  5
264
330
17
100
AcDbEntity
  8
0
100
AcDbText
 10
5.310833333333333
 20
14.15825
 30
0.0
 40
0.125
  1

 50
180.0
  7
WD
 72
2
 11
5.1025
 21
14.15825
 31
0.0
100
AcDbAttribute
  2
TAG1
 70
1
  0
ATTRIB
  5
265
330
17
100
AcDbEntity
  8
0
  6
Continuous
100
AcDbText
 10
4.993
 20
14.53325
 30
0.0
 40
0.125
  1

 50
180.0
  7
WD
 11
4.993
 21
14.40825
 31
0.0
100
AcDbAttribute
  2
TERM01
 70
9
 74
3
  0
ATTRIB
  5
266
330
17
100
AcDbEntity
  8
0
100
AcDbText
 10
5.04
 20
14.34575
 30
0.0
 40
0.0125
  1

 50
180.0
  7
WD
 11
5.04
 21
14.34575
 31
0.0
100
AcDbAttribute
  2
X8TERM01
 70
1
  0
ATTRIB
  5
267
330
17
100
AcDbEntity
  8
0
100
AcDbText
 10
5.04
 20
14.1895
 30
0.0
 40
0.0125
  1

 50
180.0
  7
WD
 11
5.04
 21
14.1895
 31
0.0
100
AcDbAttribute
  2
X2TERM02
 70
1
  0
ATTRIB
  5
268
330
17
100
AcDbEntity
  8
0
  6
Continuous
100
AcDbText
 10
4.993
 20
14.1895
 30
0.0
 40
0.125
  1

 50
180.0
  7
WD
 11
4.993
 21
14.1895
 31
0.0
100
AcDbAttribute
  2
TERM02
 70
9
  0
ATTRIB
  5
269
330
17
100
AcDbEntity
  8
0
100
AcDbText
 10
5.171715111848772
 20
14.206974679541563
 30
0.0
 40
0.01
  1

 50
180.0
  7
WD
 11
5.171715111848772
 21
14.206974679541563
 31
0.0
100
AcDbAttribute
  2
WDBLKNAM
 70
9
  0
SEQEND
  5
257
330
256
100
AcDbEntity
  8
SLD_SYMS
  0
INSERT
  5
26A
330
17
100
AcDbEntity
  8
SLD_SYMS
100
AcDbBlockReference
  2
ARRESTER
 10
5.038
 20
13.359
 30
0.0
  0
INSERT
  5
26C
330
17
100
AcDbEntity
  8
SLD_SYMS
100
AcDbBlockReference
 66
1
  2
VXF1CT
 10
5.23
 20
12.007
 30
0.0
  0
ATTRIB
  5
26E
330
17
100
AcDbEntity
  8
0
100
AcDbText
 10
5.002916666666668
 20
11.585125
 30
0.0
 40
0.125
  1

  7
WD
 41
0.7
 72
1
 11
5.002916666666668
 21
11.585125
 31
0.0
100
AcDbAttribute
  2
INST
 70
1
  0
ATTRIB
  5
26F
330
17
100
AcDbEntity
  8
0
100
AcDbText
 10
5.23
 20
11.723826474599724
 30
0.0
 40
0.0125
  1

  7
WD
 11
5.23
 21
11.723826474599724
 31
0.0
100
AcDbAttribute
  2
X8TERM01
 70
1
  0
ATTRIB
  5
270
330
17
100
AcDbEntity
  8
0
100
AcDbText
 10
5.262211762700138
 20
11.756038237299862
 30
0.0
 40
0.0125
  1

  7
WD
 11
5.262211762700138
 21
11.756038237299862
 31
0.0
100
AcDbAttribute
  2
X1TERM01
 70
1
  0
ATTRIB
  5
271
330
17
100
AcDbEntity
  8
0
  6
Continuous
100
AcDbText
 10
5.175062169619043
 20
11.776456032263782
 30
0.0
 40
0.125
  1

  7
WD
 72
2
 11
5.175062169619043
 21
11.776456032263782
 31
0.0
100
AcDbAttribute
  2
TERM01
 70
9
  0
ATTRIB
  5
272
330
17
100
AcDbEntity
  8
0
  6
Continuous
100
AcDbText
 10
5.1850069169510675
 20
12.273965784883833
 30
0.0
 40
0.125
  1

  7
WD
 72
2
 11
5.1850069169510675
 21
12.273965784883833
 31
0.0
100
AcDbAttribute
  2
TERM02
 70
9
  0
ATTRIB
  5
273
330
17
100
AcDbEntity
  8
0
100
AcDbText
 10
5.262211762700138
 20
12.256038237299862
 30
0.0
 40
0.0125
  1

  7
WD
 11
5.262211762700138
 21
12.256038237299862
 31
0.0
100
AcDbAttribute
  2
X1TERM02
 70
1
  0
ATTRIB
  5
274
330
17
100
AcDbEntity
  8
0
100
AcDbText
 10
5.23
 20
12.28825
 30
0.0
 40
0.0125
  1

  7
WD
 11
5.23
 21
12.28825
 31
0.0
100
AcDbAttribute
  2
X2TERM02
 70
1
  0
ATTRIB
  5
275
330
17
100
AcDbEntity
  8
0
100
AcDbText
 10
5.51125
 20
11.882
 30
0.0
 40
0.125
  1

  7
WD
 41
0.7
 11
5.51125
 21
11.882
 31
0.0
100
AcDbAttribute
  2
RATING1
 70
1
  0
ATTRIB
  5
276
330
17
100
AcDbEntity
  8
0
100
AcDbText
 10
5.51125
 20
12.03825
 30
0.0
 40
0.125
  1

  7
WD
 11
5.51125
 21
12.03825
 31
0.0
100
AcDbAttribute
  2
TAG1
 70
1
  0
ATTRIB
  5
277
330
17
100
AcDbEntity
  8
0
100
AcDbText
 10
5.029470622272791
 20
11.24970533180122
 30
0.0
 40
0.125
  1
400:5A (3)
  7
WD
 41
0.7
 72
1
 11
5.029470622272791
 21
11.24970533180122
 31
0.0
100
AcDbAttribute
  2
DESC1
 70
0
  0
ATTRIB
  5
278
330
17
100
AcDbEntity
  8
0
100
AcDbText
 10
5.029470622272791
 20
11.093458904647663
 30
0.0
 40
0.125
  1
CT 5P20
  7
WD
 41
0.7
 72
1
 11
5.029470622272791
 21
11.093458904647663
 31
0.0
100
AcDbAttribute
  2
DESC2
 70
0
  0
ATTRIB
  5
279
330
17
100
AcDbEntity
  8
0
100
AcDbText
 10
5.029470622272791
 20
11.405951758954775
 30
0.0
 40
0.125
  1

  7
WD
 41
0.7
 72
1
 11
5.029470622272791
 21
11.405951758954775
 31
0.0
100
AcDbAttribute
  2
LOC
 70
1
  0
ATTRIB
  5
27A
330
17
100
AcDbEntity
  8
0
  6
Continuous
100
AcDbText
 10
5.059069824898972
 20
12.125955350386372
 30
0.0
 40
0.01
  1

  7
WD
 72
1
 11
5.059069824898972
 21
12.125955350386372
 31
0.0
100
AcDbAttribute
  2
ASSYCODE
 70
9
  0
ATTRIB
  5
27B
330
17
100
AcDbEntity
  8
0
100
AcDbText
 10
5.037291666666667
 20
11.960125
 30
0.0
 40
0.125
  1

  7
WD
 72
1
 11
5.183125
 21
11.960125
 31
0.0
100
AcDbAttribute
  2
TYPE
 70
1
  0
ATTRIB
  5
27C
330
17
100
AcDbEntity
  8
0
100
AcDbText
 10
5.034192775900368
 20
12.197690293718368
 30
0.0
 40
0.01
  1

  7
WD
 11
5.034192775900368
 21
12.197690293718368
 31
0.0
100
AcDbAttribute
  2
FAMILY
 70
9
  0
ATTRIB
  5
27D
330
17
100
AcDbEntity
  8
0
  6
Continuous
100
AcDbText
 10
5.059246041838717
 20
12.169138877858606
 30
0.0
 40
0.01
  1

  7
WD
 72
1
 11
5.059246041838717
 21
12.169138877858606
 31
0.0
100
AcDbAttribute
  2
CAT
 70
9
  0
ATTRIB
  5
27E
330
17
100
AcDbEntity
  8
0
  6
Continuous
100
AcDbText
 10
5.0573009961988
 20
12.149697124151155
 30
0.0
 40
0.01
  1

  7
WD
 72
1
 11
5.0573009961988
 21
12.149697124151155
 31
0.0
100
AcDbAttribute
  2
MFG
 70
9
  0
SEQEND
  5
26D
330
26C
100
AcDbEntity
  8
SLD_SYMS
  0
INSERT
  5
27F
330
17
100
AcDbEntity
  8
SLD_SYMS
100
AcDbBlockReference
  2
WDDOT
 10
5.09
 20
12.325
 30
0.0
  0
MTEXT
  5
281
330
17
100
AcDbEntity
  8
SLD_TEXT
100
AcDbMText
 10
4.263
 20
11.774
 30
0.0
 40
0.1
 41
0.0
 71
2
  1
1%%C
  0
INSERT
  5
282
330
17
100
AcDbEntity
  8
SLD_SYMS
100
AcDbBlockReference
 66
1
  2
VXF1CT
 10
5.23
 20
10.308
 30
0.0
  0
ATTRIB
  5
284
330
17
100
AcDbEntity
  8
0
100
AcDbText
 10
5.002916666666668
 20
9.886125
 30
0.0
 40
0.125
  1

  7
WD
 41
0.7
 72
1
 11
5.002916666666668
 21
9.886125
 31
0.0
100
AcDbAttribute
  2
INST
 70
1
  0
ATTRIB
  5
285
330
17
100
AcDbEntity
  8
0
100
AcDbText
 10
5.23
 20
10.024826474599724
 30
0.0
 40
0.0125
  1

  7
WD
 11
5.23
 21
10.024826474599724
 31
0.0
100
AcDbAttribute
  2
X8TERM01
 70
1
  0
ATTRIB
  5
286
330
17
100
AcDbEntity
  8
0
100
AcDbText
 10
5.262211762700138
 20
10.057038237299862
 30
0.0
 40
0.0125
  1

  7
WD
 11
5.262211762700138
 21
10.057038237299862
 31
0.0
100
AcDbAttribute
  2
X1TERM01
 70
1
  0
ATTRIB
  5
287
330
17
100
AcDbEntity
  8
0
  6
Continuous
100
AcDbText
 10
5.175062169619043
 20
10.077456032263783
 30
0.0
 40
0.125
  1

  7
WD
 72
2
 11
5.175062169619043
 21
10.077456032263783
 31
0.0
100
AcDbAttribute
  2
TERM01
 70
9
  0
ATTRIB
  5
288
330
17
100
AcDbEntity
  8
0
  6
Continuous
100
AcDbText
 10
5.1850069169510675
 20
10.574965784883833
 30
0.0
 40
0.125
  1

  7
WD
 72
2
 11
5.1850069169510675
 21
10.574965784883833
 31
0.0
100
AcDbAttribute
  2
TERM02
 70
9
  0
ATTRIB
  5
289
330
17
100
AcDbEntity
  8
0
100
AcDbText
 10
5.262211762700138
 20
10.557038237299862
 30
0.0
 40
0.0125
  1

  7
WD
 11
5.262211762700138
 21
10.557038237299862
 31
0.0
100
AcDbAttribute
  2
X1TERM02
 70
1
  0
ATTRIB
  5
28A
330
17
100
AcDbEntity
  8
0
100
AcDbText
 10
5.23
 20
10.58925
 30
0.0
 40
0.0125
  1

  7
WD
 11
5.23
 21
10.58925
 31
0.0
100
AcDbAttribute
  2
X2TERM02
 70
1
  0
ATTRIB
  5
28B
330
17
100
AcDbEntity
  8
0
100
AcDbText
 10
5.51125
 20
10.183
 30
0.0
 40
0.125
  1

  7
WD
 41
0.7
 11
5.51125
 21
10.183
 31
0.0
100
AcDbAttribute
  2
RATING1
 70
1
  0
ATTRIB
  5
28C
330
17
100
AcDbEntity
  8
0
100
AcDbText
 10
5.51125
 20
10.33925
 30
0.0
 40
0.125
  1

  7
WD
 11
5.51125
 21
10.33925
 31
0.0
100
AcDbAttribute
  2
TAG1
 70
1
  0
ATTRIB
  5
28D
330
17
100
AcDbEntity
  8
0
100
AcDbText
 10
5.029470622272791
 20
9.550705331801218
 30
0.0
 40
0.125
  1
3000:5A (3)
  7
WD
 41
0.7
 72
1
 11
5.029470622272791
 21
9.550705331801218
 31
0.0
100
AcDbAttribute
  2
DESC1
 70
0
  0
ATTRIB
  5
28E
330
17
100
AcDbEntity
  8
0
100
AcDbText
 10
5.029470622272791
 20
9.394458904647664
 30
0.0
 40
0.125
  1
CT 5P20
  7
WD
 41
0.7
 72
1
 11
5.029470622272791
 21
9.394458904647664
 31
0.0
100
AcDbAttribute
  2
DESC2
 70
0
  0
ATTRIB
  5
28F
330
17
100
AcDbEntity
  8
0
100
AcDbText
 10
5.029470622272791
 20
9.706951758954773
 30
0.0
 40
0.125
  1

  7
WD
 41
0.7
 72
1
 11
5.029470622272791
 21
9.706951758954773
 31
0.0
100
AcDbAttribute
  2
LOC
 70
1
  0
ATTRIB
  5
290
330
17
100
AcDbEntity
  8
0
  6
Continuous
100
AcDbText
 10
5.059069824898972
 20
10.426955350386372
 30
0.0
 40
0.01
  1

  7
WD
 72
1
 11
5.059069824898972
 21
10.426955350386372
 31
0.0
100
AcDbAttribute
  2
ASSYCODE
 70
9
  0
ATTRIB
  5
291
330
17
100
AcDbEntity
  8
0
100
AcDbText
 10
5.037291666666667
 20
10.261125
 30
0.0
 40
0.125
  1

  7
WD
 72
1
 11
5.183125
 21
10.261125
 31
0.0
100
AcDbAttribute
  2
TYPE
 70
1
  0
ATTRIB
  5
292
330
17
100
AcDbEntity
  8
0
100
AcDbText
 10
5.034192775900368
 20
10.498690293718369
 30
0.0
 40
0.01
  1

  7
WD
 11
5.034192775900368
 21
10.498690293718369
 31
0.0
100
AcDbAttribute
  2
FAMILY
 70
9
  0
ATTRIB
  5
293
330
17
100
AcDbEntity
  8
0
  6
Continuous
100
AcDbText
 10
5.059246041838717
 20
10.470138877858606
 30
0.0
 40
0.01
  1

  7
WD
 72
1
 11
5.059246041838717
 21
10.470138877858606
 31
0.0
100
AcDbAttribute
  2
CAT
 70
9
  0
ATTRIB
  5
294
330
17
100
AcDbEntity
  8
0
  6
Continuous
100
AcDbText
 10
5.0573009961988
 20
10.450697124151155
 30
0.0
 40
0.01
  1

  7
WD
 72
1
 11
5.0573009961988
 21
10.450697124151155
 31
0.0
100
AcDbAttribute
  2
MFG
 70
9
  0
SEQEND
  5
283
330
282
100
AcDbEntity
  8
SLD_SYMS
  0
INSERT
  5
295
330
17
100
AcDbEntity
  8
SLD_SYMS
100
AcDbBlockReference
  2
WDDOT
 10
5.084
 20
10.606
 30
0.0
  0
MTEXT
  5
297
330
17
100
AcDbEntity
  8
SLD_TEXT
100
AcDbMText
 10
4.263
 20
10.08
 30
0.0
 40
0.1
 41
0.0
 71
2
  1
1%%C
  0
INSERT
  5
298
330
17
100
AcDbEntity
  8
SLD_SYMS
100
AcDbBlockReference
 66
1
  2
VCN1PJ
 10
5.04
 20
9.034
 30
0.0
  0
ATTRIB
  5
29A
330
17
100
AcDbEntity
  8
0
100
AcDbText
 10
5.269166666666667
 20
9.883801758954775
 30
0.0
 40
0.125
  1

  7
WD
 41
0.7
 72
2
 11
5.269166666666667
 21
9.883801758954775
 31
0.0
100
AcDbAttribute
  2
INST
 70
1
  0
ATTRIB
  5
29B
330
17
100
AcDbEntity
  8
0
100
AcDbText
 10
5.053072926894987
 20
8.919359872741506
 30
0.0
 40
0.01
  1

  7
WD
 11
5.053072926894987
 21
8.919359872741506
 31
0.0
100
AcDbAttribute
  2
X8TERMDESC01
 70
1
  0
ATTRIB
  5
29C
330
17
100
AcDbEntity
  8
0
100
AcDbText
 10
5.066145864499053
 20
9.075609867770696
 30
0.0
 40
0.01
  1

  7
WD
 11
5.066145864499053
 21
9.075609867770696
 31
0.0
100
AcDbAttribute
  2
X2TERMDESC02
 70
1
  0
ATTRIB
  5
29D
330
17
100
AcDbEntity
  8
0
  6
Continuous
100
AcDbText
 10
4.9309247363724245
 20
9.020056517835846
 30
0.0
 40
0.01
  1

  7
WD
 72
1
 11
4.9309247363724245
 21
9.020056517835846
 31
0.0
100
AcDbAttribute
  2
ASSYCODE
 70
9
  0
ATTRIB
  5
29E
330
17
100
AcDbEntity
  8
0
100
AcDbText
 10
4.915
 20
8.9715
 30
0.0
 40
0.01
  1

  7
WD
 11
4.915
 21
8.9715
 31
0.0
100
AcDbAttribute
  2
X4LINK
 70
1
  0
ATTRIB
  5
29F
330
17
100
AcDbEntity
  8
0
100
AcDbText
 10
5.165
 20
8.9715
 30
0.0
 40
0.01
  1

  7
WD
 11
5.165
 21
8.9715
 31
0.0
100
AcDbAttribute
  2
X1LINK
 70
1
  0
ATTRIB
  5
2A0
330
17
100
AcDbEntity
  8
0
100
AcDbText
 10
4.9775
 20
9.714201758954776
 30
0.0
 40
0.125
  1

  7
WD
 41
0.7
 72
2
 11
4.9775
 21
9.714201758954776
 31
0.0
100
AcDbAttribute
  2
LOC
 70
1
  0
ATTRIB
  5
2A1
330
17
100
AcDbEntity
  8
0
  6
Continuous
100
AcDbText
 10
4.931393108449659
 20
9.034039283222857
 30
0.0
 40
0.01
  1

  7
WD
 72
1
 11
4.931393108449659
 21
9.034039283222857
 31
0.0
100
AcDbAttribute
  2
MFG
 70
9
  0
ATTRIB
  5
2A2
330
17
100
AcDbEntity
  8
0
  6
Continuous
100
AcDbText
 10
4.933338154089578
 20
9.053481036930307
 30
0.0
 40
0.01
  1

  7
WD
 72
1
 11
4.933338154089578
 21
9.053481036930307
 31
0.0
100
AcDbAttribute
  2
CAT
 70
9
  0
ATTRIB
  5
2A3
330
17
100
AcDbEntity
  8
0
100
AcDbText
 10
4.908284888151228
 20
9.09765745279007
 30
0.0
 40
0.01
  1

  7
WD
 11
4.908284888151228
 21
9.09765745279007
 31
0.0
100
AcDbAttribute
  2
FAMILY
 70
9
  0
ATTRIB
  5
2A4
330
17
100
AcDbEntity
  8
0
100
AcDbText
 10
4.9775
 20
9.388278904647665
 30
0.0
 40
0.125
  1

  7
WD
 41
0.7
 72
2
 11
4.9775
 21
9.388278904647665
 31
0.0
100
AcDbAttribute
  2
DESC2
 70
1
  0
ATTRIB
  5
2A5
330
17
100
AcDbEntity
  8
0
100
AcDbText
 10
4.9775
 20
9.54452533180122
 30
0.0
 40
0.125
  1

  7
WD
 41
0.7
 72
2
 11
4.9775
 21
9.54452533180122
 31
0.0
100
AcDbAttribute
  2
DESC1
 70
1
  0
ATTRIB
  5
2A6
330
17
100
AcDbEntity
  8
0
100
AcDbText
 10
4.769166666666667
 20
9.12775
 30
0.0
 40
0.125
  1

  7
WD
 72
2
 11
4.9775
 21
9.12775
 31
0.0
100
AcDbAttribute
  2
TAG1
 70
1
  0
ATTRIB
  5
2A7
330
17
100
AcDbEntity
  8
0
  6
Continuous
100
AcDbText
 10
5.087
 20
8.75275
 30
0.0
 40
0.125
  1

  7
WD
 11
5.087
 21
8.87775
 31
0.0
100
AcDbAttribute
  2
TERM01
 70
9
 74
3
  0
ATTRIB
  5
2A8
330
17
100
AcDbEntity
  8
0
100
AcDbText
 10
5.04
 20
8.94025
 30
0.0
 40
0.0125
  1

  7
WD
 11
5.04
 21
8.94025
 31
0.0
100
AcDbAttribute
  2
X8TERM01
 70
1
  0
ATTRIB
  5
2A9
330
17
100
AcDbEntity
  8
0
100
AcDbText
 10
5.04
 20
9.0965
 30
0.0
 40
0.0125
  1

  7
WD
 11
5.04
 21
9.0965
 31
0.0
100
AcDbAttribute
  2
X2TERM02
 70
1
  0
ATTRIB
  5
2AA
330
17
100
AcDbEntity
  8
0
  6
Continuous
100
AcDbText
 10
5.087
 20
9.0965
 30
0.0
 40
0.125
  1

  7
WD
 11
5.087
 21
9.0965
 31
0.0
100
AcDbAttribute
  2
TERM02
 70
9
  0
ATTRIB
  5
2AB
330
17
100
AcDbEntity
  8
0
100
AcDbText
 10
4.908284888151228
 20
9.079025320458438
 30
0.0
 40
0.01
  1

  7
WD
 11
4.908284888151228
 21
9.079025320458438
 31
0.0
100
AcDbAttribute
  2
WDBLKNAM
 70
9
  0
SEQEND
  5
299
330
298
100
AcDbEntity
  8
SLD_SYMS
  0
INSERT
  5
2AC
330
17
100
AcDbEntity
  8
SLD_SYMS
100
AcDbBlockReference
 66
1
  2
DEVICE_BUBBLE
 10
6.094
 20
15.318
 30
0.0
  0
ATTRIB
  5
2AE
330
17
100
AcDbEntity
  8
0
100
AcDbText
 10
5.922467910107975
 20
15.218951515790893
 30
0.0
 40
0.2
  1
86
  7
OpenSans
 11
5.922467910107975
 21
15.218951515790893
 31
0.0
100
AcDbAttribute
  2
DB
 70
0
280
1
  0
SEQEND
  5
2AD
330
2AC
100
AcDbEntity
  8
SLD_SYMS
  0
LINE
  5
2AF
330
17
100
AcDbEntity
  8
SLD_CONTROL
100
AcDbLine
 10
5.402
 20
15.318
 30
0.0
 11
5.877000000000001
 21
15.318
 31
0.0
  0
LINE
  5
2B0
330
17
100
AcDbEntity
  8
SLD_CONTROL
100
AcDbLine
 10
6.094
 20
15.100999999999999
 30
0.0
 11
6.094
 21
14.715
 31
0.0
  0
LWPOLYLINE
  5
2B1
330
17
100
AcDbEntity
  8
SLD_SYMS
100
AcDbPolyline
 90
4
 70
1
 10
5.787
 20
14.715
 10
6.965
 20
14.715
 10
6.965
 20
14.043
 10
5.787
 20
14.043
  0
LWPOLYLINE
  5
2B2
330
17
100
AcDbEntity
  8
SLD_CUBICLE
  6
DASHED
100
AcDbPolyline
 90
4
 70
1
 10
3.858
 20
12.465
 10
5.4510000000000005
 20
12.465
 10
5.4510000000000005
 20
9.912
 10
3.858
 20
9.912
  0
MTEXT
  5
2B3
330
17
100
AcDbEntity
  8
SLD_TEXT
100
AcDbMText
 10
5.04
 20
21.037
 30
0.0
 40
0.3
 41
0.0
 71
2
  1
UNIT 2
  0
MTEXT
  5
2B4
330
17
100
AcDbEntity
  8
SLD_TEXT
100
AcDbMText
 10
5.04
 20
20.173
 30
0.0
 40
0.3
 41
0.0
 71
2
  1
52-GEN2A
  0
MTEXT
  5
2B5
330
17
100
AcDbEntity
  8
SLD_TEXT
100
AcDbMText
 10
4.664
 20
15.408
 30
0.0
 40
0.093
 41
0.0
 71
1
  1
52-GEN2A\P17.5kV\P3150A\P40kA
  0
MTEXT
  5
2B6
330
17
100
AcDbEntity
  8
SLD_TEXT
100
AcDbMText
 10
6.376
 20
14.677
 30
0.0
 40
0.093
 41
0.0
 71
2
  1
SEL-751-GEN2A\PFEEDER\PPROTECTION\PRELAY
  0
MTEXT
  5
2B7
330
17
100
AcDbEntity
  8
SLD_TEXT
100
AcDbMText
 10
5.04
 20
8.87
 30
0.0
 40
0.093
 41
0.0
 71
2
  1
INCOMING 13.8KV\PLINE FROM GEN-2A
  0
LINE
  5
2B8
330
17
100
AcDbEntity
  8
SLD_WIRE
100
AcDbLine
 10
8.65
 20
18.583
 30
0.0
 11
8.65
 21
16.207
 31
0.0
  0
LINE
  5
2B9
330
17
100
AcDbEntity
  8
SLD_WIRE
100
AcDbLine
 10
8.65
 20
16.051
 30
0.0
 11
8.65
 21
15.622
 31
0.0
  0
LINE
  5
2BA
330
17
100
AcDbEntity
  8
SLD_WIRE
100
AcDbLine
 10
8.65
 20
14.701
 30
0.0
 11
8.65
 21
14.346
 31
0.0
  0
LINE
  5
2BB
330
17
100
AcDbEntity
  8
SLD_WIRE
100
AcDbLine
 10
8.65
 20
14.189
 30
0.0
 11
8.65
 21
9.097
 31
0.0
  0
INSERT
  5
2BC
330
17
100
AcDbEntity
  8
SLD_SYMS
100
AcDbBlockReference
  2
WDDOT
 10
8.65
 20
18.583
 30
0.0
  0
INSERT
  5
2BE
330
17
100
AcDbEntity
  8
SLD_SYMS
100
AcDbBlockReference
 66
1
  2
VFU1_1-
 10
10.081
 20
16.204
 30
0.0
  0
ATTRIB
  5
2C0
330
17
100
AcDbEntity
  8
0
100
AcDbText
 10
10.206
 20
16.48525
 30
0.0
 40
0.125
  1

  7
WD
 41
0.85
 11
10.206
 21
16.48525
 31
0.0
100
AcDbAttribute
  2
INST
 70
1
  0
ATTRIB
  5
2C1
330
17
100
AcDbEntity
  8
0
  6
Continuous
100
AcDbText
 10
9.927720364381607
 20
16.097850164162786
 30
0.0
 40
0.01
  1

  7
WD
 72
1
 11
9.927720364381607
 21
16.097850164162786
 31
0.0
100
AcDbAttribute
  2
ASSYCODE
 70
9
  0
ATTRIB
  5
2C2
330
17
100
AcDbEntity
  8
0
 62
7
100
AcDbText
 10
9.956
 20
16.204
 30
0.0
 40
0.01
  1

  7
WD
 11
9.956
 21
16.204
 31
0.0
100
AcDbAttribute
  2
X4LINK
 70
1
  0
ATTRIB
  5
2C3
330
17
100
AcDbEntity
  8
0
 62
7
100
AcDbText
 10
10.206
 20
16.204
 30
0.0
 40
0.01
  1

  7
WD
 11
10.206
 21
16.204
 31
0.0
100
AcDbAttribute
  2
X1LINK
 70
1
  0
ATTRIB
  5
2C4
330
17
100
AcDbEntity
  8
0
100
AcDbText
 10
9.92475
 20
16.1415
 30
0.0
 40
0.125
  1
6A
  7
WD
 41
0.85
 72
2
 11
9.92475
 21
16.1415
 31
0.0
100
AcDbAttribute
  2
RATING1
 70
0
  0
ATTRIB
  5
2C5
330
17
100
AcDbEntity
  8
0
100
AcDbText
 10
10.206
 20
15.79775
 30
0.0
 40
0.125
  1

  7
WD
 41
0.85
 11
10.206
 21
15.79775
 31
0.0
100
AcDbAttribute
  2
DESC2
 70
1
  0
ATTRIB
  5
2C6
330
17
100
AcDbEntity
  8
0
100
AcDbText
 10
10.206
 20
15.969625
 30
0.0
 40
0.125
  1

  7
WD
 41
0.85
 11
10.206
 21
15.969625
 31
0.0
100
AcDbAttribute
  2
DESC1
 70
1
  0
ATTRIB
  5
2C7
330
17
100
AcDbEntity
  8
0
100
AcDbText
 10
10.20794143797307
 20
16.14337500000005
 30
0.0
 40
0.125
  1

  7
WD
 41
0.85
 11
10.20794143797307
 21
16.14337500000005
 31
0.0
100
AcDbAttribute
  2
TAG1
 70
1
  0
ATTRIB
  5
2C8
330
17
100
AcDbEntity
  8
0
100
AcDbText
 10
10.206
 20
16.313375
 30
0.0
 40
0.125
  1

  7
WD
 41
0.85
 11
10.206
 21
16.313375
 31
0.0
100
AcDbAttribute
  2
LOC
 70
1
  0
ATTRIB
  5
2C9
330
17
100
AcDbEntity
  8
0
  6
Continuous
100
AcDbText
 10
9.938883081006994
 20
16.115873790861
 30
0.0
 40
0.01
  1

  7
WD
 72
2
 11
9.938883081006994
 21
16.115873790861
 31
0.0
100
AcDbAttribute
  2
MFG
 70
9
  0
ATTRIB
  5
2CA
330
17
100
AcDbEntity
  8
0
  6
Continuous
100
AcDbText
 10
9.938883081006994
 20
16.130873790861
 30
0.0
 40
0.01
  1

  7
WD
 72
2
 11
9.938883081006994
 21
16.130873790861
 31
0.0
100
AcDbAttribute
  2
CAT
 70
9
  0
ATTRIB
  5
2CB
330
17
100
AcDbEntity
  8
0
100
AcDbText
 10
9.922216414340328
 20
16.167540457527664
 30
0.0
 40
0.01
  1

  7
WD
 72
2
 11
9.938883081006994
 21
16.167540457527664
 31
0.0
100
AcDbAttribute
  2
FAMILY
 70
9
  0
ATTRIB
  5
2CC
330
17
100
AcDbEntity
  8
0
 62
7
100
AcDbText
 10
10.081
 20
16.04775
 30
0.0
 40
0.0125
  1

  7
WD
 11
10.081
 21
16.04775
 31
0.0
100
AcDbAttribute
  2
X8TERM02
 70
1
  0
ATTRIB
  5
2CD
330
17
100
AcDbEntity
  8
0
 62
7
100
AcDbText
 10
10.081
 20
16.36025
 30
0.0
 40
0.0125
  1

  7
WD
 11
10.081
 21
16.36025
 31
0.0
100
AcDbAttribute
  2
X2TERM01
 70
1
  0
ATTRIB
  5
2CE
330
17
100
AcDbEntity
  8
0
  6
Continuous
100
AcDbText
 10
10.040298778392005
 20
15.896802969349004
 30
0.0
 40
0.125
  1

  7
WD
 41
0.85
 72
2
 11
10.040298778392005
 21
16.021802969349004
 31
0.0
100
AcDbAttribute
  2
TERM02
 70
9
 74
3
  0
ATTRIB
  5
2CF
330
17
100
AcDbEntity
  8
0
  6
Continuous
100
AcDbText
 10
10.026029620844344
 20
16.379376616004922
 30
0.0
 40
0.125
  1

  7
WD
 41
0.85
 72
2
 11
10.026029620844344
 21
16.379376616004922
 31
0.0
100
AcDbAttribute
  2
TERM01
 70
9
  0
ATTRIB
  5
2D0
330
17
100
AcDbEntity
  8
0
100
AcDbText
 10
9.938883081006994
 20
16.050763117239445
 30
0.0
 40
0.01
  1

  7
WD
 72
2
 11
9.952216414340327
 21
16.050763117239445
 31
0.0
100
AcDbAttribute
  2
WDTYPE
 70
9
  0
ATTRIB
  5
2D1
330
17
100
AcDbEntity
  8
0
100
AcDbText
 10
10.206
 20
15.625875
 30
0.0
 40
0.125
  1

  7
WD
 41
0.85
 11
10.206
 21
15.625875
 31
0.0
100
AcDbAttribute
  2
DESC3
 70
1
  0
ATTRIB
  5
2D2
330
17
100
AcDbEntity
  8
0
100
AcDbText
 10
9.952216414340327
 20
16.035138117239445
 30
0.0
 40
0.01
  1

  7
WD
 72
2
 11
9.952216414340327
 21
16.035138117239445
 31
0.0
100
AcDbAttribute
  2
WDBLKNAM
 70
9
  0
SEQEND
  5
2BF
330
2BE
100
AcDbEntity
  8
SLD_SYMS
  0
INSERT
  5
2D3
330
17
100
AcDbEntity
  8
SLD_SYMS
100
AcDbBlockReference
 66
1
  2
VCN1PJ
 10
8.65
 20
16.144
 30
0.0
  0
ATTRIB
  5
2D5
330
17
100
AcDbEntity
  8
0
100
AcDbText
 10
8.879166666666666
 20
16.993801758954774
 30
0.0
 40
0.125
  1

  7
WD
 41
0.7
 72
2
 11
8.879166666666666
 21
16.993801758954774
 31
0.0
100
AcDbAttribute
  2
INST
 70
1
  0
ATTRIB
  5
2D6
330
17
100
AcDbEntity
  8
0
100
AcDbText
 10
8.663072926894987
 20
16.029359872741505
 30
0.0
 40
0.01
  1

  7
WD
 11
8.663072926894987
 21
16.029359872741505
 31
0.0
100
AcDbAttribute
  2
X8TERMDESC01
 70
1
  0
ATTRIB
  5
2D7
330
17
100
AcDbEntity
  8
0
100
AcDbText
 10
8.676145864499054
 20
16.185609867770694
 30
0.0
 40
0.01
  1

  7
WD
 11
8.676145864499054
 21
16.185609867770694
 31
0.0
100
AcDbAttribute
  2
X2TERMDESC02
 70
1
  0
ATTRIB
  5
2D8
330
17
100
AcDbEntity
  8
0
  6
Continuous
100
AcDbText
 10
8.540924736372425
 20
16.130056517835843
 30
0.0
 40
0.01
  1

  7
WD
 72
1
 11
8.540924736372425
 21
16.130056517835843
 31
0.0
100
AcDbAttribute
  2
ASSYCODE
 70
9
  0
ATTRIB
  5
2D9
330
17
100
AcDbEntity
  8
0
100
AcDbText
 10
8.525
 20
16.0815
 30
0.0
 40
0.01
  1

  7
WD
 11
8.525
 21
16.0815
 31
0.0
100
AcDbAttribute
  2
X4LINK
 70
1
  0
ATTRIB
  5
2DA
330
17
100
AcDbEntity
  8
0
100
AcDbText
 10
8.775
 20
16.0815
 30
0.0
 40
0.01
  1

  7
WD
 11
8.775
 21
16.0815
 31
0.0
100
AcDbAttribute
  2
X1LINK
 70
1
  0
ATTRIB
  5
2DB
330
17
100
AcDbEntity
  8
0
100
AcDbText
 10
8.5875
 20
16.82420175895477
 30
0.0
 40
0.125
  1

  7
WD
 41
0.7
 72
2
 11
8.5875
 21
16.82420175895477
 31
0.0
100
AcDbAttribute
  2
LOC
 70
1
  0
ATTRIB
  5
2DC
330
17
100
AcDbEntity
  8
0
  6
Continuous
100
AcDbText
 10
8.54139310844966
 20
16.144039283222853
 30
0.0
 40
0.01
  1

  7
WD
 72
1
 11
8.54139310844966
 21
16.144039283222853
 31
0.0
100
AcDbAttribute
  2
MFG
 70
9
  0
ATTRIB
  5
2DD
330
17
100
AcDbEntity
  8
0
  6
Continuous
100
AcDbText
 10
8.543338154089579
 20
16.163481036930303
 30
0.0
 40
0.01
  1

  7
WD
 72
1
 11
8.543338154089579
 21
16.163481036930303
 31
0.0
100
AcDbAttribute
  2
CAT
 70
9
  0
ATTRIB
  5
2DE
330
17
100
AcDbEntity
  8
0
100
AcDbText
 10
8.518284888151229
 20
16.207657452790066
 30
0.0
 40
0.01
  1

  7
WD
 11
8.518284888151229
 21
16.207657452790066
 31
0.0
100
AcDbAttribute
  2
FAMILY
 70
9
  0
ATTRIB
  5
2DF
330
17
100
AcDbEntity
  8
0
100
AcDbText
 10
8.5875
 20
16.498278904647663
 30
0.0
 40
0.125
  1

  7
WD
 41
0.7
 72
2
 11
8.5875
 21
16.498278904647663
 31
0.0
100
AcDbAttribute
  2
DESC2
 70
1
  0
ATTRIB
  5
2E0
330
17
100
AcDbEntity
  8
0
100
AcDbText
 10
8.5875
 20
16.654525331801217
 30
0.0
 40
0.125
  1

  7
WD
 41
0.7
 72
2
 11
8.5875
 21
16.654525331801217
 31
0.0
100
AcDbAttribute
  2
DESC1
 70
1
  0
ATTRIB
  5
2E1
330
17
100
AcDbEntity
  8
0
100
AcDbText
 10
8.379166666666666
 20
16.23775
 30
0.0
 40
0.125
  1

  7
WD
 72
2
 11
8.5875
 21
16.23775
 31
0.0
100
AcDbAttribute
  2
TAG1
 70
1
  0
ATTRIB
  5
2E2
330
17
100
AcDbEntity
  8
0
  6
Continuous
100
AcDbText
 10
8.697000000000001
 20
15.862749999999998
 30
0.0
 40
0.125
  1

  7
WD
 11
8.697000000000001
 21
15.987749999999998
 31
0.0
100
AcDbAttribute
  2
TERM01
 70
9
 74
3
  0
ATTRIB
  5
2E3
330
17
100
AcDbEntity
  8
0
100
AcDbText
 10
8.65
 20
16.05025
 30
0.0
 40
0.0125
  1

  7
WD
 11
8.65
 21
16.05025
 31
0.0
100
AcDbAttribute
  2
X8TERM01
 70
1
  0
ATTRIB
  5
2E4
330
17
100
AcDbEntity
  8
0
100
AcDbText
 10
8.65
 20
16.2065
 30
0.0
 40
0.0125
  1

  7
WD
 11
8.65
 21
16.2065
 31
0.0
100
AcDbAttribute
  2
X2TERM02
 70
1
  0
ATTRIB
  5
2E5
330
17
100
AcDbEntity
  8
0
  6
Continuous
100
AcDbText
 10
8.697000000000001
 20
16.2065
 30
0.0
 40
0.125
  1

  7
WD
 11
8.697000000000001
 21
16.2065
 31
0.0
100
AcDbAttribute
  2
TERM02
 70
9
  0
ATTRIB
  5
2E6
330
17
100
AcDbEntity
  8
0
100
AcDbText
 10
8.518284888151229
 20
16.189025320458434
 30
0.0
 40
0.01
  1

  7
WD
 11
8.518284888151229
 21
16.189025320458434
 31
0.0
100
AcDbAttribute
  2
WDBLKNAM
 70
9
  0
SEQEND
  5
2D4
330
2D3
100
AcDbEntity
  8
SLD_SYMS
  0
LWPOLYLINE
  5
2E7
330
17
100
AcDbEntity
  8
SLD_SYMS
100
AcDbPolyline
 90
4
 70
1
 10
8.235000000000001
 20
15.622
 10
9.012
 20
15.622
 10
9.012
 20
14.701
 10
8.235000000000001
 20
14.701
  0
INSERT
  5
2E8
330
17
100
AcDbEntity
  8
SLD_SYMS
100
AcDbBlockReference
 66
1
  2
VCN1PJ
 10
8.65
 20
14.252
 30
0.0
 50
180.0
  0
ATTRIB
  5
2EA
330
17
100
AcDbEntity
  8
0
100
AcDbText
 10
8.420833333333334
 20
13.402198241045227
 30
0.0
 40
0.125
  1

 50
180.0
  7
WD
 41
0.7
 72
2
 11
8.420833333333334
 21
13.402198241045227
 31
0.0
100
AcDbAttribute
  2
INST
 70
1
  0
ATTRIB
  5
2EB
330
17
100
AcDbEntity
  8
0
100
AcDbText
 10
8.636927073105014
 20
14.366640127258496
 30
0.0
 40
0.01
  1

 50
180.0
  7
WD
 11
8.636927073105014
 21
14.366640127258496
 31
0.0
100
AcDbAttribute
  2
X8TERMDESC01
 70
1
  0
ATTRIB
  5
2EC
330
17
100
AcDbEntity
  8
0
100
AcDbText
 10
8.623854135500947
 20
14.210390132229305
 30
0.0
 40
0.01
  1

 50
180.0
  7
WD
 11
8.623854135500947
 21
14.210390132229305
 31
0.0
100
AcDbAttribute
  2
X2TERMDESC02
 70
1
  0
ATTRIB
  5
2ED
330
17
100
AcDbEntity
  8
0
  6
Continuous
100
AcDbText
 10
8.759075263627576
 20
14.265943482164156
 30
0.0
 40
0.01
  1

 50
180.0
  7
WD
 72
1
 11
8.759075263627576
 21
14.265943482164156
 31
0.0
100
AcDbAttribute
  2
ASSYCODE
 70
9
  0
ATTRIB
  5
2EE
330
17
100
AcDbEntity
  8
0
100
AcDbText
 10
8.775
 20
14.3145
 30
0.0
 40
0.01
  1

 50
180.0
  7
WD
 11
8.775
 21
14.3145
 31
0.0
100
AcDbAttribute
  2
X4LINK
 70
1
  0
ATTRIB
  5
2EF
330
17
100
AcDbEntity
  8
0
100
AcDbText
 10
8.525
 20
14.3145
 30
0.0
 40
0.01
  1

 50
180.0
  7
WD
 11
8.525
 21
14.3145
 31
0.0
100
AcDbAttribute
  2
X1LINK
 70
1
  0
ATTRIB
  5
2F0
330
17
100
AcDbEntity
  8
0
100
AcDbText
 10
8.7125
 20
13.571798241045226
 30
0.0
 40
0.125
  1

 50
180.0
  7
WD
 41
0.7
 72
2
 11
8.7125
 21
13.571798241045226
 31
0.0
100
AcDbAttribute
  2
LOC
 70
1
  0
ATTRIB
  5
2F1
330
17
100
AcDbEntity
  8
0
  6
Continuous
100
AcDbText
 10
8.758606891550341
 20
14.251960716777145
 30
0.0
 40
0.01
  1

 50
180.0
  7
WD
 72
1
 11
8.758606891550341
 21
14.251960716777145
 31
0.0
100
AcDbAttribute
  2
MFG
 70
9
  0
ATTRIB
  5
2F2
330
17
100
AcDbEntity
  8
0
  6
Continuous
100
AcDbText
 10
8.756661845910422
 20
14.232518963069694
 30
0.0
 40
0.01
  1

 50
180.0
  7
WD
 72
1
 11
8.756661845910422
 21
14.232518963069694
 31
0.0
100
AcDbAttribute
  2
CAT
 70
9
  0
ATTRIB
  5
2F3
330
17
100
AcDbEntity
  8
0
100
AcDbText
 10
8.781715111848772
 20
14.188342547209931
 30
0.0
 40
0.01
  1

 50
180.0
  7
WD
 11
8.781715111848772
 21
14.188342547209931
 31
0.0
100
AcDbAttribute
  2
FAMILY
 70
9
  0
ATTRIB
  5
2F4
330
17
100
AcDbEntity
  8
0
100
AcDbText
 10
8.7125
 20
13.897721095352336
 30
0.0
 40
0.125
  1

 50
180.0
  7
WD
 41
0.7
 72
2
 11
8.7125
 21
13.897721095352336
 31
0.0
100
AcDbAttribute
  2
DESC2
 70
1
  0
ATTRIB
  5
2F5
330
17
100
AcDbEntity
  8
0
100
AcDbText
 10
8.7125
 20
13.741474668198782
 30
0.0
 40
0.125
  1

 50
180.0
  7
WD
 41
0.7
 72
2
 11
8.7125
 21
13.741474668198782
 31
0.0
100
AcDbAttribute
  2
DESC1
 70
1
  0
ATTRIB
  5
2F6
330
17
100
AcDbEntity
  8
0
100
AcDbText
 10
8.920833333333334
 20
14.15825
 30
0.0
 40
0.125
  1

 50
180.0
  7
WD
 72
2
 11
8.7125
 21
14.15825
 31
0.0
100
AcDbAttribute
  2
TAG1
 70
1
  0
ATTRIB
  5
2F7
330
17
100
AcDbEntity
  8
0
  6
Continuous
100
AcDbText
 10
8.603
 20
14.53325
 30
0.0
 40
0.125
  1

 50
180.0
  7
WD
 11
8.603
 21
14.40825
 31
0.0
100
AcDbAttribute
  2
TERM01
 70
9
 74
3
  0
ATTRIB
  5
2F8
330
17
100
AcDbEntity
  8
0
100
AcDbText
 10
8.65
 20
14.34575
 30
0.0
 40
0.0125
  1

 50
180.0
  7
WD
 11
8.65
 21
14.34575
 31
0.0
100
AcDbAttribute
  2
X8TERM01
 70
1
  0
ATTRIB
  5
2F9
330
17
100
AcDbEntity
  8
0
100
AcDbText
 10
8.65
 20
14.1895
 30
0.0
 40
0.0125
  1

 50
180.0
  7
WD
 11
8.65
 21
14.1895
 31
0.0
100
AcDbAttribute
  2
X2TERM02
 70
1
  0
ATTRIB
  5
2FA
330
17
100
AcDbEntity
  8
0
  6
Continuous
100
AcDbText
 10
8.603
 20
14.1895
 30
0.0
 40
0.125
  1

 50
180.0
  7
WD
 11
8.603
 21
14.1895
 31
0.0
100
AcDbAttribute
  2
TERM02
 70
9
  0
ATTRIB
  5
2FB
330
17
100
AcDbEntity
  8
0
100
AcDbText
 10
8.781715111848772
 20
14.206974679541563
 30
0.0
 40
0.01
  1

 50
180.0
  7
WD
 11
8.781715111848772
 21
14.206974679541563
 31
0.0
100
AcDbAttribute
  2
WDBLKNAM
 70
9
  0
SEQEND
  5
2E9
330
2E8
100
AcDbEntity
  8
SLD_SYMS
  0
INSERT
  5
2FC
330
17
100
AcDbEntity
  8
SLD_SYMS
100
AcDbBlockReference
  2
ARRESTER
 10
8.648
 20
13.359
 30
0.0
  0
INSERT
  5
2FE
330
17
100
AcDbEntity
  8
SLD_SYMS
100
AcDbBlockReference
 66
1
  2
VXF1CT
 10
8.84
 20
12.007
 30
0.0
  0
ATTRIB
  5
300
330
17
100
AcDbEntity
  8
0
100
AcDbText
 10
8.612916666666667
 20
11.585125
 30
0.0
 40
0.125
  1

  7
WD
 41
0.7
 72
1
 11
8.612916666666667
 21
11.585125
 31
0.0
100
AcDbAttribute
  2
INST
 70
1
  0
ATTRIB
  5
301
330
17
100
AcDbEntity
  8
0
100
AcDbText
 10
8.84
 20
11.723826474599724
 30
0.0
 40
0.0125
  1

  7
WD
 11
8.84
 21
11.723826474599724
 31
0.0
100
AcDbAttribute
  2
X8TERM01
 70
1
  0
ATTRIB
  5
302
330
17
100
AcDbEntity
  8
0
100
AcDbText
 10
8.872211762700138
 20
11.756038237299862
 30
0.0
 40
0.0125
  1

  7
WD
 11
8.872211762700138
 21
11.756038237299862
 31
0.0
100
AcDbAttribute
  2
X1TERM01
 70
1
  0
ATTRIB
  5
303
330
17
100
AcDbEntity
  8
0
  6
Continuous
100
AcDbText
 10
8.785062169619042
 20
11.776456032263782
 30
0.0
 40
0.125
  1

  7
WD
 72
2
 11
8.785062169619042
 21
11.776456032263782
 31
0.0
100
AcDbAttribute
  2
TERM01
 70
9
  0
ATTRIB
  5
304
330
17
100
AcDbEntity
  8
0
  6
Continuous
100
AcDbText
 10
8.795006916951067
 20
12.273965784883833
 30
0.0
 40
0.125
  1

  7
WD
 72
2
 11
8.795006916951067
 21
12.273965784883833
 31
0.0
100
AcDbAttribute
  2
TERM02
 70
9
  0
ATTRIB
  5
305
330
17
100
AcDbEntity
  8
0
100
AcDbText
 10
8.872211762700138
 20
12.256038237299862
 30
0.0
 40
0.0125
  1

  7
WD
 11
8.872211762700138
 21
12.256038237299862
 31
0.0
100
AcDbAttribute
  2
X1TERM02
 70
1
  0
ATTRIB
  5
306
330
17
100
AcDbEntity
  8
0
100
AcDbText
 10
8.84
 20
12.28825
 30
0.0
 40
0.0125
  1

  7
WD
 11
8.84
 21
12.28825
 31
0.0
100
AcDbAttribute
  2
X2TERM02
 70
1
  0
ATTRIB
  5
307
330
17
100
AcDbEntity
  8
0
100
AcDbText
 10
9.12125
 20
11.882
 30
0.0
 40
0.125
  1

  7
WD
 41
0.7
 11
9.12125
 21
11.882
 31
0.0
100
AcDbAttribute
  2
RATING1
 70
1
  0
ATTRIB
  5
308
330
17
100
AcDbEntity
  8
0
100
AcDbText
 10
9.12125
 20
12.03825
 30
0.0
 40
0.125
  1

  7
WD
 11
9.12125
 21
12.03825
 31
0.0
100
AcDbAttribute
  2
TAG1
 70
1
  0
ATTRIB
  5
309
330
17
100
AcDbEntity
  8
0
100
AcDbText
 10
8.63947062227279
 20
11.24970533180122
 30
0.0
 40
0.125
  1
400:5A (3)
  7
WD
 41
0.7
 72
1
 11
8.63947062227279
 21
11.24970533180122
 31
0.0
100
AcDbAttribute
  2
DESC1
 70
0
  0
ATTRIB
  5
30A
330
17
100
AcDbEntity
  8
0
100
AcDbText
 10
8.63947062227279
 20
11.093458904647663
 30
0.0
 40
0.125
  1
CT 5P20
  7
WD
 41
0.7
 72
1
 11
8.63947062227279
 21
11.093458904647663
 31
0.0
100
AcDbAttribute
  2
DESC2
 70
0
  0
ATTRIB
  5
30B
330
17
100
AcDbEntity
  8
0
100
AcDbText
 10
8.63947062227279
 20
11.405951758954775
 30
0.0
 40
0.125
  1

  7
WD
 41
0.7
 72
1
 11
8.63947062227279
 21
11.405951758954775
 31
0.0
100
AcDbAttribute
  2
LOC
 70
1
  0
ATTRIB
  5
30C
330
17
100
AcDbEntity
  8
0
  6
Continuous
100
AcDbText
 10
8.669069824898973
 20
12.125955350386372
 30
0.0
 40
0.01
  1

  7
WD
 72
1
 11
8.669069824898973
 21
12.125955350386372
 31
0.0
100
AcDbAttribute
  2
ASSYCODE
 70
9
  0
ATTRIB
  5
30D
330
17
100
AcDbEntity
  8
0
100
AcDbText
 10
8.647291666666666
 20
11.960125
 30
0.0
 40
0.125
  1

  7
WD
 72
1
 11
8.793125
 21
11.960125
 31
0.0
100
AcDbAttribute
  2
TYPE
 70
1
  0
ATTRIB
  5
30E
330
17
100
AcDbEntity
  8
0
100
AcDbText
 10
8.644192775900366
 20
12.197690293718368
 30
0.0
 40
0.01
  1

  7
WD
 11
8.644192775900366
 21
12.197690293718368
 31
0.0
100
AcDbAttribute
  2
FAMILY
 70
9
  0
ATTRIB
  5
30F
330
17
100
AcDbEntity
  8
0
  6
Continuous
100
AcDbText
 10
8.669246041838717
 20
12.169138877858606
 30
0.0
 40
0.01
  1

  7
WD
 72
1
 11
8.669246041838717
 21
12.169138877858606
 31
0.0
100
AcDbAttribute
  2
CAT
 70
9
  0
ATTRIB
  5
310
330
17
100
AcDbEntity
  8
0
  6
Continuous
100
AcDbText
 10
8.667300996198799
 20
12.149697124151155
 30
0.0
 40
0.01
  1

  7
WD
 72
1
 11
8.667300996198799
 21
12.149697124151155
 31
0.0
100
AcDbAttribute
  2
MFG
 70
9
  0
SEQEND
  5
2FF
330
2FE
100
AcDbEntity
  8
SLD_SYMS
  0
INSERT
  5
311
330
17
100
AcDbEntity
  8
SLD_SYMS
100
AcDbBlockReference
  2
WDDOT
 10
8.700000000000001
 20
12.325
 30
0.0
  0
MTEXT
  5
313
330
17
100
AcDbEntity
  8
SLD_TEXT
100
AcDbMText
 10
7.873
 20
11.774
 30
0.0
 40
0.1
 41
0.0
 71
2
  1
1%%C
  0
INSERT
  5
314
330
17
100
AcDbEntity
  8
SLD_SYMS
100
AcDbBlockReference
 66
1
  2
VXF1CT
 10
8.84
 20
10.308
 30
0.0
  0
ATTRIB
  5
316
330
17
100
AcDbEntity
  8
0
100
AcDbText
 10
8.612916666666667
 20
9.886125
 30
0.0
 40
0.125
  1

  7
WD
 41
0.7
 72
1
 11
8.612916666666667
 21
9.886125
 31
0.0
100
AcDbAttribute
  2
INST
 70
1
  0
ATTRIB
  5
317
330
17
100
AcDbEntity
  8
0
100
AcDbText
 10
8.84
 20
10.024826474599724
 30
0.0
 40
0.0125
  1

  7
WD
 11
8.84
 21
10.024826474599724
 31
0.0
100
AcDbAttribute
  2
X8TERM01
 70
1
  0
ATTRIB
  5
318
330
17
100
AcDbEntity
  8
0
100
AcDbText
 10
8.872211762700138
 20
10.057038237299862
 30
0.0
 40
0.0125
  1

  7
WD
 11
8.872211762700138
 21
10.057038237299862
 31
0.0
100
AcDbAttribute
  2
X1TERM01
 70
1
  0
ATTRIB
  5
319
330
17
100
AcDbEntity
  8
0
  6
Continuous
100
AcDbText
 10
8.785062169619042
 20
10.077456032263783
 30
0.0
 40
0.125
  1

  7
WD
 72
2
 11
8.785062169619042
 21
10.077456032263783
 31
0.0
100
AcDbAttribute
  2
TERM01
 70
9
  0
ATTRIB
  5
31A
330
17
100
AcDbEntity
  8
0
  6
Continuous
100
AcDbText
 10
8.795006916951067
 20
10.574965784883833
 30
0.0
 40
0.125
  1

  7
WD
 72
2
 11
8.795006916951067
 21
10.574965784883833
 31
0.0
100
AcDbAttribute
  2
TERM02
 70
9
  0
ATTRIB
  5
31B
330
17
100
AcDbEntity
  8
0
100
AcDbText
 10
8.872211762700138
 20
10.557038237299862
 30
0.0
 40
0.0125
  1

  7
WD
 11
8.872211762700138
 21
10.557038237299862
 31
0.0
100
AcDbAttribute
  2
X1TERM02
 70
1
  0
ATTRIB
  5
31C
330
17
100
AcDbEntity
  8
0
100
AcDbText
 10
8.84
 20
10.58925
 30
0.0
 40
0.0125
  1

  7
WD
 11
8.84
 21
10.58925
 31
0.0
100
AcDbAttribute
  2
X2TERM02
 70
1
  0
ATTRIB
  5
31D
330
17
100
AcDbEntity
  8
0
100
AcDbText
 10
9.12125
 20
10.183
 30
0.0
 40
0.125
  1

  7
WD
 41
0.7
 11
9.12125
 21
10.183
 31
0.0
100
AcDbAttribute
  2
RATING1
 70
1
  0
ATTRIB
  5
31E
330
17
100
AcDbEntity
  8
0
100
AcDbText
 10
9.12125
 20
10.33925
 30
0.0
 40
0.125
  1

  7
WD
 11
9.12125
 21
10.33925
 31
0.0
100
AcDbAttribute
  2
TAG1
 70
1
  0
ATTRIB
  5
31F
330
17
100
AcDbEntity
  8
0
100
AcDbText
 10
8.63947062227279
 20
9.550705331801218
 30
0.0
 40
0.125
  1
3000:5A (3)
  7
WD
 41
0.7
 72
1
 11
8.63947062227279
 21
9.550705331801218
 31
0.0
100
AcDbAttribute
  2
DESC1
 70
0
  0
ATTRIB
  5
320
330
17
100
AcDbEntity
  8
0
100
AcDbText
 10
8.63947062227279
 20
9.394458904647664
 30
0.0
 40
0.125
  1
CT 5P20
  7
WD
 41
0.7
 72
1
 11
8.63947062227279
 21
9.394458904647664
 31
0.0
100
AcDbAttribute
  2
DESC2
 70
0
  0
ATTRIB
  5
321
330
17
100
AcDbEntity
  8
0
100
AcDbText
 10
8.63947062227279
 20
9.706951758954773
 30
0.0
 40
0.125
  1

  7
WD
 41
0.7
 72
1
 11
8.63947062227279
 21
9.706951758954773
 31
0.0
100
AcDbAttribute
  2
LOC
 70
1
  0
ATTRIB
  5
322
330
17
100
AcDbEntity
  8
0
  6
Continuous
100
AcDbText
 10
8.669069824898973
 20
10.426955350386372
 30
0.0
 40
0.01
  1

  7
WD
 72
1
 11
8.669069824898973
 21
10.426955350386372
 31
0.0
100
AcDbAttribute
  2
ASSYCODE
 70
9
  0
ATTRIB
  5
323
330
17
100
AcDbEntity
  8
0
100
AcDbText
 10
8.647291666666666
 20
10.261125
 30
0.0
 40
0.125
  1

  7
WD
 72
1
 11
8.793125
 21
10.261125
 31
0.0
100
AcDbAttribute
  2
TYPE
 70
1
  0
ATTRIB
  5
324
330
17
100
AcDbEntity
  8
0
100
AcDbText
 10
8.644192775900366
 20
10.498690293718369
 30
0.0
 40
0.01
  1

  7
WD
 11
8.644192775900366
 21
10.498690293718369
 31
0.0
100
AcDbAttribute
  2
FAMILY
 70
9
  0
ATTRIB
  5
325
330
17
100
AcDbEntity
  8
0
  6
Continuous
100
AcDbText
 10
8.669246041838717
 20
10.470138877858606
 30
0.0
 40
0.01
  1

  7
WD
 72
1
 11
8.669246041838717
 21
10.470138877858606
 31
0.0
100
AcDbAttribute
  2
CAT
 70
9
  0
ATTRIB
  5
326
330
17
100
AcDbEntity
  8
0
  6
Continuous
100
AcDbText
 10
8.667300996198799
 20
10.450697124151155
 30
0.0
 40
0.01
  1

  7
WD
 72
1
 11
8.667300996198799
 21
10.450697124151155
 31
0.0
100
AcDbAttribute
  2
MFG
 70
9
  0
SEQEND
  5
315
330
314
100
AcDbEntity
  8
SLD_SYMS
  0
INSERT
  5
327
330
17
100
AcDbEntity
  8
SLD_SYMS
100
AcDbBlockReference
  2
WDDOT
 10
8.694
 20
10.606
 30
0.0
  0
MTEXT
  5
329
330
17
100
AcDbEntity
  8
SLD_TEXT
100
AcDbMText
 10
7.873
 20
10.08
 30
0.0
 40
0.1
 41
0.0
 71
2
  1
1%%C
  0
INSERT
  5
32A
330
17
100
AcDbEntity
  8
SLD_SYMS
100
AcDbBlockReference
 66
1
  2
VCN1PJ
 10
8.65
 20
9.034
 30
0.0
  0
ATTRIB
  5
32C
330
17
100
AcDbEntity
  8
0
100
AcDbText
 10
8.879166666666666
 20
9.883801758954775
 30
0.0
 40
0.125
  1

  7
WD
 41
0.7
 72
2
 11
8.879166666666666
 21
9.883801758954775
 31
0.0
100
AcDbAttribute
  2
INST
 70
1
  0
ATTRIB
  5
32D
330
17
100
AcDbEntity
  8
0
100
AcDbText
 10
8.663072926894987
 20
8.919359872741506
 30
0.0
 40
0.01
  1

  7
WD
 11
8.663072926894987
 21
8.919359872741506
 31
0.0
100
AcDbAttribute
  2
X8TERMDESC01
 70
1
  0
ATTRIB
  5
32E
330
17
100
AcDbEntity
  8
0
100
AcDbText
 10
8.676145864499054
 20
9.075609867770696
 30
0.0
 40
0.01
  1

  7
WD
 11
8.676145864499054
 21
9.075609867770696
 31
0.0
100
AcDbAttribute
  2
X2TERMDESC02
 70
1
  0
ATTRIB
  5
32F
330
17
100
AcDbEntity
  8
0
  6
Continuous
100
AcDbText
 10
8.540924736372425
 20
9.020056517835846
 30
0.0
 40
0.01
  1

  7
WD
 72
1
 11
8.540924736372425
 21
9.020056517835846
 31
0.0
100
AcDbAttribute
  2
ASSYCODE
 70
9
  0
ATTRIB
  5
330
330
17
100
AcDbEntity
  8
0
100
AcDbText
 10
8.525
 20
8.9715
 30
0.0
 40
0.01
  1

  7
WD
 11
8.525
 21
8.9715
 31
0.0
100
AcDbAttribute
  2
X4LINK
 70
1
  0
ATTRIB
  5
331
330
17
100
AcDbEntity
  8
0
100
AcDbText
 10
8.775
 20
8.9715
 30
0.0
 40
0.01
  1

  7
WD
 11
8.775
 21
8.9715
 31
0.0
100
AcDbAttribute
  2
X1LINK
 70
1
  0
ATTRIB
  5
332
330
17
100
AcDbEntity
  8
0
100
AcDbText
 10
8.5875
 20
9.714201758954776
 30
0.0
 40
0.125
  1

  7
WD
 41
0.7
 72
2
 11
8.5875
 21
9.714201758954776
 31
0.0
100
AcDbAttribute
  2
LOC
 70
1
  0
ATTRIB
  5
333
330
17
100
AcDbEntity
  8
0
  6
Continuous
100
AcDbText
 10
8.54139310844966
 20
9.034039283222857
 30
0.0
 40
0.01
  1

  7
WD
 72
1
 11
8.54139310844966
 21
9.034039283222857
 31
0.0
100
AcDbAttribute
  2
MFG
 70
9
  0
ATTRIB
  5
334
330
17
100
AcDbEntity
  8
0
  6
Continuous
100
AcDbText
 10
8.543338154089579
 20
9.053481036930307
 30
0.0
 40
0.01
  1

  7
WD
 72
1
 11
8.543338154089579
 21
9.053481036930307
 31
0.0
100
AcDbAttribute
  2
CAT
 70
9
  0
ATTRIB
  5
335
330
17
100
AcDbEntity
  8
0
100
AcDbText
 10
8.518284888151229
 20
9.09765745279007
 30
0.0
 40
0.01
  1

  7
WD
 11
8.518284888151229
 21
9.09765745279007
 31
0.0
100
AcDbAttribute
  2
FAMILY
 70
9
  0
ATTRIB
  5
336
330
17
100
AcDbEntity
  8
0
100
AcDbText
 10
8.5875
 20
9.388278904647665
 30
0.0
 40
0.125
  1

  7
WD
 41
0.7
 72
2
 11
8.5875
 21
9.388278904647665
 31
0.0
100
AcDbAttribute
  2
DESC2
 70
1
  0
ATTRIB
  5
337
330
17
100
AcDbEntity
  8
0
100
AcDbText
 10
8.5875
 20
9.54452533180122
 30
0.0
 40
0.125
  1

  7
WD
 41
0.7
 72
2
 11
8.5875
 21
9.54452533180122
 31
0.0
100
AcDbAttribute
  2
DESC1
 70
1
  0
ATTRIB
  5
338
330
17
100
AcDbEntity
  8
0
100
AcDbText
 10
8.379166666666666
 20
9.12775
 30
0.0
 40
0.125
  1

  7
WD
 72
2
 11
8.5875
 21
9.12775
 31
0.0
100
AcDbAttribute
  2
TAG1
 70
1
  0
ATTRIB
  5
339
330
17
100
AcDbEntity
  8
0
  6
Continuous
100
AcDbText
 10
8.697000000000001
 20
8.75275
 30
0.0
 40
0.125
  1

  7
WD
 11
8.697000000000001
 21
8.87775
 31
0.0
100
AcDbAttribute
  2
TERM01
 70
9
 74
3
  0
ATTRIB
  5
33A
330
17
100
AcDbEntity
  8
0
100
AcDbText
 10
8.65
 20
8.94025
 30
0.0
 40
0.0125
  1

  7
WD
 11
8.65
 21
8.94025
 31
0.0
100
AcDbAttribute
  2
X8TERM01
 70
1
  0
ATTRIB
  5
33B
330
17
100
AcDbEntity
  8
0
100
AcDbText
 10
8.65
 20
9.0965
 30
0.0
 40
0.0125
  1

  7
WD
 11
8.65
 21
9.0965
 31
0.0
100
AcDbAttribute
  2
X2TERM02
 70
1
  0
ATTRIB
  5
33C
330
17
100
AcDbEntity
  8
0
  6
Continuous
100
AcDbText
 10
8.697000000000001
 20
9.0965
 30
0.0
 40
0.125
  1

  7
WD
 11
8.697000000000001
 21
9.0965
 31
0.0
100
AcDbAttribute
  2
TERM02
 70
9
  0
ATTRIB
  5
33D
330
17
100
AcDbEntity
  8
0
100
AcDbText
 10
8.518284888151229
 20
9.079025320458438
 30
0.0
 40
0.01
  1

  7
WD
 11
8.518284888151229
 21
9.079025320458438
 31
0.0
100
AcDbAttribute
  2
WDBLKNAM
 70
9
  0
SEQEND
  5
32B
330
32A
100
AcDbEntity
  8
SLD_SYMS
  0
INSERT
  5
33E
330
17
100
AcDbEntity
  8
SLD_SYMS
100
AcDbBlockReference
 66
1
  2
DEVICE_BUBBLE
 10
9.704
 20
15.318
 30
0.0
  0
ATTRIB
  5
340
330
17
100
AcDbEntity
  8
0
100
AcDbText
 10
9.532467910107975
 20
15.218951515790893
 30
0.0
 40
0.2
  1
86
  7
OpenSans
 11
9.532467910107975
 21
15.218951515790893
 31
0.0
100
AcDbAttribute
  2
DB
 70
0
280
1
  0
SEQEND
  5
33F
330
33E
100
AcDbEntity
  8
SLD_SYMS
  0
LINE
  5
341
330
17
100
AcDbEntity
  8
SLD_CONTROL
100
AcDbLine
 10
9.012
 20
15.318
 30
0.0
 11
9.487
 21
15.318
 31
0.0
  0
LINE
  5
342
330
17
100
AcDbEntity
  8
SLD_CONTROL
100
AcDbLine
 10
9.704
 20
15.100999999999999
 30
0.0
 11
9.704
 21
14.715
 31
0.0
  0
LWPOLYLINE
  5
343
330
17
100
AcDbEntity
  8
SLD_SYMS
100
AcDbPolyline
 90
4
 70
1
 10
9.397
 20
14.715
 10
10.575
 20
14.715
 10
10.575
 20
14.043
 10
9.397
 20
14.043
  0
LWPOLYLINE
  5
344
330
17
100
AcDbEntity
  8
SLD_CUBICLE
  6
DASHED
100
AcDbPolyline
 90
4
 70
1
 10
7.468
 20
12.465
 10
9.061
 20
12.465
 10
9.061
 20
9.912
 10
7.468
 20
9.912
  0
MTEXT
  5
345
330
17
100
AcDbEntity
  8
SLD_TEXT
100
AcDbMText
 10
8.65
 20
21.037
 30
0.0
 40
0.3
 41
0.0
 71
2
  1
UNIT 3
  0
MTEXT
  5
346
330
17
100
AcDbEntity
  8
SLD_TEXT
100
AcDbMText
 10
8.65
 20
20.173
 30
0.0
 40
0.3
 41
0.0
 71
2
  1
52-GEN3A
  0
MTEXT
  5
347
330
17
100
AcDbEntity
  8
SLD_TEXT
100
AcDbMText
 10
8.274000000000001
 20
15.408
 30
0.0
 40
0.093
 41
0.0
 71
1
  1
52-GEN3A\P17.5kV\P3150A\P40kA
  0
MTEXT
  5
348
330
17
100
AcDbEntity
  8
SLD_TEXT
100
AcDbMText
 10
9.986
 20
14.677
 30
0.0
 40
0.093
 41
0.0
 71
2
  1
SEL-751-GEN3A\PFEEDER\PPROTECTION\PRELAY
  0
MTEXT
  5
349
330
17
100
AcDbEntity
  8
SLD_TEXT
100
AcDbMText
 10
8.65
 20
8.87
 30
0.0
 40
0.093
 41
0.0
 71
2
  1
INCOMING 13.8KV\PLINE FROM GEN-3A
  0
LINE
  5
34A
330
17
100
AcDbEntity
  8
SLD_WIRE
100
AcDbLine
 10
12.260000000000002
 20
18.583
 30
0.0
 11
12.260000000000002
 21
16.207
 31
0.0
  0
LINE
  5
34B
330
17
100
AcDbEntity
  8
SLD_WIRE
100
AcDbLine
 10
12.260000000000002
 20
16.051
 30
0.0
 11
12.260000000000002
 21
15.622
 31
0.0
  0
LINE
  5
34C
330
17
100
AcDbEntity
  8
SLD_WIRE
100
AcDbLine
 10
12.260000000000002
 20
14.701
 30
0.0
 11
12.260000000000002
 21
14.346
 31
0.0
  0
LINE
  5
34D
330
17
100
AcDbEntity
  8
SLD_WIRE
100
AcDbLine
 10
12.260000000000002
 20
14.189
 30
0.0
 11
12.260000000000002
 21
9.097
 31
0.0
  0
INSERT
  5
34E
330
17
100
AcDbEntity
  8
SLD_SYMS
100
AcDbBlockReference
  2
WDDOT
 10
12.260000000000002
 20
18.583
 30
0.0
  0
INSERT
  5
350
330
17
100
AcDbEntity
  8
SLD_SYMS
100
AcDbBlockReference
 66
1
  2
VFU1_1-
 10
13.691000000000003
 20
16.204
 30
0.0
  0
ATTRIB
  5
352
330
17
100
AcDbEntity
  8
0
100
AcDbText
 10
13.816000000000003
 20
16.48525
 30
0.0
 40
0.125
  1

  7
WD
 41
0.85
 11
13.816000000000003
 21
16.48525
 31
0.0
100
AcDbAttribute
  2
INST
 70
1
  0
ATTRIB
  5
353
330
17
100
AcDbEntity
  8
0
  6
Continuous
100
AcDbText
 10
13.53772036438161
 20
16.097850164162786
 30
0.0
 40
0.01
  1

  7
WD
 72
1
 11
13.53772036438161
 21
16.097850164162786
 31
0.0
100
AcDbAttribute
  2
ASSYCODE
 70
9
  0
ATTRIB
  5
354
330
17
100
AcDbEntity
  8
0
 62
7
100
AcDbText
 10
13.566000000000003
 20
16.204
 30
0.0
 40
0.01
  1

  7
WD
 11
13.566000000000003
 21
16.204
 31
0.0
100
AcDbAttribute
  2
X4LINK
 70
1
  0
ATTRIB
  5
355
330
17
100
AcDbEntity
  8
0
 62
7
100
AcDbText
 10
13.816000000000003
 20
16.204
 30
0.0
 40
0.01
  1

  7
WD
 11
13.816000000000003
 21
16.204
 31
0.0
100
AcDbAttribute
  2
X1LINK
 70
1
  0
ATTRIB
  5
356
330
17
100
AcDbEntity
  8
0
100
AcDbText
 10
13.534750000000003
 20
16.1415
 30
0.0
 40
0.125
  1
6A
  7
WD
 41
0.85
 72
2
 11
13.534750000000003
 21
16.1415
 31
0.0
100
AcDbAttribute
  2
RATING1
 70
0
  0
ATTRIB
  5
357
330
17
100
AcDbEntity
  8
0
100
AcDbText
 10
13.816000000000003
 20
15.79775
 30
0.0
 40
0.125
  1

  7
WD
 41
0.85
 11
13.816000000000003
 21
15.79775
 31
0.0
100
AcDbAttribute
  2
DESC2
 70
1
  0
ATTRIB
  5
358
330
17
100
AcDbEntity
  8
0
100
AcDbText
 10
13.816000000000003
 20
15.969625
 30
0.0
 40
0.125
  1

  7
WD
 41
0.85
 11
13.816000000000003
 21
15.969625
 31
0.0
100
AcDbAttribute
  2
DESC1
 70
1
  0
ATTRIB
  5
359
330
17
100
AcDbEntity
  8
0
100
AcDbText
 10
13.817941437973072
 20
16.14337500000005
 30
0.0
 40
0.125
  1

  7
WD
 41
0.85
 11
13.817941437973072
 21
16.14337500000005
 31
0.0
100
AcDbAttribute
  2
TAG1
 70
1
  0
ATTRIB
  5
35A
330
17
100
AcDbEntity
  8
0
100
AcDbText
 10
13.816000000000003
 20
16.313375
 30
0.0
 40
0.125
  1

  7
WD
 41
0.85
 11
13.816000000000003
 21
16.313375
 31
0.0
100
AcDbAttribute
  2
LOC
 70
1
  0
ATTRIB
  5
35B
330
17
100
AcDbEntity
  8
0
  6
Continuous
100
AcDbText
 10
13.548883081006997
 20
16.115873790861
 30
0.0
 40
0.01
  1

  7
WD
 72
2
 11
13.548883081006997
 21
16.115873790861
 31
0.0
100
AcDbAttribute
  2
MFG
 70
9
  0
ATTRIB
  5
35C
330
17
100
AcDbEntity
  8
0
  6
Continuous
100
AcDbText
 10
13.548883081006997
 20
16.130873790861
 30
0.0
 40
0.01
  1

  7
WD
 72
2
 11
13.548883081006997
 21
16.130873790861
 31
0.0
100
AcDbAttribute
  2
CAT
 70
9
  0
ATTRIB
  5
35D
330
17
100
AcDbEntity
  8
0
100
AcDbText
 10
13.532216414340331
 20
16.167540457527664
 30
0.0
 40
0.01
  1

  7
WD
 72
2
 11
13.548883081006997
 21
16.167540457527664
 31
0.0
100
AcDbAttribute
  2
FAMILY
 70
9
  0
ATTRIB
  5
35E
330
17
100
AcDbEntity
  8
0
 62
7
100
AcDbText
 10
13.691000000000003
 20
16.04775
 30
0.0
 40
0.0125
  1

  7
WD
 11
13.691000000000003
 21
16.04775
 31
0.0
100
AcDbAttribute
  2
X8TERM02
 70
1
  0
ATTRIB
  5
35F
330
17
100
AcDbEntity
  8
0
 62
7
100
AcDbText
 10
13.691000000000003
 20
16.36025
 30
0.0
 40
0.0125
  1

  7
WD
 11
13.691000000000003
 21
16.36025
 31
0.0
100
AcDbAttribute
  2
X2TERM01
 70
1
  0
ATTRIB
  5
360
330
17
100
AcDbEntity
  8
0
  6
Continuous
100
AcDbText
 10
13.650298778392008
 20
15.896802969349004
 30
0.0
 40
0.125
  1

  7
WD
 41
0.85
 72
2
 11
13.650298778392008
 21
16.021802969349004
 31
0.0
100
AcDbAttribute
  2
TERM02
 70
9
 74
3
  0
ATTRIB
  5
361
330
17
100
AcDbEntity
  8
0
  6
Continuous
100
AcDbText
 10
13.636029620844347
 20
16.379376616004922
 30
0.0
 40
0.125
  1

  7
WD
 41
0.85
 72
2
 11
13.636029620844347
 21
16.379376616004922
 31
0.0
100
AcDbAttribute
  2
TERM01
 70
9
  0
ATTRIB
  5
362
330
17
100
AcDbEntity
  8
0
100
AcDbText
 10
13.548883081006997
 20
16.050763117239445
 30
0.0
 40
0.01
  1

  7
WD
 72
2
 11
13.56221641434033
 21
16.050763117239445
 31
0.0
100
AcDbAttribute
  2
WDTYPE
 70
9
  0
ATTRIB
  5
363
330
17
100
AcDbEntity
  8
0
100
AcDbText
 10
13.816000000000003
 20
15.625875
 30
0.0
 40
0.125
  1

  7
WD
 41
0.85
 11
13.816000000000003
 21
15.625875
 31
0.0
100
AcDbAttribute
  2
DESC3
 70
1
  0
ATTRIB
  5
364
330
17
100
AcDbEntity
  8
0
100
AcDbText
 10
13.56221641434033
 20
16.035138117239445
 30
0.0
 40
0.01
  1

  7
WD
 72
2
 11
13.56221641434033
 21
16.035138117239445
 31
0.0
100
AcDbAttribute
  2
WDBLKNAM
 70
9
  0
SEQEND
  5
351
330
350
100
AcDbEntity
  8
SLD_SYMS
  0
INSERT
  5
365
330
17
100
AcDbEntity
  8
SLD_SYMS
100
AcDbBlockReference
 66
1
  2
VCN1PJ
 10
12.260000000000002
 20
16.144
 30
0.0
  0
ATTRIB
  5
367
330
17
100
AcDbEntity
  8
0
100
AcDbText
 10
12.489166666666668
 20
16.993801758954774
 30
0.0
 40
0.125
  1

  7
WD
 41
0.7
 72
2
 11
12.489166666666668
 21
16.993801758954774
 31
0.0
100
AcDbAttribute
  2
INST
 70
1
  0
ATTRIB
  5
368
330
17
100
AcDbEntity
  8
0
100
AcDbText
 10
12.273072926894988
 20
16.029359872741505
 30
0.0
 40
0.01
  1

  7
WD
 11
12.273072926894988
 21
16.029359872741505
 31
0.0
100
AcDbAttribute
  2
X8TERMDESC01
 70
1
  0
ATTRIB
  5
369
330
17
100
AcDbEntity
  8
0
100
AcDbText
 10
12.286145864499055
 20
16.185609867770694
 30
0.0
 40
0.01
  1

  7
WD
 11
12.286145864499055
 21
16.185609867770694
 31
0.0
100
AcDbAttribute
  2
X2TERMDESC02
 70
1
  0
ATTRIB
  5
36A
330
17
100
AcDbEntity
  8
0
  6
Continuous
100
AcDbText
 10
12.150924736372426
 20
16.130056517835843
 30
0.0
 40
0.01
  1

  7
WD
 72
1
 11
12.150924736372426
 21
16.130056517835843
 31
0.0
100
AcDbAttribute
  2
ASSYCODE
 70
9
  0
ATTRIB
  5
36B
330
17
100
AcDbEntity
  8
0
100
AcDbText
 10
12.135000000000002
 20
16.0815
 30
0.0
 40
0.01
  1

  7
WD
 11
12.135000000000002
 21
16.0815
 31
0.0
100
AcDbAttribute
  2
X4LINK
 70
1
  0
ATTRIB
  5
36C
330
17
100
AcDbEntity
  8
0
100
AcDbText
 10
12.385000000000002
 20
16.0815
 30
0.0
 40
0.01
  1

  7
WD
 11
12.385000000000002
 21
16.0815
 31
0.0
100
AcDbAttribute
  2
X1LINK
 70
1
  0
ATTRIB
  5
36D
330
17
100
AcDbEntity
  8
0
100
AcDbText
 10
12.197500000000002
 20
16.82420175895477
 30
0.0
 40
0.125
  1

  7
WD
 41
0.7
 72
2
 11
12.197500000000002
 21
16.82420175895477
 31
0.0
100
AcDbAttribute
  2
LOC
 70
1
  0
ATTRIB
  5
36E
330
17
100
AcDbEntity
  8
0
  6
Continuous
100
AcDbText
 10
12.15139310844966
 20
16.144039283222853
 30
0.0
 40
0.01
  1

  7
WD
 72
1
 11
12.15139310844966
 21
16.144039283222853
 31
0.0
100
AcDbAttribute
  2
MFG
 70
9
  0
ATTRIB
  5
36F
330
17
100
AcDbEntity
  8
0
  6
Continuous
100
AcDbText
 10
12.15333815408958
 20
16.163481036930303
 30
0.0
 40
0.01
  1

  7
WD
 72
1
 11
12.15333815408958
 21
16.163481036930303
 31
0.0
100
AcDbAttribute
  2
CAT
 70
9
  0
ATTRIB
  5
370
330
17
100
AcDbEntity
  8
0
100
AcDbText
 10
12.12828488815123
 20
16.207657452790066
 30
0.0
 40
0.01
  1

  7
WD
 11
12.12828488815123
 21
16.207657452790066
 31
0.0
100
AcDbAttribute
  2
FAMILY
 70
9
  0
ATTRIB
  5
371
330
17
100
AcDbEntity
  8
0
100
AcDbText
 10
12.197500000000002
 20
16.498278904647663
 30
0.0
 40
0.125
  1

  7
WD
 41
0.7
 72
2
 11
12.197500000000002
 21
16.498278904647663
 31
0.0
100
AcDbAttribute
  2
DESC2
 70
1
  0
ATTRIB
  5
372
330
17
100
AcDbEntity
  8
0
100
AcDbText
 10
12.197500000000002
 20
16.654525331801217
 30
0.0
 40
0.125
  1

  7
WD
 41
0.7
 72
2
 11
12.197500000000002
 21
16.654525331801217
 31
0.0
100
AcDbAttribute
  2
DESC1
 70
1
  0
ATTRIB
  5
373
330
17
100
AcDbEntity
  8
0
100
AcDbText
 10
11.989166666666668
 20
16.23775
 30
0.0
 40
0.125
  1

  7
WD
 72
2
 11
12.197500000000002
 21
16.23775
 31
0.0
100
AcDbAttribute
  2
TAG1
 70
1
  0
ATTRIB
  5
374
330
17
100
AcDbEntity
  8
0
  6
Continuous
100
AcDbText
 10
12.307000000000002
 20
15.862749999999998
 30
0.0
 40
0.125
  1

  7
WD
 11
12.307000000000002
 21
15.987749999999998
 31
0.0
100
AcDbAttribute
  2
TERM01
 70
9
 74
3
  0
ATTRIB
  5
375
330
17
100
AcDbEntity
  8
0
100
AcDbText
 10
12.260000000000002
 20
16.05025
 30
0.0
 40
0.0125
  1

  7
WD
 11
12.260000000000002
 21
16.05025
 31
0.0
100
AcDbAttribute
  2
X8TERM01
 70
1
  0
ATTRIB
  5
376
330
17
100
AcDbEntity
  8
0
100
AcDbText
 10
12.260000000000002
 20
16.2065
 30
0.0
 40
0.0125
  1

  7
WD
 11
12.260000000000002
 21
16.2065
 31
0.0
100
AcDbAttribute
  2
X2TERM02
 70
1
  0
ATTRIB
  5
377
330
17
100
AcDbEntity
  8
0
  6
Continuous
100
AcDbText
 10
12.307000000000002
 20
16.2065
 30
0.0
 40
0.125
  1

  7
WD
 11
12.307000000000002
 21
16.2065
 31
0.0
100
AcDbAttribute
  2
TERM02
 70
9
  0
ATTRIB
  5
378
330
17
100
AcDbEntity
  8
0
100
AcDbText
 10
12.12828488815123
 20
16.189025320458434
 30
0.0
 40
0.01
  1

  7
WD
 11
12.12828488815123
 21
16.189025320458434
 31
0.0
100
AcDbAttribute
  2
WDBLKNAM
 70
9
  0
SEQEND
  5
366
330
365
100
AcDbEntity
  8
SLD_SYMS
  0
LWPOLYLINE
  5
379
330
17
100
AcDbEntity
  8
SLD_SYMS
100
AcDbPolyline
 90
4
 70
1
 10
11.845000000000002
 20
15.622
 10
12.622000000000002
 20
15.622
 10
12.622000000000002
 20
14.701
 10
11.845000000000002
 20
14.701
  0
INSERT
  5
37A
330
17
100
AcDbEntity
  8
SLD_SYMS
100
AcDbBlockReference
 66
1
  2
VCN1PJ
 10
12.260000000000002
 20
14.252
 30
0.0
 50
180.0
  0
ATTRIB
  5
37C
330
17
100
AcDbEntity
  8
0
100
AcDbText
 10
12.030833333333335
 20
13.402198241045227
 30
0.0
 40
0.125
  1

 50
180.0
  7
WD
 41
0.7
 72
2
 11
12.030833333333335
 21
13.402198241045227
 31
0.0
100
AcDbAttribute
  2
INST
 70
1
  0
ATTRIB
  5
37D
330
17
100
AcDbEntity
  8
0
100
AcDbText
 10
12.246927073105015
 20
14.366640127258496
 30
0.0
 40
0.01
  1

 50
180.0
  7
WD
 11
12.246927073105015
 21
14.366640127258496
 31
0.0
100
AcDbAttribute
  2
X8TERMDESC01
 70
1
  0
ATTRIB
  5
37E
330
17
100
AcDbEntity
  8
0
100
AcDbText
 10
12.233854135500948
 20
14.210390132229305
 30
0.0
 40
0.01
  1

 50
180.0
  7
WD
 11
12.233854135500948
 21
14.210390132229305
 31
0.0
100
AcDbAttribute
  2
X2TERMDESC02
 70
1
  0
ATTRIB
  5
37F
330
17
100
AcDbEntity
  8
0
  6
Continuous
100
AcDbText
 10
12.369075263627577
 20
14.265943482164156
 30
0.0
 40
0.01
  1

 50
180.0
  7
WD
 72
1
 11
12.369075263627577
 21
14.265943482164156
 31
0.0
100
AcDbAttribute
  2
ASSYCODE
 70
9
  0
ATTRIB
  5
380
330
17
100
AcDbEntity
  8
0
100
AcDbText
 10
12.385000000000002
 20
14.3145
 30
0.0
 40
0.01
  1

 50
180.0
  7
WD
 11
12.385000000000002
 21
14.3145
 31
0.0
100
AcDbAttribute
  2
X4LINK
 70
1
  0
ATTRIB
  5
381
330
17
100
AcDbEntity
  8
0
100
AcDbText
 10
12.135000000000002
 20
14.3145
 30
0.0
 40
0.01
  1

 50
180.0
  7
WD
 11
12.135000000000002
 21
14.3145
 31
0.0
100
AcDbAttribute
  2
X1LINK
 70
1
  0
ATTRIB
  5
382
330
17
100
AcDbEntity
  8
0
100
AcDbText
 10
12.322500000000002
 20
13.571798241045226
 30
0.0
 40
0.125
  1

 50
180.0
  7
WD
 41
0.7
 72
2
 11
12.322500000000002
 21
13.571798241045226
 31
0.0
100
AcDbAttribute
  2
LOC
 70
1
  0
ATTRIB
  5
383
330
17
100
AcDbEntity
  8
0
  6
Continuous
100
AcDbText
 10
12.368606891550343
 20
14.251960716777145
 30
0.0
 40
0.01
  1

 50
180.0
  7
WD
 72
1
 11
12.368606891550343
 21
14.251960716777145
 31
0.0
100
AcDbAttribute
  2
MFG
 70
9
  0
ATTRIB
  5
384
330
17
100
AcDbEntity
  8
0
  6
Continuous
100
AcDbText
 10
12.366661845910423
 20
14.232518963069694
 30
0.0
 40
0.01
  1

 50
180.0
  7
WD
 72
1
 11
12.366661845910423
 21
14.232518963069694
 31
0.0
100
AcDbAttribute
  2
CAT
 70
9
  0
ATTRIB
  5
385
330
17
100
AcDbEntity
  8
0
100
AcDbText
 10
12.391715111848773
 20
14.188342547209931
 30
0.0
 40
0.01
  1

 50
180.0
  7
WD
 11
12.391715111848773
 21
14.188342547209931
 31
0.0
100
AcDbAttribute
  2
FAMILY
 70
9
  0
ATTRIB
  5
386
330
17
100
AcDbEntity
  8
0
100
AcDbText
 10
12.322500000000002
 20
13.897721095352336
 30
0.0
 40
0.125
  1

 50
180.0
  7
WD
 41
0.7
 72
2
 11
12.322500000000002
 21
13.897721095352336
 31
0.0
100
AcDbAttribute
  2
DESC2
 70
1
  0
ATTRIB
  5
387
330
17
100
AcDbEntity
  8
0
100
AcDbText
 10
12.322500000000002
 20
13.741474668198782
 30
0.0
 40
0.125
  1

 50
180.0
  7
WD
 41
0.7
 72
2
 11
12.322500000000002
 21
13.741474668198782
 31
0.0
100
AcDbAttribute
  2
DESC1
 70
1
  0
ATTRIB
  5
388
330
17
100
AcDbEntity
  8
0
100
AcDbText
 10
12.530833333333335
 20
14.15825
 30
0.0
 40
0.125
  1

 50
180.0
  7
WD
 72
2
 11
12.322500000000002
 21
14.15825
 31
0.0
100
AcDbAttribute
  2
TAG1
 70
1
  0
ATTRIB
  5
389
330
17
100
AcDbEntity
  8
0
  6
Continuous
100
AcDbText
 10
12.213000000000001
 20
14.53325
 30
0.0
 40
0.125
  1

 50
180.0
  7
WD
 11
12.213000000000001
 21
14.40825
 31
0.0
100
AcDbAttribute
  2
TERM01
 70
9
 74
3
  0
ATTRIB
  5
38A
330
17
100
AcDbEntity
  8
0
100
AcDbText
 10
12.260000000000002
 20
14.34575
 30
0.0
 40
0.0125
  1

 50
180.0
  7
WD
 11
12.260000000000002
 21
14.34575
 31
0.0
100
AcDbAttribute
  2
X8TERM01
 70
1
  0
ATTRIB
  5
38B
330
17
100
AcDbEntity
  8
0
100
AcDbText
 10
12.260000000000002
 20
14.1895
 30
0.0
 40
0.0125
  1

 50
180.0
  7
WD
 11
12.260000000000002
 21
14.1895
 31
0.0
100
AcDbAttribute
  2
X2TERM02
 70
1
  0
ATTRIB
  5
38C
330
17
100
AcDbEntity
  8
0
  6
Continuous
100
AcDbText
 10
12.213000000000001
 20
14.1895
 30
0.0
 40
0.125
  1

 50
180.0
  7
WD
 11
12.213000000000001
 21
14.1895
 31
0.0
100
AcDbAttribute
  2
TERM02
 70
9
  0
ATTRIB
  5
38D
330
17
100
AcDbEntity
  8
0
100
AcDbText
 10
12.391715111848773
 20
14.206974679541563
 30
0.0
 40
0.01
  1

 50
180.0
  7
WD
 11
12.391715111848773
 21
14.206974679541563
 31
0.0
100
AcDbAttribute
  2
WDBLKNAM
 70
9
  0
SEQEND
  5
37B
330
37A
100
AcDbEntity
  8
SLD_SYMS
  0
INSERT
  5
38E
330
17
100
AcDbEntity
  8
SLD_SYMS
100
AcDbBlockReference
  2
ARRESTER
 10
12.258000000000001
 20
13.359
 30
0.0
  0
INSERT
  5
390
330
17
100
AcDbEntity
  8
SLD_SYMS
100
AcDbBlockReference
 66
1
  2
VXF1CT
 10
12.450000000000001
 20
12.007
 30
0.0
  0
ATTRIB
  5
392
330
17
100
AcDbEntity
  8
0
100
AcDbText
 10
12.222916666666668
 20
11.585125
 30
0.0
 40
0.125
  1

  7
WD
 41
0.7
 72
1
 11
12.222916666666668
 21
11.585125
 31
0.0
100
AcDbAttribute
  2
INST
 70
1
  0
ATTRIB
  5
393
330
17
100
AcDbEntity
  8
0
100
AcDbText
 10
12.450000000000001
 20
11.723826474599724
 30
0.0
 40
0.0125
  1

  7
WD
 11
12.450000000000001
 21
11.723826474599724
 31
0.0
100
AcDbAttribute
  2
X8TERM01
 70
1
  0
ATTRIB
  5
394
330
17
100
AcDbEntity
  8
0
100
AcDbText
 10
12.482211762700139
 20
11.756038237299862
 30
0.0
 40
0.0125
  1

  7
WD
 11
12.482211762700139
 21
11.756038237299862
 31
0.0
100
AcDbAttribute
  2
X1TERM01
 70
1
  0
ATTRIB
  5
395
330
17
100
AcDbEntity
  8
0
  6
Continuous
100
AcDbText
 10
12.395062169619044
 20
11.776456032263782
 30
0.0
 40
0.125
  1

  7
WD
 72
2
 11
12.395062169619044
 21
11.776456032263782
 31
0.0
100
AcDbAttribute
  2
TERM01
 70
9
  0
ATTRIB
  5
396
330
17
100
AcDbEntity
  8
0
  6
Continuous
100
AcDbText
 10
12.405006916951068
 20
12.273965784883833
 30
0.0
 40
0.125
  1

  7
WD
 72
2
 11
12.405006916951068
 21
12.273965784883833
 31
0.0
100
AcDbAttribute
  2
TERM02
 70
9
  0
ATTRIB
  5
397
330
17
100
AcDbEntity
  8
0
100
AcDbText
 10
12.482211762700139
 20
12.256038237299862
 30
0.0
 40
0.0125
  1

  7
WD
 11
12.482211762700139
 21
12.256038237299862
 31
0.0
100
AcDbAttribute
  2
X1TERM02
 70
1
  0
ATTRIB
  5
398
330
17
100
AcDbEntity
  8
0
100
AcDbText
 10
12.450000000000001
 20
12.28825
 30
0.0
 40
0.0125
  1

  7
WD
 11
12.450000000000001
 21
12.28825
 31
0.0
100
AcDbAttribute
  2
X2TERM02
 70
1
  0
ATTRIB
  5
399
330
17
100
AcDbEntity
  8
0
100
AcDbText
 10
12.731250000000001
 20
11.882
 30
0.0
 40
0.125
  1

  7
WD
 41
0.7
 11
12.731250000000001
 21
11.882
 31
0.0
100
AcDbAttribute
  2
RATING1
 70
1
  0
ATTRIB
  5
39A
330
17
100
AcDbEntity
  8
0
100
AcDbText
 10
12.731250000000001
 20
12.03825
 30
0.0
 40
0.125
  1

  7
WD
 11
12.731250000000001
 21
12.03825
 31
0.0
100
AcDbAttribute
  2
TAG1
 70
1
  0
ATTRIB
  5
39B
330
17
100
AcDbEntity
  8
0
100
AcDbText
 10
12.249470622272792
 20
11.24970533180122
 30
0.0
 40
0.125
  1
400:5A (3)
  7
WD
 41
0.7
 72
1
 11
12.249470622272792
 21
11.24970533180122
 31
0.0
100
AcDbAttribute
  2
DESC1
 70
0
  0
ATTRIB
  5
39C
330
17
100
AcDbEntity
  8
0
100
AcDbText
 10
12.249470622272792
 20
11.093458904647663
 30
0.0
 40
0.125
  1
CT 5P20
  7
WD
 41
0.7
 72
1
 11
12.249470622272792
 21
11.093458904647663
 31
0.0
100
AcDbAttribute
  2
DESC2
 70
0
  0
ATTRIB
  5
39D
330
17
100
AcDbEntity
  8
0
100
AcDbText
 10
12.249470622272792
 20
11.405951758954775
 30
0.0
 40
0.125
  1

  7
WD
 41
0.7
 72
1
 11
12.249470622272792
 21
11.405951758954775
 31
0.0
100
AcDbAttribute
  2
LOC
 70
1
  0
ATTRIB
  5
39E
330
17
100
AcDbEntity
  8
0
  6
Continuous
100
AcDbText
 10
12.279069824898974
 20
12.125955350386372
 30
0.0
 40
0.01
  1

  7
WD
 72
1
 11
12.279069824898974
 21
12.125955350386372
 31
0.0
100
AcDbAttribute
  2
ASSYCODE
 70
9
  0
ATTRIB
  5
39F
330
17
100
AcDbEntity
  8
0
100
AcDbText
 10
12.257291666666667
 20
11.960125
 30
0.0
 40
0.125
  1

  7
WD
 72
1
 11
12.403125000000001
 21
11.960125
 31
0.0
100
AcDbAttribute
  2
TYPE
 70
1
  0
ATTRIB
  5
3A0
330
17
100
AcDbEntity
  8
0
100
AcDbText
 10
12.254192775900368
 20
12.197690293718368
 30
0.0
 40
0.01
  1

  7
WD
 11
12.254192775900368
 21
12.197690293718368
 31
0.0
100
AcDbAttribute
  2
FAMILY
 70
9
  0
ATTRIB
  5
3A1
330
17
100
AcDbEntity
  8
0
  6
Continuous
100
AcDbText
 10
12.279246041838718
 20
12.169138877858606
 30
0.0
 40
0.01
  1

  7
WD
 72
1
 11
12.279246041838718
 21
12.169138877858606
 31
0.0
100
AcDbAttribute
  2
CAT
 70
9
  0
ATTRIB
  5
3A2
330
17
100
AcDbEntity
  8
0
  6
Continuous
100
AcDbText
 10
12.2773009961988
 20
12.149697124151155
 30
0.0
 40
0.01
  1

  7
WD
 72
1
 11
12.2773009961988
 21
12.149697124151155
 31
0.0
100
AcDbAttribute
  2
MFG
 70
9
  0
SEQEND
  5
391
330
390
100
AcDbEntity
  8
SLD_SYMS
  0
INSERT
  5
3A3
330
17
100
AcDbEntity
  8
SLD_SYMS
100
AcDbBlockReference
  2
WDDOT
 10
12.310000000000002
 20
12.325
 30
0.0
  0
MTEXT
  5
3A5
330
17
100
AcDbEntity
  8
SLD_TEXT
100
AcDbMText
 10
11.483000000000002
 20
11.774
 30
0.0
 40
0.1
 41
0.0
 71
2
  1
1%%C
  0
INSERT
  5
3A6
330
17
100
AcDbEntity
  8
SLD_SYMS
100
AcDbBlockReference
 66
1
  2
VXF1CT
 10
12.450000000000001
 20
10.308
 30
0.0
  0
ATTRIB
  5
3A8
330
17
100
AcDbEntity
  8
0
100
AcDbText
 10
12.222916666666668
 20
9.886125
 30
0.0
 40
0.125
  1

  7
WD
 41
0.7
 72
1
 11
12.222916666666668
 21
9.886125
 31
0.0
100
AcDbAttribute
  2
INST
 70
1
  0
ATTRIB
  5
3A9
330
17
100
AcDbEntity
  8
0
100
AcDbText
 10
12.450000000000001
 20
10.024826474599724
 30
0.0
 40
0.0125
  1

  7
WD
 11
12.450000000000001
 21
10.024826474599724
 31
0.0
100
AcDbAttribute
  2
X8TERM01
 70
1
  0
ATTRIB
  5
3AA
330
17
100
AcDbEntity
  8
0
100
AcDbText
 10
12.482211762700139
 20
10.057038237299862
 30
0.0
 40
0.0125
  1

  7
WD
 11
12.482211762700139
 21
10.057038237299862
 31
0.0
100
AcDbAttribute
  2
X1TERM01
 70
1
  0
ATTRIB
  5
3AB
330
17
100
AcDbEntity
  8
0
  6
Continuous
100
AcDbText
 10
12.395062169619044
 20
10.077456032263783
 30
0.0
 40
0.125
  1

  7
WD
 72
2
 11
12.395062169619044
 21
10.077456032263783
 31
0.0
100
AcDbAttribute
  2
TERM01
 70
9
  0
ATTRIB
  5
3AC
330
17
100
AcDbEntity
  8
0
  6
Continuous
100
AcDbText
 10
12.405006916951068
 20
10.574965784883833
 30
0.0
 40
0.125
  1

  7
WD
 72
2
 11
12.405006916951068
 21
10.574965784883833
 31
0.0
100
AcDbAttribute
  2
TERM02
 70
9
  0
ATTRIB
  5
3AD
330
17
100
AcDbEntity
  8
0
100
AcDbText
 10
12.482211762700139
 20
10.557038237299862
 30
0.0
 40
0.0125
  1

  7
WD
 11
12.482211762700139
 21
10.557038237299862
 31
0.0
100
AcDbAttribute
  2
X1TERM02
 70
1
  0
ATTRIB
  5
3AE
330
17
100
AcDbEntity
  8
0
100
AcDbText
 10
12.450000000000001
 20
10.58925
 30
0.0
 40
0.0125
  1

  7
WD
 11
12.450000000000001
 21
10.58925
 31
0.0
100
AcDbAttribute
  2
X2TERM02
 70
1
  0
ATTRIB
  5
3AF
330
17
100
AcDbEntity
  8
0
100
AcDbText
 10
12.731250000000001
 20
10.183
 30
0.0
 40
0.125
  1

  7
WD
 41
0.7
 11
12.731250000000001
 21
10.183
 31
0.0
100
AcDbAttribute
  2
RATING1
 70
1
  0
ATTRIB
  5
3B0
330
17
100
AcDbEntity
  8
0
100
AcDbText
 10
12.731250000000001
 20
10.33925
 30
0.0
 40
0.125
  1

  7
WD
 11
12.731250000000001
 21
10.33925
 31
0.0
100
AcDbAttribute
  2
TAG1
 70
1
  0
ATTRIB
  5
3B1
330
17
100
AcDbEntity
  8
0
100
AcDbText
 10
12.249470622272792
 20
9.550705331801218
 30
0.0
 40
0.125
  1
3000:5A (3)
  7
WD
 41
0.7
 72
1
 11
12.249470622272792
 21
9.550705331801218
 31
0.0
100
AcDbAttribute
  2
DESC1
 70
0
  0
ATTRIB
  5
3B2
330
17
100
AcDbEntity
  8
0
100
AcDbText
 10
12.249470622272792
 20
9.394458904647664
 30
0.0
 40
0.125
  1
CT 5P20
  7
WD
 41
0.7
 72
1
 11
12.249470622272792
 21
9.394458904647664
 31
0.0
100
AcDbAttribute
  2
DESC2
 70
0
  0
ATTRIB
  5
3B3
330
17
100
AcDbEntity
  8
0
100
AcDbText
 10
12.249470622272792
 20
9.706951758954773
 30
0.0
 40
0.125
  1

  7
WD
 41
0.7
 72
1
 11
12.249470622272792
 21
9.706951758954773
 31
0.0
100
AcDbAttribute
  2
LOC
 70
1
  0
ATTRIB
  5
3B4
330
17
100
AcDbEntity
  8
0
  6
Continuous
100
AcDbText
 10
12.279069824898974
 20
10.426955350386372
 30
0.0
 40
0.01
  1

  7
WD
 72
1
 11
12.279069824898974
 21
10.426955350386372
 31
0.0
100
AcDbAttribute
  2
ASSYCODE
 70
9
  0
ATTRIB
  5
3B5
330
17
100
AcDbEntity
  8
0
100
AcDbText
 10
12.257291666666667
 20
10.261125
 30
0.0
 40
0.125
  1

  7
WD
 72
1
 11
12.403125000000001
 21
10.261125
 31
0.0
100
AcDbAttribute
  2
TYPE
 70
1
  0
ATTRIB
  5
3B6
330
17
100
AcDbEntity
  8
0
100
AcDbText
 10
12.254192775900368
 20
10.498690293718369
 30
0.0
 40
0.01
  1

  7
WD
 11
12.254192775900368
 21
10.498690293718369
 31
0.0
100
AcDbAttribute
  2
FAMILY
 70
9
  0
ATTRIB
  5
3B7
330
17
100
AcDbEntity
  8
0
  6
Continuous
100
AcDbText
 10
12.279246041838718
 20
10.470138877858606
 30
0.0
 40
0.01
  1

  7
WD
 72
1
 11
12.279246041838718
 21
10.470138877858606
 31
0.0
100
AcDbAttribute
  2
CAT
 70
9
  0
ATTRIB
  5
3B8
330
17
100
AcDbEntity
  8
0
  6
Continuous
100
AcDbText
 10
12.2773009961988
 20
10.450697124151155
 30
0.0
 40
0.01
  1

  7
WD
 72
1
 11
12.2773009961988
 21
10.450697124151155
 31
0.0
100
AcDbAttribute
  2
MFG
 70
9
  0
SEQEND
  5
3A7
330
3A6
100
AcDbEntity
  8
SLD_SYMS
  0
INSERT
  5
3B9
330
17
100
AcDbEntity
  8
SLD_SYMS
100
AcDbBlockReference
  2
WDDOT
 10
12.304000000000002
 20
10.606
 30
0.0
  0
MTEXT
  5
3BB
330
17
100
AcDbEntity
  8
SLD_TEXT
100
AcDbMText
 10
11.483000000000002
 20
10.08
 30
0.0
 40
0.1
 41
0.0
 71
2
  1
1%%C
  0
INSERT
  5
3BC
330
17
100
AcDbEntity
  8
SLD_SYMS
100
AcDbBlockReference
 66
1
  2
VCN1PJ
 10
12.260000000000002
 20
9.034
 30
0.0
  0
ATTRIB
  5
3BE
330
17
100
AcDbEntity
  8
0
100
AcDbText
 10
12.489166666666668
 20
9.883801758954775
 30
0.0
 40
0.125
  1

  7
WD
 41
0.7
 72
2
 11
12.489166666666668
 21
9.883801758954775
 31
0.0
100
AcDbAttribute
  2
INST
 70
1
  0
ATTRIB
  5
3BF
330
17
100
AcDbEntity
  8
0
100
AcDbText
 10
12.273072926894988
 20
8.919359872741506
 30
0.0
 40
0.01
  1

  7
WD
 11
12.273072926894988
 21
8.919359872741506
 31
0.0
100
AcDbAttribute
  2
X8TERMDESC01
 70
1
  0
ATTRIB
  5
3C0
330
17
100
AcDbEntity
  8
0
100
AcDbText
 10
12.286145864499055
 20
9.075609867770696
 30
0.0
 40
0.01
  1

  7
WD
 11
12.286145864499055
 21
9.075609867770696
 31
0.0
100
AcDbAttribute
  2
X2TERMDESC02
 70
1
  0
ATTRIB
  5
3C1
330
17
100
AcDbEntity
  8
0
  6
Continuous
100
AcDbText
 10
12.150924736372426
 20
9.020056517835846
 30
0.0
 40
0.01
  1

  7
WD
 72
1
 11
12.150924736372426
 21
9.020056517835846
 31
0.0
100
AcDbAttribute
  2
ASSYCODE
 70
9
  0
ATTRIB
  5
3C2
330
17
100
AcDbEntity
  8
0
100
AcDbText
 10
12.135000000000002
 20
8.9715
 30
0.0
 40
0.01
  1

  7
WD
 11
12.135000000000002
 21
8.9715
 31
0.0
100
AcDbAttribute
  2
X4LINK
 70
1
  0
ATTRIB
  5
3C3
330
17
100
AcDbEntity
  8
0
100
AcDbText
 10
12.385000000000002
 20
8.9715
 30
0.0
 40
0.01
  1

  7
WD
 11
12.385000000000002
 21
8.9715
 31
0.0
100
AcDbAttribute
  2
X1LINK
 70
1
  0
ATTRIB
  5
3C4
330
17
100
AcDbEntity
  8
0
100
AcDbText
 10
12.197500000000002
 20
9.714201758954776
 30
0.0
 40
0.125
  1

  7
WD
 41
0.7
 72
2
 11
12.197500000000002
 21
9.714201758954776
 31
0.0
100
AcDbAttribute
  2
LOC
 70
1
  0
ATTRIB
  5
3C5
330
17
100
AcDbEntity
  8
0
  6
Continuous
100
AcDbText
 10
12.15139310844966
 20
9.034039283222857
 30
0.0
 40
0.01
  1

  7
WD
 72
1
 11
12.15139310844966
 21
9.034039283222857
 31
0.0
100
AcDbAttribute
  2
MFG
 70
9
  0
ATTRIB
  5
3C6
330
17
100
AcDbEntity
  8
0
  6
Continuous
100
AcDbText
 10
12.15333815408958
 20
9.053481036930307
 30
0.0
 40
0.01
  1

  7
WD
 72
1
 11
12.15333815408958
 21
9.053481036930307
 31
0.0
100
AcDbAttribute
  2
CAT
 70
9
  0
ATTRIB
  5
3C7
330
17
100
AcDbEntity
  8
0
100
AcDbText
 10
12.12828488815123
 20
9.09765745279007
 30
0.0
 40
0.01
  1

  7
WD
 11
12.12828488815123
 21
9.09765745279007
 31
0.0
100
AcDbAttribute
  2
FAMILY
 70
9
  0
ATTRIB
  5
3C8
330
17
100
AcDbEntity
  8
0
100
AcDbText
 10
12.197500000000002
 20
9.388278904647665
 30
0.0
 40
0.125
  1

  7
WD
 41
0.7
 72
2
 11
12.197500000000002
 21
9.388278904647665
 31
0.0
100
AcDbAttribute
  2
DESC2
 70
1
  0
ATTRIB
  5
3C9
330
17
100
AcDbEntity
  8
0
100
AcDbText
 10
12.197500000000002
 20
9.54452533180122
 30
0.0
 40
0.125
  1

  7
WD
 41
0.7
 72
2
 11
12.197500000000002
 21
9.54452533180122
 31
0.0
100
AcDbAttribute
  2
DESC1
 70
1
  0
ATTRIB
  5
3CA
330
17
100
AcDbEntity
  8
0
100
AcDbText
 10
11.989166666666668
 20
9.12775
 30
0.0
 40
0.125
  1

  7
WD
 72
2
 11
12.197500000000002
 21
9.12775
 31
0.0
100
AcDbAttribute
  2
TAG1
 70
1
  0
ATTRIB
  5
3CB
330
17
100
AcDbEntity
  8
0
  6
Continuous
100
AcDbText
 10
12.307000000000002
 20
8.75275
 30
0.0
 40
0.125
  1

  7
WD
 11
12.307000000000002
 21
8.87775
 31
0.0
100
AcDbAttribute
  2
TERM01
 70
9
 74
3
  0
ATTRIB
  5
3CC
330
17
100
AcDbEntity
  8
0
100
AcDbText
 10
12.260000000000002
 20
8.94025
 30
0.0
 40
0.0125
  1

  7
WD
 11
12.260000000000002
 21
8.94025
 31
0.0
100
AcDbAttribute
  2
X8TERM01
 70
1
  0
ATTRIB
  5
3CD
330
17
100
AcDbEntity
  8
0
100
AcDbText
 10
12.260000000000002
 20
9.0965
 30
0.0
 40
0.0125
  1

  7
WD
 11
12.260000000000002
 21
9.0965
 31
0.0
100
AcDbAttribute
  2
X2TERM02
 70
1
  0
ATTRIB
  5
3CE
330
17
100
AcDbEntity
  8
0
  6
Continuous
100
AcDbText
 10
12.307000000000002
 20
9.0965
 30
0.0
 40
0.125
  1

  7
WD
 11
12.307000000000002
 21
9.0965
 31
0.0
100
AcDbAttribute
  2
TERM02
 70
9
  0
ATTRIB
  5
3CF
330
17
100
AcDbEntity
  8
0
100
AcDbText
 10
12.12828488815123
 20
9.079025320458438
 30
0.0
 40
0.01
  1

  7
WD
 11
12.12828488815123
 21
9.079025320458438
 31
0.0
100
AcDbAttribute
  2
WDBLKNAM
 70
9
  0
SEQEND
  5
3BD
330
3BC
100
AcDbEntity
  8
SLD_SYMS
  0
INSERT
  5
3D0
330
17
100
AcDbEntity
  8
SLD_SYMS
100
AcDbBlockReference
 66
1
  2
DEVICE_BUBBLE
 10
13.314000000000002
 20
15.318
 30
0.0
  0
ATTRIB
  5
3D2
330
17
100
AcDbEntity
  8
0
100
AcDbText
 10
13.142467910107976
 20
15.218951515790893
 30
0.0
 40
0.2
  1
86
  7
OpenSans
 11
13.142467910107976
 21
15.218951515790893
 31
0.0
100
AcDbAttribute
  2
DB
 70
0
280
1
  0
SEQEND
  5
3D1
330
3D0
100
AcDbEntity
  8
SLD_SYMS
  0
LINE
  5
3D3
330
17
100
AcDbEntity
  8
SLD_CONTROL
100
AcDbLine
 10
12.622000000000002
 20
15.318
 30
0.0
 11
13.097000000000001
 21
15.318
 31
0.0
  0
LINE
  5
3D4
330
17
100
AcDbEntity
  8
SLD_CONTROL
100
AcDbLine
 10
13.314000000000002
 20
15.100999999999999
 30
0.0
 11
13.314000000000002
 21
14.715
 31
0.0
  0
LWPOLYLINE
  5
3D5
330
17
100
AcDbEntity
  8
SLD_SYMS
100
AcDbPolyline
 90
4
 70
1
 10
13.007000000000001
 20
14.715
 10
14.185000000000002
 20
14.715
 10
14.185000000000002
 20
14.043
 10
13.007000000000001
 20
14.043
  0
LWPOLYLINE
  5
3D6
330
17
100
AcDbEntity
  8
SLD_CUBICLE
  6
DASHED
100
AcDbPolyline
 90
4
 70
1
 10
11.078000000000001
 20
12.465
 10
12.671000000000001
 20
12.465
 10
12.671000000000001
 20
9.912
 10
11.078000000000001
 20
9.912
  0
MTEXT
  5
3D7
330
17
100
AcDbEntity
  8
SLD_TEXT
100
AcDbMText
 10
12.260000000000002
 20
21.037
 30
0.0
 40
0.3
 41
0.0
 71
2
  1
UNIT 4
  0
MTEXT
  5
3D8
330
17
100
AcDbEntity
  8
SLD_TEXT
100
AcDbMText
 10
12.260000000000002
 20
20.173
 30
0.0
 40
0.3
 41
0.0
 71
2
  1
52-GEN4A
  0
MTEXT
  5
3D9
330
17
100
AcDbEntity
  8
SLD_TEXT
100
AcDbMText
 10
11.884000000000002
 20
15.408
 30
0.0
 40
0.093
 41
0.0
 71
1
  1
52-GEN4A\P17.5kV\P3150A\P40kA
  0
MTEXT
  5
3DA
330
17
100
AcDbEntity
  8
SLD_TEXT
100
AcDbMText
 10
13.596000000000002
 20
14.677
 30
0.0
 40
0.093
 41
0.0
 71
2
  1
SEL-751-GEN4A\PFEEDER\PPROTECTION\PRELAY
  0
MTEXT
  5
3DB
330
17
100
AcDbEntity
  8
SLD_TEXT
100
AcDbMText
 10
12.260000000000002
 20
8.87
 30
0.0
 40
0.093
 41
0.0
 71
2
  1
INCOMING 13.8KV\PLINE FROM GEN-4A
  0
LINE
  5
3DC
330
17
100
AcDbEntity
  8
SLD_WIRE
100
AcDbLine
 10
15.870000000000001
 20
18.583
 30
0.0
 11
15.870000000000001
 21
16.207
 31
0.0
  0
LINE
  5
3DD
330
17
100
AcDbEntity
  8
SLD_WIRE
100
AcDbLine
 10
15.870000000000001
 20
16.051
 30
0.0
 11
15.870000000000001
 21
15.622
 31
0.0
  0
LINE
  5
3DE
330
17
100
AcDbEntity
  8
SLD_WIRE
100
AcDbLine
 10
15.870000000000001
 20
14.701
 30
0.0
 11
15.870000000000001
 21
14.346
 31
0.0
  0
LINE
  5
3DF
330
17
100
AcDbEntity
  8
SLD_WIRE
100
AcDbLine
 10
15.870000000000001
 20
14.189
 30
0.0
 11
15.870000000000001
 21
9.097
 31
0.0
  0
INSERT
  5
3E0
330
17
100
AcDbEntity
  8
SLD_SYMS
100
AcDbBlockReference
  2
WDDOT
 10
15.870000000000001
 20
18.583
 30
0.0
  0
INSERT
  5
3E2
330
17
100
AcDbEntity
  8
SLD_SYMS
100
AcDbBlockReference
 66
1
  2
VFU1_1-
 10
17.301000000000002
 20
16.204
 30
0.0
  0
ATTRIB
  5
3E4
330
17
100
AcDbEntity
  8
0
100
AcDbText
 10
17.426000000000002
 20
16.48525
 30
0.0
 40
0.125
  1

  7
WD
 41
0.85
 11
17.426000000000002
 21
16.48525
 31
0.0
100
AcDbAttribute
  2
INST
 70
1
  0
ATTRIB
  5
3E5
330
17
100
AcDbEntity
  8
0
  6
Continuous
100
AcDbText
 10
17.14772036438161
 20
16.097850164162786
 30
0.0
 40
0.01
  1

  7
WD
 72
1
 11
17.14772036438161
 21
16.097850164162786
 31
0.0
100
AcDbAttribute
  2
ASSYCODE
 70
9
  0
ATTRIB
  5
3E6
330
17
100
AcDbEntity
  8
0
 62
7
100
AcDbText
 10
17.176000000000002
 20
16.204
 30
0.0
 40
0.01
  1

  7
WD
 11
17.176000000000002
 21
16.204
 31
0.0
100
AcDbAttribute
  2
X4LINK
 70
1
  0
ATTRIB
  5
3E7
330
17
100
AcDbEntity
  8
0
 62
7
100
AcDbText
 10
17.426000000000002
 20
16.204
 30
0.0
 40
0.01
  1

  7
WD
 11
17.426000000000002
 21
16.204
 31
0.0
100
AcDbAttribute
  2
X1LINK
 70
1
  0
ATTRIB
  5
3E8
330
17
100
AcDbEntity
  8
0
100
AcDbText
 10
17.144750000000002
 20
16.1415
 30
0.0
 40
0.125
  1
6A
  7
WD
 41
0.85
 72
2
 11
17.144750000000002
 21
16.1415
 31
0.0
100
AcDbAttribute
  2
RATING1
 70
0
  0
ATTRIB
  5
3E9
330
17
100
AcDbEntity
  8
0
100
AcDbText
 10
17.426000000000002
 20
15.79775
 30
0.0
 40
0.125
  1

  7
WD
 41
0.85
 11
17.426000000000002
 21
15.79775
 31
0.0
100
AcDbAttribute
  2
DESC2
 70
1
  0
ATTRIB
  5
3EA
330
17
100
AcDbEntity
  8
0
100
AcDbText
 10
17.426000000000002
 20
15.969625
 30
0.0
 40
0.125
  1

  7
WD
 41
0.85
 11
17.426000000000002
 21
15.969625
 31
0.0
100
AcDbAttribute
  2
DESC1
 70
1
  0
ATTRIB
  5
3EB
330
17
100
AcDbEntity
  8
0
100
AcDbText
 10
17.42794143797307
 20
16.14337500000005
 30
0.0
 40
0.125
  1

  7
WD
 41
0.85
 11
17.42794143797307
 21
16.14337500000005
 31
0.0
100
AcDbAttribute
  2
TAG1
 70
1
  0
ATTRIB
  5
3EC
330
17
100
AcDbEntity
  8
0
100
AcDbText
 10
17.426000000000002
 20
16.313375
 30
0.0
 40
0.125
  1

  7
WD
 41
0.85
 11
17.426000000000002
 21
16.313375
 31
0.0
100
AcDbAttribute
  2
LOC
 70
1
  0
ATTRIB
  5
3ED
330
17
100
AcDbEntity
  8
0
  6
Continuous
100
AcDbText
 10
17.158883081006998
 20
16.115873790861
 30
0.0
 40
0.01
  1

  7
WD
 72
2
 11
17.158883081006998
 21
16.115873790861
 31
0.0
100
AcDbAttribute
  2
MFG
 70
9
  0
ATTRIB
  5
3EE
330
17
100
AcDbEntity
  8
0
  6
Continuous
100
AcDbText
 10
17.158883081006998
 20
16.130873790861
 30
0.0
 40
0.01
  1

  7
WD
 72
2
 11
17.158883081006998
 21
16.130873790861
 31
0.0
100
AcDbAttribute
  2
CAT
 70
9
  0
ATTRIB
  5
3EF
330
17
100
AcDbEntity
  8
0
100
AcDbText
 10
17.14221641434033
 20
16.167540457527664
 30
0.0
 40
0.01
  1

  7
WD
 72
2
 11
17.158883081006998
 21
16.167540457527664
 31
0.0
100
AcDbAttribute
  2
FAMILY
 70
9
  0
ATTRIB
  5
3F0
330
17
100
AcDbEntity
  8
0
 62
7
100
AcDbText
 10
17.301000000000002
 20
16.04775
 30
0.0
 40
0.0125
  1

  7
WD
 11
17.301000000000002
 21
16.04775
 31
0.0
100
AcDbAttribute
  2
X8TERM02
 70
1
  0
ATTRIB
  5
3F1
330
17
100
AcDbEntity
  8
0
 62
7
100
AcDbText
 10
17.301000000000002
 20
16.36025
 30
0.0
 40
0.0125
  1

  7
WD
 11
17.301000000000002
 21
16.36025
 31
0.0
100
AcDbAttribute
  2
X2TERM01
 70
1
  0
ATTRIB
  5
3F2
330
17
100
AcDbEntity
  8
0
  6
Continuous
100
AcDbText
 10
17.260298778392006
 20
15.896802969349004
 30
0.0
 40
0.125
  1

  7
WD
 41
0.85
 72
2
 11
17.260298778392006
 21
16.021802969349004
 31
0.0
100
AcDbAttribute
  2
TERM02
 70
9
 74
3
  0
ATTRIB
  5
3F3
330
17
100
AcDbEntity
  8
0
  6
Continuous
100
AcDbText
 10
17.246029620844347
 20
16.379376616004922
 30
0.0
 40
0.125
  1

  7
WD
 41
0.85
 72
2
 11
17.246029620844347
 21
16.379376616004922
 31
0.0
100
AcDbAttribute
  2
TERM01
 70
9
  0
ATTRIB
  5
3F4
330
17
100
AcDbEntity
  8
0
100
AcDbText
 10
17.158883081006998
 20
16.050763117239445
 30
0.0
 40
0.01
  1

  7
WD
 72
2
 11
17.17221641434033
 21
16.050763117239445
 31
0.0
100
AcDbAttribute
  2
WDTYPE
 70
9
  0
ATTRIB
  5
3F5
330
17
100
AcDbEntity
  8
0
100
AcDbText
 10
17.426000000000002
 20
15.625875
 30
0.0
 40
0.125
  1

  7
WD
 41
0.85
 11
17.426000000000002
 21
15.625875
 31
0.0
100
AcDbAttribute
  2
DESC3
 70
1
  0
ATTRIB
  5
3F6
330
17
100
AcDbEntity
  8
0
100
AcDbText
 10
17.17221641434033
 20
16.035138117239445
 30
0.0
 40
0.01
  1

  7
WD
 72
2
 11
17.17221641434033
 21
16.035138117239445
 31
0.0
100
AcDbAttribute
  2
WDBLKNAM
 70
9
  0
SEQEND
  5
3E3
330
3E2
100
AcDbEntity
  8
SLD_SYMS
  0
INSERT
  5
3F7
330
17
100
AcDbEntity
  8
SLD_SYMS
100
AcDbBlockReference
 66
1
  2
VCN1PJ
 10
15.870000000000001
 20
16.144
 30
0.0
  0
ATTRIB
  5
3F9
330
17
100
AcDbEntity
  8
0
100
AcDbText
 10
16.09916666666667
 20
16.993801758954774
 30
0.0
 40
0.125
  1

  7
WD
 41
0.7
 72
2
 11
16.09916666666667
 21
16.993801758954774
 31
0.0
100
AcDbAttribute
  2
INST
 70
1
  0
ATTRIB
  5
3FA
330
17
100
AcDbEntity
  8
0
100
AcDbText
 10
15.883072926894988
 20
16.029359872741505
 30
0.0
 40
0.01
  1

  7
WD
 11
15.883072926894988
 21
16.029359872741505
 31
0.0
100
AcDbAttribute
  2
X8TERMDESC01
 70
1
  0
ATTRIB
  5
3FB
330
17
100
AcDbEntity
  8
0
100
AcDbText
 10
15.896145864499054
 20
16.185609867770694
 30
0.0
 40
0.01
  1

  7
WD
 11
15.896145864499054
 21
16.185609867770694
 31
0.0
100
AcDbAttribute
  2
X2TERMDESC02
 70
1
  0
ATTRIB
  5
3FC
330
17
100
AcDbEntity
  8
0
  6
Continuous
100
AcDbText
 10
15.760924736372425
 20
16.130056517835843
 30
0.0
 40
0.01
  1

  7
WD
 72
1
 11
15.760924736372425
 21
16.130056517835843
 31
0.0
100
AcDbAttribute
  2
ASSYCODE
 70
9
  0
ATTRIB
  5
3FD
330
17
100
AcDbEntity
  8
0
100
AcDbText
 10
15.745000000000001
 20
16.0815
 30
0.0
 40
0.01
  1

  7
WD
 11
15.745000000000001
 21
16.0815
 31
0.0
100
AcDbAttribute
  2
X4LINK
 70
1
  0
ATTRIB
  5
3FE
330
17
100
AcDbEntity
  8
0
100
AcDbText
 10
15.995000000000001
 20
16.0815
 30
0.0
 40
0.01
  1

  7
WD
 11
15.995000000000001
 21
16.0815
 31
0.0
100
AcDbAttribute
  2
X1LINK
 70
1
  0
ATTRIB
  5
3FF
330
17
100
AcDbEntity
  8
0
100
AcDbText
 10
15.807500000000001
 20
16.82420175895477
 30
0.0
 40
0.125
  1

  7
WD
 41
0.7
 72
2
 11
15.807500000000001
 21
16.82420175895477
 31
0.0
100
AcDbAttribute
  2
LOC
 70
1
  0
ATTRIB
  5
400
330
17
100
AcDbEntity
  8
0
  6
Continuous
100
AcDbText
 10
15.76139310844966
 20
16.144039283222853
 30
0.0
 40
0.01
  1

  7
WD
 72
1
 11
15.76139310844966
 21
16.144039283222853
 31
0.0
100
AcDbAttribute
  2
MFG
 70
9
  0
ATTRIB
  5
401
330
17
100
AcDbEntity
  8
0
  6
Continuous
100
AcDbText
 10
15.76333815408958
 20
16.163481036930303
 30
0.0
 40
0.01
  1

  7
WD
 72
1
 11
15.76333815408958
 21
16.163481036930303
 31
0.0
100
AcDbAttribute
  2
CAT
 70
9
  0
ATTRIB
  5
402
330
17
100
AcDbEntity
  8
0
100
AcDbText
 10
15.73828488815123
 20
16.207657452790066
 30
0.0
 40
0.01
  1

  7
WD
 11
15.73828488815123
 21
16.207657452790066
 31
0.0
100
AcDbAttribute
  2
FAMILY
 70
9
  0
ATTRIB
  5
403
330
17
100
AcDbEntity
  8
0
100
AcDbText
 10
15.807500000000001
 20
16.498278904647663
 30
0.0
 40
0.125
  1

  7
WD
 41
0.7
 72
2
 11
15.807500000000001
 21
16.498278904647663
 31
0.0
100
AcDbAttribute
  2
DESC2
 70
1
  0
ATTRIB
  5
404
330
17
100
AcDbEntity
  8
0
100
AcDbText
 10
15.807500000000001
 20
16.654525331801217
 30
0.0
 40
0.125
  1

  7
WD
 41
0.7
 72
2
 11
15.807500000000001
 21
16.654525331801217
 31
0.0
100
AcDbAttribute
  2
DESC1
 70
1
  0
ATTRIB
  5
405
330
17
100
AcDbEntity
  8
0
100
AcDbText
 10
15.599166666666667
 20
16.23775
 30
0.0
 40
0.125
  1

  7
WD
 72
2
 11
15.807500000000001
 21
16.23775
 31
0.0
100
AcDbAttribute
  2
TAG1
 70
1
  0
ATTRIB
  5
406
330
17
100
AcDbEntity
  8
0
  6
Continuous
100
AcDbText
 10
15.917000000000002
 20
15.862749999999998
 30
0.0
 40
0.125
  1

  7
WD
 11
15.917000000000002
 21
15.987749999999998
 31
0.0
100
AcDbAttribute
  2
TERM01
 70
9
 74
3
  0
ATTRIB
  5
407
330
17
100
AcDbEntity
  8
0
100
AcDbText
 10
15.870000000000001
 20
16.05025
 30
0.0
 40
0.0125
  1

  7
WD
 11
15.870000000000001
 21
16.05025
 31
0.0
100
AcDbAttribute
  2
X8TERM01
 70
1
  0
ATTRIB
  5
408
330
17
100
AcDbEntity
  8
0
100
AcDbText
 10
15.870000000000001
 20
16.2065
 30
0.0
 40
0.0125
  1

  7
WD
 11
15.870000000000001
 21
16.2065
 31
0.0
100
AcDbAttribute
  2
X2TERM02
 70
1
  0
ATTRIB
  5
409
330
17
100
AcDbEntity
  8
0
  6
Continuous
100
AcDbText
 10
15.917000000000002
 20
16.2065
 30
0.0
 40
0.125
  1

  7
WD
 11
15.917000000000002
 21
16.2065
 31
0.0
100
AcDbAttribute
  2
TERM02
 70
9
  0
ATTRIB
  5
40A
330
17
100
AcDbEntity
  8
0
100
AcDbText
 10
15.73828488815123
 20
16.189025320458434
 30
0.0
 40
0.01
  1

  7
WD
 11
15.73828488815123
 21
16.189025320458434
 31
0.0
100
AcDbAttribute
  2
WDBLKNAM
 70
9
  0
SEQEND
  5
3F8
330
3F7
100
AcDbEntity
  8
SLD_SYMS
  0
LWPOLYLINE
  5
40B
330
17
100
AcDbEntity
  8
SLD_SYMS
100
AcDbPolyline
 90
4
 70
1
 10
15.455000000000002
 20
15.622
 10
16.232000000000003
 20
15.622
 10
16.232000000000003
 20
14.701
 10
15.455000000000002
 20
14.701
  0
INSERT
  5
40C
330
17
100
AcDbEntity
  8
SLD_SYMS
100
AcDbBlockReference
 66
1
  2
VCN1PJ
 10
15.870000000000001
 20
14.252
 30
0.0
 50
180.0
  0
ATTRIB
  5
40E
330
17
100
AcDbEntity
  8
0
100
AcDbText
 10
15.640833333333335
 20
13.402198241045227
 30
0.0
 40
0.125
  1

 50
180.0
  7
WD
 41
0.7
 72
2
 11
15.640833333333335
 21
13.402198241045227
 31
0.0
100
AcDbAttribute
  2
INST
 70
1
  0
ATTRIB
  5
40F
330
17
100
AcDbEntity
  8
0
100
AcDbText
 10
15.856927073105014
 20
14.366640127258496
 30
0.0
 40
0.01
  1

 50
180.0
  7
WD
 11
15.856927073105014
 21
14.366640127258496
 31
0.0
100
AcDbAttribute
  2
X8TERMDESC01
 70
1
  0
ATTRIB
  5
410
330
17
100
AcDbEntity
  8
0
100
AcDbText
 10
15.843854135500948
 20
14.210390132229305
 30
0.0
 40
0.01
  1

 50
180.0
  7
WD
 11
15.843854135500948
 21
14.210390132229305
 31
0.0
100
AcDbAttribute
  2
X2TERMDESC02
 70
1
  0
ATTRIB
  5
411
330
17
100
AcDbEntity
  8
0
  6
Continuous
100
AcDbText
 10
15.979075263627577
 20
14.265943482164156
 30
0.0
 40
0.01
  1

 50
180.0
  7
WD
 72
1
 11
15.979075263627577
 21
14.265943482164156
 31
0.0
100
AcDbAttribute
  2
ASSYCODE
 70
9
  0
ATTRIB
  5
412
330
17
100
AcDbEntity
  8
0
100
AcDbText
 10
15.995000000000001
 20
14.3145
 30
0.0
 40
0.01
  1

 50
180.0
  7
WD
 11
15.995000000000001
 21
14.3145
 31
0.0
100
AcDbAttribute
  2
X4LINK
 70
1
  0
ATTRIB
  5
413
330
17
100
AcDbEntity
  8
0
100
AcDbText
 10
15.745000000000001
 20
14.3145
 30
0.0
 40
0.01
  1

 50
180.0
  7
WD
 11
15.745000000000001
 21
14.3145
 31
0.0
100
AcDbAttribute
  2
X1LINK
 70
1
  0
ATTRIB
  5
414
330
17
100
AcDbEntity
  8
0
100
AcDbText
 10
15.932500000000001
 20
13.571798241045226
 30
0.0
 40
0.125
  1

 50
180.0
  7
WD
 41
0.7
 72
2
 11
15.932500000000001
 21
13.571798241045226
 31
0.0
100
AcDbAttribute
  2
LOC
 70
1
  0
ATTRIB
  5
415
330
17
100
AcDbEntity
  8
0
  6
Continuous
100
AcDbText
 10
15.978606891550342
 20
14.251960716777145
 30
0.0
 40
0.01
  1

 50
180.0
  7
WD
 72
1
 11
15.978606891550342
 21
14.251960716777145
 31
0.0
100
AcDbAttribute
  2
MFG
 70
9
  0
ATTRIB
  5
416
330
17
100
AcDbEntity
  8
0
  6
Continuous
100
AcDbText
 10
15.976661845910423
 20
14.232518963069694
 30
0.0
 40
0.01
  1

 50
180.0
  7
WD
 72
1
 11
15.976661845910423
 21
14.232518963069694
 31
0.0
100
AcDbAttribute
  2
CAT
 70
9
  0
ATTRIB
  5
417
330
17
100
AcDbEntity
  8
0
100
AcDbText
 10
16.001715111848775
 20
14.188342547209931
 30
0.0
 40
0.01
  1

 50
180.0
  7
WD
 11
16.001715111848775
 21
14.188342547209931
 31
0.0
100
AcDbAttribute
  2
FAMILY
 70
9
  0
ATTRIB
  5
418
330
17
100
AcDbEntity
  8
0
100
AcDbText
 10
15.932500000000001
 20
13.897721095352336
 30
0.0
 40
0.125
  1

 50
180.0
  7
WD
 41
0.7
 72
2
 11
15.932500000000001
 21
13.897721095352336
 31
0.0
100
AcDbAttribute
  2
DESC2
 70
1
  0
ATTRIB
  5
419
330
17
100
AcDbEntity
  8
0
100
AcDbText
 10
15.932500000000001
 20
13.741474668198782
 30
0.0
 40
0.125
  1

 50
180.0
  7
WD
 41
0.7
 72
2
 11
15.932500000000001
 21
13.741474668198782
 31
0.0
100
AcDbAttribute
  2
DESC1
 70
1
  0
ATTRIB
  5
41A
330
17
100
AcDbEntity
  8
0
100
AcDbText
 10
16.140833333333333
 20
14.15825
 30
0.0
 40
0.125
  1

 50
180.0
  7
WD
 72
2
 11
15.932500000000001
 21
14.15825
 31
0.0
100
AcDbAttribute
  2
TAG1
 70
1
  0
ATTRIB
  5
41B
330
17
100
AcDbEntity
  8
0
  6
Continuous
100
AcDbText
 10
15.823
 20
14.53325
 30
0.0
 40
0.125
  1

 50
180.0
  7
WD
 11
15.823
 21
14.40825
 31
0.0
100
AcDbAttribute
  2
TERM01
 70
9
 74
3
  0
ATTRIB
  5
41C
330
17
100
AcDbEntity
  8
0
100
AcDbText
 10
15.870000000000001
 20
14.34575
 30
0.0
 40
0.0125
  1

 50
180.0
  7
WD
 11
15.870000000000001
 21
14.34575
 31
0.0
100
AcDbAttribute
  2
X8TERM01
 70
1
  0
ATTRIB
  5
41D
330
17
100
AcDbEntity
  8
0
100
AcDbText
 10
15.870000000000001
 20
14.1895
 30
0.0
 40
0.0125
  1

 50
180.0
  7
WD
 11
15.870000000000001
 21
14.1895
 31
0.0
100
AcDbAttribute
  2
X2TERM02
 70
1
  0
ATTRIB
  5
41E
330
17
100
AcDbEntity
  8
0
  6
Continuous
100
AcDbText
 10
15.823
 20
14.1895
 30
0.0
 40
0.125
  1

 50
180.0
  7
WD
 11
15.823
 21
14.1895
 31
0.0
100
AcDbAttribute
  2
TERM02
 70
9
  0
ATTRIB
  5
41F
330
17
100
AcDbEntity
  8
0
100
AcDbText
 10
16.001715111848775
 20
14.206974679541563
 30
0.0
 40
0.01
  1

 50
180.0
  7
WD
 11
16.001715111848775
 21
14.206974679541563
 31
0.0
100
AcDbAttribute
  2
WDBLKNAM
 70
9
  0
SEQEND
  5
40D
330
40C
100
AcDbEntity
  8
SLD_SYMS
  0
INSERT
  5
420
330
17
100
AcDbEntity
  8
SLD_SYMS
100
AcDbBlockReference
  2
ARRESTER
 10
15.868
 20
13.359
 30
0.0
  0
INSERT
  5
422
330
17
100
AcDbEntity
  8
SLD_SYMS
100
AcDbBlockReference
 66
1
  2
VXF1CT
 10
16.060000000000002
 20
12.007
 30
0.0
  0
ATTRIB
  5
424
330
17
100
AcDbEntity
  8
0
100
AcDbText
 10
15.83291666666667
 20
11.585125
 30
0.0
 40
0.125
  1

  7
WD
 41
0.7
 72
1
 11
15.83291666666667
 21
11.585125
 31
0.0
100
AcDbAttribute
  2
INST
 70
1
  0
ATTRIB
  5
425
330
17
100
AcDbEntity
  8
0
100
AcDbText
 10
16.060000000000002
 20
11.723826474599724
 30
0.0
 40
0.0125
  1

  7
WD
 11
16.060000000000002
 21
11.723826474599724
 31
0.0
100
AcDbAttribute
  2
X8TERM01
 70
1
  0
ATTRIB
  5
426
330
17
100
AcDbEntity
  8
0
100
AcDbText
 10
16.09221176270014
 20
11.756038237299862
 30
0.0
 40
0.0125
  1

  7
WD
 11
16.09221176270014
 21
11.756038237299862
 31
0.0
100
AcDbAttribute
  2
X1TERM01
 70
1
  0
ATTRIB
  5
427
330
17
100
AcDbEntity
  8
0
  6
Continuous
100
AcDbText
 10
16.005062169619045
 20
11.776456032263782
 30
0.0
 40
0.125
  1

  7
WD
 72
2
 11
16.005062169619045
 21
11.776456032263782
 31
0.0
100
AcDbAttribute
  2
TERM01
 70
9
  0
ATTRIB
  5
428
330
17
100
AcDbEntity
  8
0
  6
Continuous
100
AcDbText
 10
16.01500691695107
 20
12.273965784883833
 30
0.0
 40
0.125
  1

  7
WD
 72
2
 11
16.01500691695107
 21
12.273965784883833
 31
0.0
100
AcDbAttribute
  2
TERM02
 70
9
  0
ATTRIB
  5
429
330
17
100
AcDbEntity
  8
0
100
AcDbText
 10
16.09221176270014
 20
12.256038237299862
 30
0.0
 40
0.0125
  1

  7
WD
 11
16.09221176270014
 21
12.256038237299862
 31
0.0
100
AcDbAttribute
  2
X1TERM02
 70
1
  0
ATTRIB
  5
42A
330
17
100
AcDbEntity
  8
0
100
AcDbText
 10
16.060000000000002
 20
12.28825
 30
0.0
 40
0.0125
  1

  7
WD
 11
16.060000000000002
 21
12.28825
 31
0.0
100
AcDbAttribute
  2
X2TERM02
 70
1
  0
ATTRIB
  5
42B
330
17
100
AcDbEntity
  8
0
100
AcDbText
 10
16.341250000000002
 20
11.882
 30
0.0
 40
0.125
  1

  7
WD
 41
0.7
 11
16.341250000000002
 21
11.882
 31
0.0
100
AcDbAttribute
  2
RATING1
 70
1
  0
ATTRIB
  5
42C
330
17
100
AcDbEntity
  8
0
100
AcDbText
 10
16.341250000000002
 20
12.03825
 30
0.0
 40
0.125
  1

  7
WD
 11
16.341250000000002
 21
12.03825
 31
0.0
100
AcDbAttribute
  2
TAG1
 70
1
  0
ATTRIB
  5
42D
330
17
100
AcDbEntity
  8
0
100
AcDbText
 10
15.859470622272793
 20
11.24970533180122
 30
0.0
 40
0.125
  1
400:5A (3)
  7
WD
 41
0.7
 72
1
 11
15.859470622272793
 21
11.24970533180122
 31
0.0
100
AcDbAttribute
  2
DESC1
 70
0
  0
ATTRIB
  5
42E
330
17
100
AcDbEntity
  8
0
100
AcDbText
 10
15.859470622272793
 20
11.093458904647663
 30
0.0
 40
0.125
  1
CT 5P20
  7
WD
 41
0.7
 72
1
 11
15.859470622272793
 21
11.093458904647663
 31
0.0
100
AcDbAttribute
  2
DESC2
 70
0
  0
ATTRIB
  5
42F
330
17
100
AcDbEntity
  8
0
100
AcDbText
 10
15.859470622272793
 20
11.405951758954775
 30
0.0
 40
0.125
  1

  7
WD
 41
0.7
 72
1
 11
15.859470622272793
 21
11.405951758954775
 31
0.0
100
AcDbAttribute
  2
LOC
 70
1
  0
ATTRIB
  5
430
330
17
100
AcDbEntity
  8
0
  6
Continuous
100
AcDbText
 10
15.889069824898975
 20
12.125955350386372
 30
0.0
 40
0.01
  1

  7
WD
 72
1
 11
15.889069824898975
 21
12.125955350386372
 31
0.0
100
AcDbAttribute
  2
ASSYCODE
 70
9
  0
ATTRIB
  5
431
330
17
100
AcDbEntity
  8
0
100
AcDbText
 10
15.867291666666668
 20
11.960125
 30
0.0
 40
0.125
  1

  7
WD
 72
1
 11
16.013125000000002
 21
11.960125
 31
0.0
100
AcDbAttribute
  2
TYPE
 70
1
  0
ATTRIB
  5
432
330
17
100
AcDbEntity
  8
0
100
AcDbText
 10
15.864192775900369
 20
12.197690293718368
 30
0.0
 40
0.01
  1

  7
WD
 11
15.864192775900369
 21
12.197690293718368
 31
0.0
100
AcDbAttribute
  2
FAMILY
 70
9
  0
ATTRIB
  5
433
330
17
100
AcDbEntity
  8
0
  6
Continuous
100
AcDbText
 10
15.88924604183872
 20
12.169138877858606
 30
0.0
 40
0.01
  1

  7
WD
 72
1
 11
15.88924604183872
 21
12.169138877858606
 31
0.0
100
AcDbAttribute
  2
CAT
 70
9
  0
ATTRIB
  5
434
330
17
100
AcDbEntity
  8
0
  6
Continuous
100
AcDbText
 10
15.887300996198801
 20
12.149697124151155
 30
0.0
 40
0.01
  1

  7
WD
 72
1
 11
15.887300996198801
 21
12.149697124151155
 31
0.0
100
AcDbAttribute
  2
MFG
 70
9
  0
SEQEND
  5
423
330
422
100
AcDbEntity
  8
SLD_SYMS
  0
INSERT
  5
435
330
17
100
AcDbEntity
  8
SLD_SYMS
100
AcDbBlockReference
  2
WDDOT
 10
15.920000000000002
 20
12.325
 30
0.0
  0
MTEXT
  5
437
330
17
100
AcDbEntity
  8
SLD_TEXT
100
AcDbMText
 10
15.093000000000002
 20
11.774
 30
0.0
 40
0.1
 41
0.0
 71
2
  1
1%%C
  0
INSERT
  5
438
330
17
100
AcDbEntity
  8
SLD_SYMS
100
AcDbBlockReference
 66
1
  2
VXF1CT
 10
16.060000000000002
 20
10.308
 30
0.0
  0
ATTRIB
  5
43A
330
17
100
AcDbEntity
  8
0
100
AcDbText
 10
15.83291666666667
 20
9.886125
 30
0.0
 40
0.125
  1

  7
WD
 41
0.7
 72
1
 11
15.83291666666667
 21
9.886125
 31
0.0
100
AcDbAttribute
  2
INST
 70
1
  0
ATTRIB
  5
43B
330
17
100
AcDbEntity
  8
0
100
AcDbText
 10
16.060000000000002
 20
10.024826474599724
 30
0.0
 40
0.0125
  1

  7
WD
 11
16.060000000000002
 21
10.024826474599724
 31
0.0
100
AcDbAttribute
  2
X8TERM01
 70
1
  0
ATTRIB
  5
43C
330
17
100
AcDbEntity
  8
0
100
AcDbText
 10
16.09221176270014
 20
10.057038237299862
 30
0.0
 40
0.0125
  1

  7
WD
 11
16.09221176270014
 21
10.057038237299862
 31
0.0
100
AcDbAttribute
  2
X1TERM01
 70
1
  0
ATTRIB
  5
43D
330
17
100
AcDbEntity
  8
0
  6
Continuous
100
AcDbText
 10
16.005062169619045
 20
10.077456032263783
 30
0.0
 40
0.125
  1

  7
WD
 72
2
 11
16.005062169619045
 21
10.077456032263783
 31
0.0
100
AcDbAttribute
  2
TERM01
 70
9
  0
ATTRIB
  5
43E
330
17
100
AcDbEntity
  8
0
  6
Continuous
100
AcDbText
 10
16.01500691695107
 20
10.574965784883833
 30
0.0
 40
0.125
  1

  7
WD
 72
2
 11
16.01500691695107
 21
10.574965784883833
 31
0.0
100
AcDbAttribute
  2
TERM02
 70
9
  0
ATTRIB
  5
43F
330
17
100
AcDbEntity
  8
0
100
AcDbText
 10
16.09221176270014
 20
10.557038237299862
 30
0.0
 40
0.0125
  1

  7
WD
 11
16.09221176270014
 21
10.557038237299862
 31
0.0
100
AcDbAttribute
  2
X1TERM02
 70
1
  0
ATTRIB
  5
440
330
17
100
AcDbEntity
  8
0
100
AcDbText
 10
16.060000000000002
 20
10.58925
 30
0.0
 40
0.0125
  1

  7
WD
 11
16.060000000000002
 21
10.58925
 31
0.0
100
AcDbAttribute
  2
X2TERM02
 70
1
  0
ATTRIB
  5
441
330
17
100
AcDbEntity
  8
0
100
AcDbText
 10
16.341250000000002
 20
10.183
 30
0.0
 40
0.125
  1

  7
WD
 41
0.7
 11
16.341250000000002
 21
10.183
 31
0.0
100
AcDbAttribute
  2
RATING1
 70
1
  0
ATTRIB
  5
442
330
17
100
AcDbEntity
  8
0
100
AcDbText
 10
16.341250000000002
 20
10.33925
 30
0.0
 40
0.125
  1

  7
WD
 11
16.341250000000002
 21
10.33925
 31
0.0
100
AcDbAttribute
  2
TAG1
 70
1
  0
ATTRIB
  5
443
330
17
100
AcDbEntity
  8
0
100
AcDbText
 10
15.859470622272793
 20
9.550705331801218
 30
0.0
 40
0.125
  1
3000:5A (3)
  7
WD
 41
0.7
 72
1
 11
15.859470622272793
 21
9.550705331801218
 31
0.0
100
AcDbAttribute
  2
DESC1
 70
0
  0
ATTRIB
  5
444
330
17
100
AcDbEntity
  8
0
100
AcDbText
 10
15.859470622272793
 20
9.394458904647664
 30
0.0
 40
0.125
  1
CT 5P20
  7
WD
 41
0.7
 72
1
 11
15.859470622272793
 21
9.394458904647664
 31
0.0
100
AcDbAttribute
  2
DESC2
 70
0
  0
ATTRIB
  5
445
330
17
100
AcDbEntity
  8
0
100
AcDbText
 10
15.859470622272793
 20
9.706951758954773
 30
0.0
 40
0.125
  1

  7
WD
 41
0.7
 72
1
 11
15.859470622272793
 21
9.706951758954773
 31
0.0
100
AcDbAttribute
  2
LOC
 70
1
  0
ATTRIB
  5
446
330
17
100
AcDbEntity
  8
0
  6
Continuous
100
AcDbText
 10
15.889069824898975
 20
10.426955350386372
 30
0.0
 40
0.01
  1

  7
WD
 72
1
 11
15.889069824898975
 21
10.426955350386372
 31
0.0
100
AcDbAttribute
  2
ASSYCODE
 70
9
  0
ATTRIB
  5
447
330
17
100
AcDbEntity
  8
0
100
AcDbText
 10
15.867291666666668
 20
10.261125
 30
0.0
 40
0.125
  1

  7
WD
 72
1
 11
16.013125000000002
 21
10.261125
 31
0.0
100
AcDbAttribute
  2
TYPE
 70
1
  0
ATTRIB
  5
448
330
17
100
AcDbEntity
  8
0
100
AcDbText
 10
15.864192775900369
 20
10.498690293718369
 30
0.0
 40
0.01
  1

  7
WD
 11
15.864192775900369
 21
10.498690293718369
 31
0.0
100
AcDbAttribute
  2
FAMILY
 70
9
  0
ATTRIB
  5
449
330
17
100
AcDbEntity
  8
0
  6
Continuous
100
AcDbText
 10
15.88924604183872
 20
10.470138877858606
 30
0.0
 40
0.01
  1

  7
WD
 72
1
 11
15.88924604183872
 21
10.470138877858606
 31
0.0
100
AcDbAttribute
  2
CAT
 70
9
  0
ATTRIB
  5
44A
330
17
100
AcDbEntity
  8
0
  6
Continuous
100
AcDbText
 10
15.887300996198801
 20
10.450697124151155
 30
0.0
 40
0.01
  1

  7
WD
 72
1
 11
15.887300996198801
 21
10.450697124151155
 31
0.0
100
AcDbAttribute
  2
MFG
 70
9
  0
SEQEND
  5
439
330
438
100
AcDbEntity
  8
SLD_SYMS
  0
INSERT
  5
44B
330
17
100
AcDbEntity
  8
SLD_SYMS
100
AcDbBlockReference
  2
WDDOT
 10
15.914000000000001
 20
10.606
 30
0.0
  0
MTEXT
  5
44D
330
17
100
AcDbEntity
  8
SLD_TEXT
100
AcDbMText
 10
15.093000000000002
 20
10.08
 30
0.0
 40
0.1
 41
0.0
 71
2
  1
1%%C
  0
INSERT
  5
44E
330
17
100
AcDbEntity
  8
SLD_SYMS
100
AcDbBlockReference
 66
1
  2
VCN1PJ
 10
15.870000000000001
 20
9.034
 30
0.0
  0
ATTRIB
  5
450
330
17
100
AcDbEntity
  8
0
100
AcDbText
 10
16.09916666666667
 20
9.883801758954775
 30
0.0
 40
0.125
  1

  7
WD
 41
0.7
 72
2
 11
16.09916666666667
 21
9.883801758954775
 31
0.0
100
AcDbAttribute
  2
INST
 70
1
  0
ATTRIB
  5
451
330
17
100
AcDbEntity
  8
0
100
AcDbText
 10
15.883072926894988
 20
8.919359872741506
 30
0.0
 40
0.01
  1

  7
WD
 11
15.883072926894988
 21
8.919359872741506
 31
0.0
100
AcDbAttribute
  2
X8TERMDESC01
 70
1
  0
ATTRIB
  5
452
330
17
100
AcDbEntity
  8
0
100
AcDbText
 10
15.896145864499054
 20
9.075609867770696
 30
0.0
 40
0.01
  1

  7
WD
 11
15.896145864499054
 21
9.075609867770696
 31
0.0
100
AcDbAttribute
  2
X2TERMDESC02
 70
1
  0
ATTRIB
  5
453
330
17
100
AcDbEntity
  8
0
  6
Continuous
100
AcDbText
 10
15.760924736372425
 20
9.020056517835846
 30
0.0
 40
0.01
  1

  7
WD
 72
1
 11
15.760924736372425
 21
9.020056517835846
 31
0.0
100
AcDbAttribute
  2
ASSYCODE
 70
9
  0
ATTRIB
  5
454
330
17
100
AcDbEntity
  8
0
100
AcDbText
 10
15.745000000000001
 20
8.9715
 30
0.0
 40
0.01
  1

  7
WD
 11
15.745000000000001
 21
8.9715
 31
0.0
100
AcDbAttribute
  2
X4LINK
 70
1
  0
ATTRIB
  5
455
330
17
100
AcDbEntity
  8
0
100
AcDbText
 10
15.995000000000001
 20
8.9715
 30
0.0
 40
0.01
  1

  7
WD
 11
15.995000000000001
 21
8.9715
 31
0.0
100
AcDbAttribute
  2
X1LINK
 70
1
  0
ATTRIB
  5
456
330
17
100
AcDbEntity
  8
0
100
AcDbText
 10
15.807500000000001
 20
9.714201758954776
 30
0.0
 40
0.125
  1

  7
WD
 41
0.7
 72
2
 11
15.807500000000001
 21
9.714201758954776
 31
0.0
100
AcDbAttribute
  2
LOC
 70
1
  0
ATTRIB
  5
457
330
17
100
AcDbEntity
  8
0
  6
Continuous
100
AcDbText
 10
15.76139310844966
 20
9.034039283222857
 30
0.0
 40
0.01
  1

  7
WD
 72
1
 11
15.76139310844966
 21
9.034039283222857
 31
0.0
100
AcDbAttribute
  2
MFG
 70
9
  0
ATTRIB
  5
458
330
17
100
AcDbEntity
  8
0
  6
Continuous
100
AcDbText
 10
15.76333815408958
 20
9.053481036930307
 30
0.0
 40
0.01
  1

  7
WD
 72
1
 11
15.76333815408958
 21
9.053481036930307
 31
0.0
100
AcDbAttribute
  2
CAT
 70
9
  0
ATTRIB
  5
459
330
17
100
AcDbEntity
  8
0
100
AcDbText
 10
15.73828488815123
 20
9.09765745279007
 30
0.0
 40
0.01
  1

  7
WD
 11
15.73828488815123
 21
9.09765745279007
 31
0.0
100
AcDbAttribute
  2
FAMILY
 70
9
  0
ATTRIB
  5
45A
330
17
100
AcDbEntity
  8
0
100
AcDbText
 10
15.807500000000001
 20
9.388278904647665
 30
0.0
 40
0.125
  1

  7
WD
 41
0.7
 72
2
 11
15.807500000000001
 21
9.388278904647665
 31
0.0
100
AcDbAttribute
  2
DESC2
 70
1
  0
ATTRIB
  5
45B
330
17
100
AcDbEntity
  8
0
100
AcDbText
 10
15.807500000000001
 20
9.54452533180122
 30
0.0
 40
0.125
  1

  7
WD
 41
0.7
 72
2
 11
15.807500000000001
 21
9.54452533180122
 31
0.0
100
AcDbAttribute
  2
DESC1
 70
1
  0
ATTRIB
  5
45C
330
17
100
AcDbEntity
  8
0
100
AcDbText
 10
15.599166666666667
 20
9.12775
 30
0.0
 40
0.125
  1

  7
WD
 72
2
 11
15.807500000000001
 21
9.12775
 31
0.0
100
AcDbAttribute
  2
TAG1
 70
1
  0
ATTRIB
  5
45D
330
17
100
AcDbEntity
  8
0
  6
Continuous
100
AcDbText
 10
15.917000000000002
 20
8.75275
 30
0.0
 40
0.125
  1

  7
WD
 11
15.917000000000002
 21
8.87775
 31
0.0
100
AcDbAttribute
  2
TERM01
 70
9
 74
3
  0
ATTRIB
  5
45E
330
17
100
AcDbEntity
  8
0
100
AcDbText
 10
15.870000000000001
 20
8.94025
 30
0.0
 40
0.0125
  1

  7
WD
 11
15.870000000000001
 21
8.94025
 31
0.0
100
AcDbAttribute
  2
X8TERM01
 70
1
  0
ATTRIB
  5
45F
330
17
100
AcDbEntity
  8
0
100
AcDbText
 10
15.870000000000001
 20
9.0965
 30
0.0
 40
0.0125
  1

  7
WD
 11
15.870000000000001
 21
9.0965
 31
0.0
100
AcDbAttribute
  2
X2TERM02
 70
1
  0
ATTRIB
  5
460
330
17
100
AcDbEntity
  8
0
  6
Continuous
100
AcDbText
 10
15.917000000000002
 20
9.0965
 30
0.0
 40
0.125
  1

  7
WD
 11
15.917000000000002
 21
9.0965
 31
0.0
100
AcDbAttribute
  2
TERM02
 70
9
  0
ATTRIB
  5
461
330
17
100
AcDbEntity
  8
0
100
AcDbText
 10
15.73828488815123
 20
9.079025320458438
 30
0.0
 40
0.01
  1

  7
WD
 11
15.73828488815123
 21
9.079025320458438
 31
0.0
100
AcDbAttribute
  2
WDBLKNAM
 70
9
  0
SEQEND
  5
44F
330
44E
100
AcDbEntity
  8
SLD_SYMS
  0
INSERT
  5
462
330
17
100
AcDbEntity
  8
SLD_SYMS
100
AcDbBlockReference
 66
1
  2
DEVICE_BUBBLE
 10
16.924
 20
15.318
 30
0.0
  0
ATTRIB
  5
464
330
17
100
AcDbEntity
  8
0
100
AcDbText
 10
16.752467910107974
 20
15.218951515790893
 30
0.0
 40
0.2
  1
86
  7
OpenSans
 11
16.752467910107974
 21
15.218951515790893
 31
0.0
100
AcDbAttribute
  2
DB
 70
0
280
1
  0
SEQEND
  5
463
330
462
100
AcDbEntity
  8
SLD_SYMS
  0
LINE
  5
465
330
17
100
AcDbEntity
  8
SLD_CONTROL
100
AcDbLine
 10
16.232
 20
15.318
 30
0.0
 11
16.707
 21
15.318
 31
0.0
  0
LINE
  5
466
330
17
100
AcDbEntity
  8
SLD_CONTROL
100
AcDbLine
 10
16.924
 20
15.100999999999999
 30
0.0
 11
16.924
 21
14.715
 31
0.0
  0
LWPOLYLINE
  5
467
330
17
100
AcDbEntity
  8
SLD_SYMS
100
AcDbPolyline
 90
4
 70
1
 10
16.617
 20
14.715
 10
17.795
 20
14.715
 10
17.795
 20
14.043
 10
16.617
 20
14.043
  0
LWPOLYLINE
  5
468
330
17
100
AcDbEntity
  8
SLD_CUBICLE
  6
DASHED
100
AcDbPolyline
 90
4
 70
1
 10
14.688
 20
12.465
 10
16.281
 20
12.465
 10
16.281
 20
9.912
 10
14.688
 20
9.912
  0
MTEXT
  5
469
330
17
100
AcDbEntity
  8
SLD_TEXT
100
AcDbMText
 10
15.870000000000001
 20
21.037
 30
0.0
 40
0.3
 41
0.0
 71
2
  1
UNIT 5
  0
MTEXT
  5
46A
330
17
100
AcDbEntity
  8
SLD_TEXT
100
AcDbMText
 10
15.870000000000001
 20
20.173
 30
0.0
 40
0.3
 41
0.0
 71
2
  1
52-GEN5A
  0
MTEXT
  5
46B
330
17
100
AcDbEntity
  8
SLD_TEXT
100
AcDbMText
 10
15.494000000000002
 20
15.408
 30
0.0
 40
0.093
 41
0.0
 71
1
  1
52-GEN5A\P17.5kV\P3150A\P40kA
  0
MTEXT
  5
46C
330
17
100
AcDbEntity
  8
SLD_TEXT
100
AcDbMText
 10
17.206
 20
14.677
 30
0.0
 40
0.093
 41
0.0
 71
2
  1
SEL-751-GEN5A\PFEEDER\PPROTECTION\PRELAY
  0
MTEXT
  5
46D
330
17
100
AcDbEntity
  8
SLD_TEXT
100
AcDbMText
 10
15.870000000000001
 20
8.87
 30
0.0
 40
0.093
 41
0.0
 71
2
  1
INCOMING 13.8KV\PLINE FROM GEN-5A
  0
LINE
  5
46E
330
17
100
AcDbEntity
  8
SLD_WIRE
100
AcDbLine
 10
19.48
 20
18.583
 30
0.0
 11
19.48
 21
16.207
 31
0.0
  0
LINE
  5
46F
330
17
100
AcDbEntity
  8
SLD_WIRE
100
AcDbLine
 10
19.48
 20
16.051
 30
0.0
 11
19.48
 21
15.622
 31
0.0
  0
LINE
  5
470
330
17
100
AcDbEntity
  8
SLD_WIRE
100
AcDbLine
 10
19.48
 20
14.701
 30
0.0
 11
19.48
 21
14.346
 31
0.0
  0
LINE
  5
471
330
17
100
AcDbEntity
  8
SLD_WIRE
100
AcDbLine
 10
19.48
 20
14.189
 30
0.0
 11
19.48
 21
9.097
 31
0.0
  0
INSERT
  5
472
330
17
100
AcDbEntity
  8
SLD_SYMS
100
AcDbBlockReference
  2
WDDOT
 10
19.48
 20
18.583
 30
0.0
  0
INSERT
  5
474
330
17
100
AcDbEntity
  8
SLD_SYMS
100
AcDbBlockReference
 66
1
  2
VFU1_1-
 10
20.911
 20
16.204
 30
0.0
  0
ATTRIB
  5
476
330
17
100
AcDbEntity
  8
0
100
AcDbText
 10
21.036
 20
16.48525
 30
0.0
 40
0.125
  1

  7
WD
 41
0.85
 11
21.036
 21
16.48525
 31
0.0
100
AcDbAttribute
  2
INST
 70
1
  0
ATTRIB
  5
477
330
17
100
AcDbEntity
  8
0
  6
Continuous
100
AcDbText
 10
20.75772036438161
 20
16.097850164162786
 30
0.0
 40
0.01
  1

  7
WD
 72
1
 11
20.75772036438161
 21
16.097850164162786
 31
0.0
100
AcDbAttribute
  2
ASSYCODE
 70
9
  0
ATTRIB
  5
478
330
17
100
AcDbEntity
  8
0
 62
7
100
AcDbText
 10
20.786
 20
16.204
 30
0.0
 40
0.01
  1

  7
WD
 11
20.786
 21
16.204
 31
0.0
100
AcDbAttribute
  2
X4LINK
 70
1
  0
ATTRIB
  5
479
330
17
100
AcDbEntity
  8
0
 62
7
100
AcDbText
 10
21.036
 20
16.204
 30
0.0
 40
0.01
  1

  7
WD
 11
21.036
 21
16.204
 31
0.0
100
AcDbAttribute
  2
X1LINK
 70
1
  0
ATTRIB
  5
47A
330
17
100
AcDbEntity
  8
0
100
AcDbText
 10
20.75475
 20
16.1415
 30
0.0
 40
0.125
  1
6A
  7
WD
 41
0.85
 72
2
 11
20.75475
 21
16.1415
 31
0.0
100
AcDbAttribute
  2
RATING1
 70
0
  0
ATTRIB
  5
47B
330
17
100
AcDbEntity
  8
0
100
AcDbText
 10
21.036
 20
15.79775
 30
0.0
 40
0.125
  1

  7
WD
 41
0.85
 11
21.036
 21
15.79775
 31
0.0
100
AcDbAttribute
  2
DESC2
 70
1
  0
ATTRIB
  5
47C
330
17
100
AcDbEntity
  8
0
100
AcDbText
 10
21.036
 20
15.969625
 30
0.0
 40
0.125
  1

  7
WD
 41
0.85
 11
21.036
 21
15.969625
 31
0.0
100
AcDbAttribute
  2
DESC1
 70
1
  0
ATTRIB
  5
47D
330
17
100
AcDbEntity
  8
0
100
AcDbText
 10
21.03794143797307
 20
16.14337500000005
 30
0.0
 40
0.125
  1

  7
WD
 41
0.85
 11
21.03794143797307
 21
16.14337500000005
 31
0.0
100
AcDbAttribute
  2
TAG1
 70
1
  0
ATTRIB
  5
47E
330
17
100
AcDbEntity
  8
0
100
AcDbText
 10
21.036
 20
16.313375
 30
0.0
 40
0.125
  1

  7
WD
 41
0.85
 11
21.036
 21
16.313375
 31
0.0
100
AcDbAttribute
  2
LOC
 70
1
  0
ATTRIB
  5
47F
330
17
100
AcDbEntity
  8
0
  6
Continuous
100
AcDbText
 10
20.768883081006997
 20
16.115873790861
 30
0.0
 40
0.01
  1

  7
WD
 72
2
 11
20.768883081006997
 21
16.115873790861
 31
0.0
100
AcDbAttribute
  2
MFG
 70
9
  0
ATTRIB
  5
480
330
17
100
AcDbEntity
  8
0
  6
Continuous
100
AcDbText
 10
20.768883081006997
 20
16.130873790861
 30
0.0
 40
0.01
  1

  7
WD
 72
2
 11
20.768883081006997
 21
16.130873790861
 31
0.0
100
AcDbAttribute
  2
CAT
 70
9
  0
ATTRIB
  5
481
330
17
100
AcDbEntity
  8
0
100
AcDbText
 10
20.752216414340328
 20
16.167540457527664
 30
0.0
 40
0.01
  1

  7
WD
 72
2
 11
20.768883081006997
 21
16.167540457527664
 31
0.0
100
AcDbAttribute
  2
FAMILY
 70
9
  0
ATTRIB
  5
482
330
17
100
AcDbEntity
  8
0
 62
7
100
AcDbText
 10
20.911
 20
16.04775
 30
0.0
 40
0.0125
  1

  7
WD
 11
20.911
 21
16.04775
 31
0.0
100
AcDbAttribute
  2
X8TERM02
 70
1
  0
ATTRIB
  5
483
330
17
100
AcDbEntity
  8
0
 62
7
100
AcDbText
 10
20.911
 20
16.36025
 30
0.0
 40
0.0125
  1

  7
WD
 11
20.911
 21
16.36025
 31
0.0
100
AcDbAttribute
  2
X2TERM01
 70
1
  0
ATTRIB
  5
484
330
17
100
AcDbEntity
  8
0
  6
Continuous
100
AcDbText
 10
20.870298778392005
 20
15.896802969349004
 30
0.0
 40
0.125
  1

  7
WD
 41
0.85
 72
2
 11
20.870298778392005
 21
16.021802969349004
 31
0.0
100
AcDbAttribute
  2
TERM02
 70
9
 74
3
  0
ATTRIB
  5
485
330
17
100
AcDbEntity
  8
0
  6
Continuous
100
AcDbText
 10
20.856029620844346
 20
16.379376616004922
 30
0.0
 40
0.125
  1

  7
WD
 41
0.85
 72
2
 11
20.856029620844346
 21
16.379376616004922
 31
0.0
100
AcDbAttribute
  2
TERM01
 70
9
  0
ATTRIB
  5
486
330
17
100
AcDbEntity
  8
0
100
AcDbText
 10
20.768883081006997
 20
16.050763117239445
 30
0.0
 40
0.01
  1

  7
WD
 72
2
 11
20.78221641434033
 21
16.050763117239445
 31
0.0
100
AcDbAttribute
  2
WDTYPE
 70
9
  0
ATTRIB
  5
487
330
17
100
AcDbEntity
  8
0
100
AcDbText
 10
21.036
 20
15.625875
 30
0.0
 40
0.125
  1

  7
WD
 41
0.85
 11
21.036
 21
15.625875
 31
0.0
100
AcDbAttribute
  2
DESC3
 70
1
  0
ATTRIB
  5
488
330
17
100
AcDbEntity
  8
0
100
AcDbText
 10
20.78221641434033
 20
16.035138117239445
 30
0.0
 40
0.01
  1

  7
WD
 72
2
 11
20.78221641434033
 21
16.035138117239445
 31
0.0
100
AcDbAttribute
  2
WDBLKNAM
 70
9
  0
SEQEND
  5
475
330
474
100
AcDbEntity
  8
SLD_SYMS
  0
INSERT
  5
489
330
17
100
AcDbEntity
  8
SLD_SYMS
100
AcDbBlockReference
 66
1
  2
VCN1PJ
 10
19.48
 20
16.144
 30
0.0
  0
ATTRIB
  5
48B
330
17
100
AcDbEntity
  8
0
100
AcDbText
 10
19.70916666666667
 20
16.993801758954774
 30
0.0
 40
0.125
  1

  7
WD
 41
0.7
 72
2
 11
19.70916666666667
 21
16.993801758954774
 31
0.0
100
AcDbAttribute
  2
INST
 70
1
  0
ATTRIB
  5
48C
330
17
100
AcDbEntity
  8
0
100
AcDbText
 10
19.49307292689499
 20
16.029359872741505
 30
0.0
 40
0.01
  1

  7
WD
 11
19.49307292689499
 21
16.029359872741505
 31
0.0
100
AcDbAttribute
  2
X8TERMDESC01
 70
1
  0
ATTRIB
  5
48D
330
17
100
AcDbEntity
  8
0
100
AcDbText
 10
19.506145864499054
 20
16.185609867770694
 30
0.0
 40
0.01
  1

  7
WD
 11
19.506145864499054
 21
16.185609867770694
 31
0.0
100
AcDbAttribute
  2
X2TERMDESC02
 70
1
  0
ATTRIB
  5
48E
330
17
100
AcDbEntity
  8
0
  6
Continuous
100
AcDbText
 10
19.370924736372423
 20
16.130056517835843
 30
0.0
 40
0.01
  1

  7
WD
 72
1
 11
19.370924736372423
 21
16.130056517835843
 31
0.0
100
AcDbAttribute
  2
ASSYCODE
 70
9
  0
ATTRIB
  5
48F
330
17
100
AcDbEntity
  8
0
100
AcDbText
 10
19.355
 20
16.0815
 30
0.0
 40
0.01
  1

  7
WD
 11
19.355
 21
16.0815
 31
0.0
100
AcDbAttribute
  2
X4LINK
 70
1
  0
ATTRIB
  5
490
330
17
100
AcDbEntity
  8
0
100
AcDbText
 10
19.605
 20
16.0815
 30
0.0
 40
0.01
  1

  7
WD
 11
19.605
 21
16.0815
 31
0.0
100
AcDbAttribute
  2
X1LINK
 70
1
  0
ATTRIB
  5
491
330
17
100
AcDbEntity
  8
0
100
AcDbText
 10
19.4175
 20
16.82420175895477
 30
0.0
 40
0.125
  1

  7
WD
 41
0.7
 72
2
 11
19.4175
 21
16.82420175895477
 31
0.0
100
AcDbAttribute
  2
LOC
 70
1
  0
ATTRIB
  5
492
330
17
100
AcDbEntity
  8
0
  6
Continuous
100
AcDbText
 10
19.37139310844966
 20
16.144039283222853
 30
0.0
 40
0.01
  1

  7
WD
 72
1
 11
19.37139310844966
 21
16.144039283222853
 31
0.0
100
AcDbAttribute
  2
MFG
 70
9
  0
ATTRIB
  5
493
330
17
100
AcDbEntity
  8
0
  6
Continuous
100
AcDbText
 10
19.373338154089577
 20
16.163481036930303
 30
0.0
 40
0.01
  1

  7
WD
 72
1
 11
19.373338154089577
 21
16.163481036930303
 31
0.0
100
AcDbAttribute
  2
CAT
 70
9
  0
ATTRIB
  5
494
330
17
100
AcDbEntity
  8
0
100
AcDbText
 10
19.348284888151227
 20
16.207657452790066
 30
0.0
 40
0.01
  1

  7
WD
 11
19.348284888151227
 21
16.207657452790066
 31
0.0
100
AcDbAttribute
  2
FAMILY
 70
9
  0
ATTRIB
  5
495
330
17
100
AcDbEntity
  8
0
100
AcDbText
 10
19.4175
 20
16.498278904647663
 30
0.0
 40
0.125
  1

  7
WD
 41
0.7
 72
2
 11
19.4175
 21
16.498278904647663
 31
0.0
100
AcDbAttribute
  2
DESC2
 70
1
  0
ATTRIB
  5
496
330
17
100
AcDbEntity
  8
0
100
AcDbText
 10
19.4175
 20
16.654525331801217
 30
0.0
 40
0.125
  1

  7
WD
 41
0.7
 72
2
 11
19.4175
 21
16.654525331801217
 31
0.0
100
AcDbAttribute
  2
DESC1
 70
1
  0
ATTRIB
  5
497
330
17
100
AcDbEntity
  8
0
100
AcDbText
 10
19.20916666666667
 20
16.23775
 30
0.0
 40
0.125
  1

  7
WD
 72
2
 11
19.4175
 21
16.23775
 31
0.0
100
AcDbAttribute
  2
TAG1
 70
1
  0
ATTRIB
  5
498
330
17
100
AcDbEntity
  8
0
  6
Continuous
100
AcDbText
 10
19.527
 20
15.862749999999998
 30
0.0
 40
0.125
  1

  7
WD
 11
19.527
 21
15.987749999999998
 31
0.0
100
AcDbAttribute
  2
TERM01
 70
9
 74
3
  0
ATTRIB
  5
499
330
17
100
AcDbEntity
  8
0
100
AcDbText
 10
19.48
 20
16.05025
 30
0.0
 40
0.0125
  1

  7
WD
 11
19.48
 21
16.05025
 31
0.0
100
AcDbAttribute
  2
X8TERM01
 70
1
  0
ATTRIB
  5
49A
330
17
100
AcDbEntity
  8
0
100
AcDbText
 10
19.48
 20
16.2065
 30
0.0
 40
0.0125
  1

  7
WD
 11
19.48
 21
16.2065
 31
0.0
100
AcDbAttribute
  2
X2TERM02
 70
1
  0
ATTRIB
  5
49B
330
17
100
AcDbEntity
  8
0
  6
Continuous
100
AcDbText
 10
19.527
 20
16.2065
 30
0.0
 40
0.125
  1

  7
WD
 11
19.527
 21
16.2065
 31
0.0
100
AcDbAttribute
  2
TERM02
 70
9
  0
ATTRIB
  5
49C
330
17
100
AcDbEntity
  8
0
100
AcDbText
 10
19.348284888151227
 20
16.189025320458434
 30
0.0
 40
0.01
  1

  7
WD
 11
19.348284888151227
 21
16.189025320458434
 31
0.0
100
AcDbAttribute
  2
WDBLKNAM
 70
9
  0
SEQEND
  5
48A
330
489
100
AcDbEntity
  8
SLD_SYMS
  0
LWPOLYLINE
  5
49D
330
17
100
AcDbEntity
  8
SLD_SYMS
100
AcDbPolyline
 90
4
 70
1
 10
19.065
 20
15.622
 10
19.842000000000002
 20
15.622
 10
19.842000000000002
 20
14.701
 10
19.065
 20
14.701
  0
INSERT
  5
49E
330
17
100
AcDbEntity
  8
SLD_SYMS
100
AcDbBlockReference
 66
1
  2
VCN1PJ
 10
19.48
 20
14.252
 30
0.0
 50
180.0
  0
ATTRIB
  5
4A0
330
17
100
AcDbEntity
  8
0
100
AcDbText
 10
19.250833333333333
 20
13.402198241045227
 30
0.0
 40
0.125
  1

 50
180.0
  7
WD
 41
0.7
 72
2
 11
19.250833333333333
 21
13.402198241045227
 31
0.0
100
AcDbAttribute
  2
INST
 70
1
  0
ATTRIB
  5
4A1
330
17
100
AcDbEntity
  8
0
100
AcDbText
 10
19.466927073105012
 20
14.366640127258496
 30
0.0
 40
0.01
  1

 50
180.0
  7
WD
 11
19.466927073105012
 21
14.366640127258496
 31
0.0
100
AcDbAttribute
  2
X8TERMDESC01
 70
1
  0
ATTRIB
  5
4A2
330
17
100
AcDbEntity
  8
0
100
AcDbText
 10
19.453854135500947
 20
14.210390132229305
 30
0.0
 40
0.01
  1

 50
180.0
  7
WD
 11
19.453854135500947
 21
14.210390132229305
 31
0.0
100
AcDbAttribute
  2
X2TERMDESC02
 70
1
  0
ATTRIB
  5
4A3
330
17
100
AcDbEntity
  8
0
  6
Continuous
100
AcDbText
 10
19.589075263627578
 20
14.265943482164156
 30
0.0
 40
0.01
  1

 50
180.0
  7
WD
 72
1
 11
19.589075263627578
 21
14.265943482164156
 31
0.0
100
AcDbAttribute
  2
ASSYCODE
 70
9
  0
ATTRIB
  5
4A4
330
17
100
AcDbEntity
  8
0
100
AcDbText
 10
19.605
 20
14.3145
 30
0.0
 40
0.01
  1

 50
180.0
  7
WD
 11
19.605
 21
14.3145
 31
0.0
100
AcDbAttribute
  2
X4LINK
 70
1
  0
ATTRIB
  5
4A5
330
17
100
AcDbEntity
  8
0
100
AcDbText
 10
19.355
 20
14.3145
 30
0.0
 40
0.01
  1

 50
180.0
  7
WD
 11
19.355
 21
14.3145
 31
0.0
100
AcDbAttribute
  2
X1LINK
 70
1
  0
ATTRIB
  5
4A6
330
17
100
AcDbEntity
  8
0
100
AcDbText
 10
19.5425
 20
13.571798241045226
 30
0.0
 40
0.125
  1

 50
180.0
  7
WD
 41
0.7
 72
2
 11
19.5425
 21
13.571798241045226
 31
0.0
100
AcDbAttribute
  2
LOC
 70
1
  0
ATTRIB
  5
4A7
330
17
100
AcDbEntity
  8
0
  6
Continuous
100
AcDbText
 10
19.58860689155034
 20
14.251960716777145
 30
0.0
 40
0.01
  1

 50
180.0
  7
WD
 72
1
 11
19.58860689155034
 21
14.251960716777145
 31
0.0
100
AcDbAttribute
  2
MFG
 70
9
  0
ATTRIB
  5
4A8
330
17
100
AcDbEntity
  8
0
  6
Continuous
100
AcDbText
 10
19.586661845910424
 20
14.232518963069694
 30
0.0
 40
0.01
  1

 50
180.0
  7
WD
 72
1
 11
19.586661845910424
 21
14.232518963069694
 31
0.0
100
AcDbAttribute
  2
CAT
 70
9
  0
ATTRIB
  5
4A9
330
17
100
AcDbEntity
  8
0
100
AcDbText
 10
19.611715111848774
 20
14.188342547209931
 30
0.0
 40
0.01
  1

 50
180.0
  7
WD
 11
19.611715111848774
 21
14.188342547209931
 31
0.0
100
AcDbAttribute
  2
FAMILY
 70
9
  0
ATTRIB
  5
4AA
330
17
100
AcDbEntity
  8
0
100
AcDbText
 10
19.5425
 20
13.897721095352336
 30
0.0
 40
0.125
  1

 50
180.0
  7
WD
 41
0.7
 72
2
 11
19.5425
 21
13.897721095352336
 31
0.0
100
AcDbAttribute
  2
DESC2
 70
1
  0
ATTRIB
  5
4AB
330
17
100
AcDbEntity
  8
0
100
AcDbText
 10
19.5425
 20
13.741474668198782
 30
0.0
 40
0.125
  1

 50
180.0
  7
WD
 41
0.7
 72
2
 11
19.5425
 21
13.741474668198782
 31
0.0
100
AcDbAttribute
  2
DESC1
 70
1
  0
ATTRIB
  5
4AC
330
17
100
AcDbEntity
  8
0
100
AcDbText
 10
19.750833333333333
 20
14.15825
 30
0.0
 40
0.125
  1

 50
180.0
  7
WD
 72
2
 11
19.5425
 21
14.15825
 31
0.0
100
AcDbAttribute
  2
TAG1
 70
1
  0
ATTRIB
  5
4AD
330
17
100
AcDbEntity
  8
0
  6
Continuous
100
AcDbText
 10
19.433
 20
14.53325
 30
0.0
 40
0.125
  1

 50
180.0
  7
WD
 11
19.433
 21
14.40825
 31
0.0
100
AcDbAttribute
  2
TERM01
 70
9
 74
3
  0
ATTRIB
  5
4AE
330
17
100
AcDbEntity
  8
0
100
AcDbText
 10
19.48
 20
14.34575
 30
0.0
 40
0.0125
  1

 50
180.0
  7
WD
 11
19.48
 21
14.34575
 31
0.0
100
AcDbAttribute
  2
X8TERM01
 70
1
  0
ATTRIB
  5
4AF
330
17
100
AcDbEntity
  8
0
100
AcDbText
 10
19.48
 20
14.1895
 30
0.0
 40
0.0125
  1

 50
180.0
  7
WD
 11
19.48
 21
14.1895
 31
0.0
100
AcDbAttribute
  2
X2TERM02
 70
1
  0
ATTRIB
  5
4B0
330
17
100
AcDbEntity
  8
0
  6
Continuous
100
AcDbText
 10
19.433
 20
14.1895
 30
0.0
 40
0.125
  1

 50
180.0
  7
WD
 11
19.433
 21
14.1895
 31
0.0
100
AcDbAttribute
  2
TERM02
 70
9
  0
ATTRIB
  5
4B1
330
17
100
AcDbEntity
  8
0
100
AcDbText
 10
19.611715111848774
 20
14.206974679541563
 30
0.0
 40
0.01
  1

 50
180.0
  7
WD
 11
19.611715111848774
 21
14.206974679541563
 31
0.0
100
AcDbAttribute
  2
WDBLKNAM
 70
9
  0
SEQEND
  5
49F
330
49E
100
AcDbEntity
  8
SLD_SYMS
  0
INSERT
  5
4B2
330
17
100
AcDbEntity
  8
SLD_SYMS
100
AcDbBlockReference
  2
ARRESTER
 10
19.478
 20
13.359
 30
0.0
  0
INSERT
  5
4B4
330
17
100
AcDbEntity
  8
SLD_SYMS
100
AcDbBlockReference
 66
1
  2
HXF1T1_1-
 10
19.48
 20
12.77
 30
0.0
  0
ATTRIB
  5
4B6
330
17
100
AcDbEntity
  8
0
  6
Continuous
100
AcDbText
 10
19.69875
 20
12.8325
 30
0.0
 40
0.01
  1

  7
WD
 72
1
 11
19.69875
 21
12.8325
 31
0.0
100
AcDbAttribute
  2
ASSYCODE
 70
9
  0
ATTRIB
  5
4B7
330
17
100
AcDbEntity
  8
0
100
AcDbText
 10
19.48
 20
12.92625
 30
0.0
 40
0.01
  1

  7
WD
 11
19.48
 21
12.92625
 31
0.0
100
AcDbAttribute
  2
X2LINK
 70
1
  0
ATTRIB
  5
4B8
330
17
100
AcDbEntity
  8
0
100
AcDbText
 10
19.48
 20
12.598125
 30
0.0
 40
0.01
  1

  7
WD
 11
19.48
 21
12.598125
 31
0.0
100
AcDbAttribute
  2
X8LINK
 70
1
  0
ATTRIB
  5
4B9
330
17
100
AcDbEntity
  8
0
  6
Continuous
100
AcDbText
 10
19.707797819576857
 20
12.85872665965915
 30
0.0
 40
0.01
  1

  7
WD
 72
1
 11
19.707797819576857
 21
12.85872665965915
 31
0.0
100
AcDbAttribute
  2
MFG
 70
9
  0
ATTRIB
  5
4BA
330
17
100
AcDbEntity
  8
0
  6
Continuous
100
AcDbText
 10
19.709742865216775
 20
12.8781684133666
 30
0.0
 40
0.01
  1

  7
WD
 72
1
 11
19.709742865216775
 21
12.8781684133666
 31
0.0
100
AcDbAttribute
  2
CAT
 70
9
  0
ATTRIB
  5
4BB
330
17
100
AcDbEntity
  8
0
100
AcDbText
 10
19.686245994946916
 20
12.90056505079862
 30
0.0
 40
0.01
  1

  7
WD
 11
19.686245994946916
 21
12.90056505079862
 31
0.0
100
AcDbAttribute
  2
FAMILY
 70
9
  0
ATTRIB
  5
4BC
330
17
100
AcDbEntity
  8
0
100
AcDbText
 10
19.686245994946916
 20
12.810072249971904
 30
0.0
 40
0.01
  1

  7
WD
 11
19.686245994946916
 21
12.810072249971904
 31
0.0
100
AcDbAttribute
  2
CONTACT
 70
9
  0
ATTRIB
  5
4BD
330
17
100
AcDbEntity
  8
0
100
AcDbText
 10
19.245738621983598
 20
12.844755893253497
 30
0.0
 40
0.01
  1

  7
WD
 72
2
 11
19.25907195531693
 21
12.844755893253497
 31
0.0
100
AcDbAttribute
  2
WDTYPE
 70
9
  0
ATTRIB
  5
4BE
330
17
100
AcDbEntity
  8
0
100
AcDbText
 10
19.467641898763425
 20
13.361875001489041
 30
0.0
 40
0.125
  1

  7
WD
 41
0.85
 72
1
 11
19.467641898763425
 21
13.361875001489041
 31
0.0
100
AcDbAttribute
  2
INST
 70
1
  0
ATTRIB
  5
4BF
330
17
100
AcDbEntity
  8
0
100
AcDbText
 10
19.381041670069827
 20
13.020000001489091
 30
0.0
 40
0.125
  1

  7
WD
 41
0.85
 72
1
 11
19.469583336736495
 21
13.020000001489091
 31
0.0
100
AcDbAttribute
  2
TAG1
 70
1
  0
ATTRIB
  5
4C0
330
17
100
AcDbEntity
  8
0
100
AcDbText
 10
19.467641898763425
 20
13.190000001489041
 30
0.0
 40
0.125
  1

  7
WD
 41
0.85
 72
1
 11
19.467641898763425
 21
13.190000001489041
 31
0.0
100
AcDbAttribute
  2
LOC
 70
1
  0
ATTRIB
  5
4C1
330
17
100
AcDbEntity
  8
0
100
AcDbText
 10
19.469583336736495
 20
11.910625001489091
 30
0.0
 40
0.125
  1

  7
WD
 41
0.85
 72
1
 11
19.469583336736495
 21
11.910625001489091
 31
0.0
100
AcDbAttribute
  2
DESC2
 70
1
  0
ATTRIB
  5
4C2
330
17
100
AcDbEntity
  8
0
100
AcDbText
 10
19.469583336736495
 20
12.082500001489091
 30
0.0
 40
0.125
  1

  7
WD
 41
0.85
 72
1
 11
19.469583336736495
 21
12.082500001489091
 31
0.0
100
AcDbAttribute
  2
DESC1
 70
1
  0
ATTRIB
  5
4C3
330
17
100
AcDbEntity
  8
0
100
AcDbText
 10
19.469583336736495
 20
11.738750001489093
 30
0.0
 40
0.125
  1

  7
WD
 41
0.85
 72
1
 11
19.469583336736495
 21
11.738750001489093
 31
0.0
100
AcDbAttribute
  2
DESC3
 70
1
  0
ATTRIB
  5
4C4
330
17
100
AcDbEntity
  8
0
 62
7
100
AcDbText
 10
19.63625
 20
12.77
 30
0.0
 40
0.0125
  1

  7
WD
 11
19.63625
 21
12.77
 31
0.0
100
AcDbAttribute
  2
X1TERM02
 70
1
  0
ATTRIB
  5
4C5
330
17
100
AcDbEntity
  8
0
 62
7
100
AcDbText
 10
19.32375
 20
12.77
 30
0.0
 40
0.0125
  1

  7
WD
 11
19.32375
 21
12.77
 31
0.0
100
AcDbAttribute
  2
X4TERM01
 70
1
  0
ATTRIB
  5
4C6
330
17
100
AcDbEntity
  8
0
  6
Continuous
100
AcDbText
 10
19.688333336736495
 20
12.61362500148909
 30
0.0
 40
0.125
  1

  7
WD
 11
19.688333336736495
 21
12.73862500148909
 31
0.0
100
AcDbAttribute
  2
TERM02
 70
9
 74
3
  0
ATTRIB
  5
4C7
330
17
100
AcDbEntity
  8
0
  6
Continuous
100
AcDbText
 10
19.250833336736495
 20
12.61362500148909
 30
0.0
 40
0.125
  1

  7
WD
 72
2
 11
19.250833336736495
 21
12.73862500148909
 31
0.0
100
AcDbAttribute
  2
TERM01
 70
9
 74
3
  0
ATTRIB
  5
4C8
330
17
100
AcDbEntity
  8
0
100
AcDbText
 10
19.469583336736495
 20
12.254375001489091
 30
0.0
 40
0.125
  1

  7
WD
 41
0.85
 72
1
 11
19.469583336736495
 21
12.254375001489091
 31
0.0
100
AcDbAttribute
  2
RATING2
 70
1
  0
ATTRIB
  5
4C9
330
17
100
AcDbEntity
  8
0
100
AcDbText
 10
19.469583336736495
 20
12.426250001489091
 30
0.0
 40
0.125
  1

  7
WD
 41
0.85
 72
1
 11
19.469583336736495
 21
12.426250001489091
 31
0.0
100
AcDbAttribute
  2
RATING1
 70
1
  0
SEQEND
  5
4B5
330
4B4
100
AcDbEntity
  8
SLD_SYMS
  0
INSERT
  5
4CA
330
17
100
AcDbEntity
  8
SLD_SYMS
100
AcDbBlockReference
 66
1
  2
VXF1CT
 10
19.67
 20
12.007
 30
0.0
  0
ATTRIB
  5
4CC
330
17
100
AcDbEntity
  8
0
100
AcDbText
 10
19.44291666666667
 20
11.585125
 30
0.0
 40
0.125
  1

  7
WD
 41
0.7
 72
1
 11
19.44291666666667
 21
11.585125
 31
0.0
100
AcDbAttribute
  2
INST
 70
1
  0
ATTRIB
  5
4CD
330
17
100
AcDbEntity
  8
0
100
AcDbText
 10
19.67
 20
11.723826474599724
 30
0.0
 40
0.0125
  1

  7
WD
 11
19.67
 21
11.723826474599724
 31
0.0
100
AcDbAttribute
  2
X8TERM01
 70
1
  0
ATTRIB
  5
4CE
330
17
100
AcDbEntity
  8
0
100
AcDbText
 10
19.702211762700138
 20
11.756038237299862
 30
0.0
 40
0.0125
  1

  7
WD
 11
19.702211762700138
 21
11.756038237299862
 31
0.0
100
AcDbAttribute
  2
X1TERM01
 70
1
  0
ATTRIB
  5
4CF
330
17
100
AcDbEntity
  8
0
  6
Continuous
100
AcDbText
 10
19.615062169619044
 20
11.776456032263782
 30
0.0
 40
0.125
  1

  7
WD
 72
2
 11
19.615062169619044
 21
11.776456032263782
 31
0.0
100
AcDbAttribute
  2
TERM01
 70
9
  0
ATTRIB
  5
4D0
330
17
100
AcDbEntity
  8
0
  6
Continuous
100
AcDbText
 10
19.62500691695107
 20
12.273965784883833
 30
0.0
 40
0.125
  1

  7
WD
 72
2
 11
19.62500691695107
 21
12.273965784883833
 31
0.0
100
AcDbAttribute
  2
TERM02
 70
9
  0
ATTRIB
  5
4D1
330
17
100
AcDbEntity
  8
0
100
AcDbText
 10
19.702211762700138
 20
12.256038237299862
 30
0.0
 40
0.0125
  1

  7
WD
 11
19.702211762700138
 21
12.256038237299862
 31
0.0
100
AcDbAttribute
  2
X1TERM02
 70
1
  0
ATTRIB
  5
4D2
330
17
100
AcDbEntity
  8
0
100
AcDbText
 10
19.67
 20
12.28825
 30
0.0
 40
0.0125
  1

  7
WD
 11
19.67
 21
12.28825
 31
0.0
100
AcDbAttribute
  2
X2TERM02
 70
1
  0
ATTRIB
  5
4D3
330
17
100
AcDbEntity
  8
0
100
AcDbText
 10
19.95125
 20
11.882
 30
0.0
 40
0.125
  1

  7
WD
 41
0.7
 11
19.95125
 21
11.882
 31
0.0
100
AcDbAttribute
  2
RATING1
 70
1
  0
ATTRIB
  5
4D4
330
17
100
AcDbEntity
  8
0
100
AcDbText
 10
19.95125
 20
12.03825
 30
0.0
 40
0.125
  1

  7
WD
 11
19.95125
 21
12.03825
 31
0.0
100
AcDbAttribute
  2
TAG1
 70
1
  0
ATTRIB
  5
4D5
330
17
100
AcDbEntity
  8
0
100
AcDbText
 10
19.469470622272794
 20
11.24970533180122
 30
0.0
 40
0.125
  1
400:5A (3)
  7
WD
 41
0.7
 72
1
 11
19.469470622272794
 21
11.24970533180122
 31
0.0
100
AcDbAttribute
  2
DESC1
 70
0
  0
ATTRIB
  5
4D6
330
17
100
AcDbEntity
  8
0
100
AcDbText
 10
19.469470622272794
 20
11.093458904647663
 30
0.0
 40
0.125
  1
CT 5P20
  7
WD
 41
0.7
 72
1
 11
19.469470622272794
 21
11.093458904647663
 31
0.0
100
AcDbAttribute
  2
DESC2
 70
0
  0
ATTRIB
  5
4D7
330
17
100
AcDbEntity
  8
0
100
AcDbText
 10
19.469470622272794
 20
11.405951758954775
 30
0.0
 40
0.125
  1

  7
WD
 41
0.7
 72
1
 11
19.469470622272794
 21
11.405951758954775
 31
0.0
100
AcDbAttribute
  2
LOC
 70
1
  0
ATTRIB
  5
4D8
330
17
100
AcDbEntity
  8
0
  6
Continuous
100
AcDbText
 10
19.499069824898974
 20
12.125955350386372
 30
0.0
 40
0.01
  1

  7
WD
 72
1
 11
19.499069824898974
 21
12.125955350386372
 31
0.0
100
AcDbAttribute
  2
ASSYCODE
 70
9
  0
ATTRIB
  5
4D9
330
17
100
AcDbEntity
  8
0
100
AcDbText
 10
19.47729166666667
 20
11.960125
 30
0.0
 40
0.125
  1

  7
WD
 72
1
 11
19.623125
 21
11.960125
 31
0.0
100
AcDbAttribute
  2
TYPE
 70
1
  0
ATTRIB
  5
4DA
330
17
100
AcDbEntity
  8
0
100
AcDbText
 10
19.47419277590037
 20
12.197690293718368
 30
0.0
 40
0.01
  1

  7
WD
 11
19.47419277590037
 21
12.197690293718368
 31
0.0
100
AcDbAttribute
  2
FAMILY
 70
9
  0
ATTRIB
  5
4DB
330
17
100
AcDbEntity
  8
0
  6
Continuous
100
AcDbText
 10
19.49924604183872
 20
12.169138877858606
 30
0.0
 40
0.01
  1

  7
WD
 72
1
 11
19.49924604183872
 21
12.169138877858606
 31
0.0
100
AcDbAttribute
  2
CAT
 70
9
  0
ATTRIB
  5
4DC
330
17
100
AcDbEntity
  8
0
  6
Continuous
100
AcDbText
 10
19.4973009961988
 20
12.149697124151155
 30
0.0
 40
0.01
  1

  7
WD
 72
1
 11
19.4973009961988
 21
12.149697124151155
 31
0.0
100
AcDbAttribute
  2
MFG
 70
9
  0
SEQEND
  5
4CB
330
4CA
100
AcDbEntity
  8
SLD_SYMS
  0
INSERT
  5
4DD
330
17
100
AcDbEntity
  8
SLD_SYMS
100
AcDbBlockReference
  2
WDDOT
 10
19.53
 20
12.325
 30
0.0
  0
MTEXT
  5
4DF
330
17
100
AcDbEntity
  8
SLD_TEXT
100
AcDbMText
 10
18.703
 20
11.774
 30
0.0
 40
0.1
 41
0.0
 71
2
  1
1%%C
  0
INSERT
  5
4E0
330
17
100
AcDbEntity
  8
SLD_SYMS
100
AcDbBlockReference
 66
1
  2
VXF1CT
 10
19.67
 20
10.308
 30
0.0
  0
ATTRIB
  5
4E2
330
17
100
AcDbEntity
  8
0
100
AcDbText
 10
19.44291666666667
 20
9.886125
 30
0.0
 40
0.125
  1

  7
WD
 41
0.7
 72
1
 11
19.44291666666667
 21
9.886125
 31
0.0
100
AcDbAttribute
  2
INST
 70
1
  0
ATTRIB
  5
4E3
330
17
100
AcDbEntity
  8
0
100
AcDbText
 10
19.67
 20
10.024826474599724
 30
0.0
 40
0.0125
  1

  7
WD
 11
19.67
 21
10.024826474599724
 31
0.0
100
AcDbAttribute
  2
X8TERM01
 70
1
  0
ATTRIB
  5
4E4
330
17
100
AcDbEntity
  8
0
100
AcDbText
 10
19.702211762700138
 20
10.057038237299862
 30
0.0
 40
0.0125
  1

  7
WD
 11
19.702211762700138
 21
10.057038237299862
 31
0.0
100
AcDbAttribute
  2
X1TERM01
 70
1
  0
ATTRIB
  5
4E5
330
17
100
AcDbEntity
  8
0
  6
Continuous
100
AcDbText
 10
19.615062169619044
 20
10.077456032263783
 30
0.0
 40
0.125
  1

  7
WD
 72
2
 11
19.615062169619044
 21
10.077456032263783
 31
0.0
100
AcDbAttribute
  2
TERM01
 70
9
  0
ATTRIB
  5
4E6
330
17
100
AcDbEntity
  8
0
  6
Continuous
100
AcDbText
 10
19.62500691695107
 20
10.574965784883833
 30
0.0
 40
0.125
  1

  7
WD
 72
2
 11
19.62500691695107
 21
10.574965784883833
 31
0.0
100
AcDbAttribute
  2
TERM02
 70
9
  0
ATTRIB
  5
4E7
330
17
100
AcDbEntity
  8
0
100
AcDbText
 10
19.702211762700138
 20
10.557038237299862
 30
0.0
 40
0.0125
  1

  7
WD
 11
19.702211762700138
 21
10.557038237299862
 31
0.0
100
AcDbAttribute
  2
X1TERM02
 70
1
  0
ATTRIB
  5
4E8
330
17
100
AcDbEntity
  8
0
100
AcDbText
 10
19.67
 20
10.58925
 30
0.0
 40
0.0125
  1

  7
WD
 11
19.67
 21
10.58925
 31
0.0
100
AcDbAttribute
  2
X2TERM02
 70
1
  0
ATTRIB
  5
4E9
330
17
100
AcDbEntity
  8
0
100
AcDbText
 10
19.95125
 20
10.183
 30
0.0
 40
0.125
  1

  7
WD
 41
0.7
 11
19.95125
 21
10.183
 31
0.0
100
AcDbAttribute
  2
RATING1
 70
1
  0
ATTRIB
  5
4EA
330
17
100
AcDbEntity
  8
0
100
AcDbText
 10
19.95125
 20
10.33925
 30
0.0
 40
0.125
  1

  7
WD
 11
19.95125
 21
10.33925
 31
0.0
100
AcDbAttribute
  2
TAG1
 70
1
  0
ATTRIB
  5
4EB
330
17
100
AcDbEntity
  8
0
100
AcDbText
 10
19.469470622272794
 20
9.550705331801218
 30
0.0
 40
0.125
  1
3000:5A (3)
  7
WD
 41
0.7
 72
1
 11
19.469470622272794
 21
9.550705331801218
 31
0.0
100
AcDbAttribute
  2
DESC1
 70
0
  0
ATTRIB
  5
4EC
330
17
100
AcDbEntity
  8
0
100
AcDbText
 10
19.469470622272794
 20
9.394458904647664
 30
0.0
 40
0.125
  1
CT 5P20
  7
WD
 41
0.7
 72
1
 11
19.469470622272794
 21
9.394458904647664
 31
0.0
100
AcDbAttribute
  2
DESC2
 70
0
  0
ATTRIB
  5
4ED
330
17
100
AcDbEntity
  8
0
100
AcDbText
 10
19.469470622272794
 20
9.706951758954773
 30
0.0
 40
0.125
  1

  7
WD
 41
0.7
 72
1
 11
19.469470622272794
 21
9.706951758954773
 31
0.0
100
AcDbAttribute
  2
LOC
 70
1
  0
ATTRIB
  5
4EE
330
17
100
AcDbEntity
  8
0
  6
Continuous
100
AcDbText
 10
19.499069824898974
 20
10.426955350386372
 30
0.0
 40
0.01
  1

  7
WD
 72
1
 11
19.499069824898974
 21
10.426955350386372
 31
0.0
100
AcDbAttribute
  2
ASSYCODE
 70
9
  0
ATTRIB
  5
4EF
330
17
100
AcDbEntity
  8
0
100
AcDbText
 10
19.47729166666667
 20
10.261125
 30
0.0
 40
0.125
  1

  7
WD
 72
1
 11
19.623125
 21
10.261125
 31
0.0
100
AcDbAttribute
  2
TYPE
 70
1
  0
ATTRIB
  5
4F0
330
17
100
AcDbEntity
  8
0
100
AcDbText
 10
19.47419277590037
 20
10.498690293718369
 30
0.0
 40
0.01
  1

  7
WD
 11
19.47419277590037
 21
10.498690293718369
 31
0.0
100
AcDbAttribute
  2
FAMILY
 70
9
  0
ATTRIB
  5
4F1
330
17
100
AcDbEntity
  8
0
  6
Continuous
100
AcDbText
 10
19.49924604183872
 20
10.470138877858606
 30
0.0
 40
0.01
  1

  7
WD
 72
1
 11
19.49924604183872
 21
10.470138877858606
 31
0.0
100
AcDbAttribute
  2
CAT
 70
9
  0
ATTRIB
  5
4F2
330
17
100
AcDbEntity
  8
0
  6
Continuous
100
AcDbText
 10
19.4973009961988
 20
10.450697124151155
 30
0.0
 40
0.01
  1

  7
WD
 72
1
 11
19.4973009961988
 21
10.450697124151155
 31
0.0
100
AcDbAttribute
  2
MFG
 70
9
  0
SEQEND
  5
4E1
330
4E0
100
AcDbEntity
  8
SLD_SYMS
  0
INSERT
  5
4F3
330
17
100
AcDbEntity
  8
SLD_SYMS
100
AcDbBlockReference
  2
WDDOT
 10
19.524
 20
10.606
 30
0.0
  0
MTEXT
  5
4F5
330
17
100
AcDbEntity
  8
SLD_TEXT
100
AcDbMText
 10
18.703
 20
10.08
 30
0.0
 40
0.1
 41
0.0
 71
2
  1
1%%C
  0
INSERT
  5
4F6
330
17
100
AcDbEntity
  8
SLD_SYMS
100
AcDbBlockReference
 66
1
  2
VCN1PJ
 10
19.48
 20
9.034
 30
0.0
  0
ATTRIB
  5
4F8
330
17
100
AcDbEntity
  8
0
100
AcDbText
 10
19.70916666666667
 20
9.883801758954775
 30
0.0
 40
0.125
  1

  7
WD
 41
0.7
 72
2
 11
19.70916666666667
 21
9.883801758954775
 31
0.0
100
AcDbAttribute
  2
INST
 70
1
  0
ATTRIB
  5
4F9
330
17
100
AcDbEntity
  8
0
100
AcDbText
 10
19.49307292689499
 20
8.919359872741506
 30
0.0
 40
0.01
  1

  7
WD
 11
19.49307292689499
 21
8.919359872741506
 31
0.0
100
AcDbAttribute
  2
X8TERMDESC01
 70
1
  0
ATTRIB
  5
4FA
330
17
100
AcDbEntity
  8
0
100
AcDbText
 10
19.506145864499054
 20
9.075609867770696
 30
0.0
 40
0.01
  1

  7
WD
 11
19.506145864499054
 21
9.075609867770696
 31
0.0
100
AcDbAttribute
  2
X2TERMDESC02
 70
1
  0
ATTRIB
  5
4FB
330
17
100
AcDbEntity
  8
0
  6
Continuous
100
AcDbText
 10
19.370924736372423
 20
9.020056517835846
 30
0.0
 40
0.01
  1

  7
WD
 72
1
 11
19.370924736372423
 21
9.020056517835846
 31
0.0
100
AcDbAttribute
  2
ASSYCODE
 70
9
  0
ATTRIB
  5
4FC
330
17
100
AcDbEntity
  8
0
100
AcDbText
 10
19.355
 20
8.9715
 30
0.0
 40
0.01
  1

  7
WD
 11
19.355
 21
8.9715
 31
0.0
100
AcDbAttribute
  2
X4LINK
 70
1
  0
ATTRIB
  5
4FD
330
17
100
AcDbEntity
  8
0
100
AcDbText
 10
19.605
 20
8.9715
 30
0.0
 40
0.01
  1

  7
WD
 11
19.605
 21
8.9715
 31
0.0
100
AcDbAttribute
  2
X1LINK
 70
1
  0
ATTRIB
  5
4FE
330
17
100
AcDbEntity
  8
0
100
AcDbText
 10
19.4175
 20
9.714201758954776
 30
0.0
 40
0.125
  1

  7
WD
 41
0.7
 72
2
 11
19.4175
 21
9.714201758954776
 31
0.0
100
AcDbAttribute
  2
LOC
 70
1
  0
ATTRIB
  5
4FF
330
17
100
AcDbEntity
  8
0
  6
Continuous
100
AcDbText
 10
19.37139310844966
 20
9.034039283222857
 30
0.0
 40
0.01
  1

  7
WD
 72
1
 11
19.37139310844966
 21
9.034039283222857
 31
0.0
100
AcDbAttribute
  2
MFG
 70
9
  0
ATTRIB
  5
500
330
17
100
AcDbEntity
  8
0
  6
Continuous
100
AcDbText
 10
19.373338154089577
 20
9.053481036930307
 30
0.0
 40
0.01
  1

  7
WD
 72
1
 11
19.373338154089577
 21
9.053481036930307
 31
0.0
100
AcDbAttribute
  2
CAT
 70
9
  0
ATTRIB
  5
501
330
17
100
AcDbEntity
  8
0
100
AcDbText
 10
19.348284888151227
 20
9.09765745279007
 30
0.0
 40
0.01
  1

  7
WD
 11
19.348284888151227
 21
9.09765745279007
 31
0.0
100
AcDbAttribute
  2
FAMILY
 70
9
  0
ATTRIB
  5
502
330
17
100
AcDbEntity
  8
0
100
AcDbText
 10
19.4175
 20
9.388278904647665
 30
0.0
 40
0.125
  1

  7
WD
 41
0.7
 72
2
 11
19.4175
 21
9.388278904647665
 31
0.0
100
AcDbAttribute
  2
DESC2
 70
1
  0
ATTRIB
  5
503
330
17
100
AcDbEntity
  8
0
100
AcDbText
 10
19.4175
 20
9.54452533180122
 30
0.0
 40
0.125
  1

  7
WD
 41
0.7
 72
2
 11
19.4175
 21
9.54452533180122
 31
0.0
100
AcDbAttribute
  2
DESC1
 70
1
  0
ATTRIB
  5
504
330
17
100
AcDbEntity
  8
0
100
AcDbText
 10
19.20916666666667
 20
9.12775
 30
0.0
 40
0.125
  1

  7
WD
 72
2
 11
19.4175
 21
9.12775
 31
0.0
100
AcDbAttribute
  2
TAG1
 70
1
  0
ATTRIB
  5
505
330
17
100
AcDbEntity
  8
0
  6
Continuous
100
AcDbText
 10
19.527
 20
8.75275
 30
0.0
 40
0.125
  1

  7
WD
 11
19.527
 21
8.87775
 31
0.0
100
AcDbAttribute
  2
TERM01
 70
9
 74
3
  0
ATTRIB
  5
506
330
17
100
AcDbEntity
  8
0
100
AcDbText
 10
19.48
 20
8.94025
 30
0.0
 40
0.0125
  1

  7
WD
 11
19.48
 21
8.94025
 31
0.0
100
AcDbAttribute
  2
X8TERM01
 70
1
  0
ATTRIB
  5
507
330
17
100
AcDbEntity
  8
0
100
AcDbText
 10
19.48
 20
9.0965
 30
0.0
 40
0.0125
  1

  7
WD
 11
19.48
 21
9.0965
 31
0.0
100
AcDbAttribute
  2
X2TERM02
 70
1
  0
ATTRIB
  5
508
330
17
100
AcDbEntity
  8
0
  6
Continuous
100
AcDbText
 10
19.527
 20
9.0965
 30
0.0
 40
0.125
  1

  7
WD
 11
19.527
 21
9.0965
 31
0.0
100
AcDbAttribute
  2
TERM02
 70
9
  0
ATTRIB
  5
509
330
17
100
AcDbEntity
  8
0
100
AcDbText
 10
19.348284888151227
 20
9.079025320458438
 30
0.0
 40
0.01
  1

  7
WD
 11
19.348284888151227
 21
9.079025320458438
 31
0.0
100
AcDbAttribute
  2
WDBLKNAM
 70
9
  0
SEQEND
  5
4F7
330
4F6
100
AcDbEntity
  8
SLD_SYMS
  0
INSERT
  5
50A
330
17
100
AcDbEntity
  8
SLD_SYMS
100
AcDbBlockReference
 66
1
  2
DEVICE_BUBBLE
 10
20.534
 20
15.318
 30
0.0
  0
ATTRIB
  5
50C
330
17
100
AcDbEntity
  8
0
100
AcDbText
 10
20.362467910107974
 20
15.218951515790893
 30
0.0
 40
0.2
  1
86
  7
OpenSans
 11
20.362467910107974
 21
15.218951515790893
 31
0.0
100
AcDbAttribute
  2
DB
 70
0
280
1
  0
SEQEND
  5
50B
330
50A
100
AcDbEntity
  8
SLD_SYMS
  0
LINE
  5
50D
330
17
100
AcDbEntity
  8
SLD_CONTROL
100
AcDbLine
 10
19.842
 20
15.318
 30
0.0
 11
20.317
 21
15.318
 31
0.0
  0
LINE
  5
50E
330
17
100
AcDbEntity
  8
SLD_CONTROL
100
AcDbLine
 10
20.534
 20
15.100999999999999
 30
0.0
 11
20.534
 21
14.715
 31
0.0
  0
LWPOLYLINE
  5
50F
330
17
100
AcDbEntity
  8
SLD_SYMS
100
AcDbPolyline
 90
4
 70
1
 10
20.227
 20
14.715
 10
21.405
 20
14.715
 10
21.405
 20
14.043
 10
20.227
 20
14.043
  0
LWPOLYLINE
  5
510
330
17
100
AcDbEntity
  8
SLD_CUBICLE
  6
DASHED
100
AcDbPolyline
 90
4
 70
1
 10
18.298000000000002
 20
12.465
 10
19.891000000000002
 20
12.465
 10
19.891000000000002
 20
9.912
 10
18.298000000000002
 20
9.912
  0
MTEXT
  5
511
330
17
100
AcDbEntity
  8
SLD_TEXT
100
AcDbMText
 10
19.48
 20
21.037
 30
0.0
 40
0.3
 41
0.0
 71
2
  1
UNIT 6
  0
MTEXT
  5
512
330
17
100
AcDbEntity
  8
SLD_TEXT
100
AcDbMText
 10
19.48
 20
20.173
 30
0.0
 40
0.3
 41
0.0
 71
2
  1
52-F1A\PCUSTOMER\PFEEDER
  0
MTEXT
  5
513
330
17
100
AcDbEntity
  8
SLD_TEXT
100
AcDbMText
 10
19.104
 20
15.408
 30
0.0
 40
0.093
 41
0.0
 71
1
  1
52-F1A\P17.5kV\P3150A\P40kA
  0
MTEXT
  5
514
330
17
100
AcDbEntity
  8
SLD_TEXT
100
AcDbMText
 10
20.816
 20
14.677
 30
0.0
 40
0.093
 41
0.0
 71
2
  1
SEL-751-F1A\PFEEDER\PPROTECTION\PRELAY
  0
MTEXT
  5
515
330
17
100
AcDbEntity
  8
SLD_TEXT
100
AcDbMText
 10
19.48
 20
8.87
 30
0.0
 40
0.093
 41
0.0
 71
2
  1
CUSTOMER FEEDER\P1A
  0
LINE
  5
516
330
17
100
AcDbEntity
  8
SLD_WIRE
100
AcDbLine
 10
23.09
 20
18.583
 30
0.0
 11
23.09
 21
16.207
 31
0.0
  0
LINE
  5
517
330
17
100
AcDbEntity
  8
SLD_WIRE
100
AcDbLine
 10
23.09
 20
16.051
 30
0.0
 11
23.09
 21
15.622
 31
0.0
  0
LINE
  5
518
330
17
100
AcDbEntity
  8
SLD_WIRE
100
AcDbLine
 10
23.09
 20
14.701
 30
0.0
 11
23.09
 21
14.346
 31
0.0
  0
LINE
  5
519
330
17
100
AcDbEntity
  8
SLD_WIRE
100
AcDbLine
 10
23.09
 20
14.189
 30
0.0
 11
23.09
 21
9.097
 31
0.0
  0
INSERT
  5
51A
330
17
100
AcDbEntity
  8
SLD_SYMS
100
AcDbBlockReference
  2
WDDOT
 10
23.09
 20
18.583
 30
0.0
  0
INSERT
  5
51C
330
17
100
AcDbEntity
  8
SLD_SYMS
100
AcDbBlockReference
 66
1
  2
VFU1_1-
 10
24.521
 20
16.204
 30
0.0
  0
ATTRIB
  5
51E
330
17
100
AcDbEntity
  8
0
100
AcDbText
 10
24.646
 20
16.48525
 30
0.0
 40
0.125
  1

  7
WD
 41
0.85
 11
24.646
 21
16.48525
 31
0.0
100
AcDbAttribute
  2
INST
 70
1
  0
ATTRIB
  5
51F
330
17
100
AcDbEntity
  8
0
  6
Continuous
100
AcDbText
 10
24.367720364381608
 20
16.097850164162786
 30
0.0
 40
0.01
  1

  7
WD
 72
1
 11
24.367720364381608
 21
16.097850164162786
 31
0.0
100
AcDbAttribute
  2
ASSYCODE
 70
9
  0
ATTRIB
  5
520
330
17
100
AcDbEntity
  8
0
 62
7
100
AcDbText
 10
24.396
 20
16.204
 30
0.0
 40
0.01
  1

  7
WD
 11
24.396
 21
16.204
 31
0.0
100
AcDbAttribute
  2
X4LINK
 70
1
  0
ATTRIB
  5
521
330
17
100
AcDbEntity
  8
0
 62
7
100
AcDbText
 10
24.646
 20
16.204
 30
0.0
 40
0.01
  1

  7
WD
 11
24.646
 21
16.204
 31
0.0
100
AcDbAttribute
  2
X1LINK
 70
1
  0
ATTRIB
  5
522
330
17
100
AcDbEntity
  8
0
100
AcDbText
 10
24.36475
 20
16.1415
 30
0.0
 40
0.125
  1
6A
  7
WD
 41
0.85
 72
2
 11
24.36475
 21
16.1415
 31
0.0
100
AcDbAttribute
  2
RATING1
 70
0
  0
ATTRIB
  5
523
330
17
100
AcDbEntity
  8
0
100
AcDbText
 10
24.646
 20
15.79775
 30
0.0
 40
0.125
  1

  7
WD
 41
0.85
 11
24.646
 21
15.79775
 31
0.0
100
AcDbAttribute
  2
DESC2
 70
1
  0
ATTRIB
  5
524
330
17
100
AcDbEntity
  8
0
100
AcDbText
 10
24.646
 20
15.969625
 30
0.0
 40
0.125
  1

  7
WD
 41
0.85
 11
24.646
 21
15.969625
 31
0.0
100
AcDbAttribute
  2
DESC1
 70
1
  0
ATTRIB
  5
525
330
17
100
AcDbEntity
  8
0
100
AcDbText
 10
24.64794143797307
 20
16.14337500000005
 30
0.0
 40
0.125
  1

  7
WD
 41
0.85
 11
24.64794143797307
 21
16.14337500000005
 31
0.0
100
AcDbAttribute
  2
TAG1
 70
1
  0
ATTRIB
  5
526
330
17
100
AcDbEntity
  8
0
100
AcDbText
 10
24.646
 20
16.313375
 30
0.0
 40
0.125
  1

  7
WD
 41
0.85
 11
24.646
 21
16.313375
 31
0.0
100
AcDbAttribute
  2
LOC
 70
1
  0
ATTRIB
  5
527
330
17
100
AcDbEntity
  8
0
  6
Continuous
100
AcDbText
 10
24.378883081006997
 20
16.115873790861
 30
0.0
 40
0.01
  1

  7
WD
 72
2
 11
24.378883081006997
 21
16.115873790861
 31
0.0
100
AcDbAttribute
  2
MFG
 70
9
  0
ATTRIB
  5
528
330
17
100
AcDbEntity
  8
0
  6
Continuous
100
AcDbText
 10
24.378883081006997
 20
16.130873790861
 30
0.0
 40
0.01
  1

  7
WD
 72
2
 11
24.378883081006997
 21
16.130873790861
 31
0.0
100
AcDbAttribute
  2
CAT
 70
9
  0
ATTRIB
  5
529
330
17
100
AcDbEntity
  8
0
100
AcDbText
 10
24.362216414340327
 20
16.167540457527664
 30
0.0
 40
0.01
  1

  7
WD
 72
2
 11
24.378883081006997
 21
16.167540457527664
 31
0.0
100
AcDbAttribute
  2
FAMILY
 70
9
  0
ATTRIB
  5
52A
330
17
100
AcDbEntity
  8
0
 62
7
100
AcDbText
 10
24.521
 20
16.04775
 30
0.0
 40
0.0125
  1

  7
WD
 11
24.521
 21
16.04775
 31
0.0
100
AcDbAttribute
  2
X8TERM02
 70
1
  0
ATTRIB
  5
52B
330
17
100
AcDbEntity
  8
0
 62
7
100
AcDbText
 10
24.521
 20
16.36025
 30
0.0
 40
0.0125
  1

  7
WD
 11
24.521
 21
16.36025
 31
0.0
100
AcDbAttribute
  2
X2TERM01
 70
1
  0
ATTRIB
  5
52C
330
17
100
AcDbEntity
  8
0
  6
Continuous
100
AcDbText
 10
24.480298778392005
 20
15.896802969349004
 30
0.0
 40
0.125
  1

  7
WD
 41
0.85
 72
2
 11
24.480298778392005
 21
16.021802969349004
 31
0.0
100
AcDbAttribute
  2
TERM02
 70
9
 74
3
  0
ATTRIB
  5
52D
330
17
100
AcDbEntity
  8
0
  6
Continuous
100
AcDbText
 10
24.466029620844346
 20
16.379376616004922
 30
0.0
 40
0.125
  1

  7
WD
 41
0.85
 72
2
 11
24.466029620844346
 21
16.379376616004922
 31
0.0
100
AcDbAttribute
  2
TERM01
 70
9
  0
ATTRIB
  5
52E
330
17
100
AcDbEntity
  8
0
100
AcDbText
 10
24.378883081006997
 20
16.050763117239445
 30
0.0
 40
0.01
  1

  7
WD
 72
2
 11
24.39221641434033
 21
16.050763117239445
 31
0.0
100
AcDbAttribute
  2
WDTYPE
 70
9
  0
ATTRIB
  5
52F
330
17
100
AcDbEntity
  8
0
100
AcDbText
 10
24.646
 20
15.625875
 30
0.0
 40
0.125
  1

  7
WD
 41
0.85
 11
24.646
 21
15.625875
 31
0.0
100
AcDbAttribute
  2
DESC3
 70
1
  0
ATTRIB
  5
530
330
17
100
AcDbEntity
  8
0
100
AcDbText
 10
24.39221641434033
 20
16.035138117239445
 30
0.0
 40
0.01
  1

  7
WD
 72
2
 11
24.39221641434033
 21
16.035138117239445
 31
0.0
100
AcDbAttribute
  2
WDBLKNAM
 70
9
  0
SEQEND
  5
51D
330
51C
100
AcDbEntity
  8
SLD_SYMS
  0
INSERT
  5
531
330
17
100
AcDbEntity
  8
SLD_SYMS
100
AcDbBlockReference
 66
1
  2
VCN1PJ
 10
23.09
 20
16.144
 30
0.0
  0
ATTRIB
  5
533
330
17
100
AcDbEntity
  8
0
100
AcDbText
 10
23.319166666666668
 20
16.993801758954774
 30
0.0
 40
0.125
  1

  7
WD
 41
0.7
 72
2
 11
23.319166666666668
 21
16.993801758954774
 31
0.0
100
AcDbAttribute
  2
INST
 70
1
  0
ATTRIB
  5
534
330
17
100
AcDbEntity
  8
0
100
AcDbText
 10
23.10307292689499
 20
16.029359872741505
 30
0.0
 40
0.01
  1

  7
WD
 11
23.10307292689499
 21
16.029359872741505
 31
0.0
100
AcDbAttribute
  2
X8TERMDESC01
 70
1
  0
ATTRIB
  5
535
330
17
100
AcDbEntity
  8
0
100
AcDbText
 10
23.116145864499053
 20
16.185609867770694
 30
0.0
 40
0.01
  1

  7
WD
 11
23.116145864499053
 21
16.185609867770694
 31
0.0
100
AcDbAttribute
  2
X2TERMDESC02
 70
1
  0
ATTRIB
  5
536
330
17
100
AcDbEntity
  8
0
  6
Continuous
100
AcDbText
 10
22.980924736372423
 20
16.130056517835843
 30
0.0
 40
0.01
  1

  7
WD
 72
1
 11
22.980924736372423
 21
16.130056517835843
 31
0.0
100
AcDbAttribute
  2
ASSYCODE
 70
9
  0
ATTRIB
  5
537
330
17
100
AcDbEntity
  8
0
100
AcDbText
 10
22.965
 20
16.0815
 30
0.0
 40
0.01
  1

  7
WD
 11
22.965
 21
16.0815
 31
0.0
100
AcDbAttribute
  2
X4LINK
 70
1
  0
ATTRIB
  5
538
330
17
100
AcDbEntity
  8
0
100
AcDbText
 10
23.215
 20
16.0815
 30
0.0
 40
0.01
  1

  7
WD
 11
23.215
 21
16.0815
 31
0.0
100
AcDbAttribute
  2
X1LINK
 70
1
  0
ATTRIB
  5
539
330
17
100
AcDbEntity
  8
0
100
AcDbText
 10
23.0275
 20
16.82420175895477
 30
0.0
 40
0.125
  1

  7
WD
 41
0.7
 72
2
 11
23.0275
 21
16.82420175895477
 31
0.0
100
AcDbAttribute
  2
LOC
 70
1
  0
ATTRIB
  5
53A
330
17
100
AcDbEntity
  8
0
  6
Continuous
100
AcDbText
 10
22.98139310844966
 20
16.144039283222853
 30
0.0
 40
0.01
  1

  7
WD
 72
1
 11
22.98139310844966
 21
16.144039283222853
 31
0.0
100
AcDbAttribute
  2
MFG
 70
9
  0
ATTRIB
  5
53B
330
17
100
AcDbEntity
  8
0
  6
Continuous
100
AcDbText
 10
22.983338154089576
 20
16.163481036930303
 30
0.0
 40
0.01
  1

  7
WD
 72
1
 11
22.983338154089576
 21
16.163481036930303
 31
0.0
100
AcDbAttribute
  2
CAT
 70
9
  0
ATTRIB
  5
53C
330
17
100
AcDbEntity
  8
0
100
AcDbText
 10
22.958284888151226
 20
16.207657452790066
 30
0.0
 40
0.01
  1

  7
WD
 11
22.958284888151226
 21
16.207657452790066
 31
0.0
100
AcDbAttribute
  2
FAMILY
 70
9
  0
ATTRIB
  5
53D
330
17
100
AcDbEntity
  8
0
100
AcDbText
 10
23.0275
 20
16.498278904647663
 30
0.0
 40
0.125
  1

  7
WD
 41
0.7
 72
2
 11
23.0275
 21
16.498278904647663
 31
0.0
100
AcDbAttribute
  2
DESC2
 70
1
  0
ATTRIB
  5
53E
330
17
100
AcDbEntity
  8
0
100
AcDbText
 10
23.0275
 20
16.654525331801217
 30
0.0
 40
0.125
  1

  7
WD
 41
0.7
 72
2
 11
23.0275
 21
16.654525331801217
 31
0.0
100
AcDbAttribute
  2
DESC1
 70
1
  0
ATTRIB
  5
53F
330
17
100
AcDbEntity
  8
0
100
AcDbText
 10
22.819166666666668
 20
16.23775
 30
0.0
 40
0.125
  1

  7
WD
 72
2
 11
23.0275
 21
16.23775
 31
0.0
100
AcDbAttribute
  2
TAG1
 70
1
  0
ATTRIB
  5
540
330
17
100
AcDbEntity
  8
0
  6
Continuous
100
AcDbText
 10
23.137
 20
15.862749999999998
 30
0.0
 40
0.125
  1

  7
WD
 11
23.137
 21
15.987749999999998
 31
0.0
100
AcDbAttribute
  2
TERM01
 70
9
 74
3
  0
ATTRIB
  5
541
330
17
100
AcDbEntity
  8
0
100
AcDbText
 10
23.09
 20
16.05025
 30
0.0
 40
0.0125
  1

  7
WD
 11
23.09
 21
16.05025
 31
0.0
100
AcDbAttribute
  2
X8TERM01
 70
1
  0
ATTRIB
  5
542
330
17
100
AcDbEntity
  8
0
100
AcDbText
 10
23.09
 20
16.2065
 30
0.0
 40
0.0125
  1

  7
WD
 11
23.09
 21
16.2065
 31
0.0
100
AcDbAttribute
  2
X2TERM02
 70
1
  0
ATTRIB
  5
543
330
17
100
AcDbEntity
  8
0
  6
Continuous
100
AcDbText
 10
23.137
 20
16.2065
 30
0.0
 40
0.125
  1

  7
WD
 11
23.137
 21
16.2065
 31
0.0
100
AcDbAttribute
  2
TERM02
 70
9
  0
ATTRIB
  5
544
330
17
100
AcDbEntity
  8
0
100
AcDbText
 10
22.958284888151226
 20
16.189025320458434
 30
0.0
 40
0.01
  1

  7
WD
 11
22.958284888151226
 21
16.189025320458434
 31
0.0
100
AcDbAttribute
  2
WDBLKNAM
 70
9
  0
SEQEND
  5
532
330
531
100
AcDbEntity
  8
SLD_SYMS
  0
LWPOLYLINE
  5
545
330
17
100
AcDbEntity
  8
SLD_SYMS
100
AcDbPolyline
 90
4
 70
1
 10
22.675
 20
15.622
 10
23.452
 20
15.622
 10
23.452
 20
14.701
 10
22.675
 20
14.701
  0
INSERT
  5
546
330
17
100
AcDbEntity
  8
SLD_SYMS
100
AcDbBlockReference
 66
1
  2
VCN1PJ
 10
23.09
 20
14.252
 30
0.0
 50
180.0
  0
ATTRIB
  5
548
330
17
100
AcDbEntity
  8
0
100
AcDbText
 10
22.860833333333332
 20
13.402198241045227
 30
0.0
 40
0.125
  1

 50
180.0
  7
WD
 41
0.7
 72
2
 11
22.860833333333332
 21
13.402198241045227
 31
0.0
100
AcDbAttribute
  2
INST
 70
1
  0
ATTRIB
  5
549
330
17
100
AcDbEntity
  8
0
100
AcDbText
 10
23.07692707310501
 20
14.366640127258496
 30
0.0
 40
0.01
  1

 50
180.0
  7
WD
 11
23.07692707310501
 21
14.366640127258496
 31
0.0
100
AcDbAttribute
  2
X8TERMDESC01
 70
1
  0
ATTRIB
  5
54A
330
17
100
AcDbEntity
  8
0
100
AcDbText
 10
23.063854135500947
 20
14.210390132229305
 30
0.0
 40
0.01
  1

 50
180.0
  7
WD
 11
23.063854135500947
 21
14.210390132229305
 31
0.0
100
AcDbAttribute
  2
X2TERMDESC02
 70
1
  0
ATTRIB
  5
54B
330
17
100
AcDbEntity
  8
0
  6
Continuous
100
AcDbText
 10
23.199075263627577
 20
14.265943482164156
 30
0.0
 40
0.01
  1

 50
180.0
  7
WD
 72
1
 11
23.199075263627577
 21
14.265943482164156
 31
0.0
100
AcDbAttribute
  2
ASSYCODE
 70
9
  0
ATTRIB
  5
54C
330
17
100
AcDbEntity
  8
0
100
AcDbText
 10
23.215
 20
14.3145
 30
0.0
 40
0.01
  1

 50
180.0
  7
WD
 11
23.215
 21
14.3145
 31
0.0
100
AcDbAttribute
  2
X4LINK
 70
1
  0
ATTRIB
  5
54D
330
17
100
AcDbEntity
  8
0
100
AcDbText
 10
22.965
 20
14.3145
 30
0.0
 40
0.01
  1

 50
180.0
  7
WD
 11
22.965
 21
14.3145
 31
0.0
100
AcDbAttribute
  2
X1LINK
 70
1
  0
ATTRIB
  5
54E
330
17
100
AcDbEntity
  8
0
100
AcDbText
 10
23.1525
 20
13.571798241045226
 30
0.0
 40
0.125
  1

 50
180.0
  7
WD
 41
0.7
 72
2
 11
23.1525
 21
13.571798241045226
 31
0.0
100
AcDbAttribute
  2
LOC
 70
1
  0
ATTRIB
  5
54F
330
17
100
AcDbEntity
  8
0
  6
Continuous
100
AcDbText
 10
23.19860689155034
 20
14.251960716777145
 30
0.0
 40
0.01
  1

 50
180.0
  7
WD
 72
1
 11
23.19860689155034
 21
14.251960716777145
 31
0.0
100
AcDbAttribute
  2
MFG
 70
9
  0
ATTRIB
  5
550
330
17
100
AcDbEntity
  8
0
  6
Continuous
100
AcDbText
 10
23.196661845910423
 20
14.232518963069694
 30
0.0
 40
0.01
  1

 50
180.0
  7
WD
 72
1
 11
23.196661845910423
 21
14.232518963069694
 31
0.0
100
AcDbAttribute
  2
CAT
 70
9
  0
ATTRIB
  5
551
330
17
100
AcDbEntity
  8
0
100
AcDbText
 10
23.221715111848773
 20
14.188342547209931
 30
0.0
 40
0.01
  1

 50
180.0
  7
WD
 11
23.221715111848773
 21
14.188342547209931
 31
0.0
100
AcDbAttribute
  2
FAMILY
 70
9
  0
ATTRIB
  5
552
330
17
100
AcDbEntity
  8
0
100
AcDbText
 10
23.1525
 20
13.897721095352336
 30
0.0
 40
0.125
  1

 50
180.0
  7
WD
 41
0.7
 72
2
 11
23.1525
 21
13.897721095352336
 31
0.0
100
AcDbAttribute
  2
DESC2
 70
1
  0
ATTRIB
  5
553
330
17
100
AcDbEntity
  8
0
100
AcDbText
 10
23.1525
 20
13.741474668198782
 30
0.0
 40
0.125
  1

 50
180.0
  7
WD
 41
0.7
 72
2
 11
23.1525
 21
13.741474668198782
 31
0.0
100
AcDbAttribute
  2
DESC1
 70
1
  0
ATTRIB
  5
554
330
17
100
AcDbEntity
  8
0
100
AcDbText
 10
23.360833333333332
 20
14.15825
 30
0.0
 40
0.125
  1

 50
180.0
  7
WD
 72
2
 11
23.1525
 21
14.15825
 31
0.0
100
AcDbAttribute
  2
TAG1
 70
1
  0
ATTRIB
  5
555
330
17
100
AcDbEntity
  8
0
  6
Continuous
100
AcDbText
 10
23.043
 20
14.53325
 30
0.0
 40
0.125
  1

 50
180.0
  7
WD
 11
23.043
 21
14.40825
 31
0.0
100
AcDbAttribute
  2
TERM01
 70
9
 74
3
  0
ATTRIB
  5
556
330
17
100
AcDbEntity
  8
0
100
AcDbText
 10
23.09
 20
14.34575
 30
0.0
 40
0.0125
  1

 50
180.0
  7
WD
 11
23.09
 21
14.34575
 31
0.0
100
AcDbAttribute
  2
X8TERM01
 70
1
  0
ATTRIB
  5
557
330
17
100
AcDbEntity
  8
0
100
AcDbText
 10
23.09
 20
14.1895
 30
0.0
 40
0.0125
  1

 50
180.0
  7
WD
 11
23.09
 21
14.1895
 31
0.0
100
AcDbAttribute
  2
X2TERM02
 70
1
  0
ATTRIB
  5
558
330
17
100
AcDbEntity
  8
0
  6
Continuous
100
AcDbText
 10
23.043
 20
14.1895
 30
0.0
 40
0.125
  1

 50
180.0
  7
WD
 11
23.043
 21
14.1895
 31
0.0
100
AcDbAttribute
  2
TERM02
 70
9
  0
ATTRIB
  5
559
330
17
100
AcDbEntity
  8
0
100
AcDbText
 10
23.221715111848773
 20
14.206974679541563
 30
0.0
 40
0.01
  1

 50
180.0
  7
WD
 11
23.221715111848773
 21
14.206974679541563
 31
0.0
100
AcDbAttribute
  2
WDBLKNAM
 70
9
  0
SEQEND
  5
547
330
546
100
AcDbEntity
  8
SLD_SYMS
  0
INSERT
  5
55A
330
17
100
AcDbEntity
  8
SLD_SYMS
100
AcDbBlockReference
 66
1
  2
VFU1_1-
 10
24.59
 20
13.09
 30
0.0
  0
ATTRIB
  5
55C
330
17
100
AcDbEntity
  8
0
100
AcDbText
 10
24.715
 20
13.37125
 30
0.0
 40
0.125
  1

  7
WD
 41
0.85
 11
24.715
 21
13.37125
 31
0.0
100
AcDbAttribute
  2
INST
 70
1
  0
ATTRIB
  5
55D
330
17
100
AcDbEntity
  8
0
  6
Continuous
100
AcDbText
 10
24.436720364381607
 20
12.983850164162785
 30
0.0
 40
0.01
  1

  7
WD
 72
1
 11
24.436720364381607
 21
12.983850164162785
 31
0.0
100
AcDbAttribute
  2
ASSYCODE
 70
9
  0
ATTRIB
  5
55E
330
17
100
AcDbEntity
  8
0
 62
7
100
AcDbText
 10
24.465
 20
13.09
 30
0.0
 40
0.01
  1

  7
WD
 11
24.465
 21
13.09
 31
0.0
100
AcDbAttribute
  2
X4LINK
 70
1
  0
ATTRIB
  5
55F
330
17
100
AcDbEntity
  8
0
 62
7
100
AcDbText
 10
24.715
 20
13.09
 30
0.0
 40
0.01
  1

  7
WD
 11
24.715
 21
13.09
 31
0.0
100
AcDbAttribute
  2
X1LINK
 70
1
  0
ATTRIB
  5
560
330
17
100
AcDbEntity
  8
0
100
AcDbText
 10
24.43375
 20
13.0275
 30
0.0
 40
0.125
  1

  7
WD
 41
0.85
 72
2
 11
24.43375
 21
13.0275
 31
0.0
100
AcDbAttribute
  2
RATING1
 70
1
  0
ATTRIB
  5
561
330
17
100
AcDbEntity
  8
0
100
AcDbText
 10
24.715
 20
12.68375
 30
0.0
 40
0.125
  1

  7
WD
 41
0.85
 11
24.715
 21
12.68375
 31
0.0
100
AcDbAttribute
  2
DESC2
 70
1
  0
ATTRIB
  5
562
330
17
100
AcDbEntity
  8
0
100
AcDbText
 10
24.715
 20
12.855625
 30
0.0
 40
0.125
  1

  7
WD
 41
0.85
 11
24.715
 21
12.855625
 31
0.0
100
AcDbAttribute
  2
DESC1
 70
1
  0
ATTRIB
  5
563
330
17
100
AcDbEntity
  8
0
100
AcDbText
 10
24.71694143797307
 20
13.02937500000005
 30
0.0
 40
0.125
  1

  7
WD
 41
0.85
 11
24.71694143797307
 21
13.02937500000005
 31
0.0
100
AcDbAttribute
  2
TAG1
 70
1
  0
ATTRIB
  5
564
330
17
100
AcDbEntity
  8
0
100
AcDbText
 10
24.715
 20
13.199375
 30
0.0
 40
0.125
  1

  7
WD
 41
0.85
 11
24.715
 21
13.199375
 31
0.0
100
AcDbAttribute
  2
LOC
 70
1
  0
ATTRIB
  5
565
330
17
100
AcDbEntity
  8
0
  6
Continuous
100
AcDbText
 10
24.447883081006996
 20
13.001873790860998
 30
0.0
 40
0.01
  1

  7
WD
 72
2
 11
24.447883081006996
 21
13.001873790860998
 31
0.0
100
AcDbAttribute
  2
MFG
 70
9
  0
ATTRIB
  5
566
330
17
100
AcDbEntity
  8
0
  6
Continuous
100
AcDbText
 10
24.447883081006996
 20
13.016873790860997
 30
0.0
 40
0.01
  1

  7
WD
 72
2
 11
24.447883081006996
 21
13.016873790860997
 31
0.0
100
AcDbAttribute
  2
CAT
 70
9
  0
ATTRIB
  5
567
330
17
100
AcDbEntity
  8
0
100
AcDbText
 10
24.431216414340327
 20
13.053540457527664
 30
0.0
 40
0.01
  1

  7
WD
 72
2
 11
24.447883081006996
 21
13.053540457527664
 31
0.0
100
AcDbAttribute
  2
FAMILY
 70
9
  0
ATTRIB
  5
568
330
17
100
AcDbEntity
  8
0
 62
7
100
AcDbText
 10
24.59
 20
12.93375
 30
0.0
 40
0.0125
  1

  7
WD
 11
24.59
 21
12.93375
 31
0.0
100
AcDbAttribute
  2
X8TERM02
 70
1
  0
ATTRIB
  5
569
330
17
100
AcDbEntity
  8
0
 62
7
100
AcDbText
 10
24.59
 20
13.24625
 30
0.0
 40
0.0125
  1

  7
WD
 11
24.59
 21
13.24625
 31
0.0
100
AcDbAttribute
  2
X2TERM01
 70
1
  0
ATTRIB
  5
56A
330
17
100
AcDbEntity
  8
0
  6
Continuous
100
AcDbText
 10
24.549298778392004
 20
12.782802969349003
 30
0.0
 40
0.125
  1

  7
WD
 41
0.85
 72
2
 11
24.549298778392004
 21
12.907802969349003
 31
0.0
100
AcDbAttribute
  2
TERM02
 70
9
 74
3
  0
ATTRIB
  5
56B
330
17
100
AcDbEntity
  8
0
  6
Continuous
100
AcDbText
 10
24.535029620844345
 20
13.26537661600492
 30
0.0
 40
0.125
  1

  7
WD
 41
0.85
 72
2
 11
24.535029620844345
 21
13.26537661600492
 31
0.0
100
AcDbAttribute
  2
TERM01
 70
9
  0
ATTRIB
  5
56C
330
17
100
AcDbEntity
  8
0
100
AcDbText
 10
24.447883081006996
 20
12.936763117239446
 30
0.0
 40
0.01
  1

  7
WD
 72
2
 11
24.461216414340328
 21
12.936763117239446
 31
0.0
100
AcDbAttribute
  2
WDTYPE
 70
9
  0
ATTRIB
  5
56D
330
17
100
AcDbEntity
  8
0
100
AcDbText
 10
24.715
 20
12.511875
 30
0.0
 40
0.125
  1

  7
WD
 41
0.85
 11
24.715
 21
12.511875
 31
0.0
100
AcDbAttribute
  2
DESC3
 70
1
  0
ATTRIB
  5
56E
330
17
100
AcDbEntity
  8
0
100
AcDbText
 10
24.461216414340328
 20
12.921138117239446
 30
0.0
 40
0.01
  1

  7
WD
 72
2
 11
24.461216414340328
 21
12.921138117239446
 31
0.0
100
AcDbAttribute
  2
WDBLKNAM
 70
9
  0
SEQEND
  5
55B
330
55A
100
AcDbEntity
  8
SLD_SYMS
  0
INSERT
  5
56F
330
17
100
AcDbEntity
  8
SLD_SYMS
100
AcDbBlockReference
  2
ARRESTER
 10
23.088
 20
13.359
 30
0.0
  0
INSERT
  5
571
330
17
100
AcDbEntity
  8
SLD_SYMS
100
AcDbBlockReference
 66
1
  2
VXF1CT
 10
23.28
 20
12.007
 30
0.0
  0
ATTRIB
  5
573
330
17
100
AcDbEntity
  8
0
100
AcDbText
 10
23.05291666666667
 20
11.585125
 30
0.0
 40
0.125
  1

  7
WD
 41
0.7
 72
1
 11
23.05291666666667
 21
11.585125
 31
0.0
100
AcDbAttribute
  2
INST
 70
1
  0
ATTRIB
  5
574
330
17
100
AcDbEntity
  8
0
100
AcDbText
 10
23.28
 20
11.723826474599724
 30
0.0
 40
0.0125
  1

  7
WD
 11
23.28
 21
11.723826474599724
 31
0.0
100
AcDbAttribute
  2
X8TERM01
 70
1
  0
ATTRIB
  5
575
330
17
100
AcDbEntity
  8
0
100
AcDbText
 10
23.312211762700137
 20
11.756038237299862
 30
0.0
 40
0.0125
  1

  7
WD
 11
23.312211762700137
 21
11.756038237299862
 31
0.0
100
AcDbAttribute
  2
X1TERM01
 70
1
  0
ATTRIB
  5
576
330
17
100
AcDbEntity
  8
0
  6
Continuous
100
AcDbText
 10
23.225062169619044
 20
11.776456032263782
 30
0.0
 40
0.125
  1

  7
WD
 72
2
 11
23.225062169619044
 21
11.776456032263782
 31
0.0
100
AcDbAttribute
  2
TERM01
 70
9
  0
ATTRIB
  5
577
330
17
100
AcDbEntity
  8
0
  6
Continuous
100
AcDbText
 10
23.23500691695107
 20
12.273965784883833
 30
0.0
 40
0.125
  1

  7
WD
 72
2
 11
23.23500691695107
 21
12.273965784883833
 31
0.0
100
AcDbAttribute
  2
TERM02
 70
9
  0
ATTRIB
  5
578
330
17
100
AcDbEntity
  8
0
100
AcDbText
 10
23.312211762700137
 20
12.256038237299862
 30
0.0
 40
0.0125
  1

  7
WD
 11
23.312211762700137
 21
12.256038237299862
 31
0.0
100
AcDbAttribute
  2
X1TERM02
 70
1
  0
ATTRIB
  5
579
330
17
100
AcDbEntity
  8
0
100
AcDbText
 10
23.28
 20
12.28825
 30
0.0
 40
0.0125
  1

  7
WD
 11
23.28
 21
12.28825
 31
0.0
100
AcDbAttribute
  2
X2TERM02
 70
1
  0
ATTRIB
  5
57A
330
17
100
AcDbEntity
  8
0
100
AcDbText
 10
23.56125
 20
11.882
 30
0.0
 40
0.125
  1

  7
WD
 41
0.7
 11
23.56125
 21
11.882
 31
0.0
100
AcDbAttribute
  2
RATING1
 70
1
  0
ATTRIB
  5
57B
330
17
100
AcDbEntity
  8
0
100
AcDbText
 10
23.56125
 20
12.03825
 30
0.0
 40
0.125
  1

  7
WD
 11
23.56125
 21
12.03825
 31
0.0
100
AcDbAttribute
  2
TAG1
 70
1
  0
ATTRIB
  5
57C
330
17
100
AcDbEntity
  8
0
100
AcDbText
 10
23.079470622272794
 20
11.24970533180122
 30
0.0
 40
0.125
  1
400:5A (3)
  7
WD
 41
0.7
 72
1
 11
23.079470622272794
 21
11.24970533180122
 31
0.0
100
AcDbAttribute
  2
DESC1
 70
0
  0
ATTRIB
  5
57D
330
17
100
AcDbEntity
  8
0
100
AcDbText
 10
23.079470622272794
 20
11.093458904647663
 30
0.0
 40
0.125
  1
CT 5P20
  7
WD
 41
0.7
 72
1
 11
23.079470622272794
 21
11.093458904647663
 31
0.0
100
AcDbAttribute
  2
DESC2
 70
0
  0
ATTRIB
  5
57E
330
17
100
AcDbEntity
  8
0
100
AcDbText
 10
23.079470622272794
 20
11.405951758954775
 30
0.0
 40
0.125
  1

  7
WD
 41
0.7
 72
1
 11
23.079470622272794
 21
11.405951758954775
 31
0.0
100
AcDbAttribute
  2
LOC
 70
1
  0
ATTRIB
  5
57F
330
17
100
AcDbEntity
  8
0
  6
Continuous
100
AcDbText
 10
23.109069824898974
 20
12.125955350386372
 30
0.0
 40
0.01
  1

  7
WD
 72
1
 11
23.109069824898974
 21
12.125955350386372
 31
0.0
100
AcDbAttribute
  2
ASSYCODE
 70
9
  0
ATTRIB
  5
580
330
17
100
AcDbEntity
  8
0
100
AcDbText
 10
23.08729166666667
 20
11.960125
 30
0.0
 40
0.125
  1

  7
WD
 72
1
 11
23.233125
 21
11.960125
 31
0.0
100
AcDbAttribute
  2
TYPE
 70
1
  0
ATTRIB
  5
581
330
17
100
AcDbEntity
  8
0
100
AcDbText
 10
23.08419277590037
 20
12.197690293718368
 30
0.0
 40
0.01
  1

  7
WD
 11
23.08419277590037
 21
12.197690293718368
 31
0.0
100
AcDbAttribute
  2
FAMILY
 70
9
  0
ATTRIB
  5
582
330
17
100
AcDbEntity
  8
0
  6
Continuous
100
AcDbText
 10
23.10924604183872
 20
12.169138877858606
 30
0.0
 40
0.01
  1

  7
WD
 72
1
 11
23.10924604183872
 21
12.169138877858606
 31
0.0
100
AcDbAttribute
  2
CAT
 70
9
  0
ATTRIB
  5
583
330
17
100
AcDbEntity
  8
0
  6
Continuous
100
AcDbText
 10
23.1073009961988
 20
12.149697124151155
 30
0.0
 40
0.01
  1

  7
WD
 72
1
 11
23.1073009961988
 21
12.149697124151155
 31
0.0
100
AcDbAttribute
  2
MFG
 70
9
  0
SEQEND
  5
572
330
571
100
AcDbEntity
  8
SLD_SYMS
  0
INSERT
  5
584
330
17
100
AcDbEntity
  8
SLD_SYMS
100
AcDbBlockReference
  2
WDDOT
 10
23.14
 20
12.325
 30
0.0
  0
MTEXT
  5
586
330
17
100
AcDbEntity
  8
SLD_TEXT
100
AcDbMText
 10
22.313
 20
11.774
 30
0.0
 40
0.1
 41
0.0
 71
2
  1
1%%C
  0
INSERT
  5
587
330
17
100
AcDbEntity
  8
SLD_SYMS
100
AcDbBlockReference
 66
1
  2
VXF1CT
 10
23.28
 20
10.308
 30
0.0
  0
ATTRIB
  5
589
330
17
100
AcDbEntity
  8
0
100
AcDbText
 10
23.05291666666667
 20
9.886125
 30
0.0
 40
0.125
  1

  7
WD
 41
0.7
 72
1
 11
23.05291666666667
 21
9.886125
 31
0.0
100
AcDbAttribute
  2
INST
 70
1
  0
ATTRIB
  5
58A
330
17
100
AcDbEntity
  8
0
100
AcDbText
 10
23.28
 20
10.024826474599724
 30
0.0
 40
0.0125
  1

  7
WD
 11
23.28
 21
10.024826474599724
 31
0.0
100
AcDbAttribute
  2
X8TERM01
 70
1
  0
ATTRIB
  5
58B
330
17
100
AcDbEntity
  8
0
100
AcDbText
 10
23.312211762700137
 20
10.057038237299862
 30
0.0
 40
0.0125
  1

  7
WD
 11
23.312211762700137
 21
10.057038237299862
 31
0.0
100
AcDbAttribute
  2
X1TERM01
 70
1
  0
ATTRIB
  5
58C
330
17
100
AcDbEntity
  8
0
  6
Continuous
100
AcDbText
 10
23.225062169619044
 20
10.077456032263783
 30
0.0
 40
0.125
  1

  7
WD
 72
2
 11
23.225062169619044
 21
10.077456032263783
 31
0.0
100
AcDbAttribute
  2
TERM01
 70
9
  0
ATTRIB
  5
58D
330
17
100
AcDbEntity
  8
0
  6
Continuous
100
AcDbText
 10
23.23500691695107
 20
10.574965784883833
 30
0.0
 40
0.125
  1

  7
WD
 72
2
 11
23.23500691695107
 21
10.574965784883833
 31
0.0
100
AcDbAttribute
  2
TERM02
 70
9
  0
ATTRIB
  5
58E
330
17
100
AcDbEntity
  8
0
100
AcDbText
 10
23.312211762700137
 20
10.557038237299862
 30
0.0
 40
0.0125
  1

  7
WD
 11
23.312211762700137
 21
10.557038237299862
 31
0.0
100
AcDbAttribute
  2
X1TERM02
 70
1
  0
ATTRIB
  5
58F
330
17
100
AcDbEntity
  8
0
100
AcDbText
 10
23.28
 20
10.58925
 30
0.0
 40
0.0125
  1

  7
WD
 11
23.28
 21
10.58925
 31
0.0
100
AcDbAttribute
  2
X2TERM02
 70
1
  0
ATTRIB
  5
590
330
17
100
AcDbEntity
  8
0
100
AcDbText
 10
23.56125
 20
10.183
 30
0.0
 40
0.125
  1

  7
WD
 41
0.7
 11
23.56125
 21
10.183
 31
0.0
100
AcDbAttribute
  2
RATING1
 70
1
  0
ATTRIB
  5
591
330
17
100
AcDbEntity
  8
0
100
AcDbText
 10
23.56125
 20
10.33925
 30
0.0
 40
0.125
  1

  7
WD
 11
23.56125
 21
10.33925
 31
0.0
100
AcDbAttribute
  2
TAG1
 70
1
  0
ATTRIB
  5
592
330
17
100
AcDbEntity
  8
0
100
AcDbText
 10
23.079470622272794
 20
9.550705331801218
 30
0.0
 40
0.125
  1
3000:5A (3)
  7
WD
 41
0.7
 72
1
 11
23.079470622272794
 21
9.550705331801218
 31
0.0
100
AcDbAttribute
  2
DESC1
 70
0
  0
ATTRIB
  5
593
330
17
100
AcDbEntity
  8
0
100
AcDbText
 10
23.079470622272794
 20
9.394458904647664
 30
0.0
 40
0.125
  1
CT 5P20
  7
WD
 41
0.7
 72
1
 11
23.079470622272794
 21
9.394458904647664
 31
0.0
100
AcDbAttribute
  2
DESC2
 70
0
  0
ATTRIB
  5
594
330
17
100
AcDbEntity
  8
0
100
AcDbText
 10
23.079470622272794
 20
9.706951758954773
 30
0.0
 40
0.125
  1

  7
WD
 41
0.7
 72
1
 11
23.079470622272794
 21
9.706951758954773
 31
0.0
100
AcDbAttribute
  2
LOC
 70
1
  0
ATTRIB
  5
595
330
17
100
AcDbEntity
  8
0
  6
Continuous
100
AcDbText
 10
23.109069824898974
 20
10.426955350386372
 30
0.0
 40
0.01
  1

  7
WD
 72
1
 11
23.109069824898974
 21
10.426955350386372
 31
0.0
100
AcDbAttribute
  2
ASSYCODE
 70
9
  0
ATTRIB
  5
596
330
17
100
AcDbEntity
  8
0
100
AcDbText
 10
23.08729166666667
 20
10.261125
 30
0.0
 40
0.125
  1

  7
WD
 72
1
 11
23.233125
 21
10.261125
 31
0.0
100
AcDbAttribute
  2
TYPE
 70
1
  0
ATTRIB
  5
597
330
17
100
AcDbEntity
  8
0
100
AcDbText
 10
23.08419277590037
 20
10.498690293718369
 30
0.0
 40
0.01
  1

  7
WD
 11
23.08419277590037
 21
10.498690293718369
 31
0.0
100
AcDbAttribute
  2
FAMILY
 70
9
  0
ATTRIB
  5
598
330
17
100
AcDbEntity
  8
0
  6
Continuous
100
AcDbText
 10
23.10924604183872
 20
10.470138877858606
 30
0.0
 40
0.01
  1

  7
WD
 72
1
 11
23.10924604183872
 21
10.470138877858606
 31
0.0
100
AcDbAttribute
  2
CAT
 70
9
  0
ATTRIB
  5
599
330
17
100
AcDbEntity
  8
0
  6
Continuous
100
AcDbText
 10
23.1073009961988
 20
10.450697124151155
 30
0.0
 40
0.01
  1

  7
WD
 72
1
 11
23.1073009961988
 21
10.450697124151155
 31
0.0
100
AcDbAttribute
  2
MFG
 70
9
  0
SEQEND
  5
588
330
587
100
AcDbEntity
  8
SLD_SYMS
  0
INSERT
  5
59A
330
17
100
AcDbEntity
  8
SLD_SYMS
100
AcDbBlockReference
  2
WDDOT
 10
23.134
 20
10.606
 30
0.0
  0
MTEXT
  5
59C
330
17
100
AcDbEntity
  8
SLD_TEXT
100
AcDbMText
 10
22.313
 20
10.08
 30
0.0
 40
0.1
 41
0.0
 71
2
  1
1%%C
  0
INSERT
  5
59D
330
17
100
AcDbEntity
  8
SLD_SYMS
100
AcDbBlockReference
 66
1
  2
VCN1PJ
 10
23.09
 20
9.034
 30
0.0
  0
ATTRIB
  5
59F
330
17
100
AcDbEntity
  8
0
100
AcDbText
 10
23.319166666666668
 20
9.883801758954775
 30
0.0
 40
0.125
  1

  7
WD
 41
0.7
 72
2
 11
23.319166666666668
 21
9.883801758954775
 31
0.0
100
AcDbAttribute
  2
INST
 70
1
  0
ATTRIB
  5
5A0
330
17
100
AcDbEntity
  8
0
100
AcDbText
 10
23.10307292689499
 20
8.919359872741506
 30
0.0
 40
0.01
  1

  7
WD
 11
23.10307292689499
 21
8.919359872741506
 31
0.0
100
AcDbAttribute
  2
X8TERMDESC01
 70
1
  0
ATTRIB
  5
5A1
330
17
100
AcDbEntity
  8
0
100
AcDbText
 10
23.116145864499053
 20
9.075609867770696
 30
0.0
 40
0.01
  1

  7
WD
 11
23.116145864499053
 21
9.075609867770696
 31
0.0
100
AcDbAttribute
  2
X2TERMDESC02
 70
1
  0
ATTRIB
  5
5A2
330
17
100
AcDbEntity
  8
0
  6
Continuous
100
AcDbText
 10
22.980924736372423
 20
9.020056517835846
 30
0.0
 40
0.01
  1

  7
WD
 72
1
 11
22.980924736372423
 21
9.020056517835846
 31
0.0
100
AcDbAttribute
  2
ASSYCODE
 70
9
  0
ATTRIB
  5
5A3
330
17
100
AcDbEntity
  8
0
100
AcDbText
 10
22.965
 20
8.9715
 30
0.0
 40
0.01
  1

  7
WD
 11
22.965
 21
8.9715
 31
0.0
100
AcDbAttribute
  2
X4LINK
 70
1
  0
ATTRIB
  5
5A4
330
17
100
AcDbEntity
  8
0
100
AcDbText
 10
23.215
 20
8.9715
 30
0.0
 40
0.01
  1

  7
WD
 11
23.215
 21
8.9715
 31
0.0
100
AcDbAttribute
  2
X1LINK
 70
1
  0
ATTRIB
  5
5A5
330
17
100
AcDbEntity
  8
0
100
AcDbText
 10
23.0275
 20
9.714201758954776
 30
0.0
 40
0.125
  1

  7
WD
 41
0.7
 72
2
 11
23.0275
 21
9.714201758954776
 31
0.0
100
AcDbAttribute
  2
LOC
 70
1
  0
ATTRIB
  5
5A6
330
17
100
AcDbEntity
  8
0
  6
Continuous
100
AcDbText
 10
22.98139310844966
 20
9.034039283222857
 30
0.0
 40
0.01
  1

  7
WD
 72
1
 11
22.98139310844966
 21
9.034039283222857
 31
0.0
100
AcDbAttribute
  2
MFG
 70
9
  0
ATTRIB
  5
5A7
330
17
100
AcDbEntity
  8
0
  6
Continuous
100
AcDbText
 10
22.983338154089576
 20
9.053481036930307
 30
0.0
 40
0.01
  1

  7
WD
 72
1
 11
22.983338154089576
 21
9.053481036930307
 31
0.0
100
AcDbAttribute
  2
CAT
 70
9
  0
ATTRIB
  5
5A8
330
17
100
AcDbEntity
  8
0
100
AcDbText
 10
22.958284888151226
 20
9.09765745279007
 30
0.0
 40
0.01
  1

  7
WD
 11
22.958284888151226
 21
9.09765745279007
 31
0.0
100
AcDbAttribute
  2
FAMILY
 70
9
  0
ATTRIB
  5
5A9
330
17
100
AcDbEntity
  8
0
100
AcDbText
 10
23.0275
 20
9.388278904647665
 30
0.0
 40
0.125
  1

  7
WD
 41
0.7
 72
2
 11
23.0275
 21
9.388278904647665
 31
0.0
100
AcDbAttribute
  2
DESC2
 70
1
  0
ATTRIB
  5
5AA
330
17
100
AcDbEntity
  8
0
100
AcDbText
 10
23.0275
 20
9.54452533180122
 30
0.0
 40
0.125
  1

  7
WD
 41
0.7
 72
2
 11
23.0275
 21
9.54452533180122
 31
0.0
100
AcDbAttribute
  2
DESC1
 70
1
  0
ATTRIB
  5
5AB
330
17
100
AcDbEntity
  8
0
100
AcDbText
 10
22.819166666666668
 20
9.12775
 30
0.0
 40
0.125
  1

  7
WD
 72
2
 11
23.0275
 21
9.12775
 31
0.0
100
AcDbAttribute
  2
TAG1
 70
1
  0
ATTRIB
  5
5AC
330
17
100
AcDbEntity
  8
0
  6
Continuous
100
AcDbText
 10
23.137
 20
8.75275
 30
0.0
 40
0.125
  1

  7
WD
 11
23.137
 21
8.87775
 31
0.0
100
AcDbAttribute
  2
TERM01
 70
9
 74
3
  0
ATTRIB
  5
5AD
330
17
100
AcDbEntity
  8
0
100
AcDbText
 10
23.09
 20
8.94025
 30
0.0
 40
0.0125
  1

  7
WD
 11
23.09
 21
8.94025
 31
0.0
100
AcDbAttribute
  2
X8TERM01
 70
1
  0
ATTRIB
  5
5AE
330
17
100
AcDbEntity
  8
0
100
AcDbText
 10
23.09
 20
9.0965
 30
0.0
 40
0.0125
  1

  7
WD
 11
23.09
 21
9.0965
 31
0.0
100
AcDbAttribute
  2
X2TERM02
 70
1
  0
ATTRIB
  5
5AF
330
17
100
AcDbEntity
  8
0
  6
Continuous
100
AcDbText
 10
23.137
 20
9.0965
 30
0.0
 40
0.125
  1

  7
WD
 11
23.137
 21
9.0965
 31
0.0
100
AcDbAttribute
  2
TERM02
 70
9
  0
ATTRIB
  5
5B0
330
17
100
AcDbEntity
  8
0
100
AcDbText
 10
22.958284888151226
 20
9.079025320458438
 30
0.0
 40
0.01
  1

  7
WD
 11
22.958284888151226
 21
9.079025320458438
 31
0.0
100
AcDbAttribute
  2
WDBLKNAM
 70
9
  0
SEQEND
  5
59E
330
59D
100
AcDbEntity
  8
SLD_SYMS
  0
INSERT
  5
5B1
330
17
100
AcDbEntity
  8
SLD_SYMS
100
AcDbBlockReference
 66
1
  2
DEVICE_BUBBLE
 10
24.144
 20
15.318
 30
0.0
  0
ATTRIB
  5
5B3
330
17
100
AcDbEntity
  8
0
100
AcDbText
 10
23.972467910107973
 20
15.218951515790893
 30
0.0
 40
0.2
  1
86
  7
OpenSans
 11
23.972467910107973
 21
15.218951515790893
 31
0.0
100
AcDbAttribute
  2
DB
 70
0
280
1
  0
SEQEND
  5
5B2
330
5B1
100
AcDbEntity
  8
SLD_SYMS
  0
LINE
  5
5B4
330
17
100
AcDbEntity
  8
SLD_CONTROL
100
AcDbLine
 10
23.451999999999998
 20
15.318
 30
0.0
 11
23.927
 21
15.318
 31
0.0
  0
LINE
  5
5B5
330
17
100
AcDbEntity
  8
SLD_CONTROL
100
AcDbLine
 10
24.144
 20
15.100999999999999
 30
0.0
 11
24.144
 21
14.715
 31
0.0
  0
LWPOLYLINE
  5
5B6
330
17
100
AcDbEntity
  8
SLD_SYMS
100
AcDbPolyline
 90
4
 70
1
 10
23.837
 20
14.715
 10
25.015
 20
14.715
 10
25.015
 20
14.043
 10
23.837
 20
14.043
  0
LWPOLYLINE
  5
5B7
330
17
100
AcDbEntity
  8
SLD_CUBICLE
  6
DASHED
100
AcDbPolyline
 90
4
 70
1
 10
21.908
 20
12.465
 10
23.501
 20
12.465
 10
23.501
 20
9.912
 10
21.908
 20
9.912
  0
MTEXT
  5
5B8
330
17
100
AcDbEntity
  8
SLD_TEXT
100
AcDbMText
 10
23.09
 20
21.037
 30
0.0
 40
0.3
 41
0.0
 71
2
  1
UNIT 7
  0
MTEXT
  5
5B9
330
17
100
AcDbEntity
  8
SLD_TEXT
100
AcDbMText
 10
23.09
 20
20.173
 30
0.0
 40
0.3
 41
0.0
 71
2
  1
52-F2A\PBESS\PFEEDER
  0
MTEXT
  5
5BA
330
17
100
AcDbEntity
  8
SLD_TEXT
100
AcDbMText
 10
22.714
 20
15.408
 30
0.0
 40
0.093
 41
0.0
 71
1
  1
52-F2A\P17.5kV\P3150A\P40kA
  0
MTEXT
  5
5BB
330
17
100
AcDbEntity
  8
SLD_TEXT
100
AcDbMText
 10
24.426
 20
14.677
 30
0.0
 40
0.093
 41
0.0
 71
2
  1
SEL-751-F2A\PFEEDER\PPROTECTION\PRELAY
  0
MTEXT
  5
5BC
330
17
100
AcDbEntity
  8
SLD_TEXT
100
AcDbMText
 10
23.09
 20
8.87
 30
0.0
 40
0.093
 41
0.0
 71
2
  1
SPARE FOR BESS
  0
LINE
  5
5BD
330
17
100
AcDbEntity
  8
SLD_WIRE
100
AcDbLine
 10
26.7
 20
18.583
 30
0.0
 11
26.7
 21
14.469
 31
0.0
  0
LINE
  5
5BE
330
17
100
AcDbEntity
  8
SLD_WIRE
100
AcDbLine
 10
26.7
 20
13.657
 30
0.0
 11
26.7
 21
8.005
 31
0.0
  0
LINE
  5
5BF
330
17
100
AcDbEntity
  8
SLD_WIRE
100
AcDbLine
 10
26.7
 20
7.693
 30
0.0
 11
26.7
 21
6.804
 31
0.0
  0
INSERT
  5
5C0
330
17
100
AcDbEntity
  8
SLD_SYMS
100
AcDbBlockReference
  2
WDDOT
 10
26.7
 20
18.583
 30
0.0
  0
INSERT
  5
5C2
330
17
100
AcDbEntity
  8
SLD_SYMS
100
AcDbBlockReference
 66
1
  2
VDS11F
 10
26.7
 20
14.282
 30
0.0
  0
ATTRIB
  5
5C4
330
17
100
AcDbEntity
  8
0
100
AcDbText
 10
26.82694143797307
 20
14.67222500000005
 30
0.0
 40
0.125
  1

  7
WD
 41
0.7
 11
26.82694143797307
 21
14.67222500000005
 31
0.0
100
AcDbAttribute
  2
INST
 70
1
  0
ATTRIB
  5
5C5
330
17
100
AcDbEntity
  8
0
  6
Continuous
100
AcDbText
 10
26.605036714815554
 20
14.174482038323799
 30
0.0
 40
0.01
  1

  7
WD
 72
1
 11
26.605036714815554
 21
14.174482038323799
 31
0.0
100
AcDbAttribute
  2
ASSYCODE
 70
9
  0
ATTRIB
  5
5C6
330
17
100
AcDbEntity
  8
0
100
AcDbText
 10
26.7
 20
13.8445
 30
0.0
 40
0.125
  1

 50
90.0
  7
WD
 41
0.7
 72
4
 11
26.7
 21
13.8445
 31
0.0
100
AcDbAttribute
  2
RATING2
 70
1
  0
ATTRIB
  5
5C7
330
17
100
AcDbEntity
  8
0
 62
7
100
AcDbText
 10
26.496875
 20
14.282
 30
0.0
 40
0.01
  1

  7
WD
 11
26.496875
 21
14.282
 31
0.0
100
AcDbAttribute
  2
X4LINK
 70
1
  0
ATTRIB
  5
5C8
330
17
100
AcDbEntity
  8
0
 62
7
100
AcDbText
 10
26.7
 20
14.282
 30
0.0
 40
0.01
  1

  7
WD
 11
26.7
 21
14.282
 31
0.0
100
AcDbAttribute
  2
X1LINK
 70
1
  0
ATTRIB
  5
5C9
330
17
100
AcDbEntity
  8
0
100
AcDbText
 10
26.828714037480534
 20
13.883757848254104
 30
0.0
 40
0.125
  1
50A MV FUSE
  7
WD
 41
0.7
 11
26.828714037480534
 21
13.883757848254104
 31
0.0
100
AcDbAttribute
  2
DESC2
 70
0
  0
ATTRIB
  5
5CA
330
17
100
AcDbEntity
  8
0
100
AcDbText
 10
26.828714037480534
 20
14.040004275407659
 30
0.0
 40
0.125
  1
FUSED DISCONNECT
  7
WD
 41
0.7
 11
26.828714037480534
 21
14.040004275407659
 31
0.0
100
AcDbAttribute
  2
DESC1
 70
0
  0
ATTRIB
  5
5CB
330
17
100
AcDbEntity
  8
0
100
AcDbText
 10
26.828714037480534
 20
14.191987851634414
 30
0.0
 40
0.125
  1

  7
WD
 41
0.7
 11
26.828714037480534
 21
14.191987851634414
 31
0.0
100
AcDbAttribute
  2
XREF
 70
1
  0
ATTRIB
  5
5CC
330
17
100
AcDbEntity
  8
0
100
AcDbText
 10
26.82694143797307
 20
14.34637500000005
 30
0.0
 40
0.125
  1
DS1
  7
WD
 41
0.9
 11
26.82694143797307
 21
14.34637500000005
 31
0.0
100
AcDbAttribute
  2
TAG1
 70
0
  0
ATTRIB
  5
5CD
330
17
100
AcDbEntity
  8
0
100
AcDbText
 10
26.82694143797307
 20
14.50262500000005
 30
0.0
 40
0.125
  1

  7
WD
 41
0.7
 11
26.82694143797307
 21
14.50262500000005
 31
0.0
100
AcDbAttribute
  2
LOC
 70
1
  0
ATTRIB
  5
5CE
330
17
100
AcDbEntity
  8
0
  6
Continuous
100
AcDbText
 10
26.645029620844344
 20
14.48862661600492
 30
0.0
 40
0.125
  1

  7
WD
 72
2
 11
26.645029620844344
 21
14.48862661600492
 31
0.0
100
AcDbAttribute
  2
TERM01
 70
9
  0
ATTRIB
  5
5CF
330
17
100
AcDbEntity
  8
0
  6
Continuous
100
AcDbText
 10
26.659298778392003
 20
13.506052969349003
 30
0.0
 40
0.125
  1

  7
WD
 72
2
 11
26.659298778392003
 21
13.631052969349003
 31
0.0
100
AcDbAttribute
  2
TERM02
 70
9
 74
3
  0
ATTRIB
  5
5D0
330
17
100
AcDbEntity
  8
0
 62
7
100
AcDbText
 10
26.7
 20
14.4695
 30
0.0
 40
0.0125
  1

  7
WD
 11
26.7
 21
14.4695
 31
0.0
100
AcDbAttribute
  2
X2TERM01
 70
1
  0
ATTRIB
  5
5D1
330
17
100
AcDbEntity
  8
0
 62
7
100
AcDbText
 10
26.7
 20
13.657
 30
0.0
 40
0.0125
  1

  7
WD
 11
26.7
 21
13.657
 31
0.0
100
AcDbAttribute
  2
X8TERM02
 70
1
  0
ATTRIB
  5
5D2
330
17
100
AcDbEntity
  8
0
100
AcDbText
 10
26.603716414340326
 20
14.245540457527664
 30
0.0
 40
0.01
  1

  7
WD
 72
2
 11
26.620383081006995
 21
14.245540457527664
 31
0.0
100
AcDbAttribute
  2
FAMILY
 70
9
  0
ATTRIB
  5
5D3
330
17
100
AcDbEntity
  8
0
  6
Continuous
100
AcDbText
 10
26.620383081006995
 20
14.208873790860997
 30
0.0
 40
0.01
  1

  7
WD
 72
2
 11
26.620383081006995
 21
14.208873790860997
 31
0.0
100
AcDbAttribute
  2
CAT
 70
9
  0
ATTRIB
  5
5D4
330
17
100
AcDbEntity
  8
0
  6
Continuous
100
AcDbText
 10
26.620383081006995
 20
14.193873790860998
 30
0.0
 40
0.01
  1

  7
WD
 72
2
 11
26.620383081006995
 21
14.193873790860998
 31
0.0
100
AcDbAttribute
  2
MFG
 70
9
  0
ATTRIB
  5
5D5
330
17
100
AcDbEntity
  8
0
100
AcDbText
 10
26.54375
 20
14.31325
 30
0.0
 40
0.125
  1

  7
WD
 41
0.7
 72
2
 11
26.54375
 21
14.31325
 31
0.0
100
AcDbAttribute
  2
RATING1
 70
1
  0
ATTRIB
  5
5D6
330
17
100
AcDbEntity
  8
0
100
AcDbText
 10
26.61704974767366
 20
14.151499205632279
 30
0.0
 40
0.01
  1

  7
WD
 72
2
 11
26.633716414340327
 21
14.151499205632279
 31
0.0
100
AcDbAttribute
  2
CONTACT
 70
9
  0
SEQEND
  5
5C3
330
5C2
100
AcDbEntity
  8
SLD_SYMS
  0
LWPOLYLINE
  5
5D7
330
17
100
AcDbEntity
  8
SLD_SYMS
100
AcDbPolyline
 90
4
 70
1
 10
26.916999999999998
 20
13.255
 10
27.200999999999997
 20
13.255
 10
27.200999999999997
 20
12.988
 10
26.916999999999998
 20
12.988
  0
CIRCLE
  5
5D8
330
17
100
AcDbEntity
  8
SLD_SYMS
100
AcDbCircle
 10
27.058999999999997
 20
13.121
 30
0.0
 40
0.11
  0
MTEXT
  5
5D9
330
17
100
AcDbEntity
  8
SLD_TEXT
100
AcDbMText
 10
27.427
 20
12.87
 30
0.0
 40
0.1
 41
0.0
 71
1
  1
KIRK KEY CAN\P ONLY\PBE REMOVED \PWHEN THE \PDISCONNECT\PIS OPEN.
  0
INSERT
  5
5DA
330
17
100
AcDbEntity
  8
SLD_SYMS
100
AcDbBlockReference
 66
1
  2
VXF1CT
 10
26.89
 20
10.308
 30
0.0
  0
ATTRIB
  5
5DC
330
17
100
AcDbEntity
  8
0
100
AcDbText
 10
26.662916666666668
 20
9.886125
 30
0.0
 40
0.125
  1

  7
WD
 41
0.7
 72
1
 11
26.662916666666668
 21
9.886125
 31
0.0
100
AcDbAttribute
  2
INST
 70
1
  0
ATTRIB
  5
5DD
330
17
100
AcDbEntity
  8
0
100
AcDbText
 10
26.89
 20
10.024826474599724
 30
0.0
 40
0.0125
  1

  7
WD
 11
26.89
 21
10.024826474599724
 31
0.0
100
AcDbAttribute
  2
X8TERM01
 70
1
  0
ATTRIB
  5
5DE
330
17
100
AcDbEntity
  8
0
100
AcDbText
 10
26.922211762700137
 20
10.057038237299862
 30
0.0
 40
0.0125
  1

  7
WD
 11
26.922211762700137
 21
10.057038237299862
 31
0.0
100
AcDbAttribute
  2
X1TERM01
 70
1
  0
ATTRIB
  5
5DF
330
17
100
AcDbEntity
  8
0
  6
Continuous
100
AcDbText
 10
26.835062169619043
 20
10.077456032263783
 30
0.0
 40
0.125
  1

  7
WD
 72
2
 11
26.835062169619043
 21
10.077456032263783
 31
0.0
100
AcDbAttribute
  2
TERM01
 70
9
  0
ATTRIB
  5
5E0
330
17
100
AcDbEntity
  8
0
  6
Continuous
100
AcDbText
 10
26.845006916951068
 20
10.574965784883833
 30
0.0
 40
0.125
  1

  7
WD
 72
2
 11
26.845006916951068
 21
10.574965784883833
 31
0.0
100
AcDbAttribute
  2
TERM02
 70
9
  0
ATTRIB
  5
5E1
330
17
100
AcDbEntity
  8
0
100
AcDbText
 10
26.922211762700137
 20
10.557038237299862
 30
0.0
 40
0.0125
  1

  7
WD
 11
26.922211762700137
 21
10.557038237299862
 31
0.0
100
AcDbAttribute
  2
X1TERM02
 70
1
  0
ATTRIB
  5
5E2
330
17
100
AcDbEntity
  8
0
100
AcDbText
 10
26.89
 20
10.58925
 30
0.0
 40
0.0125
  1

  7
WD
 11
26.89
 21
10.58925
 31
0.0
100
AcDbAttribute
  2
X2TERM02
 70
1
  0
ATTRIB
  5
5E3
330
17
100
AcDbEntity
  8
0
100
AcDbText
 10
27.17125
 20
10.183
 30
0.0
 40
0.125
  1

  7
WD
 41
0.7
 11
27.17125
 21
10.183
 31
0.0
100
AcDbAttribute
  2
RATING1
 70
1
  0
ATTRIB
  5
5E4
330
17
100
AcDbEntity
  8
0
100
AcDbText
 10
27.17125
 20
10.33925
 30
0.0
 40
0.125
  1

  7
WD
 11
27.17125
 21
10.33925
 31
0.0
100
AcDbAttribute
  2
TAG1
 70
1
  0
ATTRIB
  5
5E5
330
17
100
AcDbEntity
  8
0
100
AcDbText
 10
26.689470622272793
 20
9.550705331801218
 30
0.0
 40
0.125
  1
3000:5A (3)
  7
WD
 41
0.7
 72
1
 11
26.689470622272793
 21
9.550705331801218
 31
0.0
100
AcDbAttribute
  2
DESC1
 70
0
  0
ATTRIB
  5
5E6
330
17
100
AcDbEntity
  8
0
100
AcDbText
 10
26.689470622272793
 20
9.394458904647664
 30
0.0
 40
0.125
  1
CT 5P20
  7
WD
 41
0.7
 72
1
 11
26.689470622272793
 21
9.394458904647664
 31
0.0
100
AcDbAttribute
  2
DESC2
 70
0
  0
ATTRIB
  5
5E7
330
17
100
AcDbEntity
  8
0
100
AcDbText
 10
26.689470622272793
 20
9.706951758954773
 30
0.0
 40
0.125
  1

  7
WD
 41
0.7
 72
1
 11
26.689470622272793
 21
9.706951758954773
 31
0.0
100
AcDbAttribute
  2
LOC
 70
1
  0
ATTRIB
  5
5E8
330
17
100
AcDbEntity
  8
0
  6
Continuous
100
AcDbText
 10
26.719069824898973
 20
10.426955350386372
 30
0.0
 40
0.01
  1

  7
WD
 72
1
 11
26.719069824898973
 21
10.426955350386372
 31
0.0
100
AcDbAttribute
  2
ASSYCODE
 70
9
  0
ATTRIB
  5
5E9
330
17
100
AcDbEntity
  8
0
100
AcDbText
 10
26.69729166666667
 20
10.261125
 30
0.0
 40
0.125
  1

  7
WD
 72
1
 11
26.843125
 21
10.261125
 31
0.0
100
AcDbAttribute
  2
TYPE
 70
1
  0
ATTRIB
  5
5EA
330
17
100
AcDbEntity
  8
0
100
AcDbText
 10
26.69419277590037
 20
10.498690293718369
 30
0.0
 40
0.01
  1

  7
WD
 11
26.69419277590037
 21
10.498690293718369
 31
0.0
100
AcDbAttribute
  2
FAMILY
 70
9
  0
ATTRIB
  5
5EB
330
17
100
AcDbEntity
  8
0
  6
Continuous
100
AcDbText
 10
26.71924604183872
 20
10.470138877858606
 30
0.0
 40
0.01
  1

  7
WD
 72
1
 11
26.71924604183872
 21
10.470138877858606
 31
0.0
100
AcDbAttribute
  2
CAT
 70
9
  0
ATTRIB
  5
5EC
330
17
100
AcDbEntity
  8
0
  6
Continuous
100
AcDbText
 10
26.717300996198798
 20
10.450697124151155
 30
0.0
 40
0.01
  1

  7
WD
 72
1
 11
26.717300996198798
 21
10.450697124151155
 31
0.0
100
AcDbAttribute
  2
MFG
 70
9
  0
SEQEND
  5
5DB
330
5DA
100
AcDbEntity
  8
SLD_SYMS
  0
INSERT
  5
5ED
330
17
100
AcDbEntity
  8
SLD_SYMS
100
AcDbBlockReference
  2
WDDOT
 10
26.744
 20
10.606
 30
0.0
  0
MTEXT
  5
5EF
330
17
100
AcDbEntity
  8
SLD_TEXT
100
AcDbMText
 10
25.923
 20
10.08
 30
0.0
 40
0.1
 41
0.0
 71
2
  1
1%%C
  0
LWPOLYLINE
  5
5F0
330
17
100
AcDbEntity
  8
SLD_CUBICLE
  6
DASHED
100
AcDbPolyline
 90
4
 70
1
 10
25.619
 20
10.679
 10
26.99
 20
10.679
 10
26.99
 20
9.907
 10
25.619
 20
9.907
  0
LINE
  5
5F1
330
17
100
AcDbEntity
  8
SLD_WIRE
100
AcDbLine
 10
26.7
 20
8.005
 30
0.0
 11
27.096999999999998
 21
8.402
 31
0.0
  0
LINE
  5
5F2
330
17
100
AcDbEntity
  8
SLD_WIRE
100
AcDbLine
 10
27.096999999999998
 20
8.402
 30
0.0
 11
28.618
 21
8.402
 31
0.0
  0
INSERT
  5
5F3
330
17
100
AcDbEntity
  8
SLD_SYMS
100
AcDbBlockReference
 66
1
  2
VXF1T1_1-
 10
26.7
 20
7.849
 30
0.0
  0
ATTRIB
  5
5F5
330
17
100
AcDbEntity
  8
0
100
AcDbText
 10
26.903125
 20
8.13025
 30
0.0
 40
0.125
  1

  7
WD
 41
0.85
 11
26.903125
 21
8.13025
 31
0.0
100
AcDbAttribute
  2
INST
 70
1
  0
ATTRIB
  5
5F6
330
17
100
AcDbEntity
  8
0
  6
Continuous
100
AcDbText
 10
26.484220364381606
 20
7.7584751641627845
 30
0.0
 40
0.01
  1

  7
WD
 72
1
 11
26.484220364381606
 21
7.7584751641627845
 31
0.0
100
AcDbAttribute
  2
ASSYCODE
 70
9
  0
ATTRIB
  5
5F7
330
17
100
AcDbEntity
  8
0
100
AcDbText
 10
26.41875
 20
7.88025
 30
0.0
 40
0.125
  1

  7
WD
 41
0.85
 72
2
 11
26.41875
 21
7.88025
 31
0.0
100
AcDbAttribute
  2
RATING1
 70
1
  0
ATTRIB
  5
5F8
330
17
100
AcDbEntity
  8
0
100
AcDbText
 10
26.903125
 20
7.44275
 30
0.0
 40
0.125
  1
13.8KV:0.48KV
  7
WD
 41
0.85
 11
26.903125
 21
7.44275
 31
0.0
100
AcDbAttribute
  2
DESC2
 70
0
  0
ATTRIB
  5
5F9
330
17
100
AcDbEntity
  8
0
100
AcDbText
 10
26.903125
 20
7.614625
 30
0.0
 40
0.125
  1
500KVA
  7
WD
 41
0.85
 11
26.903125
 21
7.614625
 31
0.0
100
AcDbAttribute
  2
DESC1
 70
0
  0
ATTRIB
  5
5FA
330
17
100
AcDbEntity
  8
0
100
AcDbText
 10
26.90506643797307
 20
7.78837500000005
 30
0.0
 40
0.125
  1
XFMR1
  7
WD
 41
0.85
 11
26.90506643797307
 21
7.78837500000005
 31
0.0
100
AcDbAttribute
  2
TAG1
 70
0
  0
ATTRIB
  5
5FB
330
17
100
AcDbEntity
  8
0
100
AcDbText
 10
26.903125
 20
7.958375
 30
0.0
 40
0.125
  1

  7
WD
 41
0.85
 11
26.903125
 21
7.958375
 31
0.0
100
AcDbAttribute
  2
LOC
 70
1
  0
ATTRIB
  5
5FC
330
17
100
AcDbEntity
  8
0
  6
Continuous
100
AcDbText
 10
26.495383081006995
 20
7.776498790860997
 30
0.0
 40
0.01
  1

  7
WD
 72
2
 11
26.495383081006995
 21
7.776498790860997
 31
0.0
100
AcDbAttribute
  2
MFG
 70
9
  0
ATTRIB
  5
5FD
330
17
100
AcDbEntity
  8
0
  6
Continuous
100
AcDbText
 10
26.495383081006995
 20
7.791498790860998
 30
0.0
 40
0.01
  1

  7
WD
 72
2
 11
26.495383081006995
 21
7.791498790860998
 31
0.0
100
AcDbAttribute
  2
CAT
 70
9
  0
ATTRIB
  5
5FE
330
17
100
AcDbEntity
  8
0
100
AcDbText
 10
26.478716414340326
 20
7.828165457527664
 30
0.0
 40
0.01
  1

  7
WD
 72
2
 11
26.495383081006995
 21
7.828165457527664
 31
0.0
100
AcDbAttribute
  2
FAMILY
 70
9
  0
ATTRIB
  5
5FF
330
17
100
AcDbEntity
  8
0
 62
7
100
AcDbText
 10
26.7
 20
7.69275
 30
0.0
 40
0.0125
  1

  7
WD
 11
26.7
 21
7.69275
 31
0.0
100
AcDbAttribute
  2
X8TERM02
 70
1
  0
ATTRIB
  5
600
330
17
100
AcDbEntity
  8
0
 62
7
100
AcDbText
 10
26.7
 20
8.00525
 30
0.0
 40
0.0125
  1

  7
WD
 11
26.7
 21
8.00525
 31
0.0
100
AcDbAttribute
  2
X2TERM01
 70
1
  0
ATTRIB
  5
601
330
17
100
AcDbEntity
  8
0
  6
Continuous
100
AcDbText
 10
26.659298778392003
 20
7.510552969349004
 30
0.0
 40
0.125
  1

  7
WD
 41
0.85
 72
2
 11
26.659298778392003
 21
7.635552969349004
 31
0.0
100
AcDbAttribute
  2
TERM02
 70
9
 74
3
  0
ATTRIB
  5
602
330
17
100
AcDbEntity
  8
0
  6
Continuous
100
AcDbText
 10
26.645029620844344
 20
8.08687661600492
 30
0.0
 40
0.125
  1

  7
WD
 41
0.85
 72
2
 11
26.645029620844344
 21
8.08687661600492
 31
0.0
100
AcDbAttribute
  2
TERM01
 70
9
  0
ATTRIB
  5
603
330
17
100
AcDbEntity
  8
0
100
AcDbText
 10
26.495383081006995
 20
7.711388117239445
 30
0.0
 40
0.01
  1

  7
WD
 72
2
 11
26.508716414340327
 21
7.711388117239445
 31
0.0
100
AcDbAttribute
  2
WDTYPE
 70
9
  0
ATTRIB
  5
604
330
17
100
AcDbEntity
  8
0
100
AcDbText
 10
26.903125
 20
7.270875
 30
0.0
 40
0.125
  1
Z=7.5%
  7
WD
 41
0.85
 11
26.903125
 21
7.270875
 31
0.0
100
AcDbAttribute
  2
DESC3
 70
0
  0
ATTRIB
  5
605
330
17
100
AcDbEntity
  8
0
100
AcDbText
 10
26.508716414340327
 20
7.695763117239445
 30
0.0
 40
0.01
  1

  7
WD
 72
2
 11
26.508716414340327
 21
7.695763117239445
 31
0.0
100
AcDbAttribute
  2
WDBLKNAM
 70
9
  0
ATTRIB
  5
606
330
17
100
AcDbEntity
  8
0
100
AcDbText
 10
26.41875
 20
7.708375
 30
0.0
 40
0.125
  1

  7
WD
 41
0.85
 72
2
 11
26.41875
 21
7.708375
 31
0.0
100
AcDbAttribute
  2
RATING2
 70
1
  0
SEQEND
  5
5F4
330
5F3
100
AcDbEntity
  8
SLD_SYMS
  0
LWPOLYLINE
  5
607
330
17
100
AcDbEntity
  8
SLD_SYMS
100
AcDbPolyline
 90
4
 70
1
 10
26.16
 20
6.804
 10
27.240000000000002
 20
6.804
 10
27.240000000000002
 20
5.517
 10
26.16
 20
5.517
  0
MTEXT
  5
608
330
17
100
AcDbEntity
  8
SLD_TEXT
100
AcDbMText
 10
26.363
 20
6.676
 30
0.0
 40
0.1
 41
0.0
 71
1
  1
PP-1\P10CCT\P480V\P3PH, 4W\P600A BUS\P600A MB
  0
LINE
  5
609
330
17
100
AcDbEntity
  8
SLD_WIRE
100
AcDbLine
 10
27.24
 20
6.161
 30
0.0
 11
28.614
 21
6.161
 31
0.0
  0
LINE
  5
60A
330
17
100
AcDbEntity
  8
SLD_WIRE
100
AcDbLine
 10
28.614
 20
6.161
 30
0.0
 11
28.614
 21
5.838
 31
0.0
  0
INSERT
  5
60B
330
17
100
AcDbEntity
  8
SLD_SYMS
100
AcDbBlockReference
 66
1
  2
VXF1T1_1-
 10
28.612
 20
5.681
 30
0.0
  0
ATTRIB
  5
60D
330
17
100
AcDbEntity
  8
0
100
AcDbText
 10
28.815125
 20
5.96225
 30
0.0
 40
0.125
  1

  7
WD
 41
0.85
 11
28.815125
 21
5.96225
 31
0.0
100
AcDbAttribute
  2
INST
 70
1
  0
ATTRIB
  5
60E
330
17
100
AcDbEntity
  8
0
  6
Continuous
100
AcDbText
 10
28.396220364381605
 20
5.590475164162784
 30
0.0
 40
0.01
  1

  7
WD
 72
1
 11
28.396220364381605
 21
5.590475164162784
 31
0.0
100
AcDbAttribute
  2
ASSYCODE
 70
9
  0
ATTRIB
  5
60F
330
17
100
AcDbEntity
  8
0
100
AcDbText
 10
28.33075
 20
5.71225
 30
0.0
 40
0.125
  1

  7
WD
 41
0.85
 72
2
 11
28.33075
 21
5.71225
 31
0.0
100
AcDbAttribute
  2
RATING1
 70
1
  0
ATTRIB
  5
610
330
17
100
AcDbEntity
  8
0
100
AcDbText
 10
28.815125
 20
5.27475
 30
0.0
 40
0.125
  1
240V:120V
  7
WD
 41
0.85
 11
28.815125
 21
5.27475
 31
0.0
100
AcDbAttribute
  2
DESC2
 70
0
  0
ATTRIB
  5
611
330
17
100
AcDbEntity
  8
0
100
AcDbText
 10
28.815125
 20
5.446625
 30
0.0
 40
0.125
  1
75KVA
  7
WD
 41
0.85
 11
28.815125
 21
5.446625
 31
0.0
100
AcDbAttribute
  2
DESC1
 70
0
  0
ATTRIB
  5
612
330
17
100
AcDbEntity
  8
0
100
AcDbText
 10
28.817066437973068
 20
5.62037500000005
 30
0.0
 40
0.125
  1
LTR-1
  7
WD
 41
0.85
 11
28.817066437973068
 21
5.62037500000005
 31
0.0
100
AcDbAttribute
  2
TAG1
 70
0
  0
ATTRIB
  5
613
330
17
100
AcDbEntity
  8
0
100
AcDbText
 10
28.815125
 20
5.790375
 30
0.0
 40
0.125
  1

  7
WD
 41
0.85
 11
28.815125
 21
5.790375
 31
0.0
100
AcDbAttribute
  2
LOC
 70
1
  0
ATTRIB
  5
614
330
17
100
AcDbEntity
  8
0
  6
Continuous
100
AcDbText
 10
28.407383081006994
 20
5.608498790860997
 30
0.0
 40
0.01
  1

  7
WD
 72
2
 11
28.407383081006994
 21
5.608498790860997
 31
0.0
100
AcDbAttribute
  2
MFG
 70
9
  0
ATTRIB
  5
615
330
17
100
AcDbEntity
  8
0
  6
Continuous
100
AcDbText
 10
28.407383081006994
 20
5.623498790860998
 30
0.0
 40
0.01
  1

  7
WD
 72
2
 11
28.407383081006994
 21
5.623498790860998
 31
0.0
100
AcDbAttribute
  2
CAT
 70
9
  0
ATTRIB
  5
616
330
17
100
AcDbEntity
  8
0
100
AcDbText
 10
28.390716414340325
 20
5.660165457527664
 30
0.0
 40
0.01
  1

  7
WD
 72
2
 11
28.407383081006994
 21
5.660165457527664
 31
0.0
100
AcDbAttribute
  2
FAMILY
 70
9
  0
ATTRIB
  5
617
330
17
100
AcDbEntity
  8
0
 62
7
100
AcDbText
 10
28.612
 20
5.52475
 30
0.0
 40
0.0125
  1

  7
WD
 11
28.612
 21
5.52475
 31
0.0
100
AcDbAttribute
  2
X8TERM02
 70
1
  0
ATTRIB
  5
618
330
17
100
AcDbEntity
  8
0
 62
7
100
AcDbText
 10
28.612
 20
5.83725
 30
0.0
 40
0.0125
  1

  7
WD
 11
28.612
 21
5.83725
 31
0.0
100
AcDbAttribute
  2
X2TERM01
 70
1
  0
ATTRIB
  5
619
330
17
100
AcDbEntity
  8
0
  6
Continuous
100
AcDbText
 10
28.571298778392002
 20
5.342552969349004
 30
0.0
 40
0.125
  1

  7
WD
 41
0.85
 72
2
 11
28.571298778392002
 21
5.467552969349004
 31
0.0
100
AcDbAttribute
  2
TERM02
 70
9
 74
3
  0
ATTRIB
  5
61A
330
17
100
AcDbEntity
  8
0
  6
Continuous
100
AcDbText
 10
28.557029620844343
 20
5.91887661600492
 30
0.0
 40
0.125
  1

  7
WD
 41
0.85
 72
2
 11
28.557029620844343
 21
5.91887661600492
 31
0.0
100
AcDbAttribute
  2
TERM01
 70
9
  0
ATTRIB
  5
61B
330
17
100
AcDbEntity
  8
0
100
AcDbText
 10
28.407383081006994
 20
5.543388117239445
 30
0.0
 40
0.01
  1

  7
WD
 72
2
 11
28.420716414340326
 21
5.543388117239445
 31
0.0
100
AcDbAttribute
  2
WDTYPE
 70
9
  0
ATTRIB
  5
61C
330
17
100
AcDbEntity
  8
0
100
AcDbText
 10
28.815125
 20
5.102875
 30
0.0
 40
0.125
  1
Z=9%
  7
WD
 41
0.85
 11
28.815125
 21
5.102875
 31
0.0
100
AcDbAttribute
  2
DESC3
 70
0
  0
ATTRIB
  5
61D
330
17
100
AcDbEntity
  8
0
100
AcDbText
 10
28.420716414340326
 20
5.527763117239445
 30
0.0
 40
0.01
  1

  7
WD
 72
2
 11
28.420716414340326
 21
5.527763117239445
 31
0.0
100
AcDbAttribute
  2
WDBLKNAM
 70
9
  0
ATTRIB
  5
61E
330
17
100
AcDbEntity
  8
0
100
AcDbText
 10
28.33075
 20
5.540375
 30
0.0
 40
0.125
  1

  7
WD
 41
0.85
 72
2
 11
28.33075
 21
5.540375
 31
0.0
100
AcDbAttribute
  2
RATING2
 70
1
  0
SEQEND
  5
60C
330
60B
100
AcDbEntity
  8
SLD_SYMS
  0
LINE
  5
61F
330
17
100
AcDbEntity
  8
SLD_WIRE
100
AcDbLine
 10
28.612
 20
5.525
 30
0.0
 11
28.612
 21
4.743
 31
0.0
  0
LWPOLYLINE
  5
620
330
17
100
AcDbEntity
  8
SLD_SYMS
100
AcDbPolyline
 90
4
 70
1
 10
28.072
 20
4.743
 10
29.153
 20
4.743
 10
29.153
 20
3.457
 10
28.072
 20
3.457
  0
MTEXT
  5
621
330
17
100
AcDbEntity
  8
SLD_TEXT
100
AcDbMText
 10
28.275
 20
4.615
 30
0.0
 40
0.1
 41
0.0
 71
1
  1
LP-1\P42CCT\P240V:120V\P1PH,3W\P200A BUS\P200A MB
  0
MTEXT
  5
622
330
17
100
AcDbEntity
  8
SLD_TEXT
100
AcDbMText
 10
26.7
 20
21.037
 30
0.0
 40
0.3
 41
0.0
 71
2
  1
UNIT 8
  0
MTEXT
  5
623
330
17
100
AcDbEntity
  8
SLD_TEXT
100
AcDbMText
 10
26.7
 20
20.173
 30
0.0
 40
0.3
 41
0.0
 71
2
  1
XFMR\PFEEDER
  0
MTEXT
  5
624
330
17
100
AcDbEntity
  8
SLD_TEXT
100
AcDbMText
 10
28.68
 20
8.598
 30
0.0
 40
0.093
 41
0.0
 71
2
  1
CONTINUE\PBUS-B UNIT\P15
  0
LINE
  5
625
330
17
100
AcDbEntity
  8
SLD_WIRE
100
AcDbLine
 10
30.31
 20
18.583
 30
0.0
 11
30.31
 21
17.861
 31
0.0
  0
LINE
  5
626
330
17
100
AcDbEntity
  8
SLD_WIRE
100
AcDbLine
 10
30.31
 20
17.548
 30
0.0
 11
30.31
 21
17.157
 31
0.0
  0
LINE
  5
627
330
17
100
AcDbEntity
  8
SLD_WIRE
100
AcDbLine
 10
30.31
 20
16.845
 30
0.0
 11
30.31
 21
16.59
 31
0.0
  0
INSERT
  5
628
330
17
100
AcDbEntity
  8
SLD_SYMS
100
AcDbBlockReference
  2
WDDOT
 10
30.31
 20
18.583
 30
0.0
  0
INSERT
  5
62A
330
17
100
AcDbEntity
  8
SLD_SYMS
100
AcDbBlockReference
 66
1
  2
VXF1T1_1-
 10
30.31
 20
17.704
 30
0.0
  0
ATTRIB
  5
62C
330
17
100
AcDbEntity
  8
0
100
AcDbText
 10
30.513125
 20
17.98525
 30
0.0
 40
0.125
  1

  7
WD
 41
0.85
 11
30.513125
 21
17.98525
 31
0.0
100
AcDbAttribute
  2
INST
 70
1
  0
ATTRIB
  5
62D
330
17
100
AcDbEntity
  8
0
  6
Continuous
100
AcDbText
 10
30.094220364381606
 20
17.613475164162786
 30
0.0
 40
0.01
  1

  7
WD
 72
1
 11
30.094220364381606
 21
17.613475164162786
 31
0.0
100
AcDbAttribute
  2
ASSYCODE
 70
9
  0
ATTRIB
  5
62E
330
17
100
AcDbEntity
  8
0
100
AcDbText
 10
30.02875
 20
17.73525
 30
0.0
 40
0.125
  1

  7
WD
 41
0.85
 72
2
 11
30.02875
 21
17.73525
 31
0.0
100
AcDbAttribute
  2
RATING1
 70
1
  0
ATTRIB
  5
62F
330
17
100
AcDbEntity
  8
0
100
AcDbText
 10
30.513125
 20
17.29775
 30
0.0
 40
0.125
  1
7.98KV/120V
  7
WD
 41
0.85
 11
30.513125
 21
17.29775
 31
0.0
100
AcDbAttribute
  2
DESC2
 70
0
  0
ATTRIB
  5
630
330
17
100
AcDbEntity
  8
0
100
AcDbText
 10
30.513125
 20
17.469625
 30
0.0
 40
0.125
  1
PT (3)
  7
WD
 41
0.85
 11
30.513125
 21
17.469625
 31
0.0
100
AcDbAttribute
  2
DESC1
 70
0
  0
ATTRIB
  5
631
330
17
100
AcDbEntity
  8
0
100
AcDbText
 10
30.51506643797307
 20
17.64337500000005
 30
0.0
 40
0.125
  1

  7
WD
 41
0.85
 11
30.51506643797307
 21
17.64337500000005
 31
0.0
100
AcDbAttribute
  2
TAG1
 70
1
  0
ATTRIB
  5
632
330
17
100
AcDbEntity
  8
0
100
AcDbText
 10
30.513125
 20
17.813375
 30
0.0
 40
0.125
  1

  7
WD
 41
0.85
 11
30.513125
 21
17.813375
 31
0.0
100
AcDbAttribute
  2
LOC
 70
1
  0
ATTRIB
  5
633
330
17
100
AcDbEntity
  8
0
  6
Continuous
100
AcDbText
 10
30.105383081006995
 20
17.631498790861
 30
0.0
 40
0.01
  1

  7
WD
 72
2
 11
30.105383081006995
 21
17.631498790861
 31
0.0
100
AcDbAttribute
  2
MFG
 70
9
  0
ATTRIB
  5
634
330
17
100
AcDbEntity
  8
0
  6
Continuous
100
AcDbText
 10
30.105383081006995
 20
17.646498790861
 30
0.0
 40
0.01
  1

  7
WD
 72
2
 11
30.105383081006995
 21
17.646498790861
 31
0.0
100
AcDbAttribute
  2
CAT
 70
9
  0
ATTRIB
  5
635
330
17
100
AcDbEntity
  8
0
100
AcDbText
 10
30.088716414340325
 20
17.683165457527664
 30
0.0
 40
0.01
  1

  7
WD
 72
2
 11
30.105383081006995
 21
17.683165457527664
 31
0.0
100
AcDbAttribute
  2
FAMILY
 70
9
  0
ATTRIB
  5
636
330
17
100
AcDbEntity
  8
0
 62
7
100
AcDbText
 10
30.31
 20
17.54775
 30
0.0
 40
0.0125
  1

  7
WD
 11
30.31
 21
17.54775
 31
0.0
100
AcDbAttribute
  2
X8TERM02
 70
1
  0
ATTRIB
  5
637
330
17
100
AcDbEntity
  8
0
 62
7
100
AcDbText
 10
30.31
 20
17.86025
 30
0.0
 40
0.0125
  1

  7
WD
 11
30.31
 21
17.86025
 31
0.0
100
AcDbAttribute
  2
X2TERM01
 70
1
  0
ATTRIB
  5
638
330
17
100
AcDbEntity
  8
0
  6
Continuous
100
AcDbText
 10
30.269298778392002
 20
17.365552969349004
 30
0.0
 40
0.125
  1

  7
WD
 41
0.85
 72
2
 11
30.269298778392002
 21
17.490552969349004
 31
0.0
100
AcDbAttribute
  2
TERM02
 70
9
 74
3
  0
ATTRIB
  5
639
330
17
100
AcDbEntity
  8
0
  6
Continuous
100
AcDbText
 10
30.255029620844343
 20
17.941876616004922
 30
0.0
 40
0.125
  1

  7
WD
 41
0.85
 72
2
 11
30.255029620844343
 21
17.941876616004922
 31
0.0
100
AcDbAttribute
  2
TERM01
 70
9
  0
ATTRIB
  5
63A
330
17
100
AcDbEntity
  8
0
100
AcDbText
 10
30.105383081006995
 20
17.566388117239445
 30
0.0
 40
0.01
  1

  7
WD
 72
2
 11
30.118716414340327
 21
17.566388117239445
 31
0.0
100
AcDbAttribute
  2
WDTYPE
 70
9
  0
ATTRIB
  5
63B
330
17
100
AcDbEntity
  8
0
100
AcDbText
 10
30.513125
 20
17.125875
 30
0.0
 40
0.125
  1

  7
WD
 41
0.85
 11
30.513125
 21
17.125875
 31
0.0
100
AcDbAttribute
  2
DESC3
 70
1
  0
ATTRIB
  5
63C
330
17
100
AcDbEntity
  8
0
100
AcDbText
 10
30.118716414340327
 20
17.550763117239445
 30
0.0
 40
0.01
  1

  7
WD
 72
2
 11
30.118716414340327
 21
17.550763117239445
 31
0.0
100
AcDbAttribute
  2
WDBLKNAM
 70
9
  0
ATTRIB
  5
63D
330
17
100
AcDbEntity
  8
0
100
AcDbText
 10
30.02875
 20
17.563375
 30
0.0
 40
0.125
  1

  7
WD
 41
0.85
 72
2
 11
30.02875
 21
17.563375
 31
0.0
100
AcDbAttribute
  2
RATING2
 70
1
  0
SEQEND
  5
62B
330
62A
100
AcDbEntity
  8
SLD_SYMS
  0
INSERT
  5
63E
330
17
100
AcDbEntity
  8
SLD_SYMS
100
AcDbBlockReference
 66
1
  2
VFU1_1-
 10
30.31
 20
17.001
 30
0.0
  0
ATTRIB
  5
640
330
17
100
AcDbEntity
  8
0
100
AcDbText
 10
30.435
 20
17.28225
 30
0.0
 40
0.125
  1

  7
WD
 41
0.85
 11
30.435
 21
17.28225
 31
0.0
100
AcDbAttribute
  2
INST
 70
1
  0
ATTRIB
  5
641
330
17
100
AcDbEntity
  8
0
  6
Continuous
100
AcDbText
 10
30.156720364381606
 20
16.894850164162786
 30
0.0
 40
0.01
  1

  7
WD
 72
1
 11
30.156720364381606
 21
16.894850164162786
 31
0.0
100
AcDbAttribute
  2
ASSYCODE
 70
9
  0
ATTRIB
  5
642
330
17
100
AcDbEntity
  8
0
 62
7
100
AcDbText
 10
30.185
 20
17.001
 30
0.0
 40
0.01
  1

  7
WD
 11
30.185
 21
17.001
 31
0.0
100
AcDbAttribute
  2
X4LINK
 70
1
  0
ATTRIB
  5
643
330
17
100
AcDbEntity
  8
0
 62
7
100
AcDbText
 10
30.435
 20
17.001
 30
0.0
 40
0.01
  1

  7
WD
 11
30.435
 21
17.001
 31
0.0
100
AcDbAttribute
  2
X1LINK
 70
1
  0
ATTRIB
  5
644
330
17
100
AcDbEntity
  8
0
100
AcDbText
 10
30.15375
 20
16.9385
 30
0.0
 40
0.125
  1
6A
  7
WD
 41
0.85
 72
2
 11
30.15375
 21
16.9385
 31
0.0
100
AcDbAttribute
  2
RATING1
 70
0
  0
ATTRIB
  5
645
330
17
100
AcDbEntity
  8
0
100
AcDbText
 10
30.435
 20
16.59475
 30
0.0
 40
0.125
  1

  7
WD
 41
0.85
 11
30.435
 21
16.59475
 31
0.0
100
AcDbAttribute
  2
DESC2
 70
1
  0
ATTRIB
  5
646
330
17
100
AcDbEntity
  8
0
100
AcDbText
 10
30.435
 20
16.766625
 30
0.0
 40
0.125
  1

  7
WD
 41
0.85
 11
30.435
 21
16.766625
 31
0.0
100
AcDbAttribute
  2
DESC1
 70
1
  0
ATTRIB
  5
647
330
17
100
AcDbEntity
  8
0
100
AcDbText
 10
30.43694143797307
 20
16.94037500000005
 30
0.0
 40
0.125
  1

  7
WD
 41
0.85
 11
30.43694143797307
 21
16.94037500000005
 31
0.0
100
AcDbAttribute
  2
TAG1
 70
1
  0
ATTRIB
  5
648
330
17
100
AcDbEntity
  8
0
100
AcDbText
 10
30.435
 20
17.110375
 30
0.0
 40
0.125
  1

  7
WD
 41
0.85
 11
30.435
 21
17.110375
 31
0.0
100
AcDbAttribute
  2
LOC
 70
1
  0
ATTRIB
  5
649
330
17
100
AcDbEntity
  8
0
  6
Continuous
100
AcDbText
 10
30.167883081006995
 20
16.912873790861
 30
0.0
 40
0.01
  1

  7
WD
 72
2
 11
30.167883081006995
 21
16.912873790861
 31
0.0
100
AcDbAttribute
  2
MFG
 70
9
  0
ATTRIB
  5
64A
330
17
100
AcDbEntity
  8
0
  6
Continuous
100
AcDbText
 10
30.167883081006995
 20
16.927873790861
 30
0.0
 40
0.01
  1

  7
WD
 72
2
 11
30.167883081006995
 21
16.927873790861
 31
0.0
100
AcDbAttribute
  2
CAT
 70
9
  0
ATTRIB
  5
64B
330
17
100
AcDbEntity
  8
0
100
AcDbText
 10
30.151216414340325
 20
16.964540457527665
 30
0.0
 40
0.01
  1

  7
WD
 72
2
 11
30.167883081006995
 21
16.964540457527665
 31
0.0
100
AcDbAttribute
  2
FAMILY
 70
9
  0
ATTRIB
  5
64C
330
17
100
AcDbEntity
  8
0
 62
7
100
AcDbText
 10
30.31
 20
16.84475
 30
0.0
 40
0.0125
  1

  7
WD
 11
30.31
 21
16.84475
 31
0.0
100
AcDbAttribute
  2
X8TERM02
 70
1
  0
ATTRIB
  5
64D
330
17
100
AcDbEntity
  8
0
 62
7
100
AcDbText
 10
30.31
 20
17.15725
 30
0.0
 40
0.0125
  1

  7
WD
 11
30.31
 21
17.15725
 31
0.0
100
AcDbAttribute
  2
X2TERM01
 70
1
  0
ATTRIB
  5
64E
330
17
100
AcDbEntity
  8
0
  6
Continuous
100
AcDbText
 10
30.269298778392002
 20
16.693802969349004
 30
0.0
 40
0.125
  1

  7
WD
 41
0.85
 72
2
 11
30.269298778392002
 21
16.818802969349004
 31
0.0
100
AcDbAttribute
  2
TERM02
 70
9
 74
3
  0
ATTRIB
  5
64F
330
17
100
AcDbEntity
  8
0
  6
Continuous
100
AcDbText
 10
30.255029620844343
 20
17.176376616004923
 30
0.0
 40
0.125
  1

  7
WD
 41
0.85
 72
2
 11
30.255029620844343
 21
17.176376616004923
 31
0.0
100
AcDbAttribute
  2
TERM01
 70
9
  0
ATTRIB
  5
650
330
17
100
AcDbEntity
  8
0
100
AcDbText
 10
30.167883081006995
 20
16.847763117239445
 30
0.0
 40
0.01
  1

  7
WD
 72
2
 11
30.181216414340327
 21
16.847763117239445
 31
0.0
100
AcDbAttribute
  2
WDTYPE
 70
9
  0
ATTRIB
  5
651
330
17
100
AcDbEntity
  8
0
100
AcDbText
 10
30.435
 20
16.422875
 30
0.0
 40
0.125
  1

  7
WD
 41
0.85
 11
30.435
 21
16.422875
 31
0.0
100
AcDbAttribute
  2
DESC3
 70
1
  0
ATTRIB
  5
652
330
17
100
AcDbEntity
  8
0
100
AcDbText
 10
30.181216414340327
 20
16.832138117239445
 30
0.0
 40
0.01
  1

  7
WD
 72
2
 11
30.181216414340327
 21
16.832138117239445
 31
0.0
100
AcDbAttribute
  2
WDBLKNAM
 70
9
  0
SEQEND
  5
63F
330
63E
100
AcDbEntity
  8
SLD_SYMS
  0
LWPOLYLINE
  5
653
330
17
100
AcDbEntity
  8
SLD_SYMS
100
AcDbPolyline
 90
4
 70
1
 10
30.599999999999998
 20
11.31
 10
32.117
 20
11.31
 10
32.117
 20
10.637
 10
30.599999999999998
 20
10.637
  0
MTEXT
  5
654
330
17
100
AcDbEntity
  8
SLD_TEXT
100
AcDbMText
 10
30.31
 20
21.037
 30
0.0
 40
0.3
 41
0.0
 71
2
  1
UNIT 9
  0
MTEXT
  5
655
330
17
100
AcDbEntity
  8
SLD_TEXT
100
AcDbMText
 10
30.31
 20
20.173
 30
0.0
 40
0.3
 41
0.0
 71
2
  1
PT
  0
MTEXT
  5
656
330
17
100
AcDbEntity
  8
SLD_TEXT
100
AcDbMText
 10
30.654999999999998
 20
11.272
 30
0.0
 40
0.093
 41
0.0
 71
1
  1
GE-850-A FEEDER\PPROTECTION RELAY\PWITH HID MODULE
  0
LINE
  5
657
330
17
100
AcDbEntity
  8
SLD_WIRE
100
AcDbLine
 10
33.92
 20
18.583
 30
0.0
 11
33.92
 21
14.386
 31
0.0
  0
LINE
  5
658
330
17
100
AcDbEntity
  8
SLD_WIRE
100
AcDbLine
 10
33.92
 20
14.229
 30
0.0
 11
33.92
 21
13.8
 31
0.0
  0
LINE
  5
659
330
17
100
AcDbEntity
  8
SLD_WIRE
100
AcDbLine
 10
33.92
 20
12.88
 30
0.0
 11
33.92
 21
12.524
 31
0.0
  0
LINE
  5
65A
330
17
100
AcDbEntity
  8
SLD_WIRE
100
AcDbLine
 10
33.92
 20
12.368
 30
0.0
 11
33.92
 21
11.246
 31
0.0
  0
INSERT
  5
65B
330
17
100
AcDbEntity
  8
SLD_SYMS
100
AcDbBlockReference
  2
WDDOT
 10
33.92
 20
18.583
 30
0.0
  0
LWPOLYLINE
  5
65D
330
17
100
AcDbEntity
  8
SLD_CUBICLE
  6
DASHED
100
AcDbPolyline
 90
4
 70
1
 10
32.856
 20
18.213
 10
34.387
 20
18.213
 10
34.387
 20
14.603
 10
32.856
 20
14.603
  0
INSERT
  5
65E
330
17
100
AcDbEntity
  8
SLD_SYMS
100
AcDbBlockReference
 66
1
  2
VXF1CT
 10
34.147
 20
17.54
 30
0.0
  0
ATTRIB
  5
660
330
17
100
AcDbEntity
  8
0
100
AcDbText
 10
33.919916666666666
 20
17.118125
 30
0.0
 40
0.125
  1

  7
WD
 41
0.7
 72
1
 11
33.919916666666666
 21
17.118125
 31
0.0
100
AcDbAttribute
  2
INST
 70
1
  0
ATTRIB
  5
661
330
17
100
AcDbEntity
  8
0
100
AcDbText
 10
34.147
 20
17.256826474599723
 30
0.0
 40
0.0125
  1

  7
WD
 11
34.147
 21
17.256826474599723
 31
0.0
100
AcDbAttribute
  2
X8TERM01
 70
1
  0
ATTRIB
  5
662
330
17
100
AcDbEntity
  8
0
100
AcDbText
 10
34.179211762700135
 20
17.289038237299863
 30
0.0
 40
0.0125
  1

  7
WD
 11
34.179211762700135
 21
17.289038237299863
 31
0.0
100
AcDbAttribute
  2
X1TERM01
 70
1
  0
ATTRIB
  5
663
330
17
100
AcDbEntity
  8
0
  6
Continuous
100
AcDbText
 10
34.09206216961904
 20
17.309456032263782
 30
0.0
 40
0.125
  1

  7
WD
 72
2
 11
34.09206216961904
 21
17.309456032263782
 31
0.0
100
AcDbAttribute
  2
TERM01
 70
9
  0
ATTRIB
  5
664
330
17
100
AcDbEntity
  8
0
  6
Continuous
100
AcDbText
 10
34.10200691695107
 20
17.806965784883833
 30
0.0
 40
0.125
  1

  7
WD
 72
2
 11
34.10200691695107
 21
17.806965784883833
 31
0.0
100
AcDbAttribute
  2
TERM02
 70
9
  0
ATTRIB
  5
665
330
17
100
AcDbEntity
  8
0
100
AcDbText
 10
34.179211762700135
 20
17.789038237299863
 30
0.0
 40
0.0125
  1

  7
WD
 11
34.179211762700135
 21
17.789038237299863
 31
0.0
100
AcDbAttribute
  2
X1TERM02
 70
1
  0
ATTRIB
  5
666
330
17
100
AcDbEntity
  8
0
100
AcDbText
 10
34.147
 20
17.82125
 30
0.0
 40
0.0125
  1

  7
WD
 11
34.147
 21
17.82125
 31
0.0
100
AcDbAttribute
  2
X2TERM02
 70
1
  0
ATTRIB
  5
667
330
17
100
AcDbEntity
  8
0
100
AcDbText
 10
34.42825
 20
17.415
 30
0.0
 40
0.125
  1

  7
WD
 41
0.7
 11
34.42825
 21
17.415
 31
0.0
100
AcDbAttribute
  2
RATING1
 70
1
  0
ATTRIB
  5
668
330
17
100
AcDbEntity
  8
0
100
AcDbText
 10
34.42825
 20
17.57125
 30
0.0
 40
0.125
  1

  7
WD
 11
34.42825
 21
17.57125
 31
0.0
100
AcDbAttribute
  2
TAG1
 70
1
  0
ATTRIB
  5
669
330
17
100
AcDbEntity
  8
0
100
AcDbText
 10
33.94647062227279
 20
16.782705331801218
 30
0.0
 40
0.125
  1
3000:5A (3)
  7
WD
 41
0.7
 72
1
 11
33.94647062227279
 21
16.782705331801218
 31
0.0
100
AcDbAttribute
  2
DESC1
 70
0
  0
ATTRIB
  5
66A
330
17
100
AcDbEntity
  8
0
100
AcDbText
 10
33.94647062227279
 20
16.626458904647663
 30
0.0
 40
0.125
  1
CT 5P20
  7
WD
 41
0.7
 72
1
 11
33.94647062227279
 21
16.626458904647663
 31
0.0
100
AcDbAttribute
  2
DESC2
 70
0
  0
ATTRIB
  5
66B
330
17
100
AcDbEntity
  8
0
100
AcDbText
 10
33.94647062227279
 20
16.938951758954772
 30
0.0
 40
0.125
  1

  7
WD
 41
0.7
 72
1
 11
33.94647062227279
 21
16.938951758954772
 31
0.0
100
AcDbAttribute
  2
LOC
 70
1
  0
ATTRIB
  5
66C
330
17
100
AcDbEntity
  8
0
  6
Continuous
100
AcDbText
 10
33.97606982489897
 20
17.65895535038637
 30
0.0
 40
0.01
  1

  7
WD
 72
1
 11
33.97606982489897
 21
17.65895535038637
 31
0.0
100
AcDbAttribute
  2
ASSYCODE
 70
9
  0
ATTRIB
  5
66D
330
17
100
AcDbEntity
  8
0
100
AcDbText
 10
33.95429166666666
 20
17.493125
 30
0.0
 40
0.125
  1

  7
WD
 72
1
 11
34.100125
 21
17.493125
 31
0.0
100
AcDbAttribute
  2
TYPE
 70
1
  0
ATTRIB
  5
66E
330
17
100
AcDbEntity
  8
0
100
AcDbText
 10
33.95119277590037
 20
17.730690293718368
 30
0.0
 40
0.01
  1

  7
WD
 11
33.95119277590037
 21
17.730690293718368
 31
0.0
100
AcDbAttribute
  2
FAMILY
 70
9
  0
ATTRIB
  5
66F
330
17
100
AcDbEntity
  8
0
  6
Continuous
100
AcDbText
 10
33.97624604183871
 20
17.702138877858605
 30
0.0
 40
0.01
  1

  7
WD
 72
1
 11
33.97624604183871
 21
17.702138877858605
 31
0.0
100
AcDbAttribute
  2
CAT
 70
9
  0
ATTRIB
  5
670
330
17
100
AcDbEntity
  8
0
  6
Continuous
100
AcDbText
 10
33.9743009961988
 20
17.682697124151154
 30
0.0
 40
0.01
  1

  7
WD
 72
1
 11
33.9743009961988
 21
17.682697124151154
 31
0.0
100
AcDbAttribute
  2
MFG
 70
9
  0
SEQEND
  5
65F
330
65E
100
AcDbEntity
  8
SLD_SYMS
  0
INSERT
  5
671
330
17
100
AcDbEntity
  8
SLD_SYMS
100
AcDbBlockReference
  2
WDDOT
 10
33.992000000000004
 20
17.198999999999998
 30
0.0
  0
MTEXT
  5
673
330
17
100
AcDbEntity
  8
SLD_TEXT
100
AcDbMText
 10
33.178000000000004
 20
17.732
 30
0.0
 40
0.1
 41
0.0
 71
2
  1
1%%C
  0
LINE
  5
674
330
17
100
AcDbEntity
  8
SLD_CONTROL
100
AcDbLine
 10
34.179
 20
17.789
 30
0.0
 11
34.915
 21
17.789
 31
0.0
  0
INSERT
  5
675
330
17
100
AcDbEntity
  8
SLD_SYMS
100
AcDbBlockReference
 66
1
  2
VFU1_1-
 10
34.975
 20
16.204
 30
0.0
  0
ATTRIB
  5
677
330
17
100
AcDbEntity
  8
0
100
AcDbText
 10
35.1
 20
16.48525
 30
0.0
 40
0.125
  1

  7
WD
 41
0.85
 11
35.1
 21
16.48525
 31
0.0
100
AcDbAttribute
  2
INST
 70
1
  0
ATTRIB
  5
678
330
17
100
AcDbEntity
  8
0
  6
Continuous
100
AcDbText
 10
34.82172036438161
 20
16.097850164162786
 30
0.0
 40
0.01
  1

  7
WD
 72
1
 11
34.82172036438161
 21
16.097850164162786
 31
0.0
100
AcDbAttribute
  2
ASSYCODE
 70
9
  0
ATTRIB
  5
679
330
17
100
AcDbEntity
  8
0
 62
7
100
AcDbText
 10
34.85
 20
16.204
 30
0.0
 40
0.01
  1

  7
WD
 11
34.85
 21
16.204
 31
0.0
100
AcDbAttribute
  2
X4LINK
 70
1
  0
ATTRIB
  5
67A
330
17
100
AcDbEntity
  8
0
 62
7
100
AcDbText
 10
35.1
 20
16.204
 30
0.0
 40
0.01
  1

  7
WD
 11
35.1
 21
16.204
 31
0.0
100
AcDbAttribute
  2
X1LINK
 70
1
  0
ATTRIB
  5
67B
330
17
100
AcDbEntity
  8
0
100
AcDbText
 10
34.81875
 20
16.1415
 30
0.0
 40
0.125
  1
6A
  7
WD
 41
0.85
 72
2
 11
34.81875
 21
16.1415
 31
0.0
100
AcDbAttribute
  2
RATING1
 70
0
  0
ATTRIB
  5
67C
330
17
100
AcDbEntity
  8
0
100
AcDbText
 10
35.1
 20
15.79775
 30
0.0
 40
0.125
  1

  7
WD
 41
0.85
 11
35.1
 21
15.79775
 31
0.0
100
AcDbAttribute
  2
DESC2
 70
1
  0
ATTRIB
  5
67D
330
17
100
AcDbEntity
  8
0
100
AcDbText
 10
35.1
 20
15.969625
 30
0.0
 40
0.125
  1

  7
WD
 41
0.85
 11
35.1
 21
15.969625
 31
0.0
100
AcDbAttribute
  2
DESC1
 70
1
  0
ATTRIB
  5
67E
330
17
100
AcDbEntity
  8
0
100
AcDbText
 10
35.101941437973075
 20
16.14337500000005
 30
0.0
 40
0.125
  1

  7
WD
 41
0.85
 11
35.101941437973075
 21
16.14337500000005
 31
0.0
100
AcDbAttribute
  2
TAG1
 70
1
  0
ATTRIB
  5
67F
330
17
100
AcDbEntity
  8
0
100
AcDbText
 10
35.1
 20
16.313375
 30
0.0
 40
0.125
  1

  7
WD
 41
0.85
 11
35.1
 21
16.313375
 31
0.0
100
AcDbAttribute
  2
LOC
 70
1
  0
ATTRIB
  5
680
330
17
100
AcDbEntity
  8
0
  6
Continuous
100
AcDbText
 10
34.832883081007
 20
16.115873790861
 30
0.0
 40
0.01
  1

  7
WD
 72
2
 11
34.832883081007
 21
16.115873790861
 31
0.0
100
AcDbAttribute
  2
MFG
 70
9
  0
ATTRIB
  5
681
330
17
100
AcDbEntity
  8
0
  6
Continuous
100
AcDbText
 10
34.832883081007
 20
16.130873790861
 30
0.0
 40
0.01
  1

  7
WD
 72
2
 11
34.832883081007
 21
16.130873790861
 31
0.0
100
AcDbAttribute
  2
CAT
 70
9
  0
ATTRIB
  5
682
330
17
100
AcDbEntity
  8
0
100
AcDbText
 10
34.81621641434033
 20
16.167540457527664
 30
0.0
 40
0.01
  1

  7
WD
 72
2
 11
34.832883081007
 21
16.167540457527664
 31
0.0
100
AcDbAttribute
  2
FAMILY
 70
9
  0
ATTRIB
  5
683
330
17
100
AcDbEntity
  8
0
 62
7
100
AcDbText
 10
34.975
 20
16.04775
 30
0.0
 40
0.0125
  1

  7
WD
 11
34.975
 21
16.04775
 31
0.0
100
AcDbAttribute
  2
X8TERM02
 70
1
  0
ATTRIB
  5
684
330
17
100
AcDbEntity
  8
0
 62
7
100
AcDbText
 10
34.975
 20
16.36025
 30
0.0
 40
0.0125
  1

  7
WD
 11
34.975
 21
16.36025
 31
0.0
100
AcDbAttribute
  2
X2TERM01
 70
1
  0
ATTRIB
  5
685
330
17
100
AcDbEntity
  8
0
  6
Continuous
100
AcDbText
 10
34.934298778392005
 20
15.896802969349004
 30
0.0
 40
0.125
  1

  7
WD
 41
0.85
 72
2
 11
34.934298778392005
 21
16.021802969349004
 31
0.0
100
AcDbAttribute
  2
TERM02
 70
9
 74
3
  0
ATTRIB
  5
686
330
17
100
AcDbEntity
  8
0
  6
Continuous
100
AcDbText
 10
34.920029620844346
 20
16.379376616004922
 30
0.0
 40
0.125
  1

  7
WD
 41
0.85
 72
2
 11
34.920029620844346
 21
16.379376616004922
 31
0.0
100
AcDbAttribute
  2
TERM01
 70
9
  0
ATTRIB
  5
687
330
17
100
AcDbEntity
  8
0
100
AcDbText
 10
34.832883081007
 20
16.050763117239445
 30
0.0
 40
0.01
  1

  7
WD
 72
2
 11
34.84621641434033
 21
16.050763117239445
 31
0.0
100
AcDbAttribute
  2
WDTYPE
 70
9
  0
ATTRIB
  5
688
330
17
100
AcDbEntity
  8
0
100
AcDbText
 10
35.1
 20
15.625875
 30
0.0
 40
0.125
  1

  7
WD
 41
0.85
 11
35.1
 21
15.625875
 31
0.0
100
AcDbAttribute
  2
DESC3
 70
1
  0
ATTRIB
  5
689
330
17
100
AcDbEntity
  8
0
100
AcDbText
 10
34.84621641434033
 20
16.035138117239445
 30
0.0
 40
0.01
  1

  7
WD
 72
2
 11
34.84621641434033
 21
16.035138117239445
 31
0.0
100
AcDbAttribute
  2
WDBLKNAM
 70
9
  0
SEQEND
  5
676
330
675
100
AcDbEntity
  8
SLD_SYMS
  0
INSERT
  5
68A
330
17
100
AcDbEntity
  8
SLD_SYMS
100
AcDbBlockReference
 66
1
  2
VFU1_1-
 10
35.49
 20
16.203
 30
0.0
  0
ATTRIB
  5
68C
330
17
100
AcDbEntity
  8
0
100
AcDbText
 10
35.615
 20
16.48425
 30
0.0
 40
0.125
  1

  7
WD
 41
0.85
 11
35.615
 21
16.48425
 31
0.0
100
AcDbAttribute
  2
INST
 70
1
  0
ATTRIB
  5
68D
330
17
100
AcDbEntity
  8
0
  6
Continuous
100
AcDbText
 10
35.33672036438161
 20
16.096850164162785
 30
0.0
 40
0.01
  1

  7
WD
 72
1
 11
35.33672036438161
 21
16.096850164162785
 31
0.0
100
AcDbAttribute
  2
ASSYCODE
 70
9
  0
ATTRIB
  5
68E
330
17
100
AcDbEntity
  8
0
 62
7
100
AcDbText
 10
35.365
 20
16.203
 30
0.0
 40
0.01
  1

  7
WD
 11
35.365
 21
16.203
 31
0.0
100
AcDbAttribute
  2
X4LINK
 70
1
  0
ATTRIB
  5
68F
330
17
100
AcDbEntity
  8
0
 62
7
100
AcDbText
 10
35.615
 20
16.203
 30
0.0
 40
0.01
  1

  7
WD
 11
35.615
 21
16.203
 31
0.0
100
AcDbAttribute
  2
X1LINK
 70
1
  0
ATTRIB
  5
690
330
17
100
AcDbEntity
  8
0
100
AcDbText
 10
35.33375
 20
16.1405
 30
0.0
 40
0.125
  1
6A
  7
WD
 41
0.85
 72
2
 11
35.33375
 21
16.1405
 31
0.0
100
AcDbAttribute
  2
RATING1
 70
0
  0
ATTRIB
  5
691
330
17
100
AcDbEntity
  8
0
100
AcDbText
 10
35.615
 20
15.79675
 30
0.0
 40
0.125
  1

  7
WD
 41
0.85
 11
35.615
 21
15.79675
 31
0.0
100
AcDbAttribute
  2
DESC2
 70
1
  0
ATTRIB
  5
692
330
17
100
AcDbEntity
  8
0
100
AcDbText
 10
35.615
 20
15.968625
 30
0.0
 40
0.125
  1

  7
WD
 41
0.85
 11
35.615
 21
15.968625
 31
0.0
100
AcDbAttribute
  2
DESC1
 70
1
  0
ATTRIB
  5
693
330
17
100
AcDbEntity
  8
0
100
AcDbText
 10
35.616941437973075
 20
16.142375000000047
 30
0.0
 40
0.125
  1

  7
WD
 41
0.85
 11
35.616941437973075
 21
16.142375000000047
 31
0.0
100
AcDbAttribute
  2
TAG1
 70
1
  0
ATTRIB
  5
694
330
17
100
AcDbEntity
  8
0
100
AcDbText
 10
35.615
 20
16.312375
 30
0.0
 40
0.125
  1

  7
WD
 41
0.85
 11
35.615
 21
16.312375
 31
0.0
100
AcDbAttribute
  2
LOC
 70
1
  0
ATTRIB
  5
695
330
17
100
AcDbEntity
  8
0
  6
Continuous
100
AcDbText
 10
35.347883081007
 20
16.114873790860997
 30
0.0
 40
0.01
  1

  7
WD
 72
2
 11
35.347883081007
 21
16.114873790860997
 31
0.0
100
AcDbAttribute
  2
MFG
 70
9
  0
ATTRIB
  5
696
330
17
100
AcDbEntity
  8
0
  6
Continuous
100
AcDbText
 10
35.347883081007
 20
16.129873790860998
 30
0.0
 40
0.01
  1

  7
WD
 72
2
 11
35.347883081007
 21
16.129873790860998
 31
0.0
100
AcDbAttribute
  2
CAT
 70
9
  0
ATTRIB
  5
697
330
17
100
AcDbEntity
  8
0
100
AcDbText
 10
35.33121641434033
 20
16.166540457527663
 30
0.0
 40
0.01
  1

  7
WD
 72
2
 11
35.347883081007
 21
16.166540457527663
 31
0.0
100
AcDbAttribute
  2
FAMILY
 70
9
  0
ATTRIB
  5
698
330
17
100
AcDbEntity
  8
0
 62
7
100
AcDbText
 10
35.49
 20
16.04675
 30
0.0
 40
0.0125
  1

  7
WD
 11
35.49
 21
16.04675
 31
0.0
100
AcDbAttribute
  2
X8TERM02
 70
1
  0
ATTRIB
  5
699
330
17
100
AcDbEntity
  8
0
 62
7
100
AcDbText
 10
35.49
 20
16.35925
 30
0.0
 40
0.0125
  1

  7
WD
 11
35.49
 21
16.35925
 31
0.0
100
AcDbAttribute
  2
X2TERM01
 70
1
  0
ATTRIB
  5
69A
330
17
100
AcDbEntity
  8
0
  6
Continuous
100
AcDbText
 10
35.449298778392006
 20
15.895802969349003
 30
0.0
 40
0.125
  1

  7
WD
 41
0.85
 72
2
 11
35.449298778392006
 21
16.020802969349003
 31
0.0
100
AcDbAttribute
  2
TERM02
 70
9
 74
3
  0
ATTRIB
  5
69B
330
17
100
AcDbEntity
  8
0
  6
Continuous
100
AcDbText
 10
35.43502962084435
 20
16.37837661600492
 30
0.0
 40
0.125
  1

  7
WD
 41
0.85
 72
2
 11
35.43502962084435
 21
16.37837661600492
 31
0.0
100
AcDbAttribute
  2
TERM01
 70
9
  0
ATTRIB
  5
69C
330
17
100
AcDbEntity
  8
0
100
AcDbText
 10
35.347883081007
 20
16.049763117239443
 30
0.0
 40
0.01
  1

  7
WD
 72
2
 11
35.36121641434033
 21
16.049763117239443
 31
0.0
100
AcDbAttribute
  2
WDTYPE
 70
9
  0
ATTRIB
  5
69D
330
17
100
AcDbEntity
  8
0
100
AcDbText
 10
35.615
 20
15.624875
 30
0.0
 40
0.125
  1

  7
WD
 41
0.85
 11
35.615
 21
15.624875
 31
0.0
100
AcDbAttribute
  2
DESC3
 70
1
  0
ATTRIB
  5
69E
330
17
100
AcDbEntity
  8
0
100
AcDbText
 10
35.36121641434033
 20
16.034138117239443
 30
0.0
 40
0.01
  1

  7
WD
 72
2
 11
35.36121641434033
 21
16.034138117239443
 31
0.0
100
AcDbAttribute
  2
WDBLKNAM
 70
9
  0
SEQEND
  5
68B
330
68A
100
AcDbEntity
  8
SLD_SYMS
  0
INSERT
  5
69F
330
17
100
AcDbEntity
  8
SLD_SYMS
100
AcDbBlockReference
 66
1
  2
VXF1CT
 10
34.112
 20
15.089
 30
0.0
  0
ATTRIB
  5
6A1
330
17
100
AcDbEntity
  8
0
100
AcDbText
 10
33.88491666666667
 20
14.667125
 30
0.0
 40
0.125
  1

  7
WD
 41
0.7
 72
1
 11
33.88491666666667
 21
14.667125
 31
0.0
100
AcDbAttribute
  2
INST
 70
1
  0
ATTRIB
  5
6A2
330
17
100
AcDbEntity
  8
0
100
AcDbText
 10
34.112
 20
14.805826474599725
 30
0.0
 40
0.0125
  1

  7
WD
 11
34.112
 21
14.805826474599725
 31
0.0
100
AcDbAttribute
  2
X8TERM01
 70
1
  0
ATTRIB
  5
6A3
330
17
100
AcDbEntity
  8
0
100
AcDbText
 10
34.14421176270014
 20
14.838038237299862
 30
0.0
 40
0.0125
  1

  7
WD
 11
34.14421176270014
 21
14.838038237299862
 31
0.0
100
AcDbAttribute
  2
X1TERM01
 70
1
  0
ATTRIB
  5
6A4
330
17
100
AcDbEntity
  8
0
  6
Continuous
100
AcDbText
 10
34.057062169619044
 20
14.858456032263783
 30
0.0
 40
0.125
  1

  7
WD
 72
2
 11
34.057062169619044
 21
14.858456032263783
 31
0.0
100
AcDbAttribute
  2
TERM01
 70
9
  0
ATTRIB
  5
6A5
330
17
100
AcDbEntity
  8
0
  6
Continuous
100
AcDbText
 10
34.06700691695107
 20
15.355965784883834
 30
0.0
 40
0.125
  1

  7
WD
 72
2
 11
34.06700691695107
 21
15.355965784883834
 31
0.0
100
AcDbAttribute
  2
TERM02
 70
9
  0
ATTRIB
  5
6A6
330
17
100
AcDbEntity
  8
0
100
AcDbText
 10
34.14421176270014
 20
15.338038237299862
 30
0.0
 40
0.0125
  1

  7
WD
 11
34.14421176270014
 21
15.338038237299862
 31
0.0
100
AcDbAttribute
  2
X1TERM02
 70
1
  0
ATTRIB
  5
6A7
330
17
100
AcDbEntity
  8
0
100
AcDbText
 10
34.112
 20
15.37025
 30
0.0
 40
0.0125
  1

  7
WD
 11
34.112
 21
15.37025
 31
0.0
100
AcDbAttribute
  2
X2TERM02
 70
1
  0
ATTRIB
  5
6A8
330
17
100
AcDbEntity
  8
0
100
AcDbText
 10
34.39325
 20
14.964
 30
0.0
 40
0.125
  1

  7
WD
 41
0.7
 11
34.39325
 21
14.964
 31
0.0
100
AcDbAttribute
  2
RATING1
 70
1
  0
ATTRIB
  5
6A9
330
17
100
AcDbEntity
  8
0
100
AcDbText
 10
34.39325
 20
15.12025
 30
0.0
 40
0.125
  1

  7
WD
 11
34.39325
 21
15.12025
 31
0.0
100
AcDbAttribute
  2
TAG1
 70
1
  0
ATTRIB
  5
6AA
330
17
100
AcDbEntity
  8
0
100
AcDbText
 10
33.911470622272795
 20
14.33170533180122
 30
0.0
 40
0.125
  1
400:5A (3)
  7
WD
 41
0.7
 72
1
 11
33.911470622272795
 21
14.33170533180122
 31
0.0
100
AcDbAttribute
  2
DESC1
 70
0
  0
ATTRIB
  5
6AB
330
17
100
AcDbEntity
  8
0
100
AcDbText
 10
33.911470622272795
 20
14.175458904647664
 30
0.0
 40
0.125
  1
CT 5P20
  7
WD
 41
0.7
 72
1
 11
33.911470622272795
 21
14.175458904647664
 31
0.0
100
AcDbAttribute
  2
DESC2
 70
0
  0
ATTRIB
  5
6AC
330
17
100
AcDbEntity
  8
0
100
AcDbText
 10
33.911470622272795
 20
14.487951758954775
 30
0.0
 40
0.125
  1

  7
WD
 41
0.7
 72
1
 11
33.911470622272795
 21
14.487951758954775
 31
0.0
100
AcDbAttribute
  2
LOC
 70
1
  0
ATTRIB
  5
6AD
330
17
100
AcDbEntity
  8
0
  6
Continuous
100
AcDbText
 10
33.941069824898975
 20
15.207955350386372
 30
0.0
 40
0.01
  1

  7
WD
 72
1
 11
33.941069824898975
 21
15.207955350386372
 31
0.0
100
AcDbAttribute
  2
ASSYCODE
 70
9
  0
ATTRIB
  5
6AE
330
17
100
AcDbEntity
  8
0
100
AcDbText
 10
33.919291666666666
 20
15.042125
 30
0.0
 40
0.125
  1

  7
WD
 72
1
 11
34.065125
 21
15.042125
 31
0.0
100
AcDbAttribute
  2
TYPE
 70
1
  0
ATTRIB
  5
6AF
330
17
100
AcDbEntity
  8
0
100
AcDbText
 10
33.91619277590037
 20
15.27969029371837
 30
0.0
 40
0.01
  1

  7
WD
 11
33.91619277590037
 21
15.27969029371837
 31
0.0
100
AcDbAttribute
  2
FAMILY
 70
9
  0
ATTRIB
  5
6B0
330
17
100
AcDbEntity
  8
0
  6
Continuous
100
AcDbText
 10
33.94124604183872
 20
15.251138877858606
 30
0.0
 40
0.01
  1

  7
WD
 72
1
 11
33.94124604183872
 21
15.251138877858606
 31
0.0
100
AcDbAttribute
  2
CAT
 70
9
  0
ATTRIB
  5
6B1
330
17
100
AcDbEntity
  8
0
  6
Continuous
100
AcDbText
 10
33.9393009961988
 20
15.231697124151156
 30
0.0
 40
0.01
  1

  7
WD
 72
1
 11
33.9393009961988
 21
15.231697124151156
 31
0.0
100
AcDbAttribute
  2
MFG
 70
9
  0
SEQEND
  5
6A0
330
69F
100
AcDbEntity
  8
SLD_SYMS
  0
INSERT
  5
6B2
330
17
100
AcDbEntity
  8
SLD_SYMS
100
AcDbBlockReference
  2
WDDOT
 10
34.011
 20
14.771
 30
0.0
  0
MTEXT
  5
6B4
330
17
100
AcDbEntity
  8
SLD_TEXT
100
AcDbMText
 10
33.143
 20
15.281
 30
0.0
 40
0.1
 41
0.0
 71
2
  1
1%%C
  0
INSERT
  5
6B5
330
17
100
AcDbEntity
  8
SLD_SYMS
100
AcDbBlockReference
 66
1
  2
VCN1PJ
 10
33.92
 20
14.323
 30
0.0
  0
ATTRIB
  5
6B7
330
17
100
AcDbEntity
  8
0
100
AcDbText
 10
34.149166666666666
 20
15.172801758954774
 30
0.0
 40
0.125
  1

  7
WD
 41
0.7
 72
2
 11
34.149166666666666
 21
15.172801758954774
 31
0.0
100
AcDbAttribute
  2
INST
 70
1
  0
ATTRIB
  5
6B8
330
17
100
AcDbEntity
  8
0
100
AcDbText
 10
33.93307292689499
 20
14.208359872741505
 30
0.0
 40
0.01
  1

  7
WD
 11
33.93307292689499
 21
14.208359872741505
 31
0.0
100
AcDbAttribute
  2
X8TERMDESC01
 70
1
  0
ATTRIB
  5
6B9
330
17
100
AcDbEntity
  8
0
100
AcDbText
 10
33.94614586449905
 20
14.364609867770696
 30
0.0
 40
0.01
  1

  7
WD
 11
33.94614586449905
 21
14.364609867770696
 31
0.0
100
AcDbAttribute
  2
X2TERMDESC02
 70
1
  0
ATTRIB
  5
6BA
330
17
100
AcDbEntity
  8
0
  6
Continuous
100
AcDbText
 10
33.81092473637243
 20
14.309056517835845
 30
0.0
 40
0.01
  1

  7
WD
 72
1
 11
33.81092473637243
 21
14.309056517835845
 31
0.0
100
AcDbAttribute
  2
ASSYCODE
 70
9
  0
ATTRIB
  5
6BB
330
17
100
AcDbEntity
  8
0
100
AcDbText
 10
33.795
 20
14.2605
 30
0.0
 40
0.01
  1

  7
WD
 11
33.795
 21
14.2605
 31
0.0
100
AcDbAttribute
  2
X4LINK
 70
1
  0
ATTRIB
  5
6BC
330
17
100
AcDbEntity
  8
0
100
AcDbText
 10
34.045
 20
14.2605
 30
0.0
 40
0.01
  1

  7
WD
 11
34.045
 21
14.2605
 31
0.0
100
AcDbAttribute
  2
X1LINK
 70
1
  0
ATTRIB
  5
6BD
330
17
100
AcDbEntity
  8
0
100
AcDbText
 10
33.8575
 20
15.003201758954775
 30
0.0
 40
0.125
  1

  7
WD
 41
0.7
 72
2
 11
33.8575
 21
15.003201758954775
 31
0.0
100
AcDbAttribute
  2
LOC
 70
1
  0
ATTRIB
  5
6BE
330
17
100
AcDbEntity
  8
0
  6
Continuous
100
AcDbText
 10
33.811393108449664
 20
14.323039283222856
 30
0.0
 40
0.01
  1

  7
WD
 72
1
 11
33.811393108449664
 21
14.323039283222856
 31
0.0
100
AcDbAttribute
  2
MFG
 70
9
  0
ATTRIB
  5
6BF
330
17
100
AcDbEntity
  8
0
  6
Continuous
100
AcDbText
 10
33.81333815408958
 20
14.342481036930307
 30
0.0
 40
0.01
  1

  7
WD
 72
1
 11
33.81333815408958
 21
14.342481036930307
 31
0.0
100
AcDbAttribute
  2
CAT
 70
9
  0
ATTRIB
  5
6C0
330
17
100
AcDbEntity
  8
0
100
AcDbText
 10
33.78828488815123
 20
14.38665745279007
 30
0.0
 40
0.01
  1

  7
WD
 11
33.78828488815123
 21
14.38665745279007
 31
0.0
100
AcDbAttribute
  2
FAMILY
 70
9
  0
ATTRIB
  5
6C1
330
17
100
AcDbEntity
  8
0
100
AcDbText
 10
33.8575
 20
14.677278904647665
 30
0.0
 40
0.125
  1

  7
WD
 41
0.7
 72
2
 11
33.8575
 21
14.677278904647665
 31
0.0
100
AcDbAttribute
  2
DESC2
 70
1
  0
ATTRIB
  5
6C2
330
17
100
AcDbEntity
  8
0
100
AcDbText
 10
33.8575
 20
14.83352533180122
 30
0.0
 40
0.125
  1

  7
WD
 41
0.7
 72
2
 11
33.8575
 21
14.83352533180122
 31
0.0
100
AcDbAttribute
  2
DESC1
 70
1
  0
ATTRIB
  5
6C3
330
17
100
AcDbEntity
  8
0
100
AcDbText
 10
33.649166666666666
 20
14.41675
 30
0.0
 40
0.125
  1

  7
WD
 72
2
 11
33.8575
 21
14.41675
 31
0.0
100
AcDbAttribute
  2
TAG1
 70
1
  0
ATTRIB
  5
6C4
330
17
100
AcDbEntity
  8
0
  6
Continuous
100
AcDbText
 10
33.967
 20
14.04175
 30
0.0
 40
0.125
  1

  7
WD
 11
33.967
 21
14.16675
 31
0.0
100
AcDbAttribute
  2
TERM01
 70
9
 74
3
  0
ATTRIB
  5
6C5
330
17
100
AcDbEntity
  8
0
100
AcDbText
 10
33.92
 20
14.22925
 30
0.0
 40
0.0125
  1

  7
WD
 11
33.92
 21
14.22925
 31
0.0
100
AcDbAttribute
  2
X8TERM01
 70
1
  0
ATTRIB
  5
6C6
330
17
100
AcDbEntity
  8
0
100
AcDbText
 10
33.92
 20
14.3855
 30
0.0
 40
0.0125
  1

  7
WD
 11
33.92
 21
14.3855
 31
0.0
100
AcDbAttribute
  2
X2TERM02
 70
1
  0
ATTRIB
  5
6C7
330
17
100
AcDbEntity
  8
0
  6
Continuous
100
AcDbText
 10
33.967
 20
14.3855
 30
0.0
 40
0.125
  1

  7
WD
 11
33.967
 21
14.3855
 31
0.0
100
AcDbAttribute
  2
TERM02
 70
9
  0
ATTRIB
  5
6C8
330
17
100
AcDbEntity
  8
0
100
AcDbText
 10
33.78828488815123
 20
14.368025320458438
 30
0.0
 40
0.01
  1

  7
WD
 11
33.78828488815123
 21
14.368025320458438
 31
0.0
100
AcDbAttribute
  2
WDBLKNAM
 70
9
  0
SEQEND
  5
6B6
330
6B5
100
AcDbEntity
  8
SLD_SYMS
  0
LWPOLYLINE
  5
6C9
330
17
100
AcDbEntity
  8
SLD_SYMS
100
AcDbPolyline
 90
4
 70
1
 10
34.509
 20
14.523
 10
35.972
 20
14.523
 10
35.972
 20
13.821
 10
34.509
 20
13.821
  0
LWPOLYLINE
  5
6CA
330
17
100
AcDbEntity
  8
SLD_SYMS
100
AcDbPolyline
 90
4
 70
1
 10
33.456
 20
13.8
 10
34.384
 20
13.8
 10
34.384
 20
12.88
 10
33.456
 20
12.88
  0
MTEXT
  5
6CB
330
17
100
AcDbEntity
  8
SLD_TEXT
100
AcDbMText
 10
33.041000000000004
 20
12.754
 30
0.0
 40
0.1
 41
0.0
 71
1
  1
NORMALLY\PCLOSED
  0
INSERT
  5
6CC
330
17
100
AcDbEntity
  8
SLD_SYMS
100
AcDbBlockReference
 66
1
  2
DEVICE_BUBBLE
 10
35.023
 20
13.373
 30
0.0
  0
ATTRIB
  5
6CE
330
17
100
AcDbEntity
  8
0
100
AcDbText
 10
34.85146791010798
 20
13.273951515790893
 30
0.0
 40
0.2
  1
86
  7
OpenSans
 11
34.85146791010798
 21
13.273951515790893
 31
0.0
100
AcDbAttribute
  2
DB
 70
0
280
1
  0
SEQEND
  5
6CD
330
6CC
100
AcDbEntity
  8
SLD_SYMS
  0
LINE
  5
6CF
330
17
100
AcDbEntity
  8
SLD_CONTROL
100
AcDbLine
 10
34.384
 20
13.373
 30
0.0
 11
34.806000000000004
 21
13.373
 31
0.0
  0
LINE
  5
6D0
330
17
100
AcDbEntity
  8
SLD_CONTROL
100
AcDbLine
 10
35.023
 20
13.59
 30
0.0
 11
35.023
 21
13.821
 31
0.0
  0
INSERT
  5
6D1
330
17
100
AcDbEntity
  8
SLD_SYMS
100
AcDbBlockReference
 66
1
  2
VCN1PJ
 10
33.92
 20
12.43
 30
0.0
 50
180.0
  0
ATTRIB
  5
6D3
330
17
100
AcDbEntity
  8
0
100
AcDbText
 10
33.69083333333334
 20
11.580198241045226
 30
0.0
 40
0.125
  1

 50
180.0
  7
WD
 41
0.7
 72
2
 11
33.69083333333334
 21
11.580198241045226
 31
0.0
100
AcDbAttribute
  2
INST
 70
1
  0
ATTRIB
  5
6D4
330
17
100
AcDbEntity
  8
0
100
AcDbText
 10
33.90692707310502
 20
12.544640127258495
 30
0.0
 40
0.01
  1

 50
180.0
  7
WD
 11
33.90692707310502
 21
12.544640127258495
 31
0.0
100
AcDbAttribute
  2
X8TERMDESC01
 70
1
  0
ATTRIB
  5
6D5
330
17
100
AcDbEntity
  8
0
100
AcDbText
 10
33.89385413550095
 20
12.388390132229304
 30
0.0
 40
0.01
  1

 50
180.0
  7
WD
 11
33.89385413550095
 21
12.388390132229304
 31
0.0
100
AcDbAttribute
  2
X2TERMDESC02
 70
1
  0
ATTRIB
  5
6D6
330
17
100
AcDbEntity
  8
0
  6
Continuous
100
AcDbText
 10
34.029075263627576
 20
12.443943482164155
 30
0.0
 40
0.01
  1

 50
180.0
  7
WD
 72
1
 11
34.029075263627576
 21
12.443943482164155
 31
0.0
100
AcDbAttribute
  2
ASSYCODE
 70
9
  0
ATTRIB
  5
6D7
330
17
100
AcDbEntity
  8
0
100
AcDbText
 10
34.045
 20
12.4925
 30
0.0
 40
0.01
  1

 50
180.0
  7
WD
 11
34.045
 21
12.4925
 31
0.0
100
AcDbAttribute
  2
X4LINK
 70
1
  0
ATTRIB
  5
6D8
330
17
100
AcDbEntity
  8
0
100
AcDbText
 10
33.795
 20
12.4925
 30
0.0
 40
0.01
  1

 50
180.0
  7
WD
 11
33.795
 21
12.4925
 31
0.0
100
AcDbAttribute
  2
X1LINK
 70
1
  0
ATTRIB
  5
6D9
330
17
100
AcDbEntity
  8
0
100
AcDbText
 10
33.9825
 20
11.749798241045225
 30
0.0
 40
0.125
  1

 50
180.0
  7
WD
 41
0.7
 72
2
 11
33.9825
 21
11.749798241045225
 31
0.0
100
AcDbAttribute
  2
LOC
 70
1
  0
ATTRIB
  5
6DA
330
17
100
AcDbEntity
  8
0
  6
Continuous
100
AcDbText
 10
34.02860689155034
 20
12.429960716777144
 30
0.0
 40
0.01
  1

 50
180.0
  7
WD
 72
1
 11
34.02860689155034
 21
12.429960716777144
 31
0.0
100
AcDbAttribute
  2
MFG
 70
9
  0
ATTRIB
  5
6DB
330
17
100
AcDbEntity
  8
0
  6
Continuous
100
AcDbText
 10
34.026661845910425
 20
12.410518963069693
 30
0.0
 40
0.01
  1

 50
180.0
  7
WD
 72
1
 11
34.026661845910425
 21
12.410518963069693
 31
0.0
100
AcDbAttribute
  2
CAT
 70
9
  0
ATTRIB
  5
6DC
330
17
100
AcDbEntity
  8
0
100
AcDbText
 10
34.05171511184877
 20
12.36634254720993
 30
0.0
 40
0.01
  1

 50
180.0
  7
WD
 11
34.05171511184877
 21
12.36634254720993
 31
0.0
100
AcDbAttribute
  2
FAMILY
 70
9
  0
ATTRIB
  5
6DD
330
17
100
AcDbEntity
  8
0
100
AcDbText
 10
33.9825
 20
12.075721095352336
 30
0.0
 40
0.125
  1

 50
180.0
  7
WD
 41
0.7
 72
2
 11
33.9825
 21
12.075721095352336
 31
0.0
100
AcDbAttribute
  2
DESC2
 70
1
  0
ATTRIB
  5
6DE
330
17
100
AcDbEntity
  8
0
100
AcDbText
 10
33.9825
 20
11.91947466819878
 30
0.0
 40
0.125
  1

 50
180.0
  7
WD
 41
0.7
 72
2
 11
33.9825
 21
11.91947466819878
 31
0.0
100
AcDbAttribute
  2
DESC1
 70
1
  0
ATTRIB
  5
6DF
330
17
100
AcDbEntity
  8
0
100
AcDbText
 10
34.19083333333334
 20
12.33625
 30
0.0
 40
0.125
  1

 50
180.0
  7
WD
 72
2
 11
33.9825
 21
12.33625
 31
0.0
100
AcDbAttribute
  2
TAG1
 70
1
  0
ATTRIB
  5
6E0
330
17
100
AcDbEntity
  8
0
  6
Continuous
100
AcDbText
 10
33.873000000000005
 20
12.71125
 30
0.0
 40
0.125
  1

 50
180.0
  7
WD
 11
33.873000000000005
 21
12.58625
 31
0.0
100
AcDbAttribute
  2
TERM01
 70
9
 74
3
  0
ATTRIB
  5
6E1
330
17
100
AcDbEntity
  8
0
100
AcDbText
 10
33.92
 20
12.52375
 30
0.0
 40
0.0125
  1

 50
180.0
  7
WD
 11
33.92
 21
12.52375
 31
0.0
100
AcDbAttribute
  2
X8TERM01
 70
1
  0
ATTRIB
  5
6E2
330
17
100
AcDbEntity
  8
0
100
AcDbText
 10
33.92
 20
12.3675
 30
0.0
 40
0.0125
  1

 50
180.0
  7
WD
 11
33.92
 21
12.3675
 31
0.0
100
AcDbAttribute
  2
X2TERM02
 70
1
  0
ATTRIB
  5
6E3
330
17
100
AcDbEntity
  8
0
  6
Continuous
100
AcDbText
 10
33.873000000000005
 20
12.3675
 30
0.0
 40
0.125
  1

 50
180.0
  7
WD
 11
33.873000000000005
 21
12.3675
 31
0.0
100
AcDbAttribute
  2
TERM02
 70
9
  0
ATTRIB
  5
6E4
330
17
100
AcDbEntity
  8
0
100
AcDbText
 10
34.05171511184877
 20
12.384974679541562
 30
0.0
 40
0.01
  1

 50
180.0
  7
WD
 11
34.05171511184877
 21
12.384974679541562
 31
0.0
100
AcDbAttribute
  2
WDBLKNAM
 70
9
  0
SEQEND
  5
6D2
330
6D1
100
AcDbEntity
  8
SLD_SYMS
  0
LINE
  5
6E5
330
17
100
AcDbEntity
  8
SLD_WIRE
100
AcDbLine
 10
33.92
 20
11.246
 30
0.0
 11
36.58
 21
11.246
 31
0.0
  0
LWPOLYLINE
  5
6E6
330
17
100
AcDbEntity
  8
SLD_CUBICLE
  6
DASHED
100
AcDbPolyline
 90
4
 70
1
 10
34.315000000000005
 20
12.069
 10
35.361000000000004
 20
12.069
 10
35.361000000000004
 20
10.749
 10
34.315000000000005
 20
10.749
  0
INSERT
  5
6E7
330
17
100
AcDbEntity
  8
SLD_SYMS
100
AcDbBlockReference
 66
1
  2
HXF1CT
 10
34.795
 20
11.054
 30
0.0
  0
ATTRIB
  5
6E9
330
17
100
AcDbEntity
  8
0
100
AcDbText
 10
34.406970622272794
 20
11.63146533180122
 30
0.0
 40
0.125
  1

  7
WD
 41
0.7
 72
2
 11
34.406970622272794
 21
11.63146533180122
 31
0.0
100
AcDbAttribute
  2
INST
 70
1
  0
ATTRIB
  5
6EA
330
17
100
AcDbEntity
  8
0
  6
Continuous
100
AcDbText
 10
35.123125
 20
11.179
 30
0.0
 40
0.01
  1

  7
WD
 72
1
 11
35.123125
 21
11.179
 31
0.0
100
AcDbAttribute
  2
ASSYCODE
 70
9
  0
ATTRIB
  5
6EB
330
17
100
AcDbEntity
  8
0
100
AcDbText
 10
35.07625
 20
11.054
 30
0.0
 40
0.0125
  1

  7
WD
 11
35.07625
 21
11.054
 31
0.0
100
AcDbAttribute
  2
X1TERM02
 70
1
  0
ATTRIB
  5
6EC
330
17
100
AcDbEntity
  8
0
100
AcDbText
 10
35.044038237299866
 20
11.021788237299862
 30
0.0
 40
0.0125
  1

  7
WD
 11
35.044038237299866
 21
11.021788237299862
 31
0.0
100
AcDbAttribute
  2
X8TERM02
 70
1
  0
ATTRIB
  5
6ED
330
17
100
AcDbEntity
  8
0
100
AcDbText
 10
34.51375
 20
11.054
 30
0.0
 40
0.0125
  1

  7
WD
 11
34.51375
 21
11.054
 31
0.0
100
AcDbAttribute
  2
X4TERM01
 70
1
  0
ATTRIB
  5
6EE
330
17
100
AcDbEntity
  8
0
100
AcDbText
 10
34.54596176270014
 20
11.021788237299862
 30
0.0
 40
0.0125
  1

  7
WD
 11
34.54596176270014
 21
11.021788237299862
 31
0.0
100
AcDbAttribute
  2
X8TERM01
 70
1
  0
ATTRIB
  5
6EF
330
17
100
AcDbEntity
  8
0
100
AcDbText
 10
34.649166666666666
 20
11.179
 30
0.0
 40
0.125
  1

  7
WD
 72
1
 11
34.795
 21
11.179
 31
0.0
100
AcDbAttribute
  2
TYPE
 70
1
  0
ATTRIB
  5
6F0
330
17
100
AcDbEntity
  8
0
  6
Continuous
100
AcDbText
 10
34.6075
 20
10.89775
 30
0.0
 40
0.125
  1

  7
WD
 11
34.6075
 21
11.02275
 31
0.0
100
AcDbAttribute
  2
TERM01
 70
9
 74
3
  0
ATTRIB
  5
6F1
330
17
100
AcDbEntity
  8
0
  6
Continuous
100
AcDbText
 10
35.123125
 20
10.89775
 30
0.0
 40
0.125
  1

  7
WD
 11
35.123125
 21
11.02275
 31
0.0
100
AcDbAttribute
  2
TERM02
 70
9
 74
3
  0
ATTRIB
  5
6F2
330
17
100
AcDbEntity
  8
0
100
AcDbText
 10
35.163125
 20
11.08525
 30
0.0
 40
0.125
  1

  7
WD
 41
0.7
 11
35.163125
 21
11.08525
 31
0.0
100
AcDbAttribute
  2
RATING1
 70
1
  0
ATTRIB
  5
6F3
330
17
100
AcDbEntity
  8
0
100
AcDbText
 10
35.163125
 20
11.2415
 30
0.0
 40
0.125
  1

  7
WD
 11
35.163125
 21
11.2415
 31
0.0
100
AcDbAttribute
  2
TAG1
 70
1
  0
ATTRIB
  5
6F4
330
17
100
AcDbEntity
  8
0
100
AcDbText
 10
34.406970622272794
 20
11.305615331801219
 30
0.0
 40
0.125
  1
3000:5A (3)
  7
WD
 41
0.7
 72
2
 11
34.406970622272794
 21
11.305615331801219
 31
0.0
100
AcDbAttribute
  2
DESC1
 70
0
  0
ATTRIB
  5
6F5
330
17
100
AcDbEntity
  8
0
100
AcDbText
 10
34.406970622272794
 20
11.149365331801219
 30
0.0
 40
0.125
  1
CT 5P20
  7
WD
 41
0.7
 72
2
 11
34.406970622272794
 21
11.149365331801219
 31
0.0
100
AcDbAttribute
  2
DESC2
 70
0
  0
ATTRIB
  5
6F6
330
17
100
AcDbEntity
  8
0
100
AcDbText
 10
34.406970622272794
 20
11.461865331801219
 30
0.0
 40
0.125
  1

  7
WD
 41
0.7
 72
2
 11
34.406970622272794
 21
11.461865331801219
 31
0.0
100
AcDbAttribute
  2
LOC
 70
1
  0
ATTRIB
  5
6F7
330
17
100
AcDbEntity
  8
0
100
AcDbText
 10
35.09919277590037
 20
11.244690293718369
 30
0.0
 40
0.01
  1

  7
WD
 11
35.09919277590037
 21
11.244690293718369
 31
0.0
100
AcDbAttribute
  2
FAMILY
 70
9
  0
ATTRIB
  5
6F8
330
17
100
AcDbEntity
  8
0
  6
Continuous
100
AcDbText
 10
35.12424604183872
 20
11.216138877858606
 30
0.0
 40
0.01
  1

  7
WD
 72
1
 11
35.12424604183872
 21
11.216138877858606
 31
0.0
100
AcDbAttribute
  2
CAT
 70
9
  0
ATTRIB
  5
6F9
330
17
100
AcDbEntity
  8
0
  6
Continuous
100
AcDbText
 10
35.1223009961988
 20
11.196697124151155
 30
0.0
 40
0.01
  1

  7
WD
 72
1
 11
35.1223009961988
 21
11.196697124151155
 31
0.0
100
AcDbAttribute
  2
MFG
 70
9
  0
SEQEND
  5
6E8
330
6E7
100
AcDbEntity
  8
SLD_SYMS
  0
INSERT
  5
6FA
330
17
100
AcDbEntity
  8
SLD_SYMS
100
AcDbBlockReference
  2
WDDOT
 10
34.454
 20
11.176
 30
0.0
  0
MTEXT
  5
6FC
330
17
100
AcDbEntity
  8
SLD_TEXT
100
AcDbMText
 10
34.709
 20
11.66
 30
0.0
 40
0.1
 41
0.0
 71
2
  1
1%%C
  0
MTEXT
  5
6FD
330
17
100
AcDbEntity
  8
SLD_TEXT
100
AcDbMText
 10
33.92
 20
21.037
 30
0.0
 40
0.3
 41
0.0
 71
2
  1
UNIT 10
  0
MTEXT
  5
6FE
330
17
100
AcDbEntity
  8
SLD_TEXT
100
AcDbMText
 10
33.92
 20
20.173
 30
0.0
 40
0.3
 41
0.0
 71
2
  1
52-T
  0
MTEXT
  5
6FF
330
17
100
AcDbEntity
  8
SLD_TEXT
100
AcDbMText
 10
33.688
 20
13.655
 30
0.0
 40
0.093
 41
0.0
 71
1
  1
52-T\P17.5kV\P3150A\P40kA
  0
MTEXT
  5
700
330
17
100
AcDbEntity
  8
SLD_TEXT
100
AcDbMText
 10
34.577
 20
14.468
 30
0.0
 40
0.093
 41
0.0
 71
1
  1
SEL-751-T\PFEEDER\PPROTECTION\PRELAY WITH SYNC
  0
MTEXT
  5
701
330
17
100
AcDbEntity
  8
SLD_TEXT
100
AcDbMText
 10
34.979
 20
17.988
 30
0.0
 40
0.093
 41
0.0
 71
1
  1
TO BUS B\PDIFF RELAY\PGE 850-B
  0
LINE
  5
702
330
17
100
AcDbEntity
  8
SLD_WIRE
100
AcDbLine
 10
37.53
 20
18.583
 30
0.0
 11
37.53
 21
17.861
 31
0.0
  0
LINE
  5
703
330
17
100
AcDbEntity
  8
SLD_WIRE
100
AcDbLine
 10
37.53
 20
17.548
 30
0.0
 11
37.53
 21
17.157
 31
0.0
  0
LINE
  5
704
330
17
100
AcDbEntity
  8
SLD_WIRE
100
AcDbLine
 10
37.53
 20
16.845
 30
0.0
 11
37.53
 21
16.59
 31
0.0
  0
INSERT
  5
705
330
17
100
AcDbEntity
  8
SLD_SYMS
100
AcDbBlockReference
  2
WDDOT
 10
37.53
 20
18.583
 30
0.0
  0
INSERT
  5
707
330
17
100
AcDbEntity
  8
SLD_SYMS
100
AcDbBlockReference
 66
1
  2
VXF1T1_1-
 10
37.53
 20
17.704
 30
0.0
  0
ATTRIB
  5
709
330
17
100
AcDbEntity
  8
0
100
AcDbText
 10
37.733125
 20
17.98525
 30
0.0
 40
0.125
  1

  7
WD
 41
0.85
 11
37.733125
 21
17.98525
 31
0.0
100
AcDbAttribute
  2
INST
 70
1
  0
ATTRIB
  5
70A
330
17
100
AcDbEntity
  8
0
  6
Continuous
100
AcDbText
 10
37.31422036438161
 20
17.613475164162786
 30
0.0
 40
0.01
  1

  7
WD
 72
1
 11
37.31422036438161
 21
17.613475164162786
 31
0.0
100
AcDbAttribute
  2
ASSYCODE
 70
9
  0
ATTRIB
  5
70B
330
17
100
AcDbEntity
  8
0
100
AcDbText
 10
37.24875
 20
17.73525
 30
0.0
 40
0.125
  1

  7
WD
 41
0.85
 72
2
 11
37.24875
 21
17.73525
 31
0.0
100
AcDbAttribute
  2
RATING1
 70
1
  0
ATTRIB
  5
70C
330
17
100
AcDbEntity
  8
0
100
AcDbText
 10
37.733125
 20
17.29775
 30
0.0
 40
0.125
  1
7.98KV/120V
  7
WD
 41
0.85
 11
37.733125
 21
17.29775
 31
0.0
100
AcDbAttribute
  2
DESC2
 70
0
  0
ATTRIB
  5
70D
330
17
100
AcDbEntity
  8
0
100
AcDbText
 10
37.733125
 20
17.469625
 30
0.0
 40
0.125
  1
PT (3)
  7
WD
 41
0.85
 11
37.733125
 21
17.469625
 31
0.0
100
AcDbAttribute
  2
DESC1
 70
0
  0
ATTRIB
  5
70E
330
17
100
AcDbEntity
  8
0
100
AcDbText
 10
37.735066437973074
 20
17.64337500000005
 30
0.0
 40
0.125
  1

  7
WD
 41
0.85
 11
37.735066437973074
 21
17.64337500000005
 31
0.0
100
AcDbAttribute
  2
TAG1
 70
1
  0
ATTRIB
  5
70F
330
17
100
AcDbEntity
  8
0
100
AcDbText
 10
37.733125
 20
17.813375
 30
0.0
 40
0.125
  1

  7
WD
 41
0.85
 11
37.733125
 21
17.813375
 31
0.0
100
AcDbAttribute
  2
LOC
 70
1
  0
ATTRIB
  5
710
330
17
100
AcDbEntity
  8
0
  6
Continuous
100
AcDbText
 10
37.325383081007
 20
17.631498790861
 30
0.0
 40
0.01
  1

  7
WD
 72
2
 11
37.325383081007
 21
17.631498790861
 31
0.0
100
AcDbAttribute
  2
MFG
 70
9
  0
ATTRIB
  5
711
330
17
100
AcDbEntity
  8
0
  6
Continuous
100
AcDbText
 10
37.325383081007
 20
17.646498790861
 30
0.0
 40
0.01
  1

  7
WD
 72
2
 11
37.325383081007
 21
17.646498790861
 31
0.0
100
AcDbAttribute
  2
CAT
 70
9
  0
ATTRIB
  5
712
330
17
100
AcDbEntity
  8
0
100
AcDbText
 10
37.30871641434033
 20
17.683165457527664
 30
0.0
 40
0.01
  1

  7
WD
 72
2
 11
37.325383081007
 21
17.683165457527664
 31
0.0
100
AcDbAttribute
  2
FAMILY
 70
9
  0
ATTRIB
  5
713
330
17
100
AcDbEntity
  8
0
 62
7
100
AcDbText
 10
37.53
 20
17.54775
 30
0.0
 40
0.0125
  1

  7
WD
 11
37.53
 21
17.54775
 31
0.0
100
AcDbAttribute
  2
X8TERM02
 70
1
  0
ATTRIB
  5
714
330
17
100
AcDbEntity
  8
0
 62
7
100
AcDbText
 10
37.53
 20
17.86025
 30
0.0
 40
0.0125
  1

  7
WD
 11
37.53
 21
17.86025
 31
0.0
100
AcDbAttribute
  2
X2TERM01
 70
1
  0
ATTRIB
  5
715
330
17
100
AcDbEntity
  8
0
  6
Continuous
100
AcDbText
 10
37.489298778392005
 20
17.365552969349004
 30
0.0
 40
0.125
  1

  7
WD
 41
0.85
 72
2
 11
37.489298778392005
 21
17.490552969349004
 31
0.0
100
AcDbAttribute
  2
TERM02
 70
9
 74
3
  0
ATTRIB
  5
716
330
17
100
AcDbEntity
  8
0
  6
Continuous
100
AcDbText
 10
37.475029620844346
 20
17.941876616004922
 30
0.0
 40
0.125
  1

  7
WD
 41
0.85
 72
2
 11
37.475029620844346
 21
17.941876616004922
 31
0.0
100
AcDbAttribute
  2
TERM01
 70
9
  0
ATTRIB
  5
717
330
17
100
AcDbEntity
  8
0
100
AcDbText
 10
37.325383081007
 20
17.566388117239445
 30
0.0
 40
0.01
  1

  7
WD
 72
2
 11
37.33871641434033
 21
17.566388117239445
 31
0.0
100
AcDbAttribute
  2
WDTYPE
 70
9
  0
ATTRIB
  5
718
330
17
100
AcDbEntity
  8
0
100
AcDbText
 10
37.733125
 20
17.125875
 30
0.0
 40
0.125
  1

  7
WD
 41
0.85
 11
37.733125
 21
17.125875
 31
0.0
100
AcDbAttribute
  2
DESC3
 70
1
  0
ATTRIB
  5
719
330
17
100
AcDbEntity
  8
0
100
AcDbText
 10
37.33871641434033
 20
17.550763117239445
 30
0.0
 40
0.01
  1

  7
WD
 72
2
 11
37.33871641434033
 21
17.550763117239445
 31
0.0
100
AcDbAttribute
  2
WDBLKNAM
 70
9
  0
ATTRIB
  5
71A
330
17
100
AcDbEntity
  8
0
100
AcDbText
 10
37.24875
 20
17.563375
 30
0.0
 40
0.125
  1

  7
WD
 41
0.85
 72
2
 11
37.24875
 21
17.563375
 31
0.0
100
AcDbAttribute
  2
RATING2
 70
1
  0
SEQEND
  5
708
330
707
100
AcDbEntity
  8
SLD_SYMS
  0
INSERT
  5
71B
330
17
100
AcDbEntity
  8
SLD_SYMS
100
AcDbBlockReference
 66
1
  2
VFU1_1-
 10
37.53
 20
17.001
 30
0.0
  0
ATTRIB
  5
71D
330
17
100
AcDbEntity
  8
0
100
AcDbText
 10
37.655
 20
17.28225
 30
0.0
 40
0.125
  1

  7
WD
 41
0.85
 11
37.655
 21
17.28225
 31
0.0
100
AcDbAttribute
  2
INST
 70
1
  0
ATTRIB
  5
71E
330
17
100
AcDbEntity
  8
0
  6
Continuous
100
AcDbText
 10
37.37672036438161
 20
16.894850164162786
 30
0.0
 40
0.01
  1

  7
WD
 72
1
 11
37.37672036438161
 21
16.894850164162786
 31
0.0
100
AcDbAttribute
  2
ASSYCODE
 70
9
  0
ATTRIB
  5
71F
330
17
100
AcDbEntity
  8
0
 62
7
100
AcDbText
 10
37.405
 20
17.001
 30
0.0
 40
0.01
  1

  7
WD
 11
37.405
 21
17.001
 31
0.0
100
AcDbAttribute
  2
X4LINK
 70
1
  0
ATTRIB
  5
720
330
17
100
AcDbEntity
  8
0
 62
7
100
AcDbText
 10
37.655
 20
17.001
 30
0.0
 40
0.01
  1

  7
WD
 11
37.655
 21
17.001
 31
0.0
100
AcDbAttribute
  2
X1LINK
 70
1
  0
ATTRIB
  5
721
330
17
100
AcDbEntity
  8
0
100
AcDbText
 10
37.37375
 20
16.9385
 30
0.0
 40
0.125
  1
6A
  7
WD
 41
0.85
 72
2
 11
37.37375
 21
16.9385
 31
0.0
100
AcDbAttribute
  2
RATING1
 70
0
  0
ATTRIB
  5
722
330
17
100
AcDbEntity
  8
0
100
AcDbText
 10
37.655
 20
16.59475
 30
0.0
 40
0.125
  1

  7
WD
 41
0.85
 11
37.655
 21
16.59475
 31
0.0
100
AcDbAttribute
  2
DESC2
 70
1
  0
ATTRIB
  5
723
330
17
100
AcDbEntity
  8
0
100
AcDbText
 10
37.655
 20
16.766625
 30
0.0
 40
0.125
  1

  7
WD
 41
0.85
 11
37.655
 21
16.766625
 31
0.0
100
AcDbAttribute
  2
DESC1
 70
1
  0
ATTRIB
  5
724
330
17
100
AcDbEntity
  8
0
100
AcDbText
 10
37.656941437973074
 20
16.94037500000005
 30
0.0
 40
0.125
  1

  7
WD
 41
0.85
 11
37.656941437973074
 21
16.94037500000005
 31
0.0
100
AcDbAttribute
  2
TAG1
 70
1
  0
ATTRIB
  5
725
330
17
100
AcDbEntity
  8
0
100
AcDbText
 10
37.655
 20
17.110375
 30
0.0
 40
0.125
  1

  7
WD
 41
0.85
 11
37.655
 21
17.110375
 31
0.0
100
AcDbAttribute
  2
LOC
 70
1
  0
ATTRIB
  5
726
330
17
100
AcDbEntity
  8
0
  6
Continuous
100
AcDbText
 10
37.387883081007
 20
16.912873790861
 30
0.0
 40
0.01
  1

  7
WD
 72
2
 11
37.387883081007
 21
16.912873790861
 31
0.0
100
AcDbAttribute
  2
MFG
 70
9
  0
ATTRIB
  5
727
330
17
100
AcDbEntity
  8
0
  6
Continuous
100
AcDbText
 10
37.387883081007
 20
16.927873790861
 30
0.0
 40
0.01
  1

  7
WD
 72
2
 11
37.387883081007
 21
16.927873790861
 31
0.0
100
AcDbAttribute
  2
CAT
 70
9
  0
ATTRIB
  5
728
330
17
100
AcDbEntity
  8
0
100
AcDbText
 10
37.37121641434033
 20
16.964540457527665
 30
0.0
 40
0.01
  1

  7
WD
 72
2
 11
37.387883081007
 21
16.964540457527665
 31
0.0
100
AcDbAttribute
  2
FAMILY
 70
9
  0
ATTRIB
  5
729
330
17
100
AcDbEntity
  8
0
 62
7
100
AcDbText
 10
37.53
 20
16.84475
 30
0.0
 40
0.0125
  1

  7
WD
 11
37.53
 21
16.84475
 31
0.0
100
AcDbAttribute
  2
X8TERM02
 70
1
  0
ATTRIB
  5
72A
330
17
100
AcDbEntity
  8
0
 62
7
100
AcDbText
 10
37.53
 20
17.15725
 30
0.0
 40
0.0125
  1

  7
WD
 11
37.53
 21
17.15725
 31
0.0
100
AcDbAttribute
  2
X2TERM01
 70
1
  0
ATTRIB
  5
72B
330
17
100
AcDbEntity
  8
0
  6
Continuous
100
AcDbText
 10
37.489298778392005
 20
16.693802969349004
 30
0.0
 40
0.125
  1

  7
WD
 41
0.85
 72
2
 11
37.489298778392005
 21
16.818802969349004
 31
0.0
100
AcDbAttribute
  2
TERM02
 70
9
 74
3
  0
ATTRIB
  5
72C
330
17
100
AcDbEntity
  8
0
  6
Continuous
100
AcDbText
 10
37.475029620844346
 20
17.176376616004923
 30
0.0
 40
0.125
  1

  7
WD
 41
0.85
 72
2
 11
37.475029620844346
 21
17.176376616004923
 31
0.0
100
AcDbAttribute
  2
TERM01
 70
9
  0
ATTRIB
  5
72D
330
17
100
AcDbEntity
  8
0
100
AcDbText
 10
37.387883081007
 20
16.847763117239445
 30
0.0
 40
0.01
  1

  7
WD
 72
2
 11
37.40121641434033
 21
16.847763117239445
 31
0.0
100
AcDbAttribute
  2
WDTYPE
 70
9
  0
ATTRIB
  5
72E
330
17
100
AcDbEntity
  8
0
100
AcDbText
 10
37.655
 20
16.422875
 30
0.0
 40
0.125
  1

  7
WD
 41
0.85
 11
37.655
 21
16.422875
 31
0.0
100
AcDbAttribute
  2
DESC3
 70
1
  0
ATTRIB
  5
72F
330
17
100
AcDbEntity
  8
0
100
AcDbText
 10
37.40121641434033
 20
16.832138117239445
 30
0.0
 40
0.01
  1

  7
WD
 72
2
 11
37.40121641434033
 21
16.832138117239445
 31
0.0
100
AcDbAttribute
  2
WDBLKNAM
 70
9
  0
SEQEND
  5
71C
330
71B
100
AcDbEntity
  8
SLD_SYMS
  0
LWPOLYLINE
  5
730
330
17
100
AcDbEntity
  8
SLD_SYMS
100
AcDbPolyline
 90
4
 70
1
 10
37.82
 20
11.31
 10
39.337
 20
11.31
 10
39.337
 20
10.637
 10
37.82
 20
10.637
  0
LINE
  5
731
330
17
100
AcDbEntity
  8
SLD_CONTROL
100
AcDbLine
 10
37.82
 20
10.97
 30
0.0
 11
37.417
 21
10.97
 31
0.0
  0
MTEXT
  5
732
330
17
100
AcDbEntity
  8
SLD_TEXT
100
AcDbMText
 10
36.601
 20
11.0
 30
0.0
 40
0.1
 41
0.0
 71
2
  1
TO BUS A\PDIFF CT
  0
MTEXT
  5
733
330
17
100
AcDbEntity
  8
SLD_TEXT
100
AcDbMText
 10
37.53
 20
21.037
 30
0.0
 40
0.3
 41
0.0
 71
2
  1
UNIT 11
  0
MTEXT
  5
734
330
17
100
AcDbEntity
  8
SLD_TEXT
100
AcDbMText
 10
37.53
 20
20.173
 30
0.0
 40
0.3
 41
0.0
 71
2
  1
RISER/PT
  0
MTEXT
  5
735
330
17
100
AcDbEntity
  8
SLD_TEXT
100
AcDbMText
 10
37.875
 20
11.272
 30
0.0
 40
0.093
 41
0.0
 71
1
  1
GE-850-B FEEDER\PPROTECTION RELAY\PWITH HID MODULE
  0
MTEXT
  5
736
330
17
100
AcDbEntity
  8
SLD_TEXT
100
AcDbMText
 10
37.53
 20
8.87
 30
0.0
 40
0.093
 41
0.0
 71
2
  1
BUS-B FROM\PUNIT-10
  0
LINE
  5
737
330
17
100
AcDbEntity
  8
SLD_WIRE
100
AcDbLine
 10
41.14
 20
18.583
 30
0.0
 11
41.14
 21
16.207
 31
0.0
  0
LINE
  5
738
330
17
100
AcDbEntity
  8
SLD_WIRE
100
AcDbLine
 10
41.14
 20
16.051
 30
0.0
 11
41.14
 21
15.622
 31
0.0
  0
LINE
  5
739
330
17
100
AcDbEntity
  8
SLD_WIRE
100
AcDbLine
 10
41.14
 20
14.701
 30
0.0
 11
41.14
 21
14.346
 31
0.0
  0
LINE
  5
73A
330
17
100
AcDbEntity
  8
SLD_WIRE
100
AcDbLine
 10
41.14
 20
14.189
 30
0.0
 11
41.14
 21
9.097
 31
0.0
  0
INSERT
  5
73B
330
17
100
AcDbEntity
  8
SLD_SYMS
100
AcDbBlockReference
  2
WDDOT
 10
41.14
 20
18.583
 30
0.0
  0
INSERT
  5
73D
330
17
100
AcDbEntity
  8
SLD_SYMS
100
AcDbBlockReference
 66
1
  2
VFU1_1-
 10
42.571
 20
16.204
 30
0.0
  0
ATTRIB
  5
73F
330
17
100
AcDbEntity
  8
0
100
AcDbText
 10
42.696
 20
16.48525
 30
0.0
 40
0.125
  1

  7
WD
 41
0.85
 11
42.696
 21
16.48525
 31
0.0
100
AcDbAttribute
  2
INST
 70
1
  0
ATTRIB
  5
740
330
17
100
AcDbEntity
  8
0
  6
Continuous
100
AcDbText
 10
42.41772036438161
 20
16.097850164162786
 30
0.0
 40
0.01
  1

  7
WD
 72
1
 11
42.41772036438161
 21
16.097850164162786
 31
0.0
100
AcDbAttribute
  2
ASSYCODE
 70
9
  0
ATTRIB
  5
741
330
17
100
AcDbEntity
  8
0
 62
7
100
AcDbText
 10
42.446
 20
16.204
 30
0.0
 40
0.01
  1

  7
WD
 11
42.446
 21
16.204
 31
0.0
100
AcDbAttribute
  2
X4LINK
 70
1
  0
ATTRIB
  5
742
330
17
100
AcDbEntity
  8
0
 62
7
100
AcDbText
 10
42.696
 20
16.204
 30
0.0
 40
0.01
  1

  7
WD
 11
42.696
 21
16.204
 31
0.0
100
AcDbAttribute
  2
X1LINK
 70
1
  0
ATTRIB
  5
743
330
17
100
AcDbEntity
  8
0
100
AcDbText
 10
42.41475
 20
16.1415
 30
0.0
 40
0.125
  1
6A
  7
WD
 41
0.85
 72
2
 11
42.41475
 21
16.1415
 31
0.0
100
AcDbAttribute
  2
RATING1
 70
0
  0
ATTRIB
  5
744
330
17
100
AcDbEntity
  8
0
100
AcDbText
 10
42.696
 20
15.79775
 30
0.0
 40
0.125
  1

  7
WD
 41
0.85
 11
42.696
 21
15.79775
 31
0.0
100
AcDbAttribute
  2
DESC2
 70
1
  0
ATTRIB
  5
745
330
17
100
AcDbEntity
  8
0
100
AcDbText
 10
42.696
 20
15.969625
 30
0.0
 40
0.125
  1

  7
WD
 41
0.85
 11
42.696
 21
15.969625
 31
0.0
100
AcDbAttribute
  2
DESC1
 70
1
  0
ATTRIB
  5
746
330
17
100
AcDbEntity
  8
0
100
AcDbText
 10
42.69794143797307
 20
16.14337500000005
 30
0.0
 40
0.125
  1

  7
WD
 41
0.85
 11
42.69794143797307
 21
16.14337500000005
 31
0.0
100
AcDbAttribute
  2
TAG1
 70
1
  0
ATTRIB
  5
747
330
17
100
AcDbEntity
  8
0
100
AcDbText
 10
42.696
 20
16.313375
 30
0.0
 40
0.125
  1

  7
WD
 41
0.85
 11
42.696
 21
16.313375
 31
0.0
100
AcDbAttribute
  2
LOC
 70
1
  0
ATTRIB
  5
748
330
17
100
AcDbEntity
  8
0
  6
Continuous
100
AcDbText
 10
42.428883081006994
 20
16.115873790861
 30
0.0
 40
0.01
  1

  7
WD
 72
2
 11
42.428883081006994
 21
16.115873790861
 31
0.0
100
AcDbAttribute
  2
MFG
 70
9
  0
ATTRIB
  5
749
330
17
100
AcDbEntity
  8
0
  6
Continuous
100
AcDbText
 10
42.428883081006994
 20
16.130873790861
 30
0.0
 40
0.01
  1

  7
WD
 72
2
 11
42.428883081006994
 21
16.130873790861
 31
0.0
100
AcDbAttribute
  2
CAT
 70
9
  0
ATTRIB
  5
74A
330
17
100
AcDbEntity
  8
0
100
AcDbText
 10
42.41221641434033
 20
16.167540457527664
 30
0.0
 40
0.01
  1

  7
WD
 72
2
 11
42.428883081006994
 21
16.167540457527664
 31
0.0
100
AcDbAttribute
  2
FAMILY
 70
9
  0
ATTRIB
  5
74B
330
17
100
AcDbEntity
  8
0
 62
7
100
AcDbText
 10
42.571
 20
16.04775
 30
0.0
 40
0.0125
  1

  7
WD
 11
42.571
 21
16.04775
 31
0.0
100
AcDbAttribute
  2
X8TERM02
 70
1
  0
ATTRIB
  5
74C
330
17
100
AcDbEntity
  8
0
 62
7
100
AcDbText
 10
42.571
 20
16.36025
 30
0.0
 40
0.0125
  1

  7
WD
 11
42.571
 21
16.36025
 31
0.0
100
AcDbAttribute
  2
X2TERM01
 70
1
  0
ATTRIB
  5
74D
330
17
100
AcDbEntity
  8
0
  6
Continuous
100
AcDbText
 10
42.530298778392
 20
15.896802969349004
 30
0.0
 40
0.125
  1

  7
WD
 41
0.85
 72
2
 11
42.530298778392
 21
16.021802969349004
 31
0.0
100
AcDbAttribute
  2
TERM02
 70
9
 74
3
  0
ATTRIB
  5
74E
330
17
100
AcDbEntity
  8
0
  6
Continuous
100
AcDbText
 10
42.51602962084434
 20
16.379376616004922
 30
0.0
 40
0.125
  1

  7
WD
 41
0.85
 72
2
 11
42.51602962084434
 21
16.379376616004922
 31
0.0
100
AcDbAttribute
  2
TERM01
 70
9
  0
ATTRIB
  5
74F
330
17
100
AcDbEntity
  8
0
100
AcDbText
 10
42.428883081006994
 20
16.050763117239445
 30
0.0
 40
0.01
  1

  7
WD
 72
2
 11
42.44221641434033
 21
16.050763117239445
 31
0.0
100
AcDbAttribute
  2
WDTYPE
 70
9
  0
ATTRIB
  5
750
330
17
100
AcDbEntity
  8
0
100
AcDbText
 10
42.696
 20
15.625875
 30
0.0
 40
0.125
  1

  7
WD
 41
0.85
 11
42.696
 21
15.625875
 31
0.0
100
AcDbAttribute
  2
DESC3
 70
1
  0
ATTRIB
  5
751
330
17
100
AcDbEntity
  8
0
100
AcDbText
 10
42.44221641434033
 20
16.035138117239445
 30
0.0
 40
0.01
  1

  7
WD
 72
2
 11
42.44221641434033
 21
16.035138117239445
 31
0.0
100
AcDbAttribute
  2
WDBLKNAM
 70
9
  0
SEQEND
  5
73E
330
73D
100
AcDbEntity
  8
SLD_SYMS
  0
INSERT
  5
752
330
17
100
AcDbEntity
  8
SLD_SYMS
100
AcDbBlockReference
 66
1
  2
VCN1PJ
 10
41.14
 20
16.144
 30
0.0
  0
ATTRIB
  5
754
330
17
100
AcDbEntity
  8
0
100
AcDbText
 10
41.369166666666665
 20
16.993801758954774
 30
0.0
 40
0.125
  1

  7
WD
 41
0.7
 72
2
 11
41.369166666666665
 21
16.993801758954774
 31
0.0
100
AcDbAttribute
  2
INST
 70
1
  0
ATTRIB
  5
755
330
17
100
AcDbEntity
  8
0
100
AcDbText
 10
41.153072926894986
 20
16.029359872741505
 30
0.0
 40
0.01
  1

  7
WD
 11
41.153072926894986
 21
16.029359872741505
 31
0.0
100
AcDbAttribute
  2
X8TERMDESC01
 70
1
  0
ATTRIB
  5
756
330
17
100
AcDbEntity
  8
0
100
AcDbText
 10
41.16614586449905
 20
16.185609867770694
 30
0.0
 40
0.01
  1

  7
WD
 11
41.16614586449905
 21
16.185609867770694
 31
0.0
100
AcDbAttribute
  2
X2TERMDESC02
 70
1
  0
ATTRIB
  5
757
330
17
100
AcDbEntity
  8
0
  6
Continuous
100
AcDbText
 10
41.03092473637243
 20
16.130056517835843
 30
0.0
 40
0.01
  1

  7
WD
 72
1
 11
41.03092473637243
 21
16.130056517835843
 31
0.0
100
AcDbAttribute
  2
ASSYCODE
 70
9
  0
ATTRIB
  5
758
330
17
100
AcDbEntity
  8
0
100
AcDbText
 10
41.015
 20
16.0815
 30
0.0
 40
0.01
  1

  7
WD
 11
41.015
 21
16.0815
 31
0.0
100
AcDbAttribute
  2
X4LINK
 70
1
  0
ATTRIB
  5
759
330
17
100
AcDbEntity
  8
0
100
AcDbText
 10
41.265
 20
16.0815
 30
0.0
 40
0.01
  1

  7
WD
 11
41.265
 21
16.0815
 31
0.0
100
AcDbAttribute
  2
X1LINK
 70
1
  0
ATTRIB
  5
75A
330
17
100
AcDbEntity
  8
0
100
AcDbText
 10
41.0775
 20
16.82420175895477
 30
0.0
 40
0.125
  1

  7
WD
 41
0.7
 72
2
 11
41.0775
 21
16.82420175895477
 31
0.0
100
AcDbAttribute
  2
LOC
 70
1
  0
ATTRIB
  5
75B
330
17
100
AcDbEntity
  8
0
  6
Continuous
100
AcDbText
 10
41.03139310844966
 20
16.144039283222853
 30
0.0
 40
0.01
  1

  7
WD
 72
1
 11
41.03139310844966
 21
16.144039283222853
 31
0.0
100
AcDbAttribute
  2
MFG
 70
9
  0
ATTRIB
  5
75C
330
17
100
AcDbEntity
  8
0
  6
Continuous
100
AcDbText
 10
41.03333815408958
 20
16.163481036930303
 30
0.0
 40
0.01
  1

  7
WD
 72
1
 11
41.03333815408958
 21
16.163481036930303
 31
0.0
100
AcDbAttribute
  2
CAT
 70
9
  0
ATTRIB
  5
75D
330
17
100
AcDbEntity
  8
0
100
AcDbText
 10
41.00828488815123
 20
16.207657452790066
 30
0.0
 40
0.01
  1

  7
WD
 11
41.00828488815123
 21
16.207657452790066
 31
0.0
100
AcDbAttribute
  2
FAMILY
 70
9
  0
ATTRIB
  5
75E
330
17
100
AcDbEntity
  8
0
100
AcDbText
 10
41.0775
 20
16.498278904647663
 30
0.0
 40
0.125
  1

  7
WD
 41
0.7
 72
2
 11
41.0775
 21
16.498278904647663
 31
0.0
100
AcDbAttribute
  2
DESC2
 70
1
  0
ATTRIB
  5
75F
330
17
100
AcDbEntity
  8
0
100
AcDbText
 10
41.0775
 20
16.654525331801217
 30
0.0
 40
0.125
  1

  7
WD
 41
0.7
 72
2
 11
41.0775
 21
16.654525331801217
 31
0.0
100
AcDbAttribute
  2
DESC1
 70
1
  0
ATTRIB
  5
760
330
17
100
AcDbEntity
  8
0
100
AcDbText
 10
40.869166666666665
 20
16.23775
 30
0.0
 40
0.125
  1

  7
WD
 72
2
 11
41.0775
 21
16.23775
 31
0.0
100
AcDbAttribute
  2
TAG1
 70
1
  0
ATTRIB
  5
761
330
17
100
AcDbEntity
  8
0
  6
Continuous
100
AcDbText
 10
41.187
 20
15.862749999999998
 30
0.0
 40
0.125
  1

  7
WD
 11
41.187
 21
15.987749999999998
 31
0.0
100
AcDbAttribute
  2
TERM01
 70
9
 74
3
  0
ATTRIB
  5
762
330
17
100
AcDbEntity
  8
0
100
AcDbText
 10
41.14
 20
16.05025
 30
0.0
 40
0.0125
  1

  7
WD
 11
41.14
 21
16.05025
 31
0.0
100
AcDbAttribute
  2
X8TERM01
 70
1
  0
ATTRIB
  5
763
330
17
100
AcDbEntity
  8
0
100
AcDbText
 10
41.14
 20
16.2065
 30
0.0
 40
0.0125
  1

  7
WD
 11
41.14
 21
16.2065
 31
0.0
100
AcDbAttribute
  2
X2TERM02
 70
1
  0
ATTRIB
  5
764
330
17
100
AcDbEntity
  8
0
  6
Continuous
100
AcDbText
 10
41.187
 20
16.2065
 30
0.0
 40
0.125
  1

  7
WD
 11
41.187
 21
16.2065
 31
0.0
100
AcDbAttribute
  2
TERM02
 70
9
  0
ATTRIB
  5
765
330
17
100
AcDbEntity
  8
0
100
AcDbText
 10
41.00828488815123
 20
16.189025320458434
 30
0.0
 40
0.01
  1

  7
WD
 11
41.00828488815123
 21
16.189025320458434
 31
0.0
100
AcDbAttribute
  2
WDBLKNAM
 70
9
  0
SEQEND
  5
753
330
752
100
AcDbEntity
  8
SLD_SYMS
  0
LWPOLYLINE
  5
766
330
17
100
AcDbEntity
  8
SLD_SYMS
100
AcDbPolyline
 90
4
 70
1
 10
40.725
 20
15.622
 10
41.502
 20
15.622
 10
41.502
 20
14.701
 10
40.725
 20
14.701
  0
INSERT
  5
767
330
17
100
AcDbEntity
  8
SLD_SYMS
100
AcDbBlockReference
 66
1
  2
VCN1PJ
 10
41.14
 20
14.252
 30
0.0
 50
180.0
  0
ATTRIB
  5
769
330
17
100
AcDbEntity
  8
0
100
AcDbText
 10
40.910833333333336
 20
13.402198241045227
 30
0.0
 40
0.125
  1

 50
180.0
  7
WD
 41
0.7
 72
2
 11
40.910833333333336
 21
13.402198241045227
 31
0.0
100
AcDbAttribute
  2
INST
 70
1
  0
ATTRIB
  5
76A
330
17
100
AcDbEntity
  8
0
100
AcDbText
 10
41.126927073105016
 20
14.366640127258496
 30
0.0
 40
0.01
  1

 50
180.0
  7
WD
 11
41.126927073105016
 21
14.366640127258496
 31
0.0
100
AcDbAttribute
  2
X8TERMDESC01
 70
1
  0
ATTRIB
  5
76B
330
17
100
AcDbEntity
  8
0
100
AcDbText
 10
41.11385413550095
 20
14.210390132229305
 30
0.0
 40
0.01
  1

 50
180.0
  7
WD
 11
41.11385413550095
 21
14.210390132229305
 31
0.0
100
AcDbAttribute
  2
X2TERMDESC02
 70
1
  0
ATTRIB
  5
76C
330
17
100
AcDbEntity
  8
0
  6
Continuous
100
AcDbText
 10
41.249075263627574
 20
14.265943482164156
 30
0.0
 40
0.01
  1

 50
180.0
  7
WD
 72
1
 11
41.249075263627574
 21
14.265943482164156
 31
0.0
100
AcDbAttribute
  2
ASSYCODE
 70
9
  0
ATTRIB
  5
76D
330
17
100
AcDbEntity
  8
0
100
AcDbText
 10
41.265
 20
14.3145
 30
0.0
 40
0.01
  1

 50
180.0
  7
WD
 11
41.265
 21
14.3145
 31
0.0
100
AcDbAttribute
  2
X4LINK
 70
1
  0
ATTRIB
  5
76E
330
17
100
AcDbEntity
  8
0
100
AcDbText
 10
41.015
 20
14.3145
 30
0.0
 40
0.01
  1

 50
180.0
  7
WD
 11
41.015
 21
14.3145
 31
0.0
100
AcDbAttribute
  2
X1LINK
 70
1
  0
ATTRIB
  5
76F
330
17
100
AcDbEntity
  8
0
100
AcDbText
 10
41.2025
 20
13.571798241045226
 30
0.0
 40
0.125
  1

 50
180.0
  7
WD
 41
0.7
 72
2
 11
41.2025
 21
13.571798241045226
 31
0.0
100
AcDbAttribute
  2
LOC
 70
1
  0
ATTRIB
  5
770
330
17
100
AcDbEntity
  8
0
  6
Continuous
100
AcDbText
 10
41.24860689155034
 20
14.251960716777145
 30
0.0
 40
0.01
  1

 50
180.0
  7
WD
 72
1
 11
41.24860689155034
 21
14.251960716777145
 31
0.0
100
AcDbAttribute
  2
MFG
 70
9
  0
ATTRIB
  5
771
330
17
100
AcDbEntity
  8
0
  6
Continuous
100
AcDbText
 10
41.246661845910424
 20
14.232518963069694
 30
0.0
 40
0.01
  1

 50
180.0
  7
WD
 72
1
 11
41.246661845910424
 21
14.232518963069694
 31
0.0
100
AcDbAttribute
  2
CAT
 70
9
  0
ATTRIB
  5
772
330
17
100
AcDbEntity
  8
0
100
AcDbText
 10
41.27171511184877
 20
14.188342547209931
 30
0.0
 40
0.01
  1

 50
180.0
  7
WD
 11
41.27171511184877
 21
14.188342547209931
 31
0.0
100
AcDbAttribute
  2
FAMILY
 70
9
  0
ATTRIB
  5
773
330
17
100
AcDbEntity
  8
0
100
AcDbText
 10
41.2025
 20
13.897721095352336
 30
0.0
 40
0.125
  1

 50
180.0
  7
WD
 41
0.7
 72
2
 11
41.2025
 21
13.897721095352336
 31
0.0
100
AcDbAttribute
  2
DESC2
 70
1
  0
ATTRIB
  5
774
330
17
100
AcDbEntity
  8
0
100
AcDbText
 10
41.2025
 20
13.741474668198782
 30
0.0
 40
0.125
  1

 50
180.0
  7
WD
 41
0.7
 72
2
 11
41.2025
 21
13.741474668198782
 31
0.0
100
AcDbAttribute
  2
DESC1
 70
1
  0
ATTRIB
  5
775
330
17
100
AcDbEntity
  8
0
100
AcDbText
 10
41.410833333333336
 20
14.15825
 30
0.0
 40
0.125
  1

 50
180.0
  7
WD
 72
2
 11
41.2025
 21
14.15825
 31
0.0
100
AcDbAttribute
  2
TAG1
 70
1
  0
ATTRIB
  5
776
330
17
100
AcDbEntity
  8
0
  6
Continuous
100
AcDbText
 10
41.093
 20
14.53325
 30
0.0
 40
0.125
  1

 50
180.0
  7
WD
 11
41.093
 21
14.40825
 31
0.0
100
AcDbAttribute
  2
TERM01
 70
9
 74
3
  0
ATTRIB
  5
777
330
17
100
AcDbEntity
  8
0
100
AcDbText
 10
41.14
 20
14.34575
 30
0.0
 40
0.0125
  1

 50
180.0
  7
WD
 11
41.14
 21
14.34575
 31
0.0
100
AcDbAttribute
  2
X8TERM01
 70
1
  0
ATTRIB
  5
778
330
17
100
AcDbEntity
  8
0
100
AcDbText
 10
41.14
 20
14.1895
 30
0.0
 40
0.0125
  1

 50
180.0
  7
WD
 11
41.14
 21
14.1895
 31
0.0
100
AcDbAttribute
  2
X2TERM02
 70
1
  0
ATTRIB
  5
779
330
17
100
AcDbEntity
  8
0
  6
Continuous
100
AcDbText
 10
41.093
 20
14.1895
 30
0.0
 40
0.125
  1

 50
180.0
  7
WD
 11
41.093
 21
14.1895
 31
0.0
100
AcDbAttribute
  2
TERM02
 70
9
  0
ATTRIB
  5
77A
330
17
100
AcDbEntity
  8
0
100
AcDbText
 10
41.27171511184877
 20
14.206974679541563
 30
0.0
 40
0.01
  1

 50
180.0
  7
WD
 11
41.27171511184877
 21
14.206974679541563
 31
0.0
100
AcDbAttribute
  2
WDBLKNAM
 70
9
  0
SEQEND
  5
768
330
767
100
AcDbEntity
  8
SLD_SYMS
  0
INSERT
  5
77B
330
17
100
AcDbEntity
  8
SLD_SYMS
100
AcDbBlockReference
  2
ARRESTER
 10
41.138
 20
13.359
 30
0.0
  0
INSERT
  5
77D
330
17
100
AcDbEntity
  8
SLD_SYMS
100
AcDbBlockReference
 66
1
  2
HXF1T1_1-
 10
41.14
 20
12.77
 30
0.0
  0
ATTRIB
  5
77F
330
17
100
AcDbEntity
  8
0
  6
Continuous
100
AcDbText
 10
41.35875
 20
12.8325
 30
0.0
 40
0.01
  1

  7
WD
 72
1
 11
41.35875
 21
12.8325
 31
0.0
100
AcDbAttribute
  2
ASSYCODE
 70
9
  0
ATTRIB
  5
780
330
17
100
AcDbEntity
  8
0
100
AcDbText
 10
41.14
 20
12.92625
 30
0.0
 40
0.01
  1

  7
WD
 11
41.14
 21
12.92625
 31
0.0
100
AcDbAttribute
  2
X2LINK
 70
1
  0
ATTRIB
  5
781
330
17
100
AcDbEntity
  8
0
100
AcDbText
 10
41.14
 20
12.598125
 30
0.0
 40
0.01
  1

  7
WD
 11
41.14
 21
12.598125
 31
0.0
100
AcDbAttribute
  2
X8LINK
 70
1
  0
ATTRIB
  5
782
330
17
100
AcDbEntity
  8
0
  6
Continuous
100
AcDbText
 10
41.36779781957686
 20
12.85872665965915
 30
0.0
 40
0.01
  1

  7
WD
 72
1
 11
41.36779781957686
 21
12.85872665965915
 31
0.0
100
AcDbAttribute
  2
MFG
 70
9
  0
ATTRIB
  5
783
330
17
100
AcDbEntity
  8
0
  6
Continuous
100
AcDbText
 10
41.36974286521678
 20
12.8781684133666
 30
0.0
 40
0.01
  1

  7
WD
 72
1
 11
41.36974286521678
 21
12.8781684133666
 31
0.0
100
AcDbAttribute
  2
CAT
 70
9
  0
ATTRIB
  5
784
330
17
100
AcDbEntity
  8
0
100
AcDbText
 10
41.34624599494692
 20
12.90056505079862
 30
0.0
 40
0.01
  1

  7
WD
 11
41.34624599494692
 21
12.90056505079862
 31
0.0
100
AcDbAttribute
  2
FAMILY
 70
9
  0
ATTRIB
  5
785
330
17
100
AcDbEntity
  8
0
100
AcDbText
 10
41.34624599494692
 20
12.810072249971904
 30
0.0
 40
0.01
  1

  7
WD
 11
41.34624599494692
 21
12.810072249971904
 31
0.0
100
AcDbAttribute
  2
CONTACT
 70
9
  0
ATTRIB
  5
786
330
17
100
AcDbEntity
  8
0
100
AcDbText
 10
40.905738621983595
 20
12.844755893253497
 30
0.0
 40
0.01
  1

  7
WD
 72
2
 11
40.91907195531693
 21
12.844755893253497
 31
0.0
100
AcDbAttribute
  2
WDTYPE
 70
9
  0
ATTRIB
  5
787
330
17
100
AcDbEntity
  8
0
100
AcDbText
 10
41.12764189876342
 20
13.361875001489041
 30
0.0
 40
0.125
  1

  7
WD
 41
0.85
 72
1
 11
41.12764189876342
 21
13.361875001489041
 31
0.0
100
AcDbAttribute
  2
INST
 70
1
  0
ATTRIB
  5
788
330
17
100
AcDbEntity
  8
0
100
AcDbText
 10
41.04104167006983
 20
13.020000001489091
 30
0.0
 40
0.125
  1

  7
WD
 41
0.85
 72
1
 11
41.129583336736495
 21
13.020000001489091
 31
0.0
100
AcDbAttribute
  2
TAG1
 70
1
  0
ATTRIB
  5
789
330
17
100
AcDbEntity
  8
0
100
AcDbText
 10
41.12764189876342
 20
13.190000001489041
 30
0.0
 40
0.125
  1

  7
WD
 41
0.85
 72
1
 11
41.12764189876342
 21
13.190000001489041
 31
0.0
100
AcDbAttribute
  2
LOC
 70
1
  0
ATTRIB
  5
78A
330
17
100
AcDbEntity
  8
0
100
AcDbText
 10
41.129583336736495
 20
11.910625001489091
 30
0.0
 40
0.125
  1

  7
WD
 41
0.85
 72
1
 11
41.129583336736495
 21
11.910625001489091
 31
0.0
100
AcDbAttribute
  2
DESC2
 70
1
  0
ATTRIB
  5
78B
330
17
100
AcDbEntity
  8
0
100
AcDbText
 10
41.129583336736495
 20
12.082500001489091
 30
0.0
 40
0.125
  1

  7
WD
 41
0.85
 72
1
 11
41.129583336736495
 21
12.082500001489091
 31
0.0
100
AcDbAttribute
  2
DESC1
 70
1
  0
ATTRIB
  5
78C
330
17
100
AcDbEntity
  8
0
100
AcDbText
 10
41.129583336736495
 20
11.738750001489093
 30
0.0
 40
0.125
  1

  7
WD
 41
0.85
 72
1
 11
41.129583336736495
 21
11.738750001489093
 31
0.0
100
AcDbAttribute
  2
DESC3
 70
1
  0
ATTRIB
  5
78D
330
17
100
AcDbEntity
  8
0
 62
7
100
AcDbText
 10
41.29625
 20
12.77
 30
0.0
 40
0.0125
  1

  7
WD
 11
41.29625
 21
12.77
 31
0.0
100
AcDbAttribute
  2
X1TERM02
 70
1
  0
ATTRIB
  5
78E
330
17
100
AcDbEntity
  8
0
 62
7
100
AcDbText
 10
40.98375
 20
12.77
 30
0.0
 40
0.0125
  1

  7
WD
 11
40.98375
 21
12.77
 31
0.0
100
AcDbAttribute
  2
X4TERM01
 70
1
  0
ATTRIB
  5
78F
330
17
100
AcDbEntity
  8
0
  6
Continuous
100
AcDbText
 10
41.348333336736495
 20
12.61362500148909
 30
0.0
 40
0.125
  1

  7
WD
 11
41.348333336736495
 21
12.73862500148909
 31
0.0
100
AcDbAttribute
  2
TERM02
 70
9
 74
3
  0
ATTRIB
  5
790
330
17
100
AcDbEntity
  8
0
  6
Continuous
100
AcDbText
 10
40.910833336736495
 20
12.61362500148909
 30
0.0
 40
0.125
  1

  7
WD
 72
2
 11
40.910833336736495
 21
12.73862500148909
 31
0.0
100
AcDbAttribute
  2
TERM01
 70
9
 74
3
  0
ATTRIB
  5
791
330
17
100
AcDbEntity
  8
0
100
AcDbText
 10
41.129583336736495
 20
12.254375001489091
 30
0.0
 40
0.125
  1

  7
WD
 41
0.85
 72
1
 11
41.129583336736495
 21
12.254375001489091
 31
0.0
100
AcDbAttribute
  2
RATING2
 70
1
  0
ATTRIB
  5
792
330
17
100
AcDbEntity
  8
0
100
AcDbText
 10
41.129583336736495
 20
12.426250001489091
 30
0.0
 40
0.125
  1

  7
WD
 41
0.85
 72
1
 11
41.129583336736495
 21
12.426250001489091
 31
0.0
100
AcDbAttribute
  2
RATING1
 70
1
  0
SEQEND
  5
77E
330
77D
100
AcDbEntity
  8
SLD_SYMS
  0
INSERT
  5
793
330
17
100
AcDbEntity
  8
SLD_SYMS
100
AcDbBlockReference
 66
1
  2
VXF1CT
 10
41.33
 20
12.007
 30
0.0
  0
ATTRIB
  5
795
330
17
100
AcDbEntity
  8
0
100
AcDbText
 10
41.102916666666665
 20
11.585125
 30
0.0
 40
0.125
  1

  7
WD
 41
0.7
 72
1
 11
41.102916666666665
 21
11.585125
 31
0.0
100
AcDbAttribute
  2
INST
 70
1
  0
ATTRIB
  5
796
330
17
100
AcDbEntity
  8
0
100
AcDbText
 10
41.33
 20
11.723826474599724
 30
0.0
 40
0.0125
  1

  7
WD
 11
41.33
 21
11.723826474599724
 31
0.0
100
AcDbAttribute
  2
X8TERM01
 70
1
  0
ATTRIB
  5
797
330
17
100
AcDbEntity
  8
0
100
AcDbText
 10
41.362211762700134
 20
11.756038237299862
 30
0.0
 40
0.0125
  1

  7
WD
 11
41.362211762700134
 21
11.756038237299862
 31
0.0
100
AcDbAttribute
  2
X1TERM01
 70
1
  0
ATTRIB
  5
798
330
17
100
AcDbEntity
  8
0
  6
Continuous
100
AcDbText
 10
41.27506216961904
 20
11.776456032263782
 30
0.0
 40
0.125
  1

  7
WD
 72
2
 11
41.27506216961904
 21
11.776456032263782
 31
0.0
100
AcDbAttribute
  2
TERM01
 70
9
  0
ATTRIB
  5
799
330
17
100
AcDbEntity
  8
0
  6
Continuous
100
AcDbText
 10
41.28500691695106
 20
12.273965784883833
 30
0.0
 40
0.125
  1

  7
WD
 72
2
 11
41.28500691695106
 21
12.273965784883833
 31
0.0
100
AcDbAttribute
  2
TERM02
 70
9
  0
ATTRIB
  5
79A
330
17
100
AcDbEntity
  8
0
100
AcDbText
 10
41.362211762700134
 20
12.256038237299862
 30
0.0
 40
0.0125
  1

  7
WD
 11
41.362211762700134
 21
12.256038237299862
 31
0.0
100
AcDbAttribute
  2
X1TERM02
 70
1
  0
ATTRIB
  5
79B
330
17
100
AcDbEntity
  8
0
100
AcDbText
 10
41.33
 20
12.28825
 30
0.0
 40
0.0125
  1

  7
WD
 11
41.33
 21
12.28825
 31
0.0
100
AcDbAttribute
  2
X2TERM02
 70
1
  0
ATTRIB
  5
79C
330
17
100
AcDbEntity
  8
0
100
AcDbText
 10
41.61125
 20
11.882
 30
0.0
 40
0.125
  1

  7
WD
 41
0.7
 11
41.61125
 21
11.882
 31
0.0
100
AcDbAttribute
  2
RATING1
 70
1
  0
ATTRIB
  5
79D
330
17
100
AcDbEntity
  8
0
100
AcDbText
 10
41.61125
 20
12.03825
 30
0.0
 40
0.125
  1

  7
WD
 11
41.61125
 21
12.03825
 31
0.0
100
AcDbAttribute
  2
TAG1
 70
1
  0
ATTRIB
  5
79E
330
17
100
AcDbEntity
  8
0
100
AcDbText
 10
41.12947062227279
 20
11.24970533180122
 30
0.0
 40
0.125
  1
400:5A (3)
  7
WD
 41
0.7
 72
1
 11
41.12947062227279
 21
11.24970533180122
 31
0.0
100
AcDbAttribute
  2
DESC1
 70
0
  0
ATTRIB
  5
79F
330
17
100
AcDbEntity
  8
0
100
AcDbText
 10
41.12947062227279
 20
11.093458904647663
 30
0.0
 40
0.125
  1
CT 5P20
  7
WD
 41
0.7
 72
1
 11
41.12947062227279
 21
11.093458904647663
 31
0.0
100
AcDbAttribute
  2
DESC2
 70
0
  0
ATTRIB
  5
7A0
330
17
100
AcDbEntity
  8
0
100
AcDbText
 10
41.12947062227279
 20
11.405951758954775
 30
0.0
 40
0.125
  1

  7
WD
 41
0.7
 72
1
 11
41.12947062227279
 21
11.405951758954775
 31
0.0
100
AcDbAttribute
  2
LOC
 70
1
  0
ATTRIB
  5
7A1
330
17
100
AcDbEntity
  8
0
  6
Continuous
100
AcDbText
 10
41.15906982489897
 20
12.125955350386372
 30
0.0
 40
0.01
  1

  7
WD
 72
1
 11
41.15906982489897
 21
12.125955350386372
 31
0.0
100
AcDbAttribute
  2
ASSYCODE
 70
9
  0
ATTRIB
  5
7A2
330
17
100
AcDbEntity
  8
0
100
AcDbText
 10
41.13729166666666
 20
11.960125
 30
0.0
 40
0.125
  1

  7
WD
 72
1
 11
41.283125
 21
11.960125
 31
0.0
100
AcDbAttribute
  2
TYPE
 70
1
  0
ATTRIB
  5
7A3
330
17
100
AcDbEntity
  8
0
100
AcDbText
 10
41.13419277590037
 20
12.197690293718368
 30
0.0
 40
0.01
  1

  7
WD
 11
41.13419277590037
 21
12.197690293718368
 31
0.0
100
AcDbAttribute
  2
FAMILY
 70
9
  0
ATTRIB
  5
7A4
330
17
100
AcDbEntity
  8
0
  6
Continuous
100
AcDbText
 10
41.15924604183871
 20
12.169138877858606
 30
0.0
 40
0.01
  1

  7
WD
 72
1
 11
41.15924604183871
 21
12.169138877858606
 31
0.0
100
AcDbAttribute
  2
CAT
 70
9
  0
ATTRIB
  5
7A5
330
17
100
AcDbEntity
  8
0
  6
Continuous
100
AcDbText
 10
41.1573009961988
 20
12.149697124151155
 30
0.0
 40
0.01
  1

  7
WD
 72
1
 11
41.1573009961988
 21
12.149697124151155
 31
0.0
100
AcDbAttribute
  2
MFG
 70
9
  0
SEQEND
  5
794
330
793
100
AcDbEntity
  8
SLD_SYMS
  0
INSERT
  5
7A6
330
17
100
AcDbEntity
  8
SLD_SYMS
100
AcDbBlockReference
  2
WDDOT
 10
41.19
 20
12.325
 30
0.0
  0
MTEXT
  5
7A8
330
17
100
AcDbEntity
  8
SLD_TEXT
100
AcDbMText
 10
40.363
 20
11.774
 30
0.0
 40
0.1
 41
0.0
 71
2
  1
1%%C
  0
INSERT
  5
7A9
330
17
100
AcDbEntity
  8
SLD_SYMS
100
AcDbBlockReference
 66
1
  2
VXF1CT
 10
41.33
 20
10.308
 30
0.0
  0
ATTRIB
  5
7AB
330
17
100
AcDbEntity
  8
0
100
AcDbText
 10
41.102916666666665
 20
9.886125
 30
0.0
 40
0.125
  1

  7
WD
 41
0.7
 72
1
 11
41.102916666666665
 21
9.886125
 31
0.0
100
AcDbAttribute
  2
INST
 70
1
  0
ATTRIB
  5
7AC
330
17
100
AcDbEntity
  8
0
100
AcDbText
 10
41.33
 20
10.024826474599724
 30
0.0
 40
0.0125
  1

  7
WD
 11
41.33
 21
10.024826474599724
 31
0.0
100
AcDbAttribute
  2
X8TERM01
 70
1
  0
ATTRIB
  5
7AD
330
17
100
AcDbEntity
  8
0
100
AcDbText
 10
41.362211762700134
 20
10.057038237299862
 30
0.0
 40
0.0125
  1

  7
WD
 11
41.362211762700134
 21
10.057038237299862
 31
0.0
100
AcDbAttribute
  2
X1TERM01
 70
1
  0
ATTRIB
  5
7AE
330
17
100
AcDbEntity
  8
0
  6
Continuous
100
AcDbText
 10
41.27506216961904
 20
10.077456032263783
 30
0.0
 40
0.125
  1

  7
WD
 72
2
 11
41.27506216961904
 21
10.077456032263783
 31
0.0
100
AcDbAttribute
  2
TERM01
 70
9
  0
ATTRIB
  5
7AF
330
17
100
AcDbEntity
  8
0
  6
Continuous
100
AcDbText
 10
41.28500691695106
 20
10.574965784883833
 30
0.0
 40
0.125
  1

  7
WD
 72
2
 11
41.28500691695106
 21
10.574965784883833
 31
0.0
100
AcDbAttribute
  2
TERM02
 70
9
  0
ATTRIB
  5
7B0
330
17
100
AcDbEntity
  8
0
100
AcDbText
 10
41.362211762700134
 20
10.557038237299862
 30
0.0
 40
0.0125
  1

  7
WD
 11
41.362211762700134
 21
10.557038237299862
 31
0.0
100
AcDbAttribute
  2
X1TERM02
 70
1
  0
ATTRIB
  5
7B1
330
17
100
AcDbEntity
  8
0
100
AcDbText
 10
41.33
 20
10.58925
 30
0.0
 40
0.0125
  1

  7
WD
 11
41.33
 21
10.58925
 31
0.0
100
AcDbAttribute
  2
X2TERM02
 70
1
  0
ATTRIB
  5
7B2
330
17
100
AcDbEntity
  8
0
100
AcDbText
 10
41.61125
 20
10.183
 30
0.0
 40
0.125
  1

  7
WD
 41
0.7
 11
41.61125
 21
10.183
 31
0.0
100
AcDbAttribute
  2
RATING1
 70
1
  0
ATTRIB
  5
7B3
330
17
100
AcDbEntity
  8
0
100
AcDbText
 10
41.61125
 20
10.33925
 30
0.0
 40
0.125
  1

  7
WD
 11
41.61125
 21
10.33925
 31
0.0
100
AcDbAttribute
  2
TAG1
 70
1
  0
ATTRIB
  5
7B4
330
17
100
AcDbEntity
  8
0
100
AcDbText
 10
41.12947062227279
 20
9.550705331801218
 30
0.0
 40
0.125
  1
3000:5A (3)
  7
WD
 41
0.7
 72
1
 11
41.12947062227279
 21
9.550705331801218
 31
0.0
100
AcDbAttribute
  2
DESC1
 70
0
  0
ATTRIB
  5
7B5
330
17
100
AcDbEntity
  8
0
100
AcDbText
 10
41.12947062227279
 20
9.394458904647664
 30
0.0
 40
0.125
  1
CT 5P20
  7
WD
 41
0.7
 72
1
 11
41.12947062227279
 21
9.394458904647664
 31
0.0
100
AcDbAttribute
  2
DESC2
 70
0
  0
ATTRIB
  5
7B6
330
17
100
AcDbEntity
  8
0
100
AcDbText
 10
41.12947062227279
 20
9.706951758954773
 30
0.0
 40
0.125
  1

  7
WD
 41
0.7
 72
1
 11
41.12947062227279
 21
9.706951758954773
 31
0.0
100
AcDbAttribute
  2
LOC
 70
1
  0
ATTRIB
  5
7B7
330
17
100
AcDbEntity
  8
0
  6
Continuous
100
AcDbText
 10
41.15906982489897
 20
10.426955350386372
 30
0.0
 40
0.01
  1

  7
WD
 72
1
 11
41.15906982489897
 21
10.426955350386372
 31
0.0
100
AcDbAttribute
  2
ASSYCODE
 70
9
  0
ATTRIB
  5
7B8
330
17
100
AcDbEntity
  8
0
100
AcDbText
 10
41.13729166666666
 20
10.261125
 30
0.0
 40
0.125
  1

  7
WD
 72
1
 11
41.283125
 21
10.261125
 31
0.0
100
AcDbAttribute
  2
TYPE
 70
1
  0
ATTRIB
  5
7B9
330
17
100
AcDbEntity
  8
0
100
AcDbText
 10
41.13419277590037
 20
10.498690293718369
 30
0.0
 40
0.01
  1

  7
WD
 11
41.13419277590037
 21
10.498690293718369
 31
0.0
100
AcDbAttribute
  2
FAMILY
 70
9
  0
ATTRIB
  5
7BA
330
17
100
AcDbEntity
  8
0
  6
Continuous
100
AcDbText
 10
41.15924604183871
 20
10.470138877858606
 30
0.0
 40
0.01
  1

  7
WD
 72
1
 11
41.15924604183871
 21
10.470138877858606
 31
0.0
100
AcDbAttribute
  2
CAT
 70
9
  0
ATTRIB
  5
7BB
330
17
100
AcDbEntity
  8
0
  6
Continuous
100
AcDbText
 10
41.1573009961988
 20
10.450697124151155
 30
0.0
 40
0.01
  1

  7
WD
 72
1
 11
41.1573009961988
 21
10.450697124151155
 31
0.0
100
AcDbAttribute
  2
MFG
 70
9
  0
SEQEND
  5
7AA
330
7A9
100
AcDbEntity
  8
SLD_SYMS
  0
INSERT
  5
7BC
330
17
100
AcDbEntity
  8
SLD_SYMS
100
AcDbBlockReference
  2
WDDOT
 10
41.184
 20
10.606
 30
0.0
  0
MTEXT
  5
7BE
330
17
100
AcDbEntity
  8
SLD_TEXT
100
AcDbMText
 10
40.363
 20
10.08
 30
0.0
 40
0.1
 41
0.0
 71
2
  1
1%%C
  0
INSERT
  5
7BF
330
17
100
AcDbEntity
  8
SLD_SYMS
100
AcDbBlockReference
 66
1
  2
VCN1PJ
 10
41.14
 20
9.034
 30
0.0
  0
ATTRIB
  5
7C1
330
17
100
AcDbEntity
  8
0
100
AcDbText
 10
41.369166666666665
 20
9.883801758954775
 30
0.0
 40
0.125
  1

  7
WD
 41
0.7
 72
2
 11
41.369166666666665
 21
9.883801758954775
 31
0.0
100
AcDbAttribute
  2
INST
 70
1
  0
ATTRIB
  5
7C2
330
17
100
AcDbEntity
  8
0
100
AcDbText
 10
41.153072926894986
 20
8.919359872741506
 30
0.0
 40
0.01
  1

  7
WD
 11
41.153072926894986
 21
8.919359872741506
 31
0.0
100
AcDbAttribute
  2
X8TERMDESC01
 70
1
  0
ATTRIB
  5
7C3
330
17
100
AcDbEntity
  8
0
100
AcDbText
 10
41.16614586449905
 20
9.075609867770696
 30
0.0
 40
0.01
  1

  7
WD
 11
41.16614586449905
 21
9.075609867770696
 31
0.0
100
AcDbAttribute
  2
X2TERMDESC02
 70
1
  0
ATTRIB
  5
7C4
330
17
100
AcDbEntity
  8
0
  6
Continuous
100
AcDbText
 10
41.03092473637243
 20
9.020056517835846
 30
0.0
 40
0.01
  1

  7
WD
 72
1
 11
41.03092473637243
 21
9.020056517835846
 31
0.0
100
AcDbAttribute
  2
ASSYCODE
 70
9
  0
ATTRIB
  5
7C5
330
17
100
AcDbEntity
  8
0
100
AcDbText
 10
41.015
 20
8.9715
 30
0.0
 40
0.01
  1

  7
WD
 11
41.015
 21
8.9715
 31
0.0
100
AcDbAttribute
  2
X4LINK
 70
1
  0
ATTRIB
  5
7C6
330
17
100
AcDbEntity
  8
0
100
AcDbText
 10
41.265
 20
8.9715
 30
0.0
 40
0.01
  1

  7
WD
 11
41.265
 21
8.9715
 31
0.0
100
AcDbAttribute
  2
X1LINK
 70
1
  0
ATTRIB
  5
7C7
330
17
100
AcDbEntity
  8
0
100
AcDbText
 10
41.0775
 20
9.714201758954776
 30
0.0
 40
0.125
  1

  7
WD
 41
0.7
 72
2
 11
41.0775
 21
9.714201758954776
 31
0.0
100
AcDbAttribute
  2
LOC
 70
1
  0
ATTRIB
  5
7C8
330
17
100
AcDbEntity
  8
0
  6
Continuous
100
AcDbText
 10
41.03139310844966
 20
9.034039283222857
 30
0.0
 40
0.01
  1

  7
WD
 72
1
 11
41.03139310844966
 21
9.034039283222857
 31
0.0
100
AcDbAttribute
  2
MFG
 70
9
  0
ATTRIB
  5
7C9
330
17
100
AcDbEntity
  8
0
  6
Continuous
100
AcDbText
 10
41.03333815408958
 20
9.053481036930307
 30
0.0
 40
0.01
  1

  7
WD
 72
1
 11
41.03333815408958
 21
9.053481036930307
 31
0.0
100
AcDbAttribute
  2
CAT
 70
9
  0
ATTRIB
  5
7CA
330
17
100
AcDbEntity
  8
0
100
AcDbText
 10
41.00828488815123
 20
9.09765745279007
 30
0.0
 40
0.01
  1

  7
WD
 11
41.00828488815123
 21
9.09765745279007
 31
0.0
100
AcDbAttribute
  2
FAMILY
 70
9
  0
ATTRIB
  5
7CB
330
17
100
AcDbEntity
  8
0
100
AcDbText
 10
41.0775
 20
9.388278904647665
 30
0.0
 40
0.125
  1

  7
WD
 41
0.7
 72
2
 11
41.0775
 21
9.388278904647665
 31
0.0
100
AcDbAttribute
  2
DESC2
 70
1
  0
ATTRIB
  5
7CC
330
17
100
AcDbEntity
  8
0
100
AcDbText
 10
41.0775
 20
9.54452533180122
 30
0.0
 40
0.125
  1

  7
WD
 41
0.7
 72
2
 11
41.0775
 21
9.54452533180122
 31
0.0
100
AcDbAttribute
  2
DESC1
 70
1
  0
ATTRIB
  5
7CD
330
17
100
AcDbEntity
  8
0
100
AcDbText
 10
40.869166666666665
 20
9.12775
 30
0.0
 40
0.125
  1

  7
WD
 72
2
 11
41.0775
 21
9.12775
 31
0.0
100
AcDbAttribute
  2
TAG1
 70
1
  0
ATTRIB
  5
7CE
330
17
100
AcDbEntity
  8
0
  6
Continuous
100
AcDbText
 10
41.187
 20
8.75275
 30
0.0
 40
0.125
  1

  7
WD
 11
41.187
 21
8.87775
 31
0.0
100
AcDbAttribute
  2
TERM01
 70
9
 74
3
  0
ATTRIB
  5
7CF
330
17
100
AcDbEntity
  8
0
100
AcDbText
 10
41.14
 20
8.94025
 30
0.0
 40
0.0125
  1

  7
WD
 11
41.14
 21
8.94025
 31
0.0
100
AcDbAttribute
  2
X8TERM01
 70
1
  0
ATTRIB
  5
7D0
330
17
100
AcDbEntity
  8
0
100
AcDbText
 10
41.14
 20
9.0965
 30
0.0
 40
0.0125
  1

  7
WD
 11
41.14
 21
9.0965
 31
0.0
100
AcDbAttribute
  2
X2TERM02
 70
1
  0
ATTRIB
  5
7D1
330
17
100
AcDbEntity
  8
0
  6
Continuous
100
AcDbText
 10
41.187
 20
9.0965
 30
0.0
 40
0.125
  1

  7
WD
 11
41.187
 21
9.0965
 31
0.0
100
AcDbAttribute
  2
TERM02
 70
9
  0
ATTRIB
  5
7D2
330
17
100
AcDbEntity
  8
0
100
AcDbText
 10
41.00828488815123
 20
9.079025320458438
 30
0.0
 40
0.01
  1

  7
WD
 11
41.00828488815123
 21
9.079025320458438
 31
0.0
100
AcDbAttribute
  2
WDBLKNAM
 70
9
  0
SEQEND
  5
7C0
330
7BF
100
AcDbEntity
  8
SLD_SYMS
  0
INSERT
  5
7D3
330
17
100
AcDbEntity
  8
SLD_SYMS
100
AcDbBlockReference
 66
1
  2
DEVICE_BUBBLE
 10
42.194
 20
15.318
 30
0.0
  0
ATTRIB
  5
7D5
330
17
100
AcDbEntity
  8
0
100
AcDbText
 10
42.02246791010798
 20
15.218951515790893
 30
0.0
 40
0.2
  1
86
  7
OpenSans
 11
42.02246791010798
 21
15.218951515790893
 31
0.0
100
AcDbAttribute
  2
DB
 70
0
280
1
  0
SEQEND
  5
7D4
330
7D3
100
AcDbEntity
  8
SLD_SYMS
  0
LINE
  5
7D6
330
17
100
AcDbEntity
  8
SLD_CONTROL
100
AcDbLine
 10
41.502
 20
15.318
 30
0.0
 11
41.977000000000004
 21
15.318
 31
0.0
  0
LINE
  5
7D7
330
17
100
AcDbEntity
  8
SLD_CONTROL
100
AcDbLine
 10
42.194
 20
15.100999999999999
 30
0.0
 11
42.194
 21
14.715
 31
0.0
  0
LWPOLYLINE
  5
7D8
330
17
100
AcDbEntity
  8
SLD_SYMS
100
AcDbPolyline
 90
4
 70
1
 10
41.887
 20
14.715
 10
43.065
 20
14.715
 10
43.065
 20
14.043
 10
41.887
 20
14.043
  0
LWPOLYLINE
  5
7D9
330
17
100
AcDbEntity
  8
SLD_CUBICLE
  6
DASHED
100
AcDbPolyline
 90
4
 70
1
 10
39.958
 20
12.465
 10
41.551
 20
12.465
 10
41.551
 20
9.912
 10
39.958
 20
9.912
  0
MTEXT
  5
7DA
330
17
100
AcDbEntity
  8
SLD_TEXT
100
AcDbMText
 10
41.14
 20
21.037
 30
0.0
 40
0.3
 41
0.0
 71
2
  1
UNIT 12
  0
MTEXT
  5
7DB
330
17
100
AcDbEntity
  8
SLD_TEXT
100
AcDbMText
 10
41.14
 20
20.173
 30
0.0
 40
0.3
 41
0.0
 71
2
  1
52-F1B\PCUSTOMER\PFEEDER
  0
MTEXT
  5
7DC
330
17
100
AcDbEntity
  8
SLD_TEXT
100
AcDbMText
 10
40.764
 20
15.408
 30
0.0
 40
0.093
 41
0.0
 71
1
  1
52-F1B\P17.5kV\P3150A\P40kA
  0
MTEXT
  5
7DD
330
17
100
AcDbEntity
  8
SLD_TEXT
100
AcDbMText
 10
42.476
 20
14.677
 30
0.0
 40
0.093
 41
0.0
 71
2
  1
SEL-751-F1B\PFEEDER\PPROTECTION\PRELAY
  0
MTEXT
  5
7DE
330
17
100
AcDbEntity
  8
SLD_TEXT
100
AcDbMText
 10
41.14
 20
8.87
 30
0.0
 40
0.093
 41
0.0
 71
2
  1
CUSTOMER FEEDER\P1B
  0
LINE
  5
7DF
330
17
100
AcDbEntity
  8
SLD_WIRE
100
AcDbLine
 10
44.75
 20
18.583
 30
0.0
 11
44.75
 21
16.207
 31
0.0
  0
LINE
  5
7E0
330
17
100
AcDbEntity
  8
SLD_WIRE
100
AcDbLine
 10
44.75
 20
16.051
 30
0.0
 11
44.75
 21
15.622
 31
0.0
  0
LINE
  5
7E1
330
17
100
AcDbEntity
  8
SLD_WIRE
100
AcDbLine
 10
44.75
 20
14.701
 30
0.0
 11
44.75
 21
14.346
 31
0.0
  0
LINE
  5
7E2
330
17
100
AcDbEntity
  8
SLD_WIRE
100
AcDbLine
 10
44.75
 20
14.189
 30
0.0
 11
44.75
 21
9.097
 31
0.0
  0
INSERT
  5
7E3
330
17
100
AcDbEntity
  8
SLD_SYMS
100
AcDbBlockReference
  2
WDDOT
 10
44.75
 20
18.583
 30
0.0
  0
INSERT
  5
7E5
330
17
100
AcDbEntity
  8
SLD_SYMS
100
AcDbBlockReference
 66
1
  2
VFU1_1-
 10
46.181
 20
16.204
 30
0.0
  0
ATTRIB
  5
7E7
330
17
100
AcDbEntity
  8
0
100
AcDbText
 10
46.306
 20
16.48525
 30
0.0
 40
0.125
  1

  7
WD
 41
0.85
 11
46.306
 21
16.48525
 31
0.0
100
AcDbAttribute
  2
INST
 70
1
  0
ATTRIB
  5
7E8
330
17
100
AcDbEntity
  8
0
  6
Continuous
100
AcDbText
 10
46.02772036438161
 20
16.097850164162786
 30
0.0
 40
0.01
  1

  7
WD
 72
1
 11
46.02772036438161
 21
16.097850164162786
 31
0.0
100
AcDbAttribute
  2
ASSYCODE
 70
9
  0
ATTRIB
  5
7E9
330
17
100
AcDbEntity
  8
0
 62
7
100
AcDbText
 10
46.056
 20
16.204
 30
0.0
 40
0.01
  1

  7
WD
 11
46.056
 21
16.204
 31
0.0
100
AcDbAttribute
  2
X4LINK
 70
1
  0
ATTRIB
  5
7EA
330
17
100
AcDbEntity
  8
0
 62
7
100
AcDbText
 10
46.306
 20
16.204
 30
0.0
 40
0.01
  1

  7
WD
 11
46.306
 21
16.204
 31
0.0
100
AcDbAttribute
  2
X1LINK
 70
1
  0
ATTRIB
  5
7EB
330
17
100
AcDbEntity
  8
0
100
AcDbText
 10
46.02475
 20
16.1415
 30
0.0
 40
0.125
  1
6A
  7
WD
 41
0.85
 72
2
 11
46.02475
 21
16.1415
 31
0.0
100
AcDbAttribute
  2
RATING1
 70
0
  0
ATTRIB
  5
7EC
330
17
100
AcDbEntity
  8
0
100
AcDbText
 10
46.306
 20
15.79775
 30
0.0
 40
0.125
  1

  7
WD
 41
0.85
 11
46.306
 21
15.79775
 31
0.0
100
AcDbAttribute
  2
DESC2
 70
1
  0
ATTRIB
  5
7ED
330
17
100
AcDbEntity
  8
0
100
AcDbText
 10
46.306
 20
15.969625
 30
0.0
 40
0.125
  1

  7
WD
 41
0.85
 11
46.306
 21
15.969625
 31
0.0
100
AcDbAttribute
  2
DESC1
 70
1
  0
ATTRIB
  5
7EE
330
17
100
AcDbEntity
  8
0
100
AcDbText
 10
46.30794143797307
 20
16.14337500000005
 30
0.0
 40
0.125
  1

  7
WD
 41
0.85
 11
46.30794143797307
 21
16.14337500000005
 31
0.0
100
AcDbAttribute
  2
TAG1
 70
1
  0
ATTRIB
  5
7EF
330
17
100
AcDbEntity
  8
0
100
AcDbText
 10
46.306
 20
16.313375
 30
0.0
 40
0.125
  1

  7
WD
 41
0.85
 11
46.306
 21
16.313375
 31
0.0
100
AcDbAttribute
  2
LOC
 70
1
  0
ATTRIB
  5
7F0
330
17
100
AcDbEntity
  8
0
  6
Continuous
100
AcDbText
 10
46.03888308100699
 20
16.115873790861
 30
0.0
 40
0.01
  1

  7
WD
 72
2
 11
46.03888308100699
 21
16.115873790861
 31
0.0
100
AcDbAttribute
  2
MFG
 70
9
  0
ATTRIB
  5
7F1
330
17
100
AcDbEntity
  8
0
  6
Continuous
100
AcDbText
 10
46.03888308100699
 20
16.130873790861
 30
0.0
 40
0.01
  1

  7
WD
 72
2
 11
46.03888308100699
 21
16.130873790861
 31
0.0
100
AcDbAttribute
  2
CAT
 70
9
  0
ATTRIB
  5
7F2
330
17
100
AcDbEntity
  8
0
100
AcDbText
 10
46.02221641434033
 20
16.167540457527664
 30
0.0
 40
0.01
  1

  7
WD
 72
2
 11
46.03888308100699
 21
16.167540457527664
 31
0.0
100
AcDbAttribute
  2
FAMILY
 70
9
  0
ATTRIB
  5
7F3
330
17
100
AcDbEntity
  8
0
 62
7
100
AcDbText
 10
46.181
 20
16.04775
 30
0.0
 40
0.0125
  1

  7
WD
 11
46.181
 21
16.04775
 31
0.0
100
AcDbAttribute
  2
X8TERM02
 70
1
  0
ATTRIB
  5
7F4
330
17
100
AcDbEntity
  8
0
 62
7
100
AcDbText
 10
46.181
 20
16.36025
 30
0.0
 40
0.0125
  1

  7
WD
 11
46.181
 21
16.36025
 31
0.0
100
AcDbAttribute
  2
X2TERM01
 70
1
  0
ATTRIB
  5
7F5
330
17
100
AcDbEntity
  8
0
  6
Continuous
100
AcDbText
 10
46.140298778392
 20
15.896802969349004
 30
0.0
 40
0.125
  1

  7
WD
 41
0.85
 72
2
 11
46.140298778392
 21
16.021802969349004
 31
0.0
100
AcDbAttribute
  2
TERM02
 70
9
 74
3
  0
ATTRIB
  5
7F6
330
17
100
AcDbEntity
  8
0
  6
Continuous
100
AcDbText
 10
46.12602962084434
 20
16.379376616004922
 30
0.0
 40
0.125
  1

  7
WD
 41
0.85
 72
2
 11
46.12602962084434
 21
16.379376616004922
 31
0.0
100
AcDbAttribute
  2
TERM01
 70
9
  0
ATTRIB
  5
7F7
330
17
100
AcDbEntity
  8
0
100
AcDbText
 10
46.03888308100699
 20
16.050763117239445
 30
0.0
 40
0.01
  1

  7
WD
 72
2
 11
46.05221641434033
 21
16.050763117239445
 31
0.0
100
AcDbAttribute
  2
WDTYPE
 70
9
  0
ATTRIB
  5
7F8
330
17
100
AcDbEntity
  8
0
100
AcDbText
 10
46.306
 20
15.625875
 30
0.0
 40
0.125
  1

  7
WD
 41
0.85
 11
46.306
 21
15.625875
 31
0.0
100
AcDbAttribute
  2
DESC3
 70
1
  0
ATTRIB
  5
7F9
330
17
100
AcDbEntity
  8
0
100
AcDbText
 10
46.05221641434033
 20
16.035138117239445
 30
0.0
 40
0.01
  1

  7
WD
 72
2
 11
46.05221641434033
 21
16.035138117239445
 31
0.0
100
AcDbAttribute
  2
WDBLKNAM
 70
9
  0
SEQEND
  5
7E6
330
7E5
100
AcDbEntity
  8
SLD_SYMS
  0
INSERT
  5
7FA
330
17
100
AcDbEntity
  8
SLD_SYMS
100
AcDbBlockReference
 66
1
  2
VCN1PJ
 10
44.75
 20
16.144
 30
0.0
  0
ATTRIB
  5
7FC
330
17
100
AcDbEntity
  8
0
100
AcDbText
 10
44.979166666666664
 20
16.993801758954774
 30
0.0
 40
0.125
  1

  7
WD
 41
0.7
 72
2
 11
44.979166666666664
 21
16.993801758954774
 31
0.0
100
AcDbAttribute
  2
INST
 70
1
  0
ATTRIB
  5
7FD
330
17
100
AcDbEntity
  8
0
100
AcDbText
 10
44.763072926894985
 20
16.029359872741505
 30
0.0
 40
0.01
  1

  7
WD
 11
44.763072926894985
 21
16.029359872741505
 31
0.0
100
AcDbAttribute
  2
X8TERMDESC01
 70
1
  0
ATTRIB
  5
7FE
330
17
100
AcDbEntity
  8
0
100
AcDbText
 10
44.77614586449905
 20
16.185609867770694
 30
0.0
 40
0.01
  1

  7
WD
 11
44.77614586449905
 21
16.185609867770694
 31
0.0
100
AcDbAttribute
  2
X2TERMDESC02
 70
1
  0
ATTRIB
  5
7FF
330
17
100
AcDbEntity
  8
0
  6
Continuous
100
AcDbText
 10
44.640924736372426
 20
16.130056517835843
 30
0.0
 40
0.01
  1

  7
WD
 72
1
 11
44.640924736372426
 21
16.130056517835843
 31
0.0
100
AcDbAttribute
  2
ASSYCODE
 70
9
  0
ATTRIB
  5
800
330
17
100
AcDbEntity
  8
0
100
AcDbText
 10
44.625
 20
16.0815
 30
0.0
 40
0.01
  1

  7
WD
 11
44.625
 21
16.0815
 31
0.0
100
AcDbAttribute
  2
X4LINK
 70
1
  0
ATTRIB
  5
801
330
17
100
AcDbEntity
  8
0
100
AcDbText
 10
44.875
 20
16.0815
 30
0.0
 40
0.01
  1

  7
WD
 11
44.875
 21
16.0815
 31
0.0
100
AcDbAttribute
  2
X1LINK
 70
1
  0
ATTRIB
  5
802
330
17
100
AcDbEntity
  8
0
100
AcDbText
 10
44.6875
 20
16.82420175895477
 30
0.0
 40
0.125
  1

  7
WD
 41
0.7
 72
2
 11
44.6875
 21
16.82420175895477
 31
0.0
100
AcDbAttribute
  2
LOC
 70
1
  0
ATTRIB
  5
803
330
17
100
AcDbEntity
  8
0
  6
Continuous
100
AcDbText
 10
44.64139310844966
 20
16.144039283222853
 30
0.0
 40
0.01
  1

  7
WD
 72
1
 11
44.64139310844966
 21
16.144039283222853
 31
0.0
100
AcDbAttribute
  2
MFG
 70
9
  0
ATTRIB
  5
804
330
17
100
AcDbEntity
  8
0
  6
Continuous
100
AcDbText
 10
44.64333815408958
 20
16.163481036930303
 30
0.0
 40
0.01
  1

  7
WD
 72
1
 11
44.64333815408958
 21
16.163481036930303
 31
0.0
100
AcDbAttribute
  2
CAT
 70
9
  0
ATTRIB
  5
805
330
17
100
AcDbEntity
  8
0
100
AcDbText
 10
44.61828488815123
 20
16.207657452790066
 30
0.0
 40
0.01
  1

  7
WD
 11
44.61828488815123
 21
16.207657452790066
 31
0.0
100
AcDbAttribute
  2
FAMILY
 70
9
  0
ATTRIB
  5
806
330
17
100
AcDbEntity
  8
0
100
AcDbText
 10
44.6875
 20
16.498278904647663
 30
0.0
 40
0.125
  1

  7
WD
 41
0.7
 72
2
 11
44.6875
 21
16.498278904647663
 31
0.0
100
AcDbAttribute
  2
DESC2
 70
1
  0
ATTRIB
  5
807
330
17
100
AcDbEntity
  8
0
100
AcDbText
 10
44.6875
 20
16.654525331801217
 30
0.0
 40
0.125
  1

  7
WD
 41
0.7
 72
2
 11
44.6875
 21
16.654525331801217
 31
0.0
100
AcDbAttribute
  2
DESC1
 70
1
  0
ATTRIB
  5
808
330
17
100
AcDbEntity
  8
0
100
AcDbText
 10
44.479166666666664
 20
16.23775
 30
0.0
 40
0.125
  1

  7
WD
 72
2
 11
44.6875
 21
16.23775
 31
0.0
100
AcDbAttribute
  2
TAG1
 70
1
  0
ATTRIB
  5
809
330
17
100
AcDbEntity
  8
0
  6
Continuous
100
AcDbText
 10
44.797
 20
15.862749999999998
 30
0.0
 40
0.125
  1

  7
WD
 11
44.797
 21
15.987749999999998
 31
0.0
100
AcDbAttribute
  2
TERM01
 70
9
 74
3
  0
ATTRIB
  5
80A
330
17
100
AcDbEntity
  8
0
100
AcDbText
 10
44.75
 20
16.05025
 30
0.0
 40
0.0125
  1

  7
WD
 11
44.75
 21
16.05025
 31
0.0
100
AcDbAttribute
  2
X8TERM01
 70
1
  0
ATTRIB
  5
80B
330
17
100
AcDbEntity
  8
0
100
AcDbText
 10
44.75
 20
16.2065
 30
0.0
 40
0.0125
  1

  7
WD
 11
44.75
 21
16.2065
 31
0.0
100
AcDbAttribute
  2
X2TERM02
 70
1
  0
ATTRIB
  5
80C
330
17
100
AcDbEntity
  8
0
  6
Continuous
100
AcDbText
 10
44.797
 20
16.2065
 30
0.0
 40
0.125
  1

  7
WD
 11
44.797
 21
16.2065
 31
0.0
100
AcDbAttribute
  2
TERM02
 70
9
  0
ATTRIB
  5
80D
330
17
100
AcDbEntity
  8
0
100
AcDbText
 10
44.61828488815123
 20
16.189025320458434
 30
0.0
 40
0.01
  1

  7
WD
 11
44.61828488815123
 21
16.189025320458434
 31
0.0
100
AcDbAttribute
  2
WDBLKNAM
 70
9
  0
SEQEND
  5
7FB
330
7FA
100
AcDbEntity
  8
SLD_SYMS
  0
LWPOLYLINE
  5
80E
330
17
100
AcDbEntity
  8
SLD_SYMS
100
AcDbPolyline
 90
4
 70
1
 10
44.335
 20
15.622
 10
45.112
 20
15.622
 10
45.112
 20
14.701
 10
44.335
 20
14.701
  0
INSERT
  5
80F
330
17
100
AcDbEntity
  8
SLD_SYMS
100
AcDbBlockReference
 66
1
  2
VCN1PJ
 10
44.75
 20
14.252
 30
0.0
 50
180.0
  0
ATTRIB
  5
811
330
17
100
AcDbEntity
  8
0
100
AcDbText
 10
44.520833333333336
 20
13.402198241045227
 30
0.0
 40
0.125
  1

 50
180.0
  7
WD
 41
0.7
 72
2
 11
44.520833333333336
 21
13.402198241045227
 31
0.0
100
AcDbAttribute
  2
INST
 70
1
  0
ATTRIB
  5
812
330
17
100
AcDbEntity
  8
0
100
AcDbText
 10
44.736927073105015
 20
14.366640127258496
 30
0.0
 40
0.01
  1

 50
180.0
  7
WD
 11
44.736927073105015
 21
14.366640127258496
 31
0.0
100
AcDbAttribute
  2
X8TERMDESC01
 70
1
  0
ATTRIB
  5
813
330
17
100
AcDbEntity
  8
0
100
AcDbText
 10
44.72385413550095
 20
14.210390132229305
 30
0.0
 40
0.01
  1

 50
180.0
  7
WD
 11
44.72385413550095
 21
14.210390132229305
 31
0.0
100
AcDbAttribute
  2
X2TERMDESC02
 70
1
  0
ATTRIB
  5
814
330
17
100
AcDbEntity
  8
0
  6
Continuous
100
AcDbText
 10
44.859075263627574
 20
14.265943482164156
 30
0.0
 40
0.01
  1

 50
180.0
  7
WD
 72
1
 11
44.859075263627574
 21
14.265943482164156
 31
0.0
100
AcDbAttribute
  2
ASSYCODE
 70
9
  0
ATTRIB
  5
815
330
17
100
AcDbEntity
  8
0
100
AcDbText
 10
44.875
 20
14.3145
 30
0.0
 40
0.01
  1

 50
180.0
  7
WD
 11
44.875
 21
14.3145
 31
0.0
100
AcDbAttribute
  2
X4LINK
 70
1
  0
ATTRIB
  5
816
330
17
100
AcDbEntity
  8
0
100
AcDbText
 10
44.625
 20
14.3145
 30
0.0
 40
0.01
  1

 50
180.0
  7
WD
 11
44.625
 21
14.3145
 31
0.0
100
AcDbAttribute
  2
X1LINK
 70
1
  0
ATTRIB
  5
817
330
17
100
AcDbEntity
  8
0
100
AcDbText
 10
44.8125
 20
13.571798241045226
 30
0.0
 40
0.125
  1

 50
180.0
  7
WD
 41
0.7
 72
2
 11
44.8125
 21
13.571798241045226
 31
0.0
100
AcDbAttribute
  2
LOC
 70
1
  0
ATTRIB
  5
818
330
17
100
AcDbEntity
  8
0
  6
Continuous
100
AcDbText
 10
44.85860689155034
 20
14.251960716777145
 30
0.0
 40
0.01
  1

 50
180.0
  7
WD
 72
1
 11
44.85860689155034
 21
14.251960716777145
 31
0.0
100
AcDbAttribute
  2
MFG
 70
9
  0
ATTRIB
  5
819
330
17
100
AcDbEntity
  8
0
  6
Continuous
100
AcDbText
 10
44.85666184591042
 20
14.232518963069694
 30
0.0
 40
0.01
  1

 50
180.0
  7
WD
 72
1
 11
44.85666184591042
 21
14.232518963069694
 31
0.0
100
AcDbAttribute
  2
CAT
 70
9
  0
ATTRIB
  5
81A
330
17
100
AcDbEntity
  8
0
100
AcDbText
 10
44.88171511184877
 20
14.188342547209931
 30
0.0
 40
0.01
  1

 50
180.0
  7
WD
 11
44.88171511184877
 21
14.188342547209931
 31
0.0
100
AcDbAttribute
  2
FAMILY
 70
9
  0
ATTRIB
  5
81B
330
17
100
AcDbEntity
  8
0
100
AcDbText
 10
44.8125
 20
13.897721095352336
 30
0.0
 40
0.125
  1

 50
180.0
  7
WD
 41
0.7
 72
2
 11
44.8125
 21
13.897721095352336
 31
0.0
100
AcDbAttribute
  2
DESC2
 70
1
  0
ATTRIB
  5
81C
330
17
100
AcDbEntity
  8
0
100
AcDbText
 10
44.8125
 20
13.741474668198782
 30
0.0
 40
0.125
  1

 50
180.0
  7
WD
 41
0.7
 72
2
 11
44.8125
 21
13.741474668198782
 31
0.0
100
AcDbAttribute
  2
DESC1
 70
1
  0
ATTRIB
  5
81D
330
17
100
AcDbEntity
  8
0
100
AcDbText
 10
45.020833333333336
 20
14.15825
 30
0.0
 40
0.125
  1

 50
180.0
  7
WD
 72
2
 11
44.8125
 21
14.15825
 31
0.0
100
AcDbAttribute
  2
TAG1
 70
1
  0
ATTRIB
  5
81E
330
17
100
AcDbEntity
  8
0
  6
Continuous
100
AcDbText
 10
44.703
 20
14.53325
 30
0.0
 40
0.125
  1

 50
180.0
  7
WD
 11
44.703
 21
14.40825
 31
0.0
100
AcDbAttribute
  2
TERM01
 70
9
 74
3
  0
ATTRIB
  5
81F
330
17
100
AcDbEntity
  8
0
100
AcDbText
 10
44.75
 20
14.34575
 30
0.0
 40
0.0125
  1

 50
180.0
  7
WD
 11
44.75
 21
14.34575
 31
0.0
100
AcDbAttribute
  2
X8TERM01
 70
1
  0
ATTRIB
  5
820
330
17
100
AcDbEntity
  8
0
100
AcDbText
 10
44.75
 20
14.1895
 30
0.0
 40
0.0125
  1

 50
180.0
  7
WD
 11
44.75
 21
14.1895
 31
0.0
100
AcDbAttribute
  2
X2TERM02
 70
1
  0
ATTRIB
  5
821
330
17
100
AcDbEntity
  8
0
  6
Continuous
100
AcDbText
 10
44.703
 20
14.1895
 30
0.0
 40
0.125
  1

 50
180.0
  7
WD
 11
44.703
 21
14.1895
 31
0.0
100
AcDbAttribute
  2
TERM02
 70
9
  0
ATTRIB
  5
822
330
17
100
AcDbEntity
  8
0
100
AcDbText
 10
44.88171511184877
 20
14.206974679541563
 30
0.0
 40
0.01
  1

 50
180.0
  7
WD
 11
44.88171511184877
 21
14.206974679541563
 31
0.0
100
AcDbAttribute
  2
WDBLKNAM
 70
9
  0
SEQEND
  5
810
330
80F
100
AcDbEntity
  8
SLD_SYMS
  0
INSERT
  5
823
330
17
100
AcDbEntity
  8
SLD_SYMS
100
AcDbBlockReference
 66
1
  2
VFU1_1-
 10
46.25
 20
13.09
 30
0.0
  0
ATTRIB
  5
825
330
17
100
AcDbEntity
  8
0
100
AcDbText
 10
46.375
 20
13.37125
 30
0.0
 40
0.125
  1

  7
WD
 41
0.85
 11
46.375
 21
13.37125
 31
0.0
100
AcDbAttribute
  2
INST
 70
1
  0
ATTRIB
  5
826
330
17
100
AcDbEntity
  8
0
  6
Continuous
100
AcDbText
 10
46.09672036438161
 20
12.983850164162785
 30
0.0
 40
0.01
  1

  7
WD
 72
1
 11
46.09672036438161
 21
12.983850164162785
 31
0.0
100
AcDbAttribute
  2
ASSYCODE
 70
9
  0
ATTRIB
  5
827
330
17
100
AcDbEntity
  8
0
 62
7
100
AcDbText
 10
46.125
 20
13.09
 30
0.0
 40
0.01
  1

  7
WD
 11
46.125
 21
13.09
 31
0.0
100
AcDbAttribute
  2
X4LINK
 70
1
  0
ATTRIB
  5
828
330
17
100
AcDbEntity
  8
0
 62
7
100
AcDbText
 10
46.375
 20
13.09
 30
0.0
 40
0.01
  1

  7
WD
 11
46.375
 21
13.09
 31
0.0
100
AcDbAttribute
  2
X1LINK
 70
1
  0
ATTRIB
  5
829
330
17
100
AcDbEntity
  8
0
100
AcDbText
 10
46.09375
 20
13.0275
 30
0.0
 40
0.125
  1

  7
WD
 41
0.85
 72
2
 11
46.09375
 21
13.0275
 31
0.0
100
AcDbAttribute
  2
RATING1
 70
1
  0
ATTRIB
  5
82A
330
17
100
AcDbEntity
  8
0
100
AcDbText
 10
46.375
 20
12.68375
 30
0.0
 40
0.125
  1

  7
WD
 41
0.85
 11
46.375
 21
12.68375
 31
0.0
100
AcDbAttribute
  2
DESC2
 70
1
  0
ATTRIB
  5
82B
330
17
100
AcDbEntity
  8
0
100
AcDbText
 10
46.375
 20
12.855625
 30
0.0
 40
0.125
  1

  7
WD
 41
0.85
 11
46.375
 21
12.855625
 31
0.0
100
AcDbAttribute
  2
DESC1
 70
1
  0
ATTRIB
  5
82C
330
17
100
AcDbEntity
  8
0
100
AcDbText
 10
46.37694143797307
 20
13.02937500000005
 30
0.0
 40
0.125
  1

  7
WD
 41
0.85
 11
46.37694143797307
 21
13.02937500000005
 31
0.0
100
AcDbAttribute
  2
TAG1
 70
1
  0
ATTRIB
  5
82D
330
17
100
AcDbEntity
  8
0
100
AcDbText
 10
46.375
 20
13.199375
 30
0.0
 40
0.125
  1

  7
WD
 41
0.85
 11
46.375
 21
13.199375
 31
0.0
100
AcDbAttribute
  2
LOC
 70
1
  0
ATTRIB
  5
82E
330
17
100
AcDbEntity
  8
0
  6
Continuous
100
AcDbText
 10
46.107883081006996
 20
13.001873790860998
 30
0.0
 40
0.01
  1

  7
WD
 72
2
 11
46.107883081006996
 21
13.001873790860998
 31
0.0
100
AcDbAttribute
  2
MFG
 70
9
  0
ATTRIB
  5
82F
330
17
100
AcDbEntity
  8
0
  6
Continuous
100
AcDbText
 10
46.107883081006996
 20
13.016873790860997
 30
0.0
 40
0.01
  1

  7
WD
 72
2
 11
46.107883081006996
 21
13.016873790860997
 31
0.0
100
AcDbAttribute
  2
CAT
 70
9
  0
ATTRIB
  5
830
330
17
100
AcDbEntity
  8
0
100
AcDbText
 10
46.09121641434033
 20
13.053540457527664
 30
0.0
 40
0.01
  1

  7
WD
 72
2
 11
46.107883081006996
 21
13.053540457527664
 31
0.0
100
AcDbAttribute
  2
FAMILY
 70
9
  0
ATTRIB
  5
831
330
17
100
AcDbEntity
  8
0
 62
7
100
AcDbText
 10
46.25
 20
12.93375
 30
0.0
 40
0.0125
  1

  7
WD
 11
46.25
 21
12.93375
 31
0.0
100
AcDbAttribute
  2
X8TERM02
 70
1
  0
ATTRIB
  5
832
330
17
100
AcDbEntity
  8
0
 62
7
100
AcDbText
 10
46.25
 20
13.24625
 30
0.0
 40
0.0125
  1

  7
WD
 11
46.25
 21
13.24625
 31
0.0
100
AcDbAttribute
  2
X2TERM01
 70
1
  0
ATTRIB
  5
833
330
17
100
AcDbEntity
  8
0
  6
Continuous
100
AcDbText
 10
46.209298778392004
 20
12.782802969349003
 30
0.0
 40
0.125
  1

  7
WD
 41
0.85
 72
2
 11
46.209298778392004
 21
12.907802969349003
 31
0.0
100
AcDbAttribute
  2
TERM02
 70
9
 74
3
  0
ATTRIB
  5
834
330
17
100
AcDbEntity
  8
0
  6
Continuous
100
AcDbText
 10
46.195029620844345
 20
13.26537661600492
 30
0.0
 40
0.125
  1

  7
WD
 41
0.85
 72
2
 11
46.195029620844345
 21
13.26537661600492
 31
0.0
100
AcDbAttribute
  2
TERM01
 70
9
  0
ATTRIB
  5
835
330
17
100
AcDbEntity
  8
0
100
AcDbText
 10
46.107883081006996
 20
12.936763117239446
 30
0.0
 40
0.01
  1

  7
WD
 72
2
 11
46.12121641434033
 21
12.936763117239446
 31
0.0
100
AcDbAttribute
  2
WDTYPE
 70
9
  0
ATTRIB
  5
836
330
17
100
AcDbEntity
  8
0
100
AcDbText
 10
46.375
 20
12.511875
 30
0.0
 40
0.125
  1

  7
WD
 41
0.85
 11
46.375
 21
12.511875
 31
0.0
100
AcDbAttribute
  2
DESC3
 70
1
  0
ATTRIB
  5
837
330
17
100
AcDbEntity
  8
0
100
AcDbText
 10
46.12121641434033
 20
12.921138117239446
 30
0.0
 40
0.01
  1

  7
WD
 72
2
 11
46.12121641434033
 21
12.921138117239446
 31
0.0
100
AcDbAttribute
  2
WDBLKNAM
 70
9
  0
SEQEND
  5
824
330
823
100
AcDbEntity
  8
SLD_SYMS
  0
INSERT
  5
838
330
17
100
AcDbEntity
  8
SLD_SYMS
100
AcDbBlockReference
  2
ARRESTER
 10
44.748
 20
13.359
 30
0.0
  0
INSERT
  5
83A
330
17
100
AcDbEntity
  8
SLD_SYMS
100
AcDbBlockReference
 66
1
  2
VXF1CT
 10
44.94
 20
12.007
 30
0.0
  0
ATTRIB
  5
83C
330
17
100
AcDbEntity
  8
0
100
AcDbText
 10
44.712916666666665
 20
11.585125
 30
0.0
 40
0.125
  1

  7
WD
 41
0.7
 72
1
 11
44.712916666666665
 21
11.585125
 31
0.0
100
AcDbAttribute
  2
INST
 70
1
  0
ATTRIB
  5
83D
330
17
100
AcDbEntity
  8
0
100
AcDbText
 10
44.94
 20
11.723826474599724
 30
0.0
 40
0.0125
  1

  7
WD
 11
44.94
 21
11.723826474599724
 31
0.0
100
AcDbAttribute
  2
X8TERM01
 70
1
  0
ATTRIB
  5
83E
330
17
100
AcDbEntity
  8
0
100
AcDbText
 10
44.972211762700134
 20
11.756038237299862
 30
0.0
 40
0.0125
  1

  7
WD
 11
44.972211762700134
 21
11.756038237299862
 31
0.0
100
AcDbAttribute
  2
X1TERM01
 70
1
  0
ATTRIB
  5
83F
330
17
100
AcDbEntity
  8
0
  6
Continuous
100
AcDbText
 10
44.88506216961904
 20
11.776456032263782
 30
0.0
 40
0.125
  1

  7
WD
 72
2
 11
44.88506216961904
 21
11.776456032263782
 31
0.0
100
AcDbAttribute
  2
TERM01
 70
9
  0
ATTRIB
  5
840
330
17
100
AcDbEntity
  8
0
  6
Continuous
100
AcDbText
 10
44.89500691695106
 20
12.273965784883833
 30
0.0
 40
0.125
  1

  7
WD
 72
2
 11
44.89500691695106
 21
12.273965784883833
 31
0.0
100
AcDbAttribute
  2
TERM02
 70
9
  0
ATTRIB
  5
841
330
17
100
AcDbEntity
  8
0
100
AcDbText
 10
44.972211762700134
 20
12.256038237299862
 30
0.0
 40
0.0125
  1

  7
WD
 11
44.972211762700134
 21
12.256038237299862
 31
0.0
100
AcDbAttribute
  2
X1TERM02
 70
1
  0
ATTRIB
  5
842
330
17
100
AcDbEntity
  8
0
100
AcDbText
 10
44.94
 20
12.28825
 30
0.0
 40
0.0125
  1

  7
WD
 11
44.94
 21
12.28825
 31
0.0
100
AcDbAttribute
  2
X2TERM02
 70
1
  0
ATTRIB
  5
843
330
17
100
AcDbEntity
  8
0
100
AcDbText
 10
45.22125
 20
11.882
 30
0.0
 40
0.125
  1

  7
WD
 41
0.7
 11
45.22125
 21
11.882
 31
0.0
100
AcDbAttribute
  2
RATING1
 70
1
  0
ATTRIB
  5
844
330
17
100
AcDbEntity
  8
0
100
AcDbText
 10
45.22125
 20
12.03825
 30
0.0
 40
0.125
  1

  7
WD
 11
45.22125
 21
12.03825
 31
0.0
100
AcDbAttribute
  2
TAG1
 70
1
  0
ATTRIB
  5
845
330
17
100
AcDbEntity
  8
0
100
AcDbText
 10
44.73947062227279
 20
11.24970533180122
 30
0.0
 40
0.125
  1
400:5A (3)
  7
WD
 41
0.7
 72
1
 11
44.73947062227279
 21
11.24970533180122
 31
0.0
100
AcDbAttribute
  2
DESC1
 70
0
  0
ATTRIB
  5
846
330
17
100
AcDbEntity
  8
0
100
AcDbText
 10
44.73947062227279
 20
11.093458904647663
 30
0.0
 40
0.125
  1
CT 5P20
  7
WD
 41
0.7
 72
1
 11
44.73947062227279
 21
11.093458904647663
 31
0.0
100
AcDbAttribute
  2
DESC2
 70
0
  0
ATTRIB
  5
847
330
17
100
AcDbEntity
  8
0
100
AcDbText
 10
44.73947062227279
 20
11.405951758954775
 30
0.0
 40
0.125
  1

  7
WD
 41
0.7
 72
1
 11
44.73947062227279
 21
11.405951758954775
 31
0.0
100
AcDbAttribute
  2
LOC
 70
1
  0
ATTRIB
  5
848
330
17
100
AcDbEntity
  8
0
  6
Continuous
100
AcDbText
 10
44.76906982489897
 20
12.125955350386372
 30
0.0
 40
0.01
  1

  7
WD
 72
1
 11
44.76906982489897
 21
12.125955350386372
 31
0.0
100
AcDbAttribute
  2
ASSYCODE
 70
9
  0
ATTRIB
  5
849
330
17
100
AcDbEntity
  8
0
100
AcDbText
 10
44.74729166666666
 20
11.960125
 30
0.0
 40
0.125
  1

  7
WD
 72
1
 11
44.893125
 21
11.960125
 31
0.0
100
AcDbAttribute
  2
TYPE
 70
1
  0
ATTRIB
  5
84A
330
17
100
AcDbEntity
  8
0
100
AcDbText
 10
44.744192775900366
 20
12.197690293718368
 30
0.0
 40
0.01
  1

  7
WD
 11
44.744192775900366
 21
12.197690293718368
 31
0.0
100
AcDbAttribute
  2
FAMILY
 70
9
  0
ATTRIB
  5
84B
330
17
100
AcDbEntity
  8
0
  6
Continuous
100
AcDbText
 10
44.76924604183871
 20
12.169138877858606
 30
0.0
 40
0.01
  1

  7
WD
 72
1
 11
44.76924604183871
 21
12.169138877858606
 31
0.0
100
AcDbAttribute
  2
CAT
 70
9
  0
ATTRIB
  5
84C
330
17
100
AcDbEntity
  8
0
  6
Continuous
100
AcDbText
 10
44.7673009961988
 20
12.149697124151155
 30
0.0
 40
0.01
  1

  7
WD
 72
1
 11
44.7673009961988
 21
12.149697124151155
 31
0.0
100
AcDbAttribute
  2
MFG
 70
9
  0
SEQEND
  5
83B
330
83A
100
AcDbEntity
  8
SLD_SYMS
  0
INSERT
  5
84D
330
17
100
AcDbEntity
  8
SLD_SYMS
100
AcDbBlockReference
  2
WDDOT
 10
44.8
 20
12.325
 30
0.0
  0
MTEXT
  5
84F
330
17
100
AcDbEntity
  8
SLD_TEXT
100
AcDbMText
 10
43.973
 20
11.774
 30
0.0
 40
0.1
 41
0.0
 71
2
  1
1%%C
  0
INSERT
  5
850
330
17
100
AcDbEntity
  8
SLD_SYMS
100
AcDbBlockReference
 66
1
  2
VXF1CT
 10
44.94
 20
10.308
 30
0.0
  0
ATTRIB
  5
852
330
17
100
AcDbEntity
  8
0
100
AcDbText
 10
44.712916666666665
 20
9.886125
 30
0.0
 40
0.125
  1

  7
WD
 41
0.7
 72
1
 11
44.712916666666665
 21
9.886125
 31
0.0
100
AcDbAttribute
  2
INST
 70
1
  0
ATTRIB
  5
853
330
17
100
AcDbEntity
  8
0
100
AcDbText
 10
44.94
 20
10.024826474599724
 30
0.0
 40
0.0125
  1

  7
WD
 11
44.94
 21
10.024826474599724
 31
0.0
100
AcDbAttribute
  2
X8TERM01
 70
1
  0
ATTRIB
  5
854
330
17
100
AcDbEntity
  8
0
100
AcDbText
 10
44.972211762700134
 20
10.057038237299862
 30
0.0
 40
0.0125
  1

  7
WD
 11
44.972211762700134
 21
10.057038237299862
 31
0.0
100
AcDbAttribute
  2
X1TERM01
 70
1
  0
ATTRIB
  5
855
330
17
100
AcDbEntity
  8
0
  6
Continuous
100
AcDbText
 10
44.88506216961904
 20
10.077456032263783
 30
0.0
 40
0.125
  1

  7
WD
 72
2
 11
44.88506216961904
 21
10.077456032263783
 31
0.0
100
AcDbAttribute
  2
TERM01
 70
9
  0
ATTRIB
  5
856
330
17
100
AcDbEntity
  8
0
  6
Continuous
100
AcDbText
 10
44.89500691695106
 20
10.574965784883833
 30
0.0
 40
0.125
  1

  7
WD
 72
2
 11
44.89500691695106
 21
10.574965784883833
 31
0.0
100
AcDbAttribute
  2
TERM02
 70
9
  0
ATTRIB
  5
857
330
17
100
AcDbEntity
  8
0
100
AcDbText
 10
44.972211762700134
 20
10.557038237299862
 30
0.0
 40
0.0125
  1

  7
WD
 11
44.972211762700134
 21
10.557038237299862
 31
0.0
100
AcDbAttribute
  2
X1TERM02
 70
1
  0
ATTRIB
  5
858
330
17
100
AcDbEntity
  8
0
100
AcDbText
 10
44.94
 20
10.58925
 30
0.0
 40
0.0125
  1

  7
WD
 11
44.94
 21
10.58925
 31
0.0
100
AcDbAttribute
  2
X2TERM02
 70
1
  0
ATTRIB
  5
859
330
17
100
AcDbEntity
  8
0
100
AcDbText
 10
45.22125
 20
10.183
 30
0.0
 40
0.125
  1

  7
WD
 41
0.7
 11
45.22125
 21
10.183
 31
0.0
100
AcDbAttribute
  2
RATING1
 70
1
  0
ATTRIB
  5
85A
330
17
100
AcDbEntity
  8
0
100
AcDbText
 10
45.22125
 20
10.33925
 30
0.0
 40
0.125
  1

  7
WD
 11
45.22125
 21
10.33925
 31
0.0
100
AcDbAttribute
  2
TAG1
 70
1
  0
ATTRIB
  5
85B
330
17
100
AcDbEntity
  8
0
100
AcDbText
 10
44.73947062227279
 20
9.550705331801218
 30
0.0
 40
0.125
  1
3000:5A (3)
  7
WD
 41
0.7
 72
1
 11
44.73947062227279
 21
9.550705331801218
 31
0.0
100
AcDbAttribute
  2
DESC1
 70
0
  0
ATTRIB
  5
85C
330
17
100
AcDbEntity
  8
0
100
AcDbText
 10
44.73947062227279
 20
9.394458904647664
 30
0.0
 40
0.125
  1
CT 5P20
  7
WD
 41
0.7
 72
1
 11
44.73947062227279
 21
9.394458904647664
 31
0.0
100
AcDbAttribute
  2
DESC2
 70
0
  0
ATTRIB
  5
85D
330
17
100
AcDbEntity
  8
0
100
AcDbText
 10
44.73947062227279
 20
9.706951758954773
 30
0.0
 40
0.125
  1

  7
WD
 41
0.7
 72
1
 11
44.73947062227279
 21
9.706951758954773
 31
0.0
100
AcDbAttribute
  2
LOC
 70
1
  0
ATTRIB
  5
85E
330
17
100
AcDbEntity
  8
0
  6
Continuous
100
AcDbText
 10
44.76906982489897
 20
10.426955350386372
 30
0.0
 40
0.01
  1

  7
WD
 72
1
 11
44.76906982489897
 21
10.426955350386372
 31
0.0
100
AcDbAttribute
  2
ASSYCODE
 70
9
  0
ATTRIB
  5
85F
330
17
100
AcDbEntity
  8
0
100
AcDbText
 10
44.74729166666666
 20
10.261125
 30
0.0
 40
0.125
  1

  7
WD
 72
1
 11
44.893125
 21
10.261125
 31
0.0
100
AcDbAttribute
  2
TYPE
 70
1
  0
ATTRIB
  5
860
330
17
100
AcDbEntity
  8
0
100
AcDbText
 10
44.744192775900366
 20
10.498690293718369
 30
0.0
 40
0.01
  1

  7
WD
 11
44.744192775900366
 21
10.498690293718369
 31
0.0
100
AcDbAttribute
  2
FAMILY
 70
9
  0
ATTRIB
  5
861
330
17
100
AcDbEntity
  8
0
  6
Continuous
100
AcDbText
 10
44.76924604183871
 20
10.470138877858606
 30
0.0
 40
0.01
  1

  7
WD
 72
1
 11
44.76924604183871
 21
10.470138877858606
 31
0.0
100
AcDbAttribute
  2
CAT
 70
9
  0
ATTRIB
  5
862
330
17
100
AcDbEntity
  8
0
  6
Continuous
100
AcDbText
 10
44.7673009961988
 20
10.450697124151155
 30
0.0
 40
0.01
  1

  7
WD
 72
1
 11
44.7673009961988
 21
10.450697124151155
 31
0.0
100
AcDbAttribute
  2
MFG
 70
9
  0
SEQEND
  5
851
330
850
100
AcDbEntity
  8
SLD_SYMS
  0
INSERT
  5
863
330
17
100
AcDbEntity
  8
SLD_SYMS
100
AcDbBlockReference
  2
WDDOT
 10
44.794
 20
10.606
 30
0.0
  0
MTEXT
  5
865
330
17
100
AcDbEntity
  8
SLD_TEXT
100
AcDbMText
 10
43.973
 20
10.08
 30
0.0
 40
0.1
 41
0.0
 71
2
  1
1%%C
  0
INSERT
  5
866
330
17
100
AcDbEntity
  8
SLD_SYMS
100
AcDbBlockReference
 66
1
  2
VCN1PJ
 10
44.75
 20
9.034
 30
0.0
  0
ATTRIB
  5
868
330
17
100
AcDbEntity
  8
0
100
AcDbText
 10
44.979166666666664
 20
9.883801758954775
 30
0.0
 40
0.125
  1

  7
WD
 41
0.7
 72
2
 11
44.979166666666664
 21
9.883801758954775
 31
0.0
100
AcDbAttribute
  2
INST
 70
1
  0
ATTRIB
  5
869
330
17
100
AcDbEntity
  8
0
100
AcDbText
 10
44.763072926894985
 20
8.919359872741506
 30
0.0
 40
0.01
  1

  7
WD
 11
44.763072926894985
 21
8.919359872741506
 31
0.0
100
AcDbAttribute
  2
X8TERMDESC01
 70
1
  0
ATTRIB
  5
86A
330
17
100
AcDbEntity
  8
0
100
AcDbText
 10
44.77614586449905
 20
9.075609867770696
 30
0.0
 40
0.01
  1

  7
WD
 11
44.77614586449905
 21
9.075609867770696
 31
0.0
100
AcDbAttribute
  2
X2TERMDESC02
 70
1
  0
ATTRIB
  5
86B
330
17
100
AcDbEntity
  8
0
  6
Continuous
100
AcDbText
 10
44.640924736372426
 20
9.020056517835846
 30
0.0
 40
0.01
  1

  7
WD
 72
1
 11
44.640924736372426
 21
9.020056517835846
 31
0.0
100
AcDbAttribute
  2
ASSYCODE
 70
9
  0
ATTRIB
  5
86C
330
17
100
AcDbEntity
  8
0
100
AcDbText
 10
44.625
 20
8.9715
 30
0.0
 40
0.01
  1

  7
WD
 11
44.625
 21
8.9715
 31
0.0
100
AcDbAttribute
  2
X4LINK
 70
1
  0
ATTRIB
  5
86D
330
17
100
AcDbEntity
  8
0
100
AcDbText
 10
44.875
 20
8.9715
 30
0.0
 40
0.01
  1

  7
WD
 11
44.875
 21
8.9715
 31
0.0
100
AcDbAttribute
  2
X1LINK
 70
1
  0
ATTRIB
  5
86E
330
17
100
AcDbEntity
  8
0
100
AcDbText
 10
44.6875
 20
9.714201758954776
 30
0.0
 40
0.125
  1

  7
WD
 41
0.7
 72
2
 11
44.6875
 21
9.714201758954776
 31
0.0
100
AcDbAttribute
  2
LOC
 70
1
  0
ATTRIB
  5
86F
330
17
100
AcDbEntity
  8
0
  6
Continuous
100
AcDbText
 10
44.64139310844966
 20
9.034039283222857
 30
0.0
 40
0.01
  1

  7
WD
 72
1
 11
44.64139310844966
 21
9.034039283222857
 31
0.0
100
AcDbAttribute
  2
MFG
 70
9
  0
ATTRIB
  5
870
330
17
100
AcDbEntity
  8
0
  6
Continuous
100
AcDbText
 10
44.64333815408958
 20
9.053481036930307
 30
0.0
 40
0.01
  1

  7
WD
 72
1
 11
44.64333815408958
 21
9.053481036930307
 31
0.0
100
AcDbAttribute
  2
CAT
 70
9
  0
ATTRIB
  5
871
330
17
100
AcDbEntity
  8
0
100
AcDbText
 10
44.61828488815123
 20
9.09765745279007
 30
0.0
 40
0.01
  1

  7
WD
 11
44.61828488815123
 21
9.09765745279007
 31
0.0
100
AcDbAttribute
  2
FAMILY
 70
9
  0
ATTRIB
  5
872
330
17
100
AcDbEntity
  8
0
100
AcDbText
 10
44.6875
 20
9.388278904647665
 30
0.0
 40
0.125
  1

  7
WD
 41
0.7
 72
2
 11
44.6875
 21
9.388278904647665
 31
0.0
100
AcDbAttribute
  2
DESC2
 70
1
  0
ATTRIB
  5
873
330
17
100
AcDbEntity
  8
0
100
AcDbText
 10
44.6875
 20
9.54452533180122
 30
0.0
 40
0.125
  1

  7
WD
 41
0.7
 72
2
 11
44.6875
 21
9.54452533180122
 31
0.0
100
AcDbAttribute
  2
DESC1
 70
1
  0
ATTRIB
  5
874
330
17
100
AcDbEntity
  8
0
100
AcDbText
 10
44.479166666666664
 20
9.12775
 30
0.0
 40
0.125
  1

  7
WD
 72
2
 11
44.6875
 21
9.12775
 31
0.0
100
AcDbAttribute
  2
TAG1
 70
1
  0
ATTRIB
  5
875
330
17
100
AcDbEntity
  8
0
  6
Continuous
100
AcDbText
 10
44.797
 20
8.75275
 30
0.0
 40
0.125
  1

  7
WD
 11
44.797
 21
8.87775
 31
0.0
100
AcDbAttribute
  2
TERM01
 70
9
 74
3
  0
ATTRIB
  5
876
330
17
100
AcDbEntity
  8
0
100
AcDbText
 10
44.75
 20
8.94025
 30
0.0
 40
0.0125
  1

  7
WD
 11
44.75
 21
8.94025
 31
0.0
100
AcDbAttribute
  2
X8TERM01
 70
1
  0
ATTRIB
  5
877
330
17
100
AcDbEntity
  8
0
100
AcDbText
 10
44.75
 20
9.0965
 30
0.0
 40
0.0125
  1

  7
WD
 11
44.75
 21
9.0965
 31
0.0
100
AcDbAttribute
  2
X2TERM02
 70
1
  0
ATTRIB
  5
878
330
17
100
AcDbEntity
  8
0
  6
Continuous
100
AcDbText
 10
44.797
 20
9.0965
 30
0.0
 40
0.125
  1

  7
WD
 11
44.797
 21
9.0965
 31
0.0
100
AcDbAttribute
  2
TERM02
 70
9
  0
ATTRIB
  5
879
330
17
100
AcDbEntity
  8
0
100
AcDbText
 10
44.61828488815123
 20
9.079025320458438
 30
0.0
 40
0.01
  1

  7
WD
 11
44.61828488815123
 21
9.079025320458438
 31
0.0
100
AcDbAttribute
  2
WDBLKNAM
 70
9
  0
SEQEND
  5
867
330
866
100
AcDbEntity
  8
SLD_SYMS
  0
INSERT
  5
87A
330
17
100
AcDbEntity
  8
SLD_SYMS
100
AcDbBlockReference
 66
1
  2
DEVICE_BUBBLE
 10
45.804
 20
15.318
 30
0.0
  0
ATTRIB
  5
87C
330
17
100
AcDbEntity
  8
0
100
AcDbText
 10
45.63246791010798
 20
15.218951515790893
 30
0.0
 40
0.2
  1
86
  7
OpenSans
 11
45.63246791010798
 21
15.218951515790893
 31
0.0
100
AcDbAttribute
  2
DB
 70
0
280
1
  0
SEQEND
  5
87B
330
87A
100
AcDbEntity
  8
SLD_SYMS
  0
LINE
  5
87D
330
17
100
AcDbEntity
  8
SLD_CONTROL
100
AcDbLine
 10
45.112
 20
15.318
 30
0.0
 11
45.587
 21
15.318
 31
0.0
  0
LINE
  5
87E
330
17
100
AcDbEntity
  8
SLD_CONTROL
100
AcDbLine
 10
45.804
 20
15.100999999999999
 30
0.0
 11
45.804
 21
14.715
 31
0.0
  0
LWPOLYLINE
  5
87F
330
17
100
AcDbEntity
  8
SLD_SYMS
100
AcDbPolyline
 90
4
 70
1
 10
45.497
 20
14.715
 10
46.675
 20
14.715
 10
46.675
 20
14.043
 10
45.497
 20
14.043
  0
LWPOLYLINE
  5
880
330
17
100
AcDbEntity
  8
SLD_CUBICLE
  6
DASHED
100
AcDbPolyline
 90
4
 70
1
 10
43.568
 20
12.465
 10
45.161
 20
12.465
 10
45.161
 20
9.912
 10
43.568
 20
9.912
  0
MTEXT
  5
881
330
17
100
AcDbEntity
  8
SLD_TEXT
100
AcDbMText
 10
44.75
 20
21.037
 30
0.0
 40
0.3
 41
0.0
 71
2
  1
UNIT 13
  0
MTEXT
  5
882
330
17
100
AcDbEntity
  8
SLD_TEXT
100
AcDbMText
 10
44.75
 20
20.173
 30
0.0
 40
0.3
 41
0.0
 71
2
  1
52-F2B\PBESS\PFEEDER
  0
MTEXT
  5
883
330
17
100
AcDbEntity
  8
SLD_TEXT
100
AcDbMText
 10
44.374
 20
15.408
 30
0.0
 40
0.093
 41
0.0
 71
1
  1
52-F2B\P17.5kV\P3150A\P40kA
  0
MTEXT
  5
884
330
17
100
AcDbEntity
  8
SLD_TEXT
100
AcDbMText
 10
46.086
 20
14.677
 30
0.0
 40
0.093
 41
0.0
 71
2
  1
SEL-751-F2B\PFEEDER\PPROTECTION\PRELAY
  0
MTEXT
  5
885
330
17
100
AcDbEntity
  8
SLD_TEXT
100
AcDbMText
 10
44.75
 20
8.87
 30
0.0
 40
0.093
 41
0.0
 71
2
  1
SPARE FOR BESS
  0
LINE
  5
886
330
17
100
AcDbEntity
  8
SLD_WIRE
100
AcDbLine
 10
48.36
 20
18.583
 30
0.0
 11
48.36
 21
14.469
 31
0.0
  0
LINE
  5
887
330
17
100
AcDbEntity
  8
SLD_WIRE
100
AcDbLine
 10
48.36
 20
13.657
 30
0.0
 11
48.36
 21
9.097
 31
0.0
  0
INSERT
  5
888
330
17
100
AcDbEntity
  8
SLD_SYMS
100
AcDbBlockReference
  2
WDDOT
 10
48.36
 20
18.583
 30
0.0
  0
INSERT
  5
88A
330
17
100
AcDbEntity
  8
SLD_SYMS
100
AcDbBlockReference
 66
1
  2
VDS11F
 10
48.36
 20
14.282
 30
0.0
  0
ATTRIB
  5
88C
330
17
100
AcDbEntity
  8
0
100
AcDbText
 10
48.48694143797307
 20
14.67222500000005
 30
0.0
 40
0.125
  1

  7
WD
 41
0.7
 11
48.48694143797307
 21
14.67222500000005
 31
0.0
100
AcDbAttribute
  2
INST
 70
1
  0
ATTRIB
  5
88D
330
17
100
AcDbEntity
  8
0
  6
Continuous
100
AcDbText
 10
48.26503671481555
 20
14.174482038323799
 30
0.0
 40
0.01
  1

  7
WD
 72
1
 11
48.26503671481555
 21
14.174482038323799
 31
0.0
100
AcDbAttribute
  2
ASSYCODE
 70
9
  0
ATTRIB
  5
88E
330
17
100
AcDbEntity
  8
0
100
AcDbText
 10
48.36
 20
13.8445
 30
0.0
 40
0.125
  1

 50
90.0
  7
WD
 41
0.7
 72
4
 11
48.36
 21
13.8445
 31
0.0
100
AcDbAttribute
  2
RATING2
 70
1
  0
ATTRIB
  5
88F
330
17
100
AcDbEntity
  8
0
 62
7
100
AcDbText
 10
48.156875
 20
14.282
 30
0.0
 40
0.01
  1

  7
WD
 11
48.156875
 21
14.282
 31
0.0
100
AcDbAttribute
  2
X4LINK
 70
1
  0
ATTRIB
  5
890
330
17
100
AcDbEntity
  8
0
 62
7
100
AcDbText
 10
48.36
 20
14.282
 30
0.0
 40
0.01
  1

  7
WD
 11
48.36
 21
14.282
 31
0.0
100
AcDbAttribute
  2
X1LINK
 70
1
  0
ATTRIB
  5
891
330
17
100
AcDbEntity
  8
0
100
AcDbText
 10
48.488714037480534
 20
13.883757848254104
 30
0.0
 40
0.125
  1
50A MV FUSE
  7
WD
 41
0.7
 11
48.488714037480534
 21
13.883757848254104
 31
0.0
100
AcDbAttribute
  2
DESC2
 70
0
  0
ATTRIB
  5
892
330
17
100
AcDbEntity
  8
0
100
AcDbText
 10
48.488714037480534
 20
14.040004275407659
 30
0.0
 40
0.125
  1
FUSED DISCONNECT
  7
WD
 41
0.7
 11
48.488714037480534
 21
14.040004275407659
 31
0.0
100
AcDbAttribute
  2
DESC1
 70
0
  0
ATTRIB
  5
893
330
17
100
AcDbEntity
  8
0
100
AcDbText
 10
48.488714037480534
 20
14.191987851634414
 30
0.0
 40
0.125
  1

  7
WD
 41
0.7
 11
48.488714037480534
 21
14.191987851634414
 31
0.0
100
AcDbAttribute
  2
XREF
 70
1
  0
ATTRIB
  5
894
330
17
100
AcDbEntity
  8
0
100
AcDbText
 10
48.48694143797307
 20
14.34637500000005
 30
0.0
 40
0.125
  1
DS1
  7
WD
 41
0.9
 11
48.48694143797307
 21
14.34637500000005
 31
0.0
100
AcDbAttribute
  2
TAG1
 70
0
  0
ATTRIB
  5
895
330
17
100
AcDbEntity
  8
0
100
AcDbText
 10
48.48694143797307
 20
14.50262500000005
 30
0.0
 40
0.125
  1

  7
WD
 41
0.7
 11
48.48694143797307
 21
14.50262500000005
 31
0.0
100
AcDbAttribute
  2
LOC
 70
1
  0
ATTRIB
  5
896
330
17
100
AcDbEntity
  8
0
  6
Continuous
100
AcDbText
 10
48.305029620844344
 20
14.48862661600492
 30
0.0
 40
0.125
  1

  7
WD
 72
2
 11
48.305029620844344
 21
14.48862661600492
 31
0.0
100
AcDbAttribute
  2
TERM01
 70
9
  0
ATTRIB
  5
897
330
17
100
AcDbEntity
  8
0
  6
Continuous
100
AcDbText
 10
48.319298778392
 20
13.506052969349003
 30
0.0
 40
0.125
  1

  7
WD
 72
2
 11
48.319298778392
 21
13.631052969349003
 31
0.0
100
AcDbAttribute
  2
TERM02
 70
9
 74
3
  0
ATTRIB
  5
898
330
17
100
AcDbEntity
  8
0
 62
7
100
AcDbText
 10
48.36
 20
14.4695
 30
0.0
 40
0.0125
  1

  7
WD
 11
48.36
 21
14.4695
 31
0.0
100
AcDbAttribute
  2
X2TERM01
 70
1
  0
ATTRIB
  5
899
330
17
100
AcDbEntity
  8
0
 62
7
100
AcDbText
 10
48.36
 20
13.657
 30
0.0
 40
0.0125
  1

  7
WD
 11
48.36
 21
13.657
 31
0.0
100
AcDbAttribute
  2
X8TERM02
 70
1
  0
ATTRIB
  5
89A
330
17
100
AcDbEntity
  8
0
100
AcDbText
 10
48.26371641434033
 20
14.245540457527664
 30
0.0
 40
0.01
  1

  7
WD
 72
2
 11
48.280383081006995
 21
14.245540457527664
 31
0.0
100
AcDbAttribute
  2
FAMILY
 70
9
  0
ATTRIB
  5
89B
330
17
100
AcDbEntity
  8
0
  6
Continuous
100
AcDbText
 10
48.280383081006995
 20
14.208873790860997
 30
0.0
 40
0.01
  1

  7
WD
 72
2
 11
48.280383081006995
 21
14.208873790860997
 31
0.0
100
AcDbAttribute
  2
CAT
 70
9
  0
ATTRIB
  5
89C
330
17
100
AcDbEntity
  8
0
  6
Continuous
100
AcDbText
 10
48.280383081006995
 20
14.193873790860998
 30
0.0
 40
0.01
  1

  7
WD
 72
2
 11
48.280383081006995
 21
14.193873790860998
 31
0.0
100
AcDbAttribute
  2
MFG
 70
9
  0
ATTRIB
  5
89D
330
17
100
AcDbEntity
  8
0
100
AcDbText
 10
48.20375
 20
14.31325
 30
0.0
 40
0.125
  1

  7
WD
 41
0.7
 72
2
 11
48.20375
 21
14.31325
 31
0.0
100
AcDbAttribute
  2
RATING1
 70
1
  0
ATTRIB
  5
89E
330
17
100
AcDbEntity
  8
0
100
AcDbText
 10
48.27704974767366
 20
14.151499205632279
 30
0.0
 40
0.01
  1

  7
WD
 72
2
 11
48.29371641434033
 21
14.151499205632279
 31
0.0
100
AcDbAttribute
  2
CONTACT
 70
9
  0
SEQEND
  5
88B
330
88A
100
AcDbEntity
  8
SLD_SYMS
  0
LWPOLYLINE
  5
89F
330
17
100
AcDbEntity
  8
SLD_SYMS
100
AcDbPolyline
 90
4
 70
1
 10
48.577
 20
13.255
 10
48.861
 20
13.255
 10
48.861
 20
12.988
 10
48.577
 20
12.988
  0
CIRCLE
  5
8A0
330
17
100
AcDbEntity
  8
SLD_SYMS
100
AcDbCircle
 10
48.719
 20
13.121
 30
0.0
 40
0.11
  0
MTEXT
  5
8A1
330
17
100
AcDbEntity
  8
SLD_TEXT
100
AcDbMText
 10
49.086999999999996
 20
12.87
 30
0.0
 40
0.1
 41
0.0
 71
1
  1
KIRK KEY CAN\P ONLY\PBE REMOVED \PWHEN THE \PDISCONNECT\PIS OPEN.
  0
INSERT
  5
8A2
330
17
100
AcDbEntity
  8
SLD_SYMS
100
AcDbBlockReference
 66
1
  2
VXF1CT
 10
48.55
 20
10.308
 30
0.0
  0
ATTRIB
  5
8A4
330
17
100
AcDbEntity
  8
0
100
AcDbText
 10
48.322916666666664
 20
9.886125
 30
0.0
 40
0.125
  1

  7
WD
 41
0.7
 72
1
 11
48.322916666666664
 21
9.886125
 31
0.0
100
AcDbAttribute
  2
INST
 70
1
  0
ATTRIB
  5
8A5
330
17
100
AcDbEntity
  8
0
100
AcDbText
 10
48.55
 20
10.024826474599724
 30
0.0
 40
0.0125
  1

  7
WD
 11
48.55
 21
10.024826474599724
 31
0.0
100
AcDbAttribute
  2
X8TERM01
 70
1
  0
ATTRIB
  5
8A6
330
17
100
AcDbEntity
  8
0
100
AcDbText
 10
48.58221176270013
 20
10.057038237299862
 30
0.0
 40
0.0125
  1

  7
WD
 11
48.58221176270013
 21
10.057038237299862
 31
0.0
100
AcDbAttribute
  2
X1TERM01
 70
1
  0
ATTRIB
  5
8A7
330
17
100
AcDbEntity
  8
0
  6
Continuous
100
AcDbText
 10
48.49506216961904
 20
10.077456032263783
 30
0.0
 40
0.125
  1

  7
WD
 72
2
 11
48.49506216961904
 21
10.077456032263783
 31
0.0
100
AcDbAttribute
  2
TERM01
 70
9
  0
ATTRIB
  5
8A8
330
17
100
AcDbEntity
  8
0
  6
Continuous
100
AcDbText
 10
48.50500691695106
 20
10.574965784883833
 30
0.0
 40
0.125
  1

  7
WD
 72
2
 11
48.50500691695106
 21
10.574965784883833
 31
0.0
100
AcDbAttribute
  2
TERM02
 70
9
  0
ATTRIB
  5
8A9
330
17
100
AcDbEntity
  8
0
100
AcDbText
 10
48.58221176270013
 20
10.557038237299862
 30
0.0
 40
0.0125
  1

  7
WD
 11
48.58221176270013
 21
10.557038237299862
 31
0.0
100
AcDbAttribute
  2
X1TERM02
 70
1
  0
ATTRIB
  5
8AA
330
17
100
AcDbEntity
  8
0
100
AcDbText
 10
48.55
 20
10.58925
 30
0.0
 40
0.0125
  1

  7
WD
 11
48.55
 21
10.58925
 31
0.0
100
AcDbAttribute
  2
X2TERM02
 70
1
  0
ATTRIB
  5
8AB
330
17
100
AcDbEntity
  8
0
100
AcDbText
 10
48.83125
 20
10.183
 30
0.0
 40
0.125
  1

  7
WD
 41
0.7
 11
48.83125
 21
10.183
 31
0.0
100
AcDbAttribute
  2
RATING1
 70
1
  0
ATTRIB
  5
8AC
330
17
100
AcDbEntity
  8
0
100
AcDbText
 10
48.83125
 20
10.33925
 30
0.0
 40
0.125
  1

  7
WD
 11
48.83125
 21
10.33925
 31
0.0
100
AcDbAttribute
  2
TAG1
 70
1
  0
ATTRIB
  5
8AD
330
17
100
AcDbEntity
  8
0
100
AcDbText
 10
48.34947062227279
 20
9.550705331801218
 30
0.0
 40
0.125
  1
3000:5A (3)
  7
WD
 41
0.7
 72
1
 11
48.34947062227279
 21
9.550705331801218
 31
0.0
100
AcDbAttribute
  2
DESC1
 70
0
  0
ATTRIB
  5
8AE
330
17
100
AcDbEntity
  8
0
100
AcDbText
 10
48.34947062227279
 20
9.394458904647664
 30
0.0
 40
0.125
  1
CT 5P20
  7
WD
 41
0.7
 72
1
 11
48.34947062227279
 21
9.394458904647664
 31
0.0
100
AcDbAttribute
  2
DESC2
 70
0
  0
ATTRIB
  5
8AF
330
17
100
AcDbEntity
  8
0
100
AcDbText
 10
48.34947062227279
 20
9.706951758954773
 30
0.0
 40
0.125
  1

  7
WD
 41
0.7
 72
1
 11
48.34947062227279
 21
9.706951758954773
 31
0.0
100
AcDbAttribute
  2
LOC
 70
1
  0
ATTRIB
  5
8B0
330
17
100
AcDbEntity
  8
0
  6
Continuous
100
AcDbText
 10
48.37906982489897
 20
10.426955350386372
 30
0.0
 40
0.01
  1

  7
WD
 72
1
 11
48.37906982489897
 21
10.426955350386372
 31
0.0
100
AcDbAttribute
  2
ASSYCODE
 70
9
  0
ATTRIB
  5
8B1
330
17
100
AcDbEntity
  8
0
100
AcDbText
 10
48.35729166666666
 20
10.261125
 30
0.0
 40
0.125
  1

  7
WD
 72
1
 11
48.503125
 21
10.261125
 31
0.0
100
AcDbAttribute
  2
TYPE
 70
1
  0
ATTRIB
  5
8B2
330
17
100
AcDbEntity
  8
0
100
AcDbText
 10
48.354192775900366
 20
10.498690293718369
 30
0.0
 40
0.01
  1

  7
WD
 11
48.354192775900366
 21
10.498690293718369
 31
0.0
100
AcDbAttribute
  2
FAMILY
 70
9
  0
ATTRIB
  5
8B3
330
17
100
AcDbEntity
  8
0
  6
Continuous
100
AcDbText
 10
48.37924604183871
 20
10.470138877858606
 30
0.0
 40
0.01
  1

  7
WD
 72
1
 11
48.37924604183871
 21
10.470138877858606
 31
0.0
100
AcDbAttribute
  2
CAT
 70
9
  0
ATTRIB
  5
8B4
330
17
100
AcDbEntity
  8
0
  6
Continuous
100
AcDbText
 10
48.3773009961988
 20
10.450697124151155
 30
0.0
 40
0.01
  1

  7
WD
 72
1
 11
48.3773009961988
 21
10.450697124151155
 31
0.0
100
AcDbAttribute
  2
MFG
 70
9
  0
SEQEND
  5
8A3
330
8A2
100
AcDbEntity
  8
SLD_SYMS
  0
INSERT
  5
8B5
330
17
100
AcDbEntity
  8
SLD_SYMS
100
AcDbBlockReference
  2
WDDOT
 10
48.403999999999996
 20
10.606
 30
0.0
  0
MTEXT
  5
8B7
330
17
100
AcDbEntity
  8
SLD_TEXT
100
AcDbMText
 10
47.583
 20
10.08
 30
0.0
 40
0.1
 41
0.0
 71
2
  1
1%%C
  0
LWPOLYLINE
  5
8B8
330
17
100
AcDbEntity
  8
SLD_CUBICLE
  6
DASHED
100
AcDbPolyline
 90
4
 70
1
 10
47.278999999999996
 20
10.679
 10
48.65
 20
10.679
 10
48.65
 20
9.907
 10
47.278999999999996
 20
9.907
  0
INSERT
  5
8B9
330
17
100
AcDbEntity
  8
SLD_SYMS
100
AcDbBlockReference
 66
1
  2
VCN1PJ
 10
48.36
 20
9.034
 30
0.0
  0
ATTRIB
  5
8BB
330
17
100
AcDbEntity
  8
0
100
AcDbText
 10
48.589166666666664
 20
9.883801758954775
 30
0.0
 40
0.125
  1

  7
WD
 41
0.7
 72
2
 11
48.589166666666664
 21
9.883801758954775
 31
0.0
100
AcDbAttribute
  2
INST
 70
1
  0
ATTRIB
  5
8BC
330
17
100
AcDbEntity
  8
0
100
AcDbText
 10
48.373072926894984
 20
8.919359872741506
 30
0.0
 40
0.01
  1

  7
WD
 11
48.373072926894984
 21
8.919359872741506
 31
0.0
100
AcDbAttribute
  2
X8TERMDESC01
 70
1
  0
ATTRIB
  5
8BD
330
17
100
AcDbEntity
  8
0
100
AcDbText
 10
48.38614586449905
 20
9.075609867770696
 30
0.0
 40
0.01
  1

  7
WD
 11
48.38614586449905
 21
9.075609867770696
 31
0.0
100
AcDbAttribute
  2
X2TERMDESC02
 70
1
  0
ATTRIB
  5
8BE
330
17
100
AcDbEntity
  8
0
  6
Continuous
100
AcDbText
 10
48.250924736372426
 20
9.020056517835846
 30
0.0
 40
0.01
  1

  7
WD
 72
1
 11
48.250924736372426
 21
9.020056517835846
 31
0.0
100
AcDbAttribute
  2
ASSYCODE
 70
9
  0
ATTRIB
  5
8BF
330
17
100
AcDbEntity
  8
0
100
AcDbText
 10
48.235
 20
8.9715
 30
0.0
 40
0.01
  1

  7
WD
 11
48.235
 21
8.9715
 31
0.0
100
AcDbAttribute
  2
X4LINK
 70
1
  0
ATTRIB
  5
8C0
330
17
100
AcDbEntity
  8
0
100
AcDbText
 10
48.485
 20
8.9715
 30
0.0
 40
0.01
  1

  7
WD
 11
48.485
 21
8.9715
 31
0.0
100
AcDbAttribute
  2
X1LINK
 70
1
  0
ATTRIB
  5
8C1
330
17
100
AcDbEntity
  8
0
100
AcDbText
 10
48.2975
 20
9.714201758954776
 30
0.0
 40
0.125
  1

  7
WD
 41
0.7
 72
2
 11
48.2975
 21
9.714201758954776
 31
0.0
100
AcDbAttribute
  2
LOC
 70
1
  0
ATTRIB
  5
8C2
330
17
100
AcDbEntity
  8
0
  6
Continuous
100
AcDbText
 10
48.25139310844966
 20
9.034039283222857
 30
0.0
 40
0.01
  1

  7
WD
 72
1
 11
48.25139310844966
 21
9.034039283222857
 31
0.0
100
AcDbAttribute
  2
MFG
 70
9
  0
ATTRIB
  5
8C3
330
17
100
AcDbEntity
  8
0
  6
Continuous
100
AcDbText
 10
48.253338154089576
 20
9.053481036930307
 30
0.0
 40
0.01
  1

  7
WD
 72
1
 11
48.253338154089576
 21
9.053481036930307
 31
0.0
100
AcDbAttribute
  2
CAT
 70
9
  0
ATTRIB
  5
8C4
330
17
100
AcDbEntity
  8
0
100
AcDbText
 10
48.22828488815123
 20
9.09765745279007
 30
0.0
 40
0.01
  1

  7
WD
 11
48.22828488815123
 21
9.09765745279007
 31
0.0
100
AcDbAttribute
  2
FAMILY
 70
9
  0
ATTRIB
  5
8C5
330
17
100
AcDbEntity
  8
0
100
AcDbText
 10
48.2975
 20
9.388278904647665
 30
0.0
 40
0.125
  1

  7
WD
 41
0.7
 72
2
 11
48.2975
 21
9.388278904647665
 31
0.0
100
AcDbAttribute
  2
DESC2
 70
1
  0
ATTRIB
  5
8C6
330
17
100
AcDbEntity
  8
0
100
AcDbText
 10
48.2975
 20
9.54452533180122
 30
0.0
 40
0.125
  1

  7
WD
 41
0.7
 72
2
 11
48.2975
 21
9.54452533180122
 31
0.0
100
AcDbAttribute
  2
DESC1
 70
1
  0
ATTRIB
  5
8C7
330
17
100
AcDbEntity
  8
0
100
AcDbText
 10
48.089166666666664
 20
9.12775
 30
0.0
 40
0.125
  1

  7
WD
 72
2
 11
48.2975
 21
9.12775
 31
0.0
100
AcDbAttribute
  2
TAG1
 70
1
  0
ATTRIB
  5
8C8
330
17
100
AcDbEntity
  8
0
  6
Continuous
100
AcDbText
 10
48.407
 20
8.75275
 30
0.0
 40
0.125
  1

  7
WD
 11
48.407
 21
8.87775
 31
0.0
100
AcDbAttribute
  2
TERM01
 70
9
 74
3
  0
ATTRIB
  5
8C9
330
17
100
AcDbEntity
  8
0
100
AcDbText
 10
48.36
 20
8.94025
 30
0.0
 40
0.0125
  1

  7
WD
 11
48.36
 21
8.94025
 31
0.0
100
AcDbAttribute
  2
X8TERM01
 70
1
  0
ATTRIB
  5
8CA
330
17
100
AcDbEntity
  8
0
100
AcDbText
 10
48.36
 20
9.0965
 30
0.0
 40
0.0125
  1

  7
WD
 11
48.36
 21
9.0965
 31
0.0
100
AcDbAttribute
  2
X2TERM02
 70
1
  0
ATTRIB
  5
8CB
330
17
100
AcDbEntity
  8
0
  6
Continuous
100
AcDbText
 10
48.407
 20
9.0965
 30
0.0
 40
0.125
  1

  7
WD
 11
48.407
 21
9.0965
 31
0.0
100
AcDbAttribute
  2
TERM02
 70
9
  0
ATTRIB
  5
8CC
330
17
100
AcDbEntity
  8
0
100
AcDbText
 10
48.22828488815123
 20
9.079025320458438
 30
0.0
 40
0.01
  1

  7
WD
 11
48.22828488815123
 21
9.079025320458438
 31
0.0
100
AcDbAttribute
  2
WDBLKNAM
 70
9
  0
SEQEND
  5
8BA
330
8B9
100
AcDbEntity
  8
SLD_SYMS
  0
MTEXT
  5
8CD
330
17
100
AcDbEntity
  8
SLD_TEXT
100
AcDbMText
 10
48.36
 20
21.037
 30
0.0
 40
0.3
 41
0.0
 71
2
  1
UNIT 14
  0
MTEXT
  5
8CE
330
17
100
AcDbEntity
  8
SLD_TEXT
100
AcDbMText
 10
48.36
 20
20.173
 30
0.0
 40
0.3
 41
0.0
 71
2
  1
XFMR\PFEEDER
  0
MTEXT
  5
8CF
330
17
100
AcDbEntity
  8
SLD_TEXT
100
AcDbMText
 10
48.36
 20
8.87
 30
0.0
 40
0.093
 41
0.0
 71
2
  1
CONTINUE BUS-A\PUNIT 8
  0
LINE
  5
8D0
330
17
100
AcDbEntity
  8
SLD_WIRE
100
AcDbLine
 10
51.97
 20
18.583
 30
0.0
 11
51.97
 21
16.207
 31
0.0
  0
LINE
  5
8D1
330
17
100
AcDbEntity
  8
SLD_WIRE
100
AcDbLine
 10
51.97
 20
16.051
 30
0.0
 11
51.97
 21
15.622
 31
0.0
  0
LINE
  5
8D2
330
17
100
AcDbEntity
  8
SLD_WIRE
100
AcDbLine
 10
51.97
 20
14.701
 30
0.0
 11
51.97
 21
14.346
 31
0.0
  0
LINE
  5
8D3
330
17
100
AcDbEntity
  8
SLD_WIRE
100
AcDbLine
 10
51.97
 20
14.189
 30
0.0
 11
51.97
 21
9.097
 31
0.0
  0
INSERT
  5
8D4
330
17
100
AcDbEntity
  8
SLD_SYMS
100
AcDbBlockReference
  2
WDDOT
 10
51.97
 20
18.583
 30
0.0
  0
INSERT
  5
8D6
330
17
100
AcDbEntity
  8
SLD_SYMS
100
AcDbBlockReference
 66
1
  2
VFU1_1-
 10
53.400999999999996
 20
16.204
 30
0.0
  0
ATTRIB
  5
8D8
330
17
100
AcDbEntity
  8
0
100
AcDbText
 10
53.525999999999996
 20
16.48525
 30
0.0
 40
0.125
  1

  7
WD
 41
0.85
 11
53.525999999999996
 21
16.48525
 31
0.0
100
AcDbAttribute
  2
INST
 70
1
  0
ATTRIB
  5
8D9
330
17
100
AcDbEntity
  8
0
  6
Continuous
100
AcDbText
 10
53.24772036438161
 20
16.097850164162786
 30
0.0
 40
0.01
  1

  7
WD
 72
1
 11
53.24772036438161
 21
16.097850164162786
 31
0.0
100
AcDbAttribute
  2
ASSYCODE
 70
9
  0
ATTRIB
  5
8DA
330
17
100
AcDbEntity
  8
0
 62
7
100
AcDbText
 10
53.275999999999996
 20
16.204
 30
0.0
 40
0.01
  1

  7
WD
 11
53.275999999999996
 21
16.204
 31
0.0
100
AcDbAttribute
  2
X4LINK
 70
1
  0
ATTRIB
  5
8DB
330
17
100
AcDbEntity
  8
0
 62
7
100
AcDbText
 10
53.525999999999996
 20
16.204
 30
0.0
 40
0.01
  1

  7
WD
 11
53.525999999999996
 21
16.204
 31
0.0
100
AcDbAttribute
  2
X1LINK
 70
1
  0
ATTRIB
  5
8DC
330
17
100
AcDbEntity
  8
0
100
AcDbText
 10
53.244749999999996
 20
16.1415
 30
0.0
 40
0.125
  1
6A
  7
WD
 41
0.85
 72
2
 11
53.244749999999996
 21
16.1415
 31
0.0
100
AcDbAttribute
  2
RATING1
 70
0
  0
ATTRIB
  5
8DD
330
17
100
AcDbEntity
  8
0
100
AcDbText
 10
53.525999999999996
 20
15.79775
 30
0.0
 40
0.125
  1

  7
WD
 41
0.85
 11
53.525999999999996
 21
15.79775
 31
0.0
100
AcDbAttribute
  2
DESC2
 70
1
  0
ATTRIB
  5
8DE
330
17
100
AcDbEntity
  8
0
100
AcDbText
 10
53.525999999999996
 20
15.969625
 30
0.0
 40
0.125
  1

  7
WD
 41
0.85
 11
53.525999999999996
 21
15.969625
 31
0.0
100
AcDbAttribute
  2
DESC1
 70
1
  0
ATTRIB
  5
8DF
330
17
100
AcDbEntity
  8
0
100
AcDbText
 10
53.52794143797307
 20
16.14337500000005
 30
0.0
 40
0.125
  1

  7
WD
 41
0.85
 11
53.52794143797307
 21
16.14337500000005
 31
0.0
100
AcDbAttribute
  2
TAG1
 70
1
  0
ATTRIB
  5
8E0
330
17
100
AcDbEntity
  8
0
100
AcDbText
 10
53.525999999999996
 20
16.313375
 30
0.0
 40
0.125
  1

  7
WD
 41
0.85
 11
53.525999999999996
 21
16.313375
 31
0.0
100
AcDbAttribute
  2
LOC
 70
1
  0
ATTRIB
  5
8E1
330
17
100
AcDbEntity
  8
0
  6
Continuous
100
AcDbText
 10
53.25888308100699
 20
16.115873790861
 30
0.0
 40
0.01
  1

  7
WD
 72
2
 11
53.25888308100699
 21
16.115873790861
 31
0.0
100
AcDbAttribute
  2
MFG
 70
9
  0
ATTRIB
  5
8E2
330
17
100
AcDbEntity
  8
0
  6
Continuous
100
AcDbText
 10
53.25888308100699
 20
16.130873790861
 30
0.0
 40
0.01
  1

  7
WD
 72
2
 11
53.25888308100699
 21
16.130873790861
 31
0.0
100
AcDbAttribute
  2
CAT
 70
9
  0
ATTRIB
  5
8E3
330
17
100
AcDbEntity
  8
0
100
AcDbText
 10
53.24221641434033
 20
16.167540457527664
 30
0.0
 40
0.01
  1

  7
WD
 72
2
 11
53.25888308100699
 21
16.167540457527664
 31
0.0
100
AcDbAttribute
  2
FAMILY
 70
9
  0
ATTRIB
  5
8E4
330
17
100
AcDbEntity
  8
0
 62
7
100
AcDbText
 10
53.400999999999996
 20
16.04775
 30
0.0
 40
0.0125
  1

  7
WD
 11
53.400999999999996
 21
16.04775
 31
0.0
100
AcDbAttribute
  2
X8TERM02
 70
1
  0
ATTRIB
  5
8E5
330
17
100
AcDbEntity
  8
0
 62
7
100
AcDbText
 10
53.400999999999996
 20
16.36025
 30
0.0
 40
0.0125
  1

  7
WD
 11
53.400999999999996
 21
16.36025
 31
0.0
100
AcDbAttribute
  2
X2TERM01
 70
1
  0
ATTRIB
  5
8E6
330
17
100
AcDbEntity
  8
0
  6
Continuous
100
AcDbText
 10
53.360298778392
 20
15.896802969349004
 30
0.0
 40
0.125
  1

  7
WD
 41
0.85
 72
2
 11
53.360298778392
 21
16.021802969349004
 31
0.0
100
AcDbAttribute
  2
TERM02
 70
9
 74
3
  0
ATTRIB
  5
8E7
330
17
100
AcDbEntity
  8
0
  6
Continuous
100
AcDbText
 10
53.34602962084434
 20
16.379376616004922
 30
0.0
 40
0.125
  1

  7
WD
 41
0.85
 72
2
 11
53.34602962084434
 21
16.379376616004922
 31
0.0
100
AcDbAttribute
  2
TERM01
 70
9
  0
ATTRIB
  5
8E8
330
17
100
AcDbEntity
  8
0
100
AcDbText
 10
53.25888308100699
 20
16.050763117239445
 30
0.0
 40
0.01
  1

  7
WD
 72
2
 11
53.27221641434033
 21
16.050763117239445
 31
0.0
100
AcDbAttribute
  2
WDTYPE
 70
9
  0
ATTRIB
  5
8E9
330
17
100
AcDbEntity
  8
0
100
AcDbText
 10
53.525999999999996
 20
15.625875
 30
0.0
 40
0.125
  1

  7
WD
 41
0.85
 11
53.525999999999996
 21
15.625875
 31
0.0
100
AcDbAttribute
  2
DESC3
 70
1
  0
ATTRIB
  5
8EA
330
17
100
AcDbEntity
  8
0
100
AcDbText
 10
53.27221641434033
 20
16.035138117239445
 30
0.0
 40
0.01
  1

  7
WD
 72
2
 11
53.27221641434033
 21
16.035138117239445
 31
0.0
100
AcDbAttribute
  2
WDBLKNAM
 70
9
  0
SEQEND
  5
8D7
330
8D6
100
AcDbEntity
  8
SLD_SYMS
  0
INSERT
  5
8EB
330
17
100
AcDbEntity
  8
SLD_SYMS
100
AcDbBlockReference
 66
1
  2
VCN1PJ
 10
51.97
 20
16.144
 30
0.0
  0
ATTRIB
  5
8ED
330
17
100
AcDbEntity
  8
0
100
AcDbText
 10
52.19916666666666
 20
16.993801758954774
 30
0.0
 40
0.125
  1

  7
WD
 41
0.7
 72
2
 11
52.19916666666666
 21
16.993801758954774
 31
0.0
100
AcDbAttribute
  2
INST
 70
1
  0
ATTRIB
  5
8EE
330
17
100
AcDbEntity
  8
0
100
AcDbText
 10
51.983072926894984
 20
16.029359872741505
 30
0.0
 40
0.01
  1

  7
WD
 11
51.983072926894984
 21
16.029359872741505
 31
0.0
100
AcDbAttribute
  2
X8TERMDESC01
 70
1
  0
ATTRIB
  5
8EF
330
17
100
AcDbEntity
  8
0
100
AcDbText
 10
51.99614586449905
 20
16.185609867770694
 30
0.0
 40
0.01
  1

  7
WD
 11
51.99614586449905
 21
16.185609867770694
 31
0.0
100
AcDbAttribute
  2
X2TERMDESC02
 70
1
  0
ATTRIB
  5
8F0
330
17
100
AcDbEntity
  8
0
  6
Continuous
100
AcDbText
 10
51.860924736372425
 20
16.130056517835843
 30
0.0
 40
0.01
  1

  7
WD
 72
1
 11
51.860924736372425
 21
16.130056517835843
 31
0.0
100
AcDbAttribute
  2
ASSYCODE
 70
9
  0
ATTRIB
  5
8F1
330
17
100
AcDbEntity
  8
0
100
AcDbText
 10
51.845
 20
16.0815
 30
0.0
 40
0.01
  1

  7
WD
 11
51.845
 21
16.0815
 31
0.0
100
AcDbAttribute
  2
X4LINK
 70
1
  0
ATTRIB
  5
8F2
330
17
100
AcDbEntity
  8
0
100
AcDbText
 10
52.095
 20
16.0815
 30
0.0
 40
0.01
  1

  7
WD
 11
52.095
 21
16.0815
 31
0.0
100
AcDbAttribute
  2
X1LINK
 70
1
  0
ATTRIB
  5
8F3
330
17
100
AcDbEntity
  8
0
100
AcDbText
 10
51.9075
 20
16.82420175895477
 30
0.0
 40
0.125
  1

  7
WD
 41
0.7
 72
2
 11
51.9075
 21
16.82420175895477
 31
0.0
100
AcDbAttribute
  2
LOC
 70
1
  0
ATTRIB
  5
8F4
330
17
100
AcDbEntity
  8
0
  6
Continuous
100
AcDbText
 10
51.86139310844966
 20
16.144039283222853
 30
0.0
 40
0.01
  1

  7
WD
 72
1
 11
51.86139310844966
 21
16.144039283222853
 31
0.0
100
AcDbAttribute
  2
MFG
 70
9
  0
ATTRIB
  5
8F5
330
17
100
AcDbEntity
  8
0
  6
Continuous
100
AcDbText
 10
51.863338154089575
 20
16.163481036930303
 30
0.0
 40
0.01
  1

  7
WD
 72
1
 11
51.863338154089575
 21
16.163481036930303
 31
0.0
100
AcDbAttribute
  2
CAT
 70
9
  0
ATTRIB
  5
8F6
330
17
100
AcDbEntity
  8
0
100
AcDbText
 10
51.83828488815123
 20
16.207657452790066
 30
0.0
 40
0.01
  1

  7
WD
 11
51.83828488815123
 21
16.207657452790066
 31
0.0
100
AcDbAttribute
  2
FAMILY
 70
9
  0
ATTRIB
  5
8F7
330
17
100
AcDbEntity
  8
0
100
AcDbText
 10
51.9075
 20
16.498278904647663
 30
0.0
 40
0.125
  1

  7
WD
 41
0.7
 72
2
 11
51.9075
 21
16.498278904647663
 31
0.0
100
AcDbAttribute
  2
DESC2
 70
1
  0
ATTRIB
  5
8F8
330
17
100
AcDbEntity
  8
0
100
AcDbText
 10
51.9075
 20
16.654525331801217
 30
0.0
 40
0.125
  1

  7
WD
 41
0.7
 72
2
 11
51.9075
 21
16.654525331801217
 31
0.0
100
AcDbAttribute
  2
DESC1
 70
1
  0
ATTRIB
  5
8F9
330
17
100
AcDbEntity
  8
0
100
AcDbText
 10
51.69916666666666
 20
16.23775
 30
0.0
 40
0.125
  1

  7
WD
 72
2
 11
51.9075
 21
16.23775
 31
0.0
100
AcDbAttribute
  2
TAG1
 70
1
  0
ATTRIB
  5
8FA
330
17
100
AcDbEntity
  8
0
  6
Continuous
100
AcDbText
 10
52.016999999999996
 20
15.862749999999998
 30
0.0
 40
0.125
  1

  7
WD
 11
52.016999999999996
 21
15.987749999999998
 31
0.0
100
AcDbAttribute
  2
TERM01
 70
9
 74
3
  0
ATTRIB
  5
8FB
330
17
100
AcDbEntity
  8
0
100
AcDbText
 10
51.97
 20
16.05025
 30
0.0
 40
0.0125
  1

  7
WD
 11
51.97
 21
16.05025
 31
0.0
100
AcDbAttribute
  2
X8TERM01
 70
1
  0
ATTRIB
  5
8FC
330
17
100
AcDbEntity
  8
0
100
AcDbText
 10
51.97
 20
16.2065
 30
0.0
 40
0.0125
  1

  7
WD
 11
51.97
 21
16.2065
 31
0.0
100
AcDbAttribute
  2
X2TERM02
 70
1
  0
ATTRIB
  5
8FD
330
17
100
AcDbEntity
  8
0
  6
Continuous
100
AcDbText
 10
52.016999999999996
 20
16.2065
 30
0.0
 40
0.125
  1

  7
WD
 11
52.016999999999996
 21
16.2065
 31
0.0
100
AcDbAttribute
  2
TERM02
 70
9
  0
ATTRIB
  5
8FE
330
17
100
AcDbEntity
  8
0
100
AcDbText
 10
51.83828488815123
 20
16.189025320458434
 30
0.0
 40
0.01
  1

  7
WD
 11
51.83828488815123
 21
16.189025320458434
 31
0.0
100
AcDbAttribute
  2
WDBLKNAM
 70
9
  0
SEQEND
  5
8EC
330
8EB
100
AcDbEntity
  8
SLD_SYMS
  0
LWPOLYLINE
  5
8FF
330
17
100
AcDbEntity
  8
SLD_SYMS
100
AcDbPolyline
 90
4
 70
1
 10
51.555
 20
15.622
 10
52.332
 20
15.622
 10
52.332
 20
14.701
 10
51.555
 20
14.701
  0
INSERT
  5
900
330
17
100
AcDbEntity
  8
SLD_SYMS
100
AcDbBlockReference
 66
1
  2
VCN1PJ
 10
51.97
 20
14.252
 30
0.0
 50
180.0
  0
ATTRIB
  5
902
330
17
100
AcDbEntity
  8
0
100
AcDbText
 10
51.740833333333335
 20
13.402198241045227
 30
0.0
 40
0.125
  1

 50
180.0
  7
WD
 41
0.7
 72
2
 11
51.740833333333335
 21
13.402198241045227
 31
0.0
100
AcDbAttribute
  2
INST
 70
1
  0
ATTRIB
  5
903
330
17
100
AcDbEntity
  8
0
100
AcDbText
 10
51.956927073105014
 20
14.366640127258496
 30
0.0
 40
0.01
  1

 50
180.0
  7
WD
 11
51.956927073105014
 21
14.366640127258496
 31
0.0
100
AcDbAttribute
  2
X8TERMDESC01
 70
1
  0
ATTRIB
  5
904
330
17
100
AcDbEntity
  8
0
100
AcDbText
 10
51.94385413550095
 20
14.210390132229305
 30
0.0
 40
0.01
  1

 50
180.0
  7
WD
 11
51.94385413550095
 21
14.210390132229305
 31
0.0
100
AcDbAttribute
  2
X2TERMDESC02
 70
1
  0
ATTRIB
  5
905
330
17
100
AcDbEntity
  8
0
  6
Continuous
100
AcDbText
 10
52.07907526362757
 20
14.265943482164156
 30
0.0
 40
0.01
  1

 50
180.0
  7
WD
 72
1
 11
52.07907526362757
 21
14.265943482164156
 31
0.0
100
AcDbAttribute
  2
ASSYCODE
 70
9
  0
ATTRIB
  5
906
330
17
100
AcDbEntity
  8
0
100
AcDbText
 10
52.095
 20
14.3145
 30
0.0
 40
0.01
  1

 50
180.0
  7
WD
 11
52.095
 21
14.3145
 31
0.0
100
AcDbAttribute
  2
X4LINK
 70
1
  0
ATTRIB
  5
907
330
17
100
AcDbEntity
  8
0
100
AcDbText
 10
51.845
 20
14.3145
 30
0.0
 40
0.01
  1

 50
180.0
  7
WD
 11
51.845
 21
14.3145
 31
0.0
100
AcDbAttribute
  2
X1LINK
 70
1
  0
ATTRIB
  5
908
330
17
100
AcDbEntity
  8
0
100
AcDbText
 10
52.0325
 20
13.571798241045226
 30
0.0
 40
0.125
  1

 50
180.0
  7
WD
 41
0.7
 72
2
 11
52.0325
 21
13.571798241045226
 31
0.0
100
AcDbAttribute
  2
LOC
 70
1
  0
ATTRIB
  5
909
330
17
100
AcDbEntity
  8
0
  6
Continuous
100
AcDbText
 10
52.078606891550336
 20
14.251960716777145
 30
0.0
 40
0.01
  1

 50
180.0
  7
WD
 72
1
 11
52.078606891550336
 21
14.251960716777145
 31
0.0
100
AcDbAttribute
  2
MFG
 70
9
  0
ATTRIB
  5
90A
330
17
100
AcDbEntity
  8
0
  6
Continuous
100
AcDbText
 10
52.07666184591042
 20
14.232518963069694
 30
0.0
 40
0.01
  1

 50
180.0
  7
WD
 72
1
 11
52.07666184591042
 21
14.232518963069694
 31
0.0
100
AcDbAttribute
  2
CAT
 70
9
  0
ATTRIB
  5
90B
330
17
100
AcDbEntity
  8
0
100
AcDbText
 10
52.10171511184877
 20
14.188342547209931
 30
0.0
 40
0.01
  1

 50
180.0
  7
WD
 11
52.10171511184877
 21
14.188342547209931
 31
0.0
100
AcDbAttribute
  2
FAMILY
 70
9
  0
ATTRIB
  5
90C
330
17
100
AcDbEntity
  8
0
100
AcDbText
 10
52.0325
 20
13.897721095352336
 30
0.0
 40
0.125
  1

 50
180.0
  7
WD
 41
0.7
 72
2
 11
52.0325
 21
13.897721095352336
 31
0.0
100
AcDbAttribute
  2
DESC2
 70
1
  0
ATTRIB
  5
90D
330
17
100
AcDbEntity
  8
0
100
AcDbText
 10
52.0325
 20
13.741474668198782
 30
0.0
 40
0.125
  1

 50
180.0
  7
WD
 41
0.7
 72
2
 11
52.0325
 21
13.741474668198782
 31
0.0
100
AcDbAttribute
  2
DESC1
 70
1
  0
ATTRIB
  5
90E
330
17
100
AcDbEntity
  8
0
100
AcDbText
 10
52.240833333333335
 20
14.15825
 30
0.0
 40
0.125
  1

 50
180.0
  7
WD
 72
2
 11
52.0325
 21
14.15825
 31
0.0
100
AcDbAttribute
  2
TAG1
 70
1
  0
ATTRIB
  5
90F
330
17
100
AcDbEntity
  8
0
  6
Continuous
100
AcDbText
 10
51.923
 20
14.53325
 30
0.0
 40
0.125
  1

 50
180.0
  7
WD
 11
51.923
 21
14.40825
 31
0.0
100
AcDbAttribute
  2
TERM01
 70
9
 74
3
  0
ATTRIB
  5
910
330
17
100
AcDbEntity
  8
0
100
AcDbText
 10
51.97
 20
14.34575
 30
0.0
 40
0.0125
  1

 50
180.0
  7
WD
 11
51.97
 21
14.34575
 31
0.0
100
AcDbAttribute
  2
X8TERM01
 70
1
  0
ATTRIB
  5
911
330
17
100
AcDbEntity
  8
0
100
AcDbText
 10
51.97
 20
14.1895
 30
0.0
 40
0.0125
  1

 50
180.0
  7
WD
 11
51.97
 21
14.1895
 31
0.0
100
AcDbAttribute
  2
X2TERM02
 70
1
  0
ATTRIB
  5
912
330
17
100
AcDbEntity
  8
0
  6
Continuous
100
AcDbText
 10
51.923
 20
14.1895
 30
0.0
 40
0.125
  1

 50
180.0
  7
WD
 11
51.923
 21
14.1895
 31
0.0
100
AcDbAttribute
  2
TERM02
 70
9
  0
ATTRIB
  5
913
330
17
100
AcDbEntity
  8
0
100
AcDbText
 10
52.10171511184877
 20
14.206974679541563
 30
0.0
 40
0.01
  1

 50
180.0
  7
WD
 11
52.10171511184877
 21
14.206974679541563
 31
0.0
100
AcDbAttribute
  2
WDBLKNAM
 70
9
  0
SEQEND
  5
901
330
900
100
AcDbEntity
  8
SLD_SYMS
  0
INSERT
  5
914
330
17
100
AcDbEntity
  8
SLD_SYMS
100
AcDbBlockReference
  2
ARRESTER
 10
51.967999999999996
 20
13.359
 30
0.0
  0
INSERT
  5
916
330
17
100
AcDbEntity
  8
SLD_SYMS
100
AcDbBlockReference
 66
1
  2
VXF1CT
 10
52.16
 20
12.007
 30
0.0
  0
ATTRIB
  5
918
330
17
100
AcDbEntity
  8
0
100
AcDbText
 10
51.932916666666664
 20
11.585125
 30
0.0
 40
0.125
  1

  7
WD
 41
0.7
 72
1
 11
51.932916666666664
 21
11.585125
 31
0.0
100
AcDbAttribute
  2
INST
 70
1
  0
ATTRIB
  5
919
330
17
100
AcDbEntity
  8
0
100
AcDbText
 10
52.16
 20
11.723826474599724
 30
0.0
 40
0.0125
  1

  7
WD
 11
52.16
 21
11.723826474599724
 31
0.0
100
AcDbAttribute
  2
X8TERM01
 70
1
  0
ATTRIB
  5
91A
330
17
100
AcDbEntity
  8
0
100
AcDbText
 10
52.19221176270013
 20
11.756038237299862
 30
0.0
 40
0.0125
  1

  7
WD
 11
52.19221176270013
 21
11.756038237299862
 31
0.0
100
AcDbAttribute
  2
X1TERM01
 70
1
  0
ATTRIB
  5
91B
330
17
100
AcDbEntity
  8
0
  6
Continuous
100
AcDbText
 10
52.10506216961904
 20
11.776456032263782
 30
0.0
 40
0.125
  1

  7
WD
 72
2
 11
52.10506216961904
 21
11.776456032263782
 31
0.0
100
AcDbAttribute
  2
TERM01
 70
9
  0
ATTRIB
  5
91C
330
17
100
AcDbEntity
  8
0
  6
Continuous
100
AcDbText
 10
52.11500691695106
 20
12.273965784883833
 30
0.0
 40
0.125
  1

  7
WD
 72
2
 11
52.11500691695106
 21
12.273965784883833
 31
0.0
100
AcDbAttribute
  2
TERM02
 70
9
  0
ATTRIB
  5
91D
330
17
100
AcDbEntity
  8
0
100
AcDbText
 10
52.19221176270013
 20
12.256038237299862
 30
0.0
 40
0.0125
  1

  7
WD
 11
52.19221176270013
 21
12.256038237299862
 31
0.0
100
AcDbAttribute
  2
X1TERM02
 70
1
  0
ATTRIB
  5
91E
330
17
100
AcDbEntity
  8
0
100
AcDbText
 10
52.16
 20
12.28825
 30
0.0
 40
0.0125
  1

  7
WD
 11
52.16
 21
12.28825
 31
0.0
100
AcDbAttribute
  2
X2TERM02
 70
1
  0
ATTRIB
  5
91F
330
17
100
AcDbEntity
  8
0
100
AcDbText
 10
52.44125
 20
11.882
 30
0.0
 40
0.125
  1

  7
WD
 41
0.7
 11
52.44125
 21
11.882
 31
0.0
100
AcDbAttribute
  2
RATING1
 70
1
  0
ATTRIB
  5
920
330
17
100
AcDbEntity
  8
0
100
AcDbText
 10
52.44125
 20
12.03825
 30
0.0
 40
0.125
  1

  7
WD
 11
52.44125
 21
12.03825
 31
0.0
100
AcDbAttribute
  2
TAG1
 70
1
  0
ATTRIB
  5
921
330
17
100
AcDbEntity
  8
0
100
AcDbText
 10
51.95947062227279
 20
11.24970533180122
 30
0.0
 40
0.125
  1
400:5A (3)
  7
WD
 41
0.7
 72
1
 11
51.95947062227279
 21
11.24970533180122
 31
0.0
100
AcDbAttribute
  2
DESC1
 70
0
  0
ATTRIB
  5
922
330
17
100
AcDbEntity
  8
0
100
AcDbText
 10
51.95947062227279
 20
11.093458904647663
 30
0.0
 40
0.125
  1
CT 5P20
  7
WD
 41
0.7
 72
1
 11
51.95947062227279
 21
11.093458904647663
 31
0.0
100
AcDbAttribute
  2
DESC2
 70
0
  0
ATTRIB
  5
923
330
17
100
AcDbEntity
  8
0
100
AcDbText
 10
51.95947062227279
 20
11.405951758954775
 30
0.0
 40
0.125
  1

  7
WD
 41
0.7
 72
1
 11
51.95947062227279
 21
11.405951758954775
 31
0.0
100
AcDbAttribute
  2
LOC
 70
1
  0
ATTRIB
  5
924
330
17
100
AcDbEntity
  8
0
  6
Continuous
100
AcDbText
 10
51.98906982489897
 20
12.125955350386372
 30
0.0
 40
0.01
  1

  7
WD
 72
1
 11
51.98906982489897
 21
12.125955350386372
 31
0.0
100
AcDbAttribute
  2
ASSYCODE
 70
9
  0
ATTRIB
  5
925
330
17
100
AcDbEntity
  8
0
100
AcDbText
 10
51.96729166666666
 20
11.960125
 30
0.0
 40
0.125
  1

  7
WD
 72
1
 11
52.113125
 21
11.960125
 31
0.0
100
AcDbAttribute
  2
TYPE
 70
1
  0
ATTRIB
  5
926
330
17
100
AcDbEntity
  8
0
100
AcDbText
 10
51.964192775900365
 20
12.197690293718368
 30
0.0
 40
0.01
  1

  7
WD
 11
51.964192775900365
 21
12.197690293718368
 31
0.0
100
AcDbAttribute
  2
FAMILY
 70
9
  0
ATTRIB
  5
927
330
17
100
AcDbEntity
  8
0
  6
Continuous
100
AcDbText
 10
51.98924604183871
 20
12.169138877858606
 30
0.0
 40
0.01
  1

  7
WD
 72
1
 11
51.98924604183871
 21
12.169138877858606
 31
0.0
100
AcDbAttribute
  2
CAT
 70
9
  0
ATTRIB
  5
928
330
17
100
AcDbEntity
  8
0
  6
Continuous
100
AcDbText
 10
51.9873009961988
 20
12.149697124151155
 30
0.0
 40
0.01
  1

  7
WD
 72
1
 11
51.9873009961988
 21
12.149697124151155
 31
0.0
100
AcDbAttribute
  2
MFG
 70
9
  0
SEQEND
  5
917
330
916
100
AcDbEntity
  8
SLD_SYMS
  0
INSERT
  5
929
330
17
100
AcDbEntity
  8
SLD_SYMS
100
AcDbBlockReference
  2
WDDOT
 10
52.019999999999996
 20
12.325
 30
0.0
  0
MTEXT
  5
92B
330
17
100
AcDbEntity
  8
SLD_TEXT
100
AcDbMText
 10
51.193
 20
11.774
 30
0.0
 40
0.1
 41
0.0
 71
2
  1
1%%C
  0
INSERT
  5
92C
330
17
100
AcDbEntity
  8
SLD_SYMS
100
AcDbBlockReference
 66
1
  2
VXF1CT
 10
52.16
 20
10.308
 30
0.0
  0
ATTRIB
  5
92E
330
17
100
AcDbEntity
  8
0
100
AcDbText
 10
51.932916666666664
 20
9.886125
 30
0.0
 40
0.125
  1

  7
WD
 41
0.7
 72
1
 11
51.932916666666664
 21
9.886125
 31
0.0
100
AcDbAttribute
  2
INST
 70
1
  0
ATTRIB
  5
92F
330
17
100
AcDbEntity
  8
0
100
AcDbText
 10
52.16
 20
10.024826474599724
 30
0.0
 40
0.0125
  1

  7
WD
 11
52.16
 21
10.024826474599724
 31
0.0
100
AcDbAttribute
  2
X8TERM01
 70
1
  0
ATTRIB
  5
930
330
17
100
AcDbEntity
  8
0
100
AcDbText
 10
52.19221176270013
 20
10.057038237299862
 30
0.0
 40
0.0125
  1

  7
WD
 11
52.19221176270013
 21
10.057038237299862
 31
0.0
100
AcDbAttribute
  2
X1TERM01
 70
1
  0
ATTRIB
  5
931
330
17
100
AcDbEntity
  8
0
  6
Continuous
100
AcDbText
 10
52.10506216961904
 20
10.077456032263783
 30
0.0
 40
0.125
  1

  7
WD
 72
2
 11
52.10506216961904
 21
10.077456032263783
 31
0.0
100
AcDbAttribute
  2
TERM01
 70
9
  0
ATTRIB
  5
932
330
17
100
AcDbEntity
  8
0
  6
Continuous
100
AcDbText
 10
52.11500691695106
 20
10.574965784883833
 30
0.0
 40
0.125
  1

  7
WD
 72
2
 11
52.11500691695106
 21
10.574965784883833
 31
0.0
100
AcDbAttribute
  2
TERM02
 70
9
  0
ATTRIB
  5
933
330
17
100
AcDbEntity
  8
0
100
AcDbText
 10
52.19221176270013
 20
10.557038237299862
 30
0.0
 40
0.0125
  1

  7
WD
 11
52.19221176270013
 21
10.557038237299862
 31
0.0
100
AcDbAttribute
  2
X1TERM02
 70
1
  0
ATTRIB
  5
934
330
17
100
AcDbEntity
  8
0
100
AcDbText
 10
52.16
 20
10.58925
 30
0.0
 40
0.0125
  1

  7
WD
 11
52.16
 21
10.58925
 31
0.0
100
AcDbAttribute
  2
X2TERM02
 70
1
  0
ATTRIB
  5
935
330
17
100
AcDbEntity
  8
0
100
AcDbText
 10
52.44125
 20
10.183
 30
0.0
 40
0.125
  1

  7
WD
 41
0.7
 11
52.44125
 21
10.183
 31
0.0
100
AcDbAttribute
  2
RATING1
 70
1
  0
ATTRIB
  5
936
330
17
100
AcDbEntity
  8
0
100
AcDbText
 10
52.44125
 20
10.33925
 30
0.0
 40
0.125
  1

  7
WD
 11
52.44125
 21
10.33925
 31
0.0
100
AcDbAttribute
  2
TAG1
 70
1
  0
ATTRIB
  5
937
330
17
100
AcDbEntity
  8
0
100
AcDbText
 10
51.95947062227279
 20
9.550705331801218
 30
0.0
 40
0.125
  1
3000:5A (3)
  7
WD
 41
0.7
 72
1
 11
51.95947062227279
 21
9.550705331801218
 31
0.0
100
AcDbAttribute
  2
DESC1
 70
0
  0
ATTRIB
  5
938
330
17
100
AcDbEntity
  8
0
100
AcDbText
 10
51.95947062227279
 20
9.394458904647664
 30
0.0
 40
0.125
  1
CT 5P20
  7
WD
 41
0.7
 72
1
 11
51.95947062227279
 21
9.394458904647664
 31
0.0
100
AcDbAttribute
  2
DESC2
 70
0
  0
ATTRIB
  5
939
330
17
100
AcDbEntity
  8
0
100
AcDbText
 10
51.95947062227279
 20
9.706951758954773
 30
0.0
 40
0.125
  1

  7
WD
 41
0.7
 72
1
 11
51.95947062227279
 21
9.706951758954773
 31
0.0
100
AcDbAttribute
  2
LOC
 70
1
  0
ATTRIB
  5
93A
330
17
100
AcDbEntity
  8
0
  6
Continuous
100
AcDbText
 10
51.98906982489897
 20
10.426955350386372
 30
0.0
 40
0.01
  1

  7
WD
 72
1
 11
51.98906982489897
 21
10.426955350386372
 31
0.0
100
AcDbAttribute
  2
ASSYCODE
 70
9
  0
ATTRIB
  5
93B
330
17
100
AcDbEntity
  8
0
100
AcDbText
 10
51.96729166666666
 20
10.261125
 30
0.0
 40
0.125
  1

  7
WD
 72
1
 11
52.113125
 21
10.261125
 31
0.0
100
AcDbAttribute
  2
TYPE
 70
1
  0
ATTRIB
  5
93C
330
17
100
AcDbEntity
  8
0
100
AcDbText
 10
51.964192775900365
 20
10.498690293718369
 30
0.0
 40
0.01
  1

  7
WD
 11
51.964192775900365
 21
10.498690293718369
 31
0.0
100
AcDbAttribute
  2
FAMILY
 70
9
  0
ATTRIB
  5
93D
330
17
100
AcDbEntity
  8
0
  6
Continuous
100
AcDbText
 10
51.98924604183871
 20
10.470138877858606
 30
0.0
 40
0.01
  1

  7
WD
 72
1
 11
51.98924604183871
 21
10.470138877858606
 31
0.0
100
AcDbAttribute
  2
CAT
 70
9
  0
ATTRIB
  5
93E
330
17
100
AcDbEntity
  8
0
  6
Continuous
100
AcDbText
 10
51.9873009961988
 20
10.450697124151155
 30
0.0
 40
0.01
  1

  7
WD
 72
1
 11
51.9873009961988
 21
10.450697124151155
 31
0.0
100
AcDbAttribute
  2
MFG
 70
9
  0
SEQEND
  5
92D
330
92C
100
AcDbEntity
  8
SLD_SYMS
  0
INSERT
  5
93F
330
17
100
AcDbEntity
  8
SLD_SYMS
100
AcDbBlockReference
  2
WDDOT
 10
52.013999999999996
 20
10.606
 30
0.0
  0
MTEXT
  5
941
330
17
100
AcDbEntity
  8
SLD_TEXT
100
AcDbMText
 10
51.193
 20
10.08
 30
0.0
 40
0.1
 41
0.0
 71
2
  1
1%%C
  0
INSERT
  5
942
330
17
100
AcDbEntity
  8
SLD_SYMS
100
AcDbBlockReference
 66
1
  2
VCN1PJ
 10
51.97
 20
9.034
 30
0.0
  0
ATTRIB
  5
944
330
17
100
AcDbEntity
  8
0
100
AcDbText
 10
52.19916666666666
 20
9.883801758954775
 30
0.0
 40
0.125
  1

  7
WD
 41
0.7
 72
2
 11
52.19916666666666
 21
9.883801758954775
 31
0.0
100
AcDbAttribute
  2
INST
 70
1
  0
ATTRIB
  5
945
330
17
100
AcDbEntity
  8
0
100
AcDbText
 10
51.983072926894984
 20
8.919359872741506
 30
0.0
 40
0.01
  1

  7
WD
 11
51.983072926894984
 21
8.919359872741506
 31
0.0
100
AcDbAttribute
  2
X8TERMDESC01
 70
1
  0
ATTRIB
  5
946
330
17
100
AcDbEntity
  8
0
100
AcDbText
 10
51.99614586449905
 20
9.075609867770696
 30
0.0
 40
0.01
  1

  7
WD
 11
51.99614586449905
 21
9.075609867770696
 31
0.0
100
AcDbAttribute
  2
X2TERMDESC02
 70
1
  0
ATTRIB
  5
947
330
17
100
AcDbEntity
  8
0
  6
Continuous
100
AcDbText
 10
51.860924736372425
 20
9.020056517835846
 30
0.0
 40
0.01
  1

  7
WD
 72
1
 11
51.860924736372425
 21
9.020056517835846
 31
0.0
100
AcDbAttribute
  2
ASSYCODE
 70
9
  0
ATTRIB
  5
948
330
17
100
AcDbEntity
  8
0
100
AcDbText
 10
51.845
 20
8.9715
 30
0.0
 40
0.01
  1

  7
WD
 11
51.845
 21
8.9715
 31
0.0
100
AcDbAttribute
  2
X4LINK
 70
1
  0
ATTRIB
  5
949
330
17
100
AcDbEntity
  8
0
100
AcDbText
 10
52.095
 20
8.9715
 30
0.0
 40
0.01
  1

  7
WD
 11
52.095
 21
8.9715
 31
0.0
100
AcDbAttribute
  2
X1LINK
 70
1
  0
ATTRIB
  5
94A
330
17
100
AcDbEntity
  8
0
100
AcDbText
 10
51.9075
 20
9.714201758954776
 30
0.0
 40
0.125
  1

  7
WD
 41
0.7
 72
2
 11
51.9075
 21
9.714201758954776
 31
0.0
100
AcDbAttribute
  2
LOC
 70
1
  0
ATTRIB
  5
94B
330
17
100
AcDbEntity
  8
0
  6
Continuous
100
AcDbText
 10
51.86139310844966
 20
9.034039283222857
 30
0.0
 40
0.01
  1

  7
WD
 72
1
 11
51.86139310844966
 21
9.034039283222857
 31
0.0
100
AcDbAttribute
  2
MFG
 70
9
  0
ATTRIB
  5
94C
330
17
100
AcDbEntity
  8
0
  6
Continuous
100
AcDbText
 10
51.863338154089575
 20
9.053481036930307
 30
0.0
 40
0.01
  1

  7
WD
 72
1
 11
51.863338154089575
 21
9.053481036930307
 31
0.0
100
AcDbAttribute
  2
CAT
 70
9
  0
ATTRIB
  5
94D
330
17
100
AcDbEntity
  8
0
100
AcDbText
 10
51.83828488815123
 20
9.09765745279007
 30
0.0
 40
0.01
  1

  7
WD
 11
51.83828488815123
 21
9.09765745279007
 31
0.0
100
AcDbAttribute
  2
FAMILY
 70
9
  0
ATTRIB
  5
94E
330
17
100
AcDbEntity
  8
0
100
AcDbText
 10
51.9075
 20
9.388278904647665
 30
0.0
 40
0.125
  1

  7
WD
 41
0.7
 72
2
 11
51.9075
 21
9.388278904647665
 31
0.0
100
AcDbAttribute
  2
DESC2
 70
1
  0
ATTRIB
  5
94F
330
17
100
AcDbEntity
  8
0
100
AcDbText
 10
51.9075
 20
9.54452533180122
 30
0.0
 40
0.125
  1

  7
WD
 41
0.7
 72
2
 11
51.9075
 21
9.54452533180122
 31
0.0
100
AcDbAttribute
  2
DESC1
 70
1
  0
ATTRIB
  5
950
330
17
100
AcDbEntity
  8
0
100
AcDbText
 10
51.69916666666666
 20
9.12775
 30
0.0
 40
0.125
  1

  7
WD
 72
2
 11
51.9075
 21
9.12775
 31
0.0
100
AcDbAttribute
  2
TAG1
 70
1
  0
ATTRIB
  5
951
330
17
100
AcDbEntity
  8
0
  6
Continuous
100
AcDbText
 10
52.016999999999996
 20
8.75275
 30
0.0
 40
0.125
  1

  7
WD
 11
52.016999999999996
 21
8.87775
 31
0.0
100
AcDbAttribute
  2
TERM01
 70
9
 74
3
  0
ATTRIB
  5
952
330
17
100
AcDbEntity
  8
0
100
AcDbText
 10
51.97
 20
8.94025
 30
0.0
 40
0.0125
  1

  7
WD
 11
51.97
 21
8.94025
 31
0.0
100
AcDbAttribute
  2
X8TERM01
 70
1
  0
ATTRIB
  5
953
330
17
100
AcDbEntity
  8
0
100
AcDbText
 10
51.97
 20
9.0965
 30
0.0
 40
0.0125
  1

  7
WD
 11
51.97
 21
9.0965
 31
0.0
100
AcDbAttribute
  2
X2TERM02
 70
1
  0
ATTRIB
  5
954
330
17
100
AcDbEntity
  8
0
  6
Continuous
100
AcDbText
 10
52.016999999999996
 20
9.0965
 30
0.0
 40
0.125
  1

  7
WD
 11
52.016999999999996
 21
9.0965
 31
0.0
100
AcDbAttribute
  2
TERM02
 70
9
  0
ATTRIB
  5
955
330
17
100
AcDbEntity
  8
0
100
AcDbText
 10
51.83828488815123
 20
9.079025320458438
 30
0.0
 40
0.01
  1

  7
WD
 11
51.83828488815123
 21
9.079025320458438
 31
0.0
100
AcDbAttribute
  2
WDBLKNAM
 70
9
  0
SEQEND
  5
943
330
942
100
AcDbEntity
  8
SLD_SYMS
  0
INSERT
  5
956
330
17
100
AcDbEntity
  8
SLD_SYMS
100
AcDbBlockReference
 66
1
  2
DEVICE_BUBBLE
 10
53.024
 20
15.318
 30
0.0
  0
ATTRIB
  5
958
330
17
100
AcDbEntity
  8
0
100
AcDbText
 10
52.852467910107976
 20
15.218951515790893
 30
0.0
 40
0.2
  1
86
  7
OpenSans
 11
52.852467910107976
 21
15.218951515790893
 31
0.0
100
AcDbAttribute
  2
DB
 70
0
280
1
  0
SEQEND
  5
957
330
956
100
AcDbEntity
  8
SLD_SYMS
  0
LINE
  5
959
330
17
100
AcDbEntity
  8
SLD_CONTROL
100
AcDbLine
 10
52.332
 20
15.318
 30
0.0
 11
52.807
 21
15.318
 31
0.0
  0
LINE
  5
95A
330
17
100
AcDbEntity
  8
SLD_CONTROL
100
AcDbLine
 10
53.024
 20
15.100999999999999
 30
0.0
 11
53.024
 21
14.715
 31
0.0
  0
LWPOLYLINE
  5
95B
330
17
100
AcDbEntity
  8
SLD_SYMS
100
AcDbPolyline
 90
4
 70
1
 10
52.717
 20
14.715
 10
53.894999999999996
 20
14.715
 10
53.894999999999996
 20
14.043
 10
52.717
 20
14.043
  0
LWPOLYLINE
  5
95C
330
17
100
AcDbEntity
  8
SLD_CUBICLE
  6
DASHED
100
AcDbPolyline
 90
4
 70
1
 10
50.788
 20
12.465
 10
52.381
 20
12.465
 10
52.381
 20
9.912
 10
50.788
 20
9.912
  0
MTEXT
  5
95D
330
17
100
AcDbEntity
  8
SLD_TEXT
100
AcDbMText
 10
51.97
 20
21.037
 30
0.0
 40
0.3
 41
0.0
 71
2
  1
UNIT 15
  0
MTEXT
  5
95E
330
17
100
AcDbEntity
  8
SLD_TEXT
100
AcDbMText
 10
51.97
 20
20.173
 30
0.0
 40
0.3
 41
0.0
 71
2
  1
52-GEN1B
  0
MTEXT
  5
95F
330
17
100
AcDbEntity
  8
SLD_TEXT
100
AcDbMText
 10
51.594
 20
15.408
 30
0.0
 40
0.093
 41
0.0
 71
1
  1
52-GEN1B\P17.5kV\P3150A\P40kA
  0
MTEXT
  5
960
330
17
100
AcDbEntity
  8
SLD_TEXT
100
AcDbMText
 10
53.306
 20
14.677
 30
0.0
 40
0.093
 41
0.0
 71
2
  1
SEL-751-GEN1B\PFEEDER\PPROTECTION\PRELAY
  0
MTEXT
  5
961
330
17
100
AcDbEntity
  8
SLD_TEXT
100
AcDbMText
 10
51.97
 20
8.87
 30
0.0
 40
0.093
 41
0.0
 71
2
  1
INCOMING 13.8KV\PLINE FROM GEN-1B
  0
LINE
  5
962
330
17
100
AcDbEntity
  8
SLD_WIRE
100
AcDbLine
 10
55.58
 20
18.583
 30
0.0
 11
55.58
 21
16.207
 31
0.0
  0
LINE
  5
963
330
17
100
AcDbEntity
  8
SLD_WIRE
100
AcDbLine
 10
55.58
 20
16.051
 30
0.0
 11
55.58
 21
15.622
 31
0.0
  0
LINE
  5
964
330
17
100
AcDbEntity
  8
SLD_WIRE
100
AcDbLine
 10
55.58
 20
14.701
 30
0.0
 11
55.58
 21
14.346
 31
0.0
  0
LINE
  5
965
330
17
100
AcDbEntity
  8
SLD_WIRE
100
AcDbLine
 10
55.58
 20
14.189
 30
0.0
 11
55.58
 21
9.097
 31
0.0
  0
INSERT
  5
966
330
17
100
AcDbEntity
  8
SLD_SYMS
100
AcDbBlockReference
  2
WDDOT
 10
55.58
 20
18.583
 30
0.0
  0
INSERT
  5
968
330
17
100
AcDbEntity
  8
SLD_SYMS
100
AcDbBlockReference
 66
1
  2
VFU1_1-
 10
57.010999999999996
 20
16.204
 30
0.0
  0
ATTRIB
  5
96A
330
17
100
AcDbEntity
  8
0
100
AcDbText
 10
57.135999999999996
 20
16.48525
 30
0.0
 40
0.125
  1

  7
WD
 41
0.85
 11
57.135999999999996
 21
16.48525
 31
0.0
100
AcDbAttribute
  2
INST
 70
1
  0
ATTRIB
  5
96B
330
17
100
AcDbEntity
  8
0
  6
Continuous
100
AcDbText
 10
56.857720364381606
 20
16.097850164162786
 30
0.0
 40
0.01
  1

  7
WD
 72
1
 11
56.857720364381606
 21
16.097850164162786
 31
0.0
100
AcDbAttribute
  2
ASSYCODE
 70
9
  0
ATTRIB
  5
96C
330
17
100
AcDbEntity
  8
0
 62
7
100
AcDbText
 10
56.885999999999996
 20
16.204
 30
0.0
 40
0.01
  1

  7
WD
 11
56.885999999999996
 21
16.204
 31
0.0
100
AcDbAttribute
  2
X4LINK
 70
1
  0
ATTRIB
  5
96D
330
17
100
AcDbEntity
  8
0
 62
7
100
AcDbText
 10
57.135999999999996
 20
16.204
 30
0.0
 40
0.01
  1

  7
WD
 11
57.135999999999996
 21
16.204
 31
0.0
100
AcDbAttribute
  2
X1LINK
 70
1
  0
ATTRIB
  5
96E
330
17
100
AcDbEntity
  8
0
100
AcDbText
 10
56.854749999999996
 20
16.1415
 30
0.0
 40
0.125
  1
6A
  7
WD
 41
0.85
 72
2
 11
56.854749999999996
 21
16.1415
 31
0.0
100
AcDbAttribute
  2
RATING1
 70
0
  0
ATTRIB
  5
96F
330
17
100
AcDbEntity
  8
0
100
AcDbText
 10
57.135999999999996
 20
15.79775
 30
0.0
 40
0.125
  1

  7
WD
 41
0.85
 11
57.135999999999996
 21
15.79775
 31
0.0
100
AcDbAttribute
  2
DESC2
 70
1
  0
ATTRIB
  5
970
330
17
100
AcDbEntity
  8
0
100
AcDbText
 10
57.135999999999996
 20
15.969625
 30
0.0
 40
0.125
  1

  7
WD
 41
0.85
 11
57.135999999999996
 21
15.969625
 31
0.0
100
AcDbAttribute
  2
DESC1
 70
1
  0
ATTRIB
  5
971
330
17
100
AcDbEntity
  8
0
100
AcDbText
 10
57.13794143797307
 20
16.14337500000005
 30
0.0
 40
0.125
  1

  7
WD
 41
0.85
 11
57.13794143797307
 21
16.14337500000005
 31
0.0
100
AcDbAttribute
  2
TAG1
 70
1
  0
ATTRIB
  5
972
330
17
100
AcDbEntity
  8
0
100
AcDbText
 10
57.135999999999996
 20
16.313375
 30
0.0
 40
0.125
  1

  7
WD
 41
0.85
 11
57.135999999999996
 21
16.313375
 31
0.0
100
AcDbAttribute
  2
LOC
 70
1
  0
ATTRIB
  5
973
330
17
100
AcDbEntity
  8
0
  6
Continuous
100
AcDbText
 10
56.86888308100699
 20
16.115873790861
 30
0.0
 40
0.01
  1

  7
WD
 72
2
 11
56.86888308100699
 21
16.115873790861
 31
0.0
100
AcDbAttribute
  2
MFG
 70
9
  0
ATTRIB
  5
974
330
17
100
AcDbEntity
  8
0
  6
Continuous
100
AcDbText
 10
56.86888308100699
 20
16.130873790861
 30
0.0
 40
0.01
  1

  7
WD
 72
2
 11
56.86888308100699
 21
16.130873790861
 31
0.0
100
AcDbAttribute
  2
CAT
 70
9
  0
ATTRIB
  5
975
330
17
100
AcDbEntity
  8
0
100
AcDbText
 10
56.852216414340326
 20
16.167540457527664
 30
0.0
 40
0.01
  1

  7
WD
 72
2
 11
56.86888308100699
 21
16.167540457527664
 31
0.0
100
AcDbAttribute
  2
FAMILY
 70
9
  0
ATTRIB
  5
976
330
17
100
AcDbEntity
  8
0
 62
7
100
AcDbText
 10
57.010999999999996
 20
16.04775
 30
0.0
 40
0.0125
  1

  7
WD
 11
57.010999999999996
 21
16.04775
 31
0.0
100
AcDbAttribute
  2
X8TERM02
 70
1
  0
ATTRIB
  5
977
330
17
100
AcDbEntity
  8
0
 62
7
100
AcDbText
 10
57.010999999999996
 20
16.36025
 30
0.0
 40
0.0125
  1

  7
WD
 11
57.010999999999996
 21
16.36025
 31
0.0
100
AcDbAttribute
  2
X2TERM01
 70
1
  0
ATTRIB
  5
978
330
17
100
AcDbEntity
  8
0
  6
Continuous
100
AcDbText
 10
56.970298778392
 20
15.896802969349004
 30
0.0
 40
0.125
  1

  7
WD
 41
0.85
 72
2
 11
56.970298778392
 21
16.021802969349004
 31
0.0
100
AcDbAttribute
  2
TERM02
 70
9
 74
3
  0
ATTRIB
  5
979
330
17
100
AcDbEntity
  8
0
  6
Continuous
100
AcDbText
 10
56.95602962084434
 20
16.379376616004922
 30
0.0
 40
0.125
  1

  7
WD
 41
0.85
 72
2
 11
56.95602962084434
 21
16.379376616004922
 31
0.0
100
AcDbAttribute
  2
TERM01
 70
9
  0
ATTRIB
  5
97A
330
17
100
AcDbEntity
  8
0
100
AcDbText
 10
56.86888308100699
 20
16.050763117239445
 30
0.0
 40
0.01
  1

  7
WD
 72
2
 11
56.88221641434033
 21
16.050763117239445
 31
0.0
100
AcDbAttribute
  2
WDTYPE
 70
9
  0
ATTRIB
  5
97B
330
17
100
AcDbEntity
  8
0
100
AcDbText
 10
57.135999999999996
 20
15.625875
 30
0.0
 40
0.125
  1

  7
WD
 41
0.85
 11
57.135999999999996
 21
15.625875
 31
0.0
100
AcDbAttribute
  2
DESC3
 70
1
  0
ATTRIB
  5
97C
330
17
100
AcDbEntity
  8
0
100
AcDbText
 10
56.88221641434033
 20
16.035138117239445
 30
0.0
 40
0.01
  1

  7
WD
 72
2
 11
56.88221641434033
 21
16.035138117239445
 31
0.0
100
AcDbAttribute
  2
WDBLKNAM
 70
9
  0
SEQEND
  5
969
330
968
100
AcDbEntity
  8
SLD_SYMS
  0
INSERT
  5
97D
330
17
100
AcDbEntity
  8
SLD_SYMS
100
AcDbBlockReference
 66
1
  2
VCN1PJ
 10
55.58
 20
16.144
 30
0.0
  0
ATTRIB
  5
97F
330
17
100
AcDbEntity
  8
0
100
AcDbText
 10
55.80916666666666
 20
16.993801758954774
 30
0.0
 40
0.125
  1

  7
WD
 41
0.7
 72
2
 11
55.80916666666666
 21
16.993801758954774
 31
0.0
100
AcDbAttribute
  2
INST
 70
1
  0
ATTRIB
  5
980
330
17
100
AcDbEntity
  8
0
100
AcDbText
 10
55.59307292689498
 20
16.029359872741505
 30
0.0
 40
0.01
  1

  7
WD
 11
55.59307292689498
 21
16.029359872741505
 31
0.0
100
AcDbAttribute
  2
X8TERMDESC01
 70
1
  0
ATTRIB
  5
981
330
17
100
AcDbEntity
  8
0
100
AcDbText
 10
55.60614586449905
 20
16.185609867770694
 30
0.0
 40
0.01
  1

  7
WD
 11
55.60614586449905
 21
16.185609867770694
 31
0.0
100
AcDbAttribute
  2
X2TERMDESC02
 70
1
  0
ATTRIB
  5
982
330
17
100
AcDbEntity
  8
0
  6
Continuous
100
AcDbText
 10
55.470924736372424
 20
16.130056517835843
 30
0.0
 40
0.01
  1

  7
WD
 72
1
 11
55.470924736372424
 21
16.130056517835843
 31
0.0
100
AcDbAttribute
  2
ASSYCODE
 70
9
  0
ATTRIB
  5
983
330
17
100
AcDbEntity
  8
0
100
AcDbText
 10
55.455
 20
16.0815
 30
0.0
 40
0.01
  1

  7
WD
 11
55.455
 21
16.0815
 31
0.0
100
AcDbAttribute
  2
X4LINK
 70
1
  0
ATTRIB
  5
984
330
17
100
AcDbEntity
  8
0
100
AcDbText
 10
55.705
 20
16.0815
 30
0.0
 40
0.01
  1

  7
WD
 11
55.705
 21
16.0815
 31
0.0
100
AcDbAttribute
  2
X1LINK
 70
1
  0
ATTRIB
  5
985
330
17
100
AcDbEntity
  8
0
100
AcDbText
 10
55.5175
 20
16.82420175895477
 30
0.0
 40
0.125
  1

  7
WD
 41
0.7
 72
2
 11
55.5175
 21
16.82420175895477
 31
0.0
100
AcDbAttribute
  2
LOC
 70
1
  0
ATTRIB
  5
986
330
17
100
AcDbEntity
  8
0
  6
Continuous
100
AcDbText
 10
55.47139310844966
 20
16.144039283222853
 30
0.0
 40
0.01
  1

  7
WD
 72
1
 11
55.47139310844966
 21
16.144039283222853
 31
0.0
100
AcDbAttribute
  2
MFG
 70
9
  0
ATTRIB
  5
987
330
17
100
AcDbEntity
  8
0
  6
Continuous
100
AcDbText
 10
55.473338154089575
 20
16.163481036930303
 30
0.0
 40
0.01
  1

  7
WD
 72
1
 11
55.473338154089575
 21
16.163481036930303
 31
0.0
100
AcDbAttribute
  2
CAT
 70
9
  0
ATTRIB
  5
988
330
17
100
AcDbEntity
  8
0
100
AcDbText
 10
55.44828488815123
 20
16.207657452790066
 30
0.0
 40
0.01
  1

  7
WD
 11
55.44828488815123
 21
16.207657452790066
 31
0.0
100
AcDbAttribute
  2
FAMILY
 70
9
  0
ATTRIB
  5
989
330
17
100
AcDbEntity
  8
0
100
AcDbText
 10
55.5175
 20
16.498278904647663
 30
0.0
 40
0.125
  1

  7
WD
 41
0.7
 72
2
 11
55.5175
 21
16.498278904647663
 31
0.0
100
AcDbAttribute
  2
DESC2
 70
1
  0
ATTRIB
  5
98A
330
17
100
AcDbEntity
  8
0
100
AcDbText
 10
55.5175
 20
16.654525331801217
 30
0.0
 40
0.125
  1

  7
WD
 41
0.7
 72
2
 11
55.5175
 21
16.654525331801217
 31
0.0
100
AcDbAttribute
  2
DESC1
 70
1
  0
ATTRIB
  5
98B
330
17
100
AcDbEntity
  8
0
100
AcDbText
 10
55.30916666666666
 20
16.23775
 30
0.0
 40
0.125
  1

  7
WD
 72
2
 11
55.5175
 21
16.23775
 31
0.0
100
AcDbAttribute
  2
TAG1
 70
1
  0
ATTRIB
  5
98C
330
17
100
AcDbEntity
  8
0
  6
Continuous
100
AcDbText
 10
55.626999999999995
 20
15.862749999999998
 30
0.0
 40
0.125
  1

  7
WD
 11
55.626999999999995
 21
15.987749999999998
 31
0.0
100
AcDbAttribute
  2
TERM01
 70
9
 74
3
  0
ATTRIB
  5
98D
330
17
100
AcDbEntity
  8
0
100
AcDbText
 10
55.58
 20
16.05025
 30
0.0
 40
0.0125
  1

  7
WD
 11
55.58
 21
16.05025
 31
0.0
100
AcDbAttribute
  2
X8TERM01
 70
1
  0
ATTRIB
  5
98E
330
17
100
AcDbEntity
  8
0
100
AcDbText
 10
55.58
 20
16.2065
 30
0.0
 40
0.0125
  1

  7
WD
 11
55.58
 21
16.2065
 31
0.0
100
AcDbAttribute
  2
X2TERM02
 70
1
  0
ATTRIB
  5
98F
330
17
100
AcDbEntity
  8
0
  6
Continuous
100
AcDbText
 10
55.626999999999995
 20
16.2065
 30
0.0
 40
0.125
  1

  7
WD
 11
55.626999999999995
 21
16.2065
 31
0.0
100
AcDbAttribute
  2
TERM02
 70
9
  0
ATTRIB
  5
990
330
17
100
AcDbEntity
  8
0
100
AcDbText
 10
55.44828488815123
 20
16.189025320458434
 30
0.0
 40
0.01
  1

  7
WD
 11
55.44828488815123
 21
16.189025320458434
 31
0.0
100
AcDbAttribute
  2
WDBLKNAM
 70
9
  0
SEQEND
  5
97E
330
97D
100
AcDbEntity
  8
SLD_SYMS
  0
LWPOLYLINE
  5
991
330
17
100
AcDbEntity
  8
SLD_SYMS
100
AcDbPolyline
 90
4
 70
1
 10
55.165
 20
15.622
 10
55.942
 20
15.622
 10
55.942
 20
14.701
 10
55.165
 20
14.701
  0
INSERT
  5
992
330
17
100
AcDbEntity
  8
SLD_SYMS
100
AcDbBlockReference
 66
1
  2
VCN1PJ
 10
55.58
 20
14.252
 30
0.0
 50
180.0
  0
ATTRIB
  5
994
330
17
100
AcDbEntity
  8
0
100
AcDbText
 10
55.350833333333334
 20
13.402198241045227
 30
0.0
 40
0.125
  1

 50
180.0
  7
WD
 41
0.7
 72
2
 11
55.350833333333334
 21
13.402198241045227
 31
0.0
100
AcDbAttribute
  2
INST
 70
1
  0
ATTRIB
  5
995
330
17
100
AcDbEntity
  8
0
100
AcDbText
 10
55.56692707310501
 20
14.366640127258496
 30
0.0
 40
0.01
  1

 50
180.0
  7
WD
 11
55.56692707310501
 21
14.366640127258496
 31
0.0
100
AcDbAttribute
  2
X8TERMDESC01
 70
1
  0
ATTRIB
  5
996
330
17
100
AcDbEntity
  8
0
100
AcDbText
 10
55.55385413550095
 20
14.210390132229305
 30
0.0
 40
0.01
  1

 50
180.0
  7
WD
 11
55.55385413550095
 21
14.210390132229305
 31
0.0
100
AcDbAttribute
  2
X2TERMDESC02
 70
1
  0
ATTRIB
  5
997
330
17
100
AcDbEntity
  8
0
  6
Continuous
100
AcDbText
 10
55.68907526362757
 20
14.265943482164156
 30
0.0
 40
0.01
  1

 50
180.0
  7
WD
 72
1
 11
55.68907526362757
 21
14.265943482164156
 31
0.0
100
AcDbAttribute
  2
ASSYCODE
 70
9
  0
ATTRIB
  5
998
330
17
100
AcDbEntity
  8
0
100
AcDbText
 10
55.705
 20
14.3145
 30
0.0
 40
0.01
  1

 50
180.0
  7
WD
 11
55.705
 21
14.3145
 31
0.0
100
AcDbAttribute
  2
X4LINK
 70
1
  0
ATTRIB
  5
999
330
17
100
AcDbEntity
  8
0
100
AcDbText
 10
55.455
 20
14.3145
 30
0.0
 40
0.01
  1

 50
180.0
  7
WD
 11
55.455
 21
14.3145
 31
0.0
100
AcDbAttribute
  2
X1LINK
 70
1
  0
ATTRIB
  5
99A
330
17
100
AcDbEntity
  8
0
100
AcDbText
 10
55.6425
 20
13.571798241045226
 30
0.0
 40
0.125
  1

 50
180.0
  7
WD
 41
0.7
 72
2
 11
55.6425
 21
13.571798241045226
 31
0.0
100
AcDbAttribute
  2
LOC
 70
1
  0
ATTRIB
  5
99B
330
17
100
AcDbEntity
  8
0
  6
Continuous
100
AcDbText
 10
55.688606891550336
 20
14.251960716777145
 30
0.0
 40
0.01
  1

 50
180.0
  7
WD
 72
1
 11
55.688606891550336
 21
14.251960716777145
 31
0.0
100
AcDbAttribute
  2
MFG
 70
9
  0
ATTRIB
  5
99C
330
17
100
AcDbEntity
  8
0
  6
Continuous
100
AcDbText
 10
55.68666184591042
 20
14.232518963069694
 30
0.0
 40
0.01
  1

 50
180.0
  7
WD
 72
1
 11
55.68666184591042
 21
14.232518963069694
 31
0.0
100
AcDbAttribute
  2
CAT
 70
9
  0
ATTRIB
  5
99D
330
17
100
AcDbEntity
  8
0
100
AcDbText
 10
55.71171511184877
 20
14.188342547209931
 30
0.0
 40
0.01
  1

 50
180.0
  7
WD
 11
55.71171511184877
 21
14.188342547209931
 31
0.0
100
AcDbAttribute
  2
FAMILY
 70
9
  0
ATTRIB
  5
99E
330
17
100
AcDbEntity
  8
0
100
AcDbText
 10
55.6425
 20
13.897721095352336
 30
0.0
 40
0.125
  1

 50
180.0
  7
WD
 41
0.7
 72
2
 11
55.6425
 21
13.897721095352336
 31
0.0
100
AcDbAttribute
  2
DESC2
 70
1
  0
ATTRIB
  5
99F
330
17
100
AcDbEntity
  8
0
100
AcDbText
 10
55.6425
 20
13.741474668198782
 30
0.0
 40
0.125
  1

 50
180.0
  7
WD
 41
0.7
 72
2
 11
55.6425
 21
13.741474668198782
 31
0.0
100
AcDbAttribute
  2
DESC1
 70
1
  0
ATTRIB
  5
9A0
330
17
100
AcDbEntity
  8
0
100
AcDbText
 10
55.850833333333334
 20
14.15825
 30
0.0
 40
0.125
  1

 50
180.0
  7
WD
 72
2
 11
55.6425
 21
14.15825
 31
0.0
100
AcDbAttribute
  2
TAG1
 70
1
  0
ATTRIB
  5
9A1
330
17
100
AcDbEntity
  8
0
  6
Continuous
100
AcDbText
 10
55.533
 20
14.53325
 30
0.0
 40
0.125
  1

 50
180.0
  7
WD
 11
55.533
 21
14.40825
 31
0.0
100
AcDbAttribute
  2
TERM01
 70
9
 74
3
  0
ATTRIB
  5
9A2
330
17
100
AcDbEntity
  8
0
100
AcDbText
 10
55.58
 20
14.34575
 30
0.0
 40
0.0125
  1

 50
180.0
  7
WD
 11
55.58
 21
14.34575
 31
0.0
100
AcDbAttribute
  2
X8TERM01
 70
1
  0
ATTRIB
  5
9A3
330
17
100
AcDbEntity
  8
0
100
AcDbText
 10
55.58
 20
14.1895
 30
0.0
 40
0.0125
  1

 50
180.0
  7
WD
 11
55.58
 21
14.1895
 31
0.0
100
AcDbAttribute
  2
X2TERM02
 70
1
  0
ATTRIB
  5
9A4
330
17
100
AcDbEntity
  8
0
  6
Continuous
100
AcDbText
 10
55.533
 20
14.1895
 30
0.0
 40
0.125
  1

 50
180.0
  7
WD
 11
55.533
 21
14.1895
 31
0.0
100
AcDbAttribute
  2
TERM02
 70
9
  0
ATTRIB
  5
9A5
330
17
100
AcDbEntity
  8
0
100
AcDbText
 10
55.71171511184877
 20
14.206974679541563
 30
0.0
 40
0.01
  1

 50
180.0
  7
WD
 11
55.71171511184877
 21
14.206974679541563
 31
0.0
100
AcDbAttribute
  2
WDBLKNAM
 70
9
  0
SEQEND
  5
993
330
992
100
AcDbEntity
  8
SLD_SYMS
  0
INSERT
  5
9A6
330
17
100
AcDbEntity
  8
SLD_SYMS
100
AcDbBlockReference
  2
ARRESTER
 10
55.577999999999996
 20
13.359
 30
0.0
  0
INSERT
  5
9A8
330
17
100
AcDbEntity
  8
SLD_SYMS
100
AcDbBlockReference
 66
1
  2
VXF1CT
 10
55.769999999999996
 20
12.007
 30
0.0
  0
ATTRIB
  5
9AA
330
17
100
AcDbEntity
  8
0
100
AcDbText
 10
55.54291666666666
 20
11.585125
 30
0.0
 40
0.125
  1

  7
WD
 41
0.7
 72
1
 11
55.54291666666666
 21
11.585125
 31
0.0
100
AcDbAttribute
  2
INST
 70
1
  0
ATTRIB
  5
9AB
330
17
100
AcDbEntity
  8
0
100
AcDbText
 10
55.769999999999996
 20
11.723826474599724
 30
0.0
 40
0.0125
  1

  7
WD
 11
55.769999999999996
 21
11.723826474599724
 31
0.0
100
AcDbAttribute
  2
X8TERM01
 70
1
  0
ATTRIB
  5
9AC
330
17
100
AcDbEntity
  8
0
100
AcDbText
 10
55.80221176270013
 20
11.756038237299862
 30
0.0
 40
0.0125
  1

  7
WD
 11
55.80221176270013
 21
11.756038237299862
 31
0.0
100
AcDbAttribute
  2
X1TERM01
 70
1
  0
ATTRIB
  5
9AD
330
17
100
AcDbEntity
  8
0
  6
Continuous
100
AcDbText
 10
55.71506216961904
 20
11.776456032263782
 30
0.0
 40
0.125
  1

  7
WD
 72
2
 11
55.71506216961904
 21
11.776456032263782
 31
0.0
100
AcDbAttribute
  2
TERM01
 70
9
  0
ATTRIB
  5
9AE
330
17
100
AcDbEntity
  8
0
  6
Continuous
100
AcDbText
 10
55.72500691695106
 20
12.273965784883833
 30
0.0
 40
0.125
  1

  7
WD
 72
2
 11
55.72500691695106
 21
12.273965784883833
 31
0.0
100
AcDbAttribute
  2
TERM02
 70
9
  0
ATTRIB
  5
9AF
330
17
100
AcDbEntity
  8
0
100
AcDbText
 10
55.80221176270013
 20
12.256038237299862
 30
0.0
 40
0.0125
  1

  7
WD
 11
55.80221176270013
 21
12.256038237299862
 31
0.0
100
AcDbAttribute
  2
X1TERM02
 70
1
  0
ATTRIB
  5
9B0
330
17
100
AcDbEntity
  8
0
100
AcDbText
 10
55.769999999999996
 20
12.28825
 30
0.0
 40
0.0125
  1

  7
WD
 11
55.769999999999996
 21
12.28825
 31
0.0
100
AcDbAttribute
  2
X2TERM02
 70
1
  0
ATTRIB
  5
9B1
330
17
100
AcDbEntity
  8
0
100
AcDbText
 10
56.051249999999996
 20
11.882
 30
0.0
 40
0.125
  1

  7
WD
 41
0.7
 11
56.051249999999996
 21
11.882
 31
0.0
100
AcDbAttribute
  2
RATING1
 70
1
  0
ATTRIB
  5
9B2
330
17
100
AcDbEntity
  8
0
100
AcDbText
 10
56.051249999999996
 20
12.03825
 30
0.0
 40
0.125
  1

  7
WD
 11
56.051249999999996
 21
12.03825
 31
0.0
100
AcDbAttribute
  2
TAG1
 70
1
  0
ATTRIB
  5
9B3
330
17
100
AcDbEntity
  8
0
100
AcDbText
 10
55.56947062227279
 20
11.24970533180122
 30
0.0
 40
0.125
  1
400:5A (3)
  7
WD
 41
0.7
 72
1
 11
55.56947062227279
 21
11.24970533180122
 31
0.0
100
AcDbAttribute
  2
DESC1
 70
0
  0
ATTRIB
  5
9B4
330
17
100
AcDbEntity
  8
0
100
AcDbText
 10
55.56947062227279
 20
11.093458904647663
 30
0.0
 40
0.125
  1
CT 5P20
  7
WD
 41
0.7
 72
1
 11
55.56947062227279
 21
11.093458904647663
 31
0.0
100
AcDbAttribute
  2
DESC2
 70
0
  0
ATTRIB
  5
9B5
330
17
100
AcDbEntity
  8
0
100
AcDbText
 10
55.56947062227279
 20
11.405951758954775
 30
0.0
 40
0.125
  1

  7
WD
 41
0.7
 72
1
 11
55.56947062227279
 21
11.405951758954775
 31
0.0
100
AcDbAttribute
  2
LOC
 70
1
  0
ATTRIB
  5
9B6
330
17
100
AcDbEntity
  8
0
  6
Continuous
100
AcDbText
 10
55.59906982489897
 20
12.125955350386372
 30
0.0
 40
0.01
  1

  7
WD
 72
1
 11
55.59906982489897
 21
12.125955350386372
 31
0.0
100
AcDbAttribute
  2
ASSYCODE
 70
9
  0
ATTRIB
  5
9B7
330
17
100
AcDbEntity
  8
0
100
AcDbText
 10
55.57729166666666
 20
11.960125
 30
0.0
 40
0.125
  1

  7
WD
 72
1
 11
55.723124999999996
 21
11.960125
 31
0.0
100
AcDbAttribute
  2
TYPE
 70
1
  0
ATTRIB
  5
9B8
330
17
100
AcDbEntity
  8
0
100
AcDbText
 10
55.574192775900364
 20
12.197690293718368
 30
0.0
 40
0.01
  1

  7
WD
 11
55.574192775900364
 21
12.197690293718368
 31
0.0
100
AcDbAttribute
  2
FAMILY
 70
9
  0
ATTRIB
  5
9B9
330
17
100
AcDbEntity
  8
0
  6
Continuous
100
AcDbText
 10
55.59924604183871
 20
12.169138877858606
 30
0.0
 40
0.01
  1

  7
WD
 72
1
 11
55.59924604183871
 21
12.169138877858606
 31
0.0
100
AcDbAttribute
  2
CAT
 70
9
  0
ATTRIB
  5
9BA
330
17
100
AcDbEntity
  8
0
  6
Continuous
100
AcDbText
 10
55.5973009961988
 20
12.149697124151155
 30
0.0
 40
0.01
  1

  7
WD
 72
1
 11
55.5973009961988
 21
12.149697124151155
 31
0.0
100
AcDbAttribute
  2
MFG
 70
9
  0
SEQEND
  5
9A9
330
9A8
100
AcDbEntity
  8
SLD_SYMS
  0
INSERT
  5
9BB
330
17
100
AcDbEntity
  8
SLD_SYMS
100
AcDbBlockReference
  2
WDDOT
 10
55.629999999999995
 20
12.325
 30
0.0
  0
MTEXT
  5
9BD
330
17
100
AcDbEntity
  8
SLD_TEXT
100
AcDbMText
 10
54.803
 20
11.774
 30
0.0
 40
0.1
 41
0.0
 71
2
  1
1%%C
  0
INSERT
  5
9BE
330
17
100
AcDbEntity
  8
SLD_SYMS
100
AcDbBlockReference
 66
1
  2
VXF1CT
 10
55.769999999999996
 20
10.308
 30
0.0
  0
ATTRIB
  5
9C0
330
17
100
AcDbEntity
  8
0
100
AcDbText
 10
55.54291666666666
 20
9.886125
 30
0.0
 40
0.125
  1

  7
WD
 41
0.7
 72
1
 11
55.54291666666666
 21
9.886125
 31
0.0
100
AcDbAttribute
  2
INST
 70
1
  0
ATTRIB
  5
9C1
330
17
100
AcDbEntity
  8
0
100
AcDbText
 10
55.769999999999996
 20
10.024826474599724
 30
0.0
 40
0.0125
  1

  7
WD
 11
55.769999999999996
 21
10.024826474599724
 31
0.0
100
AcDbAttribute
  2
X8TERM01
 70
1
  0
ATTRIB
  5
9C2
330
17
100
AcDbEntity
  8
0
100
AcDbText
 10
55.80221176270013
 20
10.057038237299862
 30
0.0
 40
0.0125
  1

  7
WD
 11
55.80221176270013
 21
10.057038237299862
 31
0.0
100
AcDbAttribute
  2
X1TERM01
 70
1
  0
ATTRIB
  5
9C3
330
17
100
AcDbEntity
  8
0
  6
Continuous
100
AcDbText
 10
55.71506216961904
 20
10.077456032263783
 30
0.0
 40
0.125
  1

  7
WD
 72
2
 11
55.71506216961904
 21
10.077456032263783
 31
0.0
100
AcDbAttribute
  2
TERM01
 70
9
  0
ATTRIB
  5
9C4
330
17
100
AcDbEntity
  8
0
  6
Continuous
100
AcDbText
 10
55.72500691695106
 20
10.574965784883833
 30
0.0
 40
0.125
  1

  7
WD
 72
2
 11
55.72500691695106
 21
10.574965784883833
 31
0.0
100
AcDbAttribute
  2
TERM02
 70
9
  0
ATTRIB
  5
9C5
330
17
100
AcDbEntity
  8
0
100
AcDbText
 10
55.80221176270013
 20
10.557038237299862
 30
0.0
 40
0.0125
  1

  7
WD
 11
55.80221176270013
 21
10.557038237299862
 31
0.0
100
AcDbAttribute
  2
X1TERM02
 70
1
  0
ATTRIB
  5
9C6
330
17
100
AcDbEntity
  8
0
100
AcDbText
 10
55.769999999999996
 20
10.58925
 30
0.0
 40
0.0125
  1

  7
WD
 11
55.769999999999996
 21
10.58925
 31
0.0
100
AcDbAttribute
  2
X2TERM02
 70
1
  0
ATTRIB
  5
9C7
330
17
100
AcDbEntity
  8
0
100
AcDbText
 10
56.051249999999996
 20
10.183
 30
0.0
 40
0.125
  1

  7
WD
 41
0.7
 11
56.051249999999996
 21
10.183
 31
0.0
100
AcDbAttribute
  2
RATING1
 70
1
  0
ATTRIB
  5
9C8
330
17
100
AcDbEntity
  8
0
100
AcDbText
 10
56.051249999999996
 20
10.33925
 30
0.0
 40
0.125
  1

  7
WD
 11
56.051249999999996
 21
10.33925
 31
0.0
100
AcDbAttribute
  2
TAG1
 70
1
  0
ATTRIB
  5
9C9
330
17
100
AcDbEntity
  8
0
100
AcDbText
 10
55.56947062227279
 20
9.550705331801218
 30
0.0
 40
0.125
  1
3000:5A (3)
  7
WD
 41
0.7
 72
1
 11
55.56947062227279
 21
9.550705331801218
 31
0.0
100
AcDbAttribute
  2
DESC1
 70
0
  0
ATTRIB
  5
9CA
330
17
100
AcDbEntity
  8
0
100
AcDbText
 10
55.56947062227279
 20
9.394458904647664
 30
0.0
 40
0.125
  1
CT 5P20
  7
WD
 41
0.7
 72
1
 11
55.56947062227279
 21
9.394458904647664
 31
0.0
100
AcDbAttribute
  2
DESC2
 70
0
  0
ATTRIB
  5
9CB
330
17
100
AcDbEntity
  8
0
100
AcDbText
 10
55.56947062227279
 20
9.706951758954773
 30
0.0
 40
0.125
  1

  7
WD
 41
0.7
 72
1
 11
55.56947062227279
 21
9.706951758954773
 31
0.0
100
AcDbAttribute
  2
LOC
 70
1
  0
ATTRIB
  5
9CC
330
17
100
AcDbEntity
  8
0
  6
Continuous
100
AcDbText
 10
55.59906982489897
 20
10.426955350386372
 30
0.0
 40
0.01
  1

  7
WD
 72
1
 11
55.59906982489897
 21
10.426955350386372
 31
0.0
100
AcDbAttribute
  2
ASSYCODE
 70
9
  0
ATTRIB
  5
9CD
330
17
100
AcDbEntity
  8
0
100
AcDbText
 10
55.57729166666666
 20
10.261125
 30
0.0
 40
0.125
  1

  7
WD
 72
1
 11
55.723124999999996
 21
10.261125
 31
0.0
100
AcDbAttribute
  2
TYPE
 70
1
  0
ATTRIB
  5
9CE
330
17
100
AcDbEntity
  8
0
100
AcDbText
 10
55.574192775900364
 20
10.498690293718369
 30
0.0
 40
0.01
  1

  7
WD
 11
55.574192775900364
 21
10.498690293718369
 31
0.0
100
AcDbAttribute
  2
FAMILY
 70
9
  0
ATTRIB
  5
9CF
330
17
100
AcDbEntity
  8
0
  6
Continuous
100
AcDbText
 10
55.59924604183871
 20
10.470138877858606
 30
0.0
 40
0.01
  1

  7
WD
 72
1
 11
55.59924604183871
 21
10.470138877858606
 31
0.0
100
AcDbAttribute
  2
CAT
 70
9
  0
ATTRIB
  5
9D0
330
17
100
AcDbEntity
  8
0
  6
Continuous
100
AcDbText
 10
55.5973009961988
 20
10.450697124151155
 30
0.0
 40
0.01
  1

  7
WD
 72
1
 11
55.5973009961988
 21
10.450697124151155
 31
0.0
100
AcDbAttribute
  2
MFG
 70
9
  0
SEQEND
  5
9BF
330
9BE
100
AcDbEntity
  8
SLD_SYMS
  0
INSERT
  5
9D1
330
17
100
AcDbEntity
  8
SLD_SYMS
100
AcDbBlockReference
  2
WDDOT
 10
55.623999999999995
 20
10.606
 30
0.0
  0
MTEXT
  5
9D3
330
17
100
AcDbEntity
  8
SLD_TEXT
100
AcDbMText
 10
54.803
 20
10.08
 30
0.0
 40
0.1
 41
0.0
 71
2
  1
1%%C
  0
INSERT
  5
9D4
330
17
100
AcDbEntity
  8
SLD_SYMS
100
AcDbBlockReference
 66
1
  2
VCN1PJ
 10
55.58
 20
9.034
 30
0.0
  0
ATTRIB
  5
9D6
330
17
100
AcDbEntity
  8
0
100
AcDbText
 10
55.80916666666666
 20
9.883801758954775
 30
0.0
 40
0.125
  1

  7
WD
 41
0.7
 72
2
 11
55.80916666666666
 21
9.883801758954775
 31
0.0
100
AcDbAttribute
  2
INST
 70
1
  0
ATTRIB
  5
9D7
330
17
100
AcDbEntity
  8
0
100
AcDbText
 10
55.59307292689498
 20
8.919359872741506
 30
0.0
 40
0.01
  1

  7
WD
 11
55.59307292689498
 21
8.919359872741506
 31
0.0
100
AcDbAttribute
  2
X8TERMDESC01
 70
1
  0
ATTRIB
  5
9D8
330
17
100
AcDbEntity
  8
0
100
AcDbText
 10
55.60614586449905
 20
9.075609867770696
 30
0.0
 40
0.01
  1

  7
WD
 11
55.60614586449905
 21
9.075609867770696
 31
0.0
100
AcDbAttribute
  2
X2TERMDESC02
 70
1
  0
ATTRIB
  5
9D9
330
17
100
AcDbEntity
  8
0
  6
Continuous
100
AcDbText
 10
55.470924736372424
 20
9.020056517835846
 30
0.0
 40
0.01
  1

  7
WD
 72
1
 11
55.470924736372424
 21
9.020056517835846
 31
0.0
100
AcDbAttribute
  2
ASSYCODE
 70
9
  0
ATTRIB
  5
9DA
330
17
100
AcDbEntity
  8
0
100
AcDbText
 10
55.455
 20
8.9715
 30
0.0
 40
0.01
  1

  7
WD
 11
55.455
 21
8.9715
 31
0.0
100
AcDbAttribute
  2
X4LINK
 70
1
  0
ATTRIB
  5
9DB
330
17
100
AcDbEntity
  8
0
100
AcDbText
 10
55.705
 20
8.9715
 30
0.0
 40
0.01
  1

  7
WD
 11
55.705
 21
8.9715
 31
0.0
100
AcDbAttribute
  2
X1LINK
 70
1
  0
ATTRIB
  5
9DC
330
17
100
AcDbEntity
  8
0
100
AcDbText
 10
55.5175
 20
9.714201758954776
 30
0.0
 40
0.125
  1

  7
WD
 41
0.7
 72
2
 11
55.5175
 21
9.714201758954776
 31
0.0
100
AcDbAttribute
  2
LOC
 70
1
  0
ATTRIB
  5
9DD
330
17
100
AcDbEntity
  8
0
  6
Continuous
100
AcDbText
 10
55.47139310844966
 20
9.034039283222857
 30
0.0
 40
0.01
  1

  7
WD
 72
1
 11
55.47139310844966
 21
9.034039283222857
 31
0.0
100
AcDbAttribute
  2
MFG
 70
9
  0
ATTRIB
  5
9DE
330
17
100
AcDbEntity
  8
0
  6
Continuous
100
AcDbText
 10
55.473338154089575
 20
9.053481036930307
 30
0.0
 40
0.01
  1

  7
WD
 72
1
 11
55.473338154089575
 21
9.053481036930307
 31
0.0
100
AcDbAttribute
  2
CAT
 70
9
  0
ATTRIB
  5
9DF
330
17
100
AcDbEntity
  8
0
100
AcDbText
 10
55.44828488815123
 20
9.09765745279007
 30
0.0
 40
0.01
  1

  7
WD
 11
55.44828488815123
 21
9.09765745279007
 31
0.0
100
AcDbAttribute
  2
FAMILY
 70
9
  0
ATTRIB
  5
9E0
330
17
100
AcDbEntity
  8
0
100
AcDbText
 10
55.5175
 20
9.388278904647665
 30
0.0
 40
0.125
  1

  7
WD
 41
0.7
 72
2
 11
55.5175
 21
9.388278904647665
 31
0.0
100
AcDbAttribute
  2
DESC2
 70
1
  0
ATTRIB
  5
9E1
330
17
100
AcDbEntity
  8
0
100
AcDbText
 10
55.5175
 20
9.54452533180122
 30
0.0
 40
0.125
  1

  7
WD
 41
0.7
 72
2
 11
55.5175
 21
9.54452533180122
 31
0.0
100
AcDbAttribute
  2
DESC1
 70
1
  0
ATTRIB
  5
9E2
330
17
100
AcDbEntity
  8
0
100
AcDbText
 10
55.30916666666666
 20
9.12775
 30
0.0
 40
0.125
  1

  7
WD
 72
2
 11
55.5175
 21
9.12775
 31
0.0
100
AcDbAttribute
  2
TAG1
 70
1
  0
ATTRIB
  5
9E3
330
17
100
AcDbEntity
  8
0
  6
Continuous
100
AcDbText
 10
55.626999999999995
 20
8.75275
 30
0.0
 40
0.125
  1

  7
WD
 11
55.626999999999995
 21
8.87775
 31
0.0
100
AcDbAttribute
  2
TERM01
 70
9
 74
3
  0
ATTRIB
  5
9E4
330
17
100
AcDbEntity
  8
0
100
AcDbText
 10
55.58
 20
8.94025
 30
0.0
 40
0.0125
  1

  7
WD
 11
55.58
 21
8.94025
 31
0.0
100
AcDbAttribute
  2
X8TERM01
 70
1
  0
ATTRIB
  5
9E5
330
17
100
AcDbEntity
  8
0
100
AcDbText
 10
55.58
 20
9.0965
 30
0.0
 40
0.0125
  1

  7
WD
 11
55.58
 21
9.0965
 31
0.0
100
AcDbAttribute
  2
X2TERM02
 70
1
  0
ATTRIB
  5
9E6
330
17
100
AcDbEntity
  8
0
  6
Continuous
100
AcDbText
 10
55.626999999999995
 20
9.0965
 30
0.0
 40
0.125
  1

  7
WD
 11
55.626999999999995
 21
9.0965
 31
0.0
100
AcDbAttribute
  2
TERM02
 70
9
  0
ATTRIB
  5
9E7
330
17
100
AcDbEntity
  8
0
100
AcDbText
 10
55.44828488815123
 20
9.079025320458438
 30
0.0
 40
0.01
  1

  7
WD
 11
55.44828488815123
 21
9.079025320458438
 31
0.0
100
AcDbAttribute
  2
WDBLKNAM
 70
9
  0
SEQEND
  5
9D5
330
9D4
100
AcDbEntity
  8
SLD_SYMS
  0
INSERT
  5
9E8
330
17
100
AcDbEntity
  8
SLD_SYMS
100
AcDbBlockReference
 66
1
  2
DEVICE_BUBBLE
 10
56.634
 20
15.318
 30
0.0
  0
ATTRIB
  5
9EA
330
17
100
AcDbEntity
  8
0
100
AcDbText
 10
56.462467910107975
 20
15.218951515790893
 30
0.0
 40
0.2
  1
86
  7
OpenSans
 11
56.462467910107975
 21
15.218951515790893
 31
0.0
100
AcDbAttribute
  2
DB
 70
0
280
1
  0
SEQEND
  5
9E9
330
9E8
100
AcDbEntity
  8
SLD_SYMS
  0
LINE
  5
9EB
330
17
100
AcDbEntity
  8
SLD_CONTROL
100
AcDbLine
 10
55.942
 20
15.318
 30
0.0
 11
56.417
 21
15.318
 31
0.0
  0
LINE
  5
9EC
330
17
100
AcDbEntity
  8
SLD_CONTROL
100
AcDbLine
 10
56.634
 20
15.100999999999999
 30
0.0
 11
56.634
 21
14.715
 31
0.0
  0
LWPOLYLINE
  5
9ED
330
17
100
AcDbEntity
  8
SLD_SYMS
100
AcDbPolyline
 90
4
 70
1
 10
56.327
 20
14.715
 10
57.504999999999995
 20
14.715
 10
57.504999999999995
 20
14.043
 10
56.327
 20
14.043
  0
LWPOLYLINE
  5
9EE
330
17
100
AcDbEntity
  8
SLD_CUBICLE
  6
DASHED
100
AcDbPolyline
 90
4
 70
1
 10
54.397999999999996
 20
12.465
 10
55.991
 20
12.465
 10
55.991
 20
9.912
 10
54.397999999999996
 20
9.912
  0
MTEXT
  5
9EF
330
17
100
AcDbEntity
  8
SLD_TEXT
100
AcDbMText
 10
55.58
 20
21.037
 30
0.0
 40
0.3
 41
0.0
 71
2
  1
UNIT 16
  0
MTEXT
  5
9F0
330
17
100
AcDbEntity
  8
SLD_TEXT
100
AcDbMText
 10
55.58
 20
20.173
 30
0.0
 40
0.3
 41
0.0
 71
2
  1
52-GEN2B
  0
MTEXT
  5
9F1
330
17
100
AcDbEntity
  8
SLD_TEXT
100
AcDbMText
 10
55.204
 20
15.408
 30
0.0
 40
0.093
 41
0.0
 71
1
  1
52-GEN2B\P17.5kV\P3150A\P40kA
  0
MTEXT
  5
9F2
330
17
100
AcDbEntity
  8
SLD_TEXT
100
AcDbMText
 10
56.916
 20
14.677
 30
0.0
 40
0.093
 41
0.0
 71
2
  1
SEL-751-GEN2B\PFEEDER\PPROTECTION\PRELAY
  0
MTEXT
  5
9F3
330
17
100
AcDbEntity
  8
SLD_TEXT
100
AcDbMText
 10
55.58
 20
8.87
 30
0.0
 40
0.093
 41
0.0
 71
2
  1
INCOMING 13.8KV\PLINE FROM GEN-2B
  0
LINE
  5
9F4
330
17
100
AcDbEntity
  8
SLD_WIRE
100
AcDbLine
 10
59.19
 20
18.583
 30
0.0
 11
59.19
 21
16.207
 31
0.0
  0
LINE
  5
9F5
330
17
100
AcDbEntity
  8
SLD_WIRE
100
AcDbLine
 10
59.19
 20
16.051
 30
0.0
 11
59.19
 21
15.622
 31
0.0
  0
LINE
  5
9F6
330
17
100
AcDbEntity
  8
SLD_WIRE
100
AcDbLine
 10
59.19
 20
14.701
 30
0.0
 11
59.19
 21
14.346
 31
0.0
  0
LINE
  5
9F7
330
17
100
AcDbEntity
  8
SLD_WIRE
100
AcDbLine
 10
59.19
 20
14.189
 30
0.0
 11
59.19
 21
9.097
 31
0.0
  0
INSERT
  5
9F8
330
17
100
AcDbEntity
  8
SLD_SYMS
100
AcDbBlockReference
  2
WDDOT
 10
59.19
 20
18.583
 30
0.0
  0
INSERT
  5
9FA
330
17
100
AcDbEntity
  8
SLD_SYMS
100
AcDbBlockReference
 66
1
  2
VFU1_1-
 10
60.620999999999995
 20
16.204
 30
0.0
  0
ATTRIB
  5
9FC
330
17
100
AcDbEntity
  8
0
100
AcDbText
 10
60.745999999999995
 20
16.48525
 30
0.0
 40
0.125
  1

  7
WD
 41
0.85
 11
60.745999999999995
 21
16.48525
 31
0.0
100
AcDbAttribute
  2
INST
 70
1
  0
ATTRIB
  5
9FD
330
17
100
AcDbEntity
  8
0
  6
Continuous
100
AcDbText
 10
60.467720364381606
 20
16.097850164162786
 30
0.0
 40
0.01
  1

  7
WD
 72
1
 11
60.467720364381606
 21
16.097850164162786
 31
0.0
100
AcDbAttribute
  2
ASSYCODE
 70
9
  0
ATTRIB
  5
9FE
330
17
100
AcDbEntity
  8
0
 62
7
100
AcDbText
 10
60.495999999999995
 20
16.204
 30
0.0
 40
0.01
  1

  7
WD
 11
60.495999999999995
 21
16.204
 31
0.0
100
AcDbAttribute
  2
X4LINK
 70
1
  0
ATTRIB
  5
9FF
330
17
100
AcDbEntity
  8
0
 62
7
100
AcDbText
 10
60.745999999999995
 20
16.204
 30
0.0
 40
0.01
  1

  7
WD
 11
60.745999999999995
 21
16.204
 31
0.0
100
AcDbAttribute
  2
X1LINK
 70
1
  0
ATTRIB
  5
A00
330
17
100
AcDbEntity
  8
0
100
AcDbText
 10
60.464749999999995
 20
16.1415
 30
0.0
 40
0.125
  1
6A
  7
WD
 41
0.85
 72
2
 11
60.464749999999995
 21
16.1415
 31
0.0
100
AcDbAttribute
  2
RATING1
 70
0
  0
ATTRIB
  5
A01
330
17
100
AcDbEntity
  8
0
100
AcDbText
 10
60.745999999999995
 20
15.79775
 30
0.0
 40
0.125
  1

  7
WD
 41
0.85
 11
60.745999999999995
 21
15.79775
 31
0.0
100
AcDbAttribute
  2
DESC2
 70
1
  0
ATTRIB
  5
A02
330
17
100
AcDbEntity
  8
0
100
AcDbText
 10
60.745999999999995
 20
15.969625
 30
0.0
 40
0.125
  1

  7
WD
 41
0.85
 11
60.745999999999995
 21
15.969625
 31
0.0
100
AcDbAttribute
  2
DESC1
 70
1
  0
ATTRIB
  5
A03
330
17
100
AcDbEntity
  8
0
100
AcDbText
 10
60.74794143797307
 20
16.14337500000005
 30
0.0
 40
0.125
  1

  7
WD
 41
0.85
 11
60.74794143797307
 21
16.14337500000005
 31
0.0
100
AcDbAttribute
  2
TAG1
 70
1
  0
ATTRIB
  5
A04
330
17
100
AcDbEntity
  8
0
100
AcDbText
 10
60.745999999999995
 20
16.313375
 30
0.0
 40
0.125
  1

  7
WD
 41
0.85
 11
60.745999999999995
 21
16.313375
 31
0.0
100
AcDbAttribute
  2
LOC
 70
1
  0
ATTRIB
  5
A05
330
17
100
AcDbEntity
  8
0
  6
Continuous
100
AcDbText
 10
60.47888308100699
 20
16.115873790861
 30
0.0
 40
0.01
  1

  7
WD
 72
2
 11
60.47888308100699
 21
16.115873790861
 31
0.0
100
AcDbAttribute
  2
MFG
 70
9
  0
ATTRIB
  5
A06
330
17
100
AcDbEntity
  8
0
  6
Continuous
100
AcDbText
 10
60.47888308100699
 20
16.130873790861
 30
0.0
 40
0.01
  1

  7
WD
 72
2
 11
60.47888308100699
 21
16.130873790861
 31
0.0
100
AcDbAttribute
  2
CAT
 70
9
  0
ATTRIB
  5
A07
330
17
100
AcDbEntity
  8
0
100
AcDbText
 10
60.462216414340325
 20
16.167540457527664
 30
0.0
 40
0.01
  1

  7
WD
 72
2
 11
60.47888308100699
 21
16.167540457527664
 31
0.0
100
AcDbAttribute
  2
FAMILY
 70
9
  0
ATTRIB
  5
A08
330
17
100
AcDbEntity
  8
0
 62
7
100
AcDbText
 10
60.620999999999995
 20
16.04775
 30
0.0
 40
0.0125
  1

  7
WD
 11
60.620999999999995
 21
16.04775
 31
0.0
100
AcDbAttribute
  2
X8TERM02
 70
1
  0
ATTRIB
  5
A09
330
17
100
AcDbEntity
  8
0
 62
7
100
AcDbText
 10
60.620999999999995
 20
16.36025
 30
0.0
 40
0.0125
  1

  7
WD
 11
60.620999999999995
 21
16.36025
 31
0.0
100
AcDbAttribute
  2
X2TERM01
 70
1
  0
ATTRIB
  5
A0A
330
17
100
AcDbEntity
  8
0
  6
Continuous
100
AcDbText
 10
60.580298778392
 20
15.896802969349004
 30
0.0
 40
0.125
  1

  7
WD
 41
0.85
 72
2
 11
60.580298778392
 21
16.021802969349004
 31
0.0
100
AcDbAttribute
  2
TERM02
 70
9
 74
3
  0
ATTRIB
  5
A0B
330
17
100
AcDbEntity
  8
0
  6
Continuous
100
AcDbText
 10
60.56602962084434
 20
16.379376616004922
 30
0.0
 40
0.125
  1

  7
WD
 41
0.85
 72
2
 11
60.56602962084434
 21
16.379376616004922
 31
0.0
100
AcDbAttribute
  2
TERM01
 70
9
  0
ATTRIB
  5
A0C
330
17
100
AcDbEntity
  8
0
100
AcDbText
 10
60.47888308100699
 20
16.050763117239445
 30
0.0
 40
0.01
  1

  7
WD
 72
2
 11
60.49221641434033
 21
16.050763117239445
 31
0.0
100
AcDbAttribute
  2
WDTYPE
 70
9
  0
ATTRIB
  5
A0D
330
17
100
AcDbEntity
  8
0
100
AcDbText
 10
60.745999999999995
 20
15.625875
 30
0.0
 40
0.125
  1

  7
WD
 41
0.85
 11
60.745999999999995
 21
15.625875
 31
0.0
100
AcDbAttribute
  2
DESC3
 70
1
  0
ATTRIB
  5
A0E
330
17
100
AcDbEntity
  8
0
100
AcDbText
 10
60.49221641434033
 20
16.035138117239445
 30
0.0
 40
0.01
  1

  7
WD
 72
2
 11
60.49221641434033
 21
16.035138117239445
 31
0.0
100
AcDbAttribute
  2
WDBLKNAM
 70
9
  0
SEQEND
  5
9FB
330
9FA
100
AcDbEntity
  8
SLD_SYMS
  0
INSERT
  5
A0F
330
17
100
AcDbEntity
  8
SLD_SYMS
100
AcDbBlockReference
 66
1
  2
VCN1PJ
 10
59.19
 20
16.144
 30
0.0
  0
ATTRIB
  5
A11
330
17
100
AcDbEntity
  8
0
100
AcDbText
 10
59.41916666666666
 20
16.993801758954774
 30
0.0
 40
0.125
  1

  7
WD
 41
0.7
 72
2
 11
59.41916666666666
 21
16.993801758954774
 31
0.0
100
AcDbAttribute
  2
INST
 70
1
  0
ATTRIB
  5
A12
330
17
100
AcDbEntity
  8
0
100
AcDbText
 10
59.20307292689498
 20
16.029359872741505
 30
0.0
 40
0.01
  1

  7
WD
 11
59.20307292689498
 21
16.029359872741505
 31
0.0
100
AcDbAttribute
  2
X8TERMDESC01
 70
1
  0
ATTRIB
  5
A13
330
17
100
AcDbEntity
  8
0
100
AcDbText
 10
59.21614586449905
 20
16.185609867770694
 30
0.0
 40
0.01
  1

  7
WD
 11
59.21614586449905
 21
16.185609867770694
 31
0.0
100
AcDbAttribute
  2
X2TERMDESC02
 70
1
  0
ATTRIB
  5
A14
330
17
100
AcDbEntity
  8
0
  6
Continuous
100
AcDbText
 10
59.080924736372424
 20
16.130056517835843
 30
0.0
 40
0.01
  1

  7
WD
 72
1
 11
59.080924736372424
 21
16.130056517835843
 31
0.0
100
AcDbAttribute
  2
ASSYCODE
 70
9
  0
ATTRIB
  5
A15
330
17
100
AcDbEntity
  8
0
100
AcDbText
 10
59.065
 20
16.0815
 30
0.0
 40
0.01
  1

  7
WD
 11
59.065
 21
16.0815
 31
0.0
100
AcDbAttribute
  2
X4LINK
 70
1
  0
ATTRIB
  5
A16
330
17
100
AcDbEntity
  8
0
100
AcDbText
 10
59.315
 20
16.0815
 30
0.0
 40
0.01
  1

  7
WD
 11
59.315
 21
16.0815
 31
0.0
100
AcDbAttribute
  2
X1LINK
 70
1
  0
ATTRIB
  5
A17
330
17
100
AcDbEntity
  8
0
100
AcDbText
 10
59.1275
 20
16.82420175895477
 30
0.0
 40
0.125
  1

  7
WD
 41
0.7
 72
2
 11
59.1275
 21
16.82420175895477
 31
0.0
100
AcDbAttribute
  2
LOC
 70
1
  0
ATTRIB
  5
A18
330
17
100
AcDbEntity
  8
0
  6
Continuous
100
AcDbText
 10
59.08139310844966
 20
16.144039283222853
 30
0.0
 40
0.01
  1

  7
WD
 72
1
 11
59.08139310844966
 21
16.144039283222853
 31
0.0
100
AcDbAttribute
  2
MFG
 70
9
  0
ATTRIB
  5
A19
330
17
100
AcDbEntity
  8
0
  6
Continuous
100
AcDbText
 10
59.083338154089574
 20
16.163481036930303
 30
0.0
 40
0.01
  1

  7
WD
 72
1
 11
59.083338154089574
 21
16.163481036930303
 31
0.0
100
AcDbAttribute
  2
CAT
 70
9
  0
ATTRIB
  5
A1A
330
17
100
AcDbEntity
  8
0
100
AcDbText
 10
59.05828488815123
 20
16.207657452790066
 30
0.0
 40
0.01
  1

  7
WD
 11
59.05828488815123
 21
16.207657452790066
 31
0.0
100
AcDbAttribute
  2
FAMILY
 70
9
  0
ATTRIB
  5
A1B
330
17
100
AcDbEntity
  8
0
100
AcDbText
 10
59.1275
 20
16.498278904647663
 30
0.0
 40
0.125
  1

  7
WD
 41
0.7
 72
2
 11
59.1275
 21
16.498278904647663
 31
0.0
100
AcDbAttribute
  2
DESC2
 70
1
  0
ATTRIB
  5
A1C
330
17
100
AcDbEntity
  8
0
100
AcDbText
 10
59.1275
 20
16.654525331801217
 30
0.0
 40
0.125
  1

  7
WD
 41
0.7
 72
2
 11
59.1275
 21
16.654525331801217
 31
0.0
100
AcDbAttribute
  2
DESC1
 70
1
  0
ATTRIB
  5
A1D
330
17
100
AcDbEntity
  8
0
100
AcDbText
 10
58.91916666666666
 20
16.23775
 30
0.0
 40
0.125
  1

  7
WD
 72
2
 11
59.1275
 21
16.23775
 31
0.0
100
AcDbAttribute
  2
TAG1
 70
1
  0
ATTRIB
  5
A1E
330
17
100
AcDbEntity
  8
0
  6
Continuous
100
AcDbText
 10
59.236999999999995
 20
15.862749999999998
 30
0.0
 40
0.125
  1

  7
WD
 11
59.236999999999995
 21
15.987749999999998
 31
0.0
100
AcDbAttribute
  2
TERM01
 70
9
 74
3
  0
ATTRIB
  5
A1F
330
17
100
AcDbEntity
  8
0
100
AcDbText
 10
59.19
 20
16.05025
 30
0.0
 40
0.0125
  1

  7
WD
 11
59.19
 21
16.05025
 31
0.0
100
AcDbAttribute
  2
X8TERM01
 70
1
  0
ATTRIB
  5
A20
330
17
100
AcDbEntity
  8
0
100
AcDbText
 10
59.19
 20
16.2065
 30
0.0
 40
0.0125
  1

  7
WD
 11
59.19
 21
16.2065
 31
0.0
100
AcDbAttribute
  2
X2TERM02
 70
1
  0
ATTRIB
  5
A21
330
17
100
AcDbEntity
  8
0
  6
Continuous
100
AcDbText
 10
59.236999999999995
 20
16.2065
 30
0.0
 40
0.125
  1

  7
WD
 11
59.236999999999995
 21
16.2065
 31
0.0
100
AcDbAttribute
  2
TERM02
 70
9
  0
ATTRIB
  5
A22
330
17
100
AcDbEntity
  8
0
100
AcDbText
 10
59.05828488815123
 20
16.189025320458434
 30
0.0
 40
0.01
  1

  7
WD
 11
59.05828488815123
 21
16.189025320458434
 31
0.0
100
AcDbAttribute
  2
WDBLKNAM
 70
9
  0
SEQEND
  5
A10
330
A0F
100
AcDbEntity
  8
SLD_SYMS
  0
LWPOLYLINE
  5
A23
330
17
100
AcDbEntity
  8
SLD_SYMS
100
AcDbPolyline
 90
4
 70
1
 10
58.775
 20
15.622
 10
59.552
 20
15.622
 10
59.552
 20
14.701
 10
58.775
 20
14.701
  0
INSERT
  5
A24
330
17
100
AcDbEntity
  8
SLD_SYMS
100
AcDbBlockReference
 66
1
  2
VCN1PJ
 10
59.19
 20
14.252
 30
0.0
 50
180.0
  0
ATTRIB
  5
A26
330
17
100
AcDbEntity
  8
0
100
AcDbText
 10
58.96083333333333
 20
13.402198241045227
 30
0.0
 40
0.125
  1

 50
180.0
  7
WD
 41
0.7
 72
2
 11
58.96083333333333
 21
13.402198241045227
 31
0.0
100
AcDbAttribute
  2
INST
 70
1
  0
ATTRIB
  5
A27
330
17
100
AcDbEntity
  8
0
100
AcDbText
 10
59.17692707310501
 20
14.366640127258496
 30
0.0
 40
0.01
  1

 50
180.0
  7
WD
 11
59.17692707310501
 21
14.366640127258496
 31
0.0
100
AcDbAttribute
  2
X8TERMDESC01
 70
1
  0
ATTRIB
  5
A28
330
17
100
AcDbEntity
  8
0
100
AcDbText
 10
59.16385413550095
 20
14.210390132229305
 30
0.0
 40
0.01
  1

 50
180.0
  7
WD
 11
59.16385413550095
 21
14.210390132229305
 31
0.0
100
AcDbAttribute
  2
X2TERMDESC02
 70
1
  0
ATTRIB
  5
A29
330
17
100
AcDbEntity
  8
0
  6
Continuous
100
AcDbText
 10
59.29907526362757
 20
14.265943482164156
 30
0.0
 40
0.01
  1

 50
180.0
  7
WD
 72
1
 11
59.29907526362757
 21
14.265943482164156
 31
0.0
100
AcDbAttribute
  2
ASSYCODE
 70
9
  0
ATTRIB
  5
A2A
330
17
100
AcDbEntity
  8
0
100
AcDbText
 10
59.315
 20
14.3145
 30
0.0
 40
0.01
  1

 50
180.0
  7
WD
 11
59.315
 21
14.3145
 31
0.0
100
AcDbAttribute
  2
X4LINK
 70
1
  0
ATTRIB
  5
A2B
330
17
100
AcDbEntity
  8
0
100
AcDbText
 10
59.065
 20
14.3145
 30
0.0
 40
0.01
  1

 50
180.0
  7
WD
 11
59.065
 21
14.3145
 31
0.0
100
AcDbAttribute
  2
X1LINK
 70
1
  0
ATTRIB
  5
A2C
330
17
100
AcDbEntity
  8
0
100
AcDbText
 10
59.2525
 20
13.571798241045226
 30
0.0
 40
0.125
  1

 50
180.0
  7
WD
 41
0.7
 72
2
 11
59.2525
 21
13.571798241045226
 31
0.0
100
AcDbAttribute
  2
LOC
 70
1
  0
ATTRIB
  5
A2D
330
17
100
AcDbEntity
  8
0
  6
Continuous
100
AcDbText
 10
59.298606891550335
 20
14.251960716777145
 30
0.0
 40
0.01
  1

 50
180.0
  7
WD
 72
1
 11
59.298606891550335
 21
14.251960716777145
 31
0.0
100
AcDbAttribute
  2
MFG
 70
9
  0
ATTRIB
  5
A2E
330
17
100
AcDbEntity
  8
0
  6
Continuous
100
AcDbText
 10
59.29666184591042
 20
14.232518963069694
 30
0.0
 40
0.01
  1

 50
180.0
  7
WD
 72
1
 11
59.29666184591042
 21
14.232518963069694
 31
0.0
100
AcDbAttribute
  2
CAT
 70
9
  0
ATTRIB
  5
A2F
330
17
100
AcDbEntity
  8
0
100
AcDbText
 10
59.32171511184877
 20
14.188342547209931
 30
0.0
 40
0.01
  1

 50
180.0
  7
WD
 11
59.32171511184877
 21
14.188342547209931
 31
0.0
100
AcDbAttribute
  2
FAMILY
 70
9
  0
ATTRIB
  5
A30
330
17
100
AcDbEntity
  8
0
100
AcDbText
 10
59.2525
 20
13.897721095352336
 30
0.0
 40
0.125
  1

 50
180.0
  7
WD
 41
0.7
 72
2
 11
59.2525
 21
13.897721095352336
 31
0.0
100
AcDbAttribute
  2
DESC2
 70
1
  0
ATTRIB
  5
A31
330
17
100
AcDbEntity
  8
0
100
AcDbText
 10
59.2525
 20
13.741474668198782
 30
0.0
 40
0.125
  1

 50
180.0
  7
WD
 41
0.7
 72
2
 11
59.2525
 21
13.741474668198782
 31
0.0
100
AcDbAttribute
  2
DESC1
 70
1
  0
ATTRIB
  5
A32
330
17
100
AcDbEntity
  8
0
100
AcDbText
 10
59.46083333333333
 20
14.15825
 30
0.0
 40
0.125
  1

 50
180.0
  7
WD
 72
2
 11
59.2525
 21
14.15825
 31
0.0
100
AcDbAttribute
  2
TAG1
 70
1
  0
ATTRIB
  5
A33
330
17
100
AcDbEntity
  8
0
  6
Continuous
100
AcDbText
 10
59.143
 20
14.53325
 30
0.0
 40
0.125
  1

 50
180.0
  7
WD
 11
59.143
 21
14.40825
 31
0.0
100
AcDbAttribute
  2
TERM01
 70
9
 74
3
  0
ATTRIB
  5
A34
330
17
100
AcDbEntity
  8
0
100
AcDbText
 10
59.19
 20
14.34575
 30
0.0
 40
0.0125
  1

 50
180.0
  7
WD
 11
59.19
 21
14.34575
 31
0.0
100
AcDbAttribute
  2
X8TERM01
 70
1
  0
ATTRIB
  5
A35
330
17
100
AcDbEntity
  8
0
100
AcDbText
 10
59.19
 20
14.1895
 30
0.0
 40
0.0125
  1

 50
180.0
  7
WD
 11
59.19
 21
14.1895
 31
0.0
100
AcDbAttribute
  2
X2TERM02
 70
1
  0
ATTRIB
  5
A36
330
17
100
AcDbEntity
  8
0
  6
Continuous
100
AcDbText
 10
59.143
 20
14.1895
 30
0.0
 40
0.125
  1

 50
180.0
  7
WD
 11
59.143
 21
14.1895
 31
0.0
100
AcDbAttribute
  2
TERM02
 70
9
  0
ATTRIB
  5
A37
330
17
100
AcDbEntity
  8
0
100
AcDbText
 10
59.32171511184877
 20
14.206974679541563
 30
0.0
 40
0.01
  1

 50
180.0
  7
WD
 11
59.32171511184877
 21
14.206974679541563
 31
0.0
100
AcDbAttribute
  2
WDBLKNAM
 70
9
  0
SEQEND
  5
A25
330
A24
100
AcDbEntity
  8
SLD_SYMS
  0
INSERT
  5
A38
330
17
100
AcDbEntity
  8
SLD_SYMS
100
AcDbBlockReference
  2
ARRESTER
 10
59.187999999999995
 20
13.359
 30
0.0
  0
INSERT
  5
A3A
330
17
100
AcDbEntity
  8
SLD_SYMS
100
AcDbBlockReference
 66
1
  2
VXF1CT
 10
59.379999999999995
 20
12.007
 30
0.0
  0
ATTRIB
  5
A3C
330
17
100
AcDbEntity
  8
0
100
AcDbText
 10
59.15291666666666
 20
11.585125
 30
0.0
 40
0.125
  1

  7
WD
 41
0.7
 72
1
 11
59.15291666666666
 21
11.585125
 31
0.0
100
AcDbAttribute
  2
INST
 70
1
  0
ATTRIB
  5
A3D
330
17
100
AcDbEntity
  8
0
100
AcDbText
 10
59.379999999999995
 20
11.723826474599724
 30
0.0
 40
0.0125
  1

  7
WD
 11
59.379999999999995
 21
11.723826474599724
 31
0.0
100
AcDbAttribute
  2
X8TERM01
 70
1
  0
ATTRIB
  5
A3E
330
17
100
AcDbEntity
  8
0
100
AcDbText
 10
59.41221176270013
 20
11.756038237299862
 30
0.0
 40
0.0125
  1

  7
WD
 11
59.41221176270013
 21
11.756038237299862
 31
0.0
100
AcDbAttribute
  2
X1TERM01
 70
1
  0
ATTRIB
  5
A3F
330
17
100
AcDbEntity
  8
0
  6
Continuous
100
AcDbText
 10
59.32506216961904
 20
11.776456032263782
 30
0.0
 40
0.125
  1

  7
WD
 72
2
 11
59.32506216961904
 21
11.776456032263782
 31
0.0
100
AcDbAttribute
  2
TERM01
 70
9
  0
ATTRIB
  5
A40
330
17
100
AcDbEntity
  8
0
  6
Continuous
100
AcDbText
 10
59.33500691695106
 20
12.273965784883833
 30
0.0
 40
0.125
  1

  7
WD
 72
2
 11
59.33500691695106
 21
12.273965784883833
 31
0.0
100
AcDbAttribute
  2
TERM02
 70
9
  0
ATTRIB
  5
A41
330
17
100
AcDbEntity
  8
0
100
AcDbText
 10
59.41221176270013
 20
12.256038237299862
 30
0.0
 40
0.0125
  1

  7
WD
 11
59.41221176270013
 21
12.256038237299862
 31
0.0
100
AcDbAttribute
  2
X1TERM02
 70
1
  0
ATTRIB
  5
A42
330
17
100
AcDbEntity
  8
0
100
AcDbText
 10
59.379999999999995
 20
12.28825
 30
0.0
 40
0.0125
  1

  7
WD
 11
59.379999999999995
 21
12.28825
 31
0.0
100
AcDbAttribute
  2
X2TERM02
 70
1
  0
ATTRIB
  5
A43
330
17
100
AcDbEntity
  8
0
100
AcDbText
 10
59.661249999999995
 20
11.882
 30
0.0
 40
0.125
  1

  7
WD
 41
0.7
 11
59.661249999999995
 21
11.882
 31
0.0
100
AcDbAttribute
  2
RATING1
 70
1
  0
ATTRIB
  5
A44
330
17
100
AcDbEntity
  8
0
100
AcDbText
 10
59.661249999999995
 20
12.03825
 30
0.0
 40
0.125
  1

  7
WD
 11
59.661249999999995
 21
12.03825
 31
0.0
100
AcDbAttribute
  2
TAG1
 70
1
  0
ATTRIB
  5
A45
330
17
100
AcDbEntity
  8
0
100
AcDbText
 10
59.17947062227279
 20
11.24970533180122
 30
0.0
 40
0.125
  1
400:5A (3)
  7
WD
 41
0.7
 72
1
 11
59.17947062227279
 21
11.24970533180122
 31
0.0
100
AcDbAttribute
  2
DESC1
 70
0
  0
ATTRIB
  5
A46
330
17
100
AcDbEntity
  8
0
100
AcDbText
 10
59.17947062227279
 20
11.093458904647663
 30
0.0
 40
0.125
  1
CT 5P20
  7
WD
 41
0.7
 72
1
 11
59.17947062227279
 21
11.093458904647663
 31
0.0
100
AcDbAttribute
  2
DESC2
 70
0
  0
ATTRIB
  5
A47
330
17
100
AcDbEntity
  8
0
100
AcDbText
 10
59.17947062227279
 20
11.405951758954775
 30
0.0
 40
0.125
  1

  7
WD
 41
0.7
 72
1
 11
59.17947062227279
 21
11.405951758954775
 31
0.0
100
AcDbAttribute
  2
LOC
 70
1
  0
ATTRIB
  5
A48
330
17
100
AcDbEntity
  8
0
  6
Continuous
100
AcDbText
 10
59.20906982489897
 20
12.125955350386372
 30
0.0
 40
0.01
  1

  7
WD
 72
1
 11
59.20906982489897
 21
12.125955350386372
 31
0.0
100
AcDbAttribute
  2
ASSYCODE
 70
9
  0
ATTRIB
  5
A49
330
17
100
AcDbEntity
  8
0
100
AcDbText
 10
59.18729166666666
 20
11.960125
 30
0.0
 40
0.125
  1

  7
WD
 72
1
 11
59.333124999999995
 21
11.960125
 31
0.0
100
AcDbAttribute
  2
TYPE
 70
1
  0
ATTRIB
  5
A4A
330
17
100
AcDbEntity
  8
0
100
AcDbText
 10
59.184192775900364
 20
12.197690293718368
 30
0.0
 40
0.01
  1

  7
WD
 11
59.184192775900364
 21
12.197690293718368
 31
0.0
100
AcDbAttribute
  2
FAMILY
 70
9
  0
ATTRIB
  5
A4B
330
17
100
AcDbEntity
  8
0
  6
Continuous
100
AcDbText
 10
59.20924604183871
 20
12.169138877858606
 30
0.0
 40
0.01
  1

  7
WD
 72
1
 11
59.20924604183871
 21
12.169138877858606
 31
0.0
100
AcDbAttribute
  2
CAT
 70
9
  0
ATTRIB
  5
A4C
330
17
100
AcDbEntity
  8
0
  6
Continuous
100
AcDbText
 10
59.207300996198796
 20
12.149697124151155
 30
0.0
 40
0.01
  1

  7
WD
 72
1
 11
59.207300996198796
 21
12.149697124151155
 31
0.0
100
AcDbAttribute
  2
MFG
 70
9
  0
SEQEND
  5
A3B
330
A3A
100
AcDbEntity
  8
SLD_SYMS
  0
INSERT
  5
A4D
330
17
100
AcDbEntity
  8
SLD_SYMS
100
AcDbBlockReference
  2
WDDOT
 10
59.239999999999995
 20
12.325
 30
0.0
  0
MTEXT
  5
A4F
330
17
100
AcDbEntity
  8
SLD_TEXT
100
AcDbMText
 10
58.413
 20
11.774
 30
0.0
 40
0.1
 41
0.0
 71
2
  1
1%%C
  0
INSERT
  5
A50
330
17
100
AcDbEntity
  8
SLD_SYMS
100
AcDbBlockReference
 66
1
  2
VXF1CT
 10
59.379999999999995
 20
10.308
 30
0.0
  0
ATTRIB
  5
A52
330
17
100
AcDbEntity
  8
0
100
AcDbText
 10
59.15291666666666
 20
9.886125
 30
0.0
 40
0.125
  1

  7
WD
 41
0.7
 72
1
 11
59.15291666666666
 21
9.886125
 31
0.0
100
AcDbAttribute
  2
INST
 70
1
  0
ATTRIB
  5
A53
330
17
100
AcDbEntity
  8
0
100
AcDbText
 10
59.379999999999995
 20
10.024826474599724
 30
0.0
 40
0.0125
  1

  7
WD
 11
59.379999999999995
 21
10.024826474599724
 31
0.0
100
AcDbAttribute
  2
X8TERM01
 70
1
  0
ATTRIB
  5
A54
330
17
100
AcDbEntity
  8
0
100
AcDbText
 10
59.41221176270013
 20
10.057038237299862
 30
0.0
 40
0.0125
  1

  7
WD
 11
59.41221176270013
 21
10.057038237299862
 31
0.0
100
AcDbAttribute
  2
X1TERM01
 70
1
  0
ATTRIB
  5
A55
330
17
100
AcDbEntity
  8
0
  6
Continuous
100
AcDbText
 10
59.32506216961904
 20
10.077456032263783
 30
0.0
 40
0.125
  1

  7
WD
 72
2
 11
59.32506216961904
 21
10.077456032263783
 31
0.0
100
AcDbAttribute
  2
TERM01
 70
9
  0
ATTRIB
  5
A56
330
17
100
AcDbEntity
  8
0
  6
Continuous
100
AcDbText
 10
59.33500691695106
 20
10.574965784883833
 30
0.0
 40
0.125
  1

  7
WD
 72
2
 11
59.33500691695106
 21
10.574965784883833
 31
0.0
100
AcDbAttribute
  2
TERM02
 70
9
  0
ATTRIB
  5
A57
330
17
100
AcDbEntity
  8
0
100
AcDbText
 10
59.41221176270013
 20
10.557038237299862
 30
0.0
 40
0.0125
  1

  7
WD
 11
59.41221176270013
 21
10.557038237299862
 31
0.0
100
AcDbAttribute
  2
X1TERM02
 70
1
  0
ATTRIB
  5
A58
330
17
100
AcDbEntity
  8
0
100
AcDbText
 10
59.379999999999995
 20
10.58925
 30
0.0
 40
0.0125
  1

  7
WD
 11
59.379999999999995
 21
10.58925
 31
0.0
100
AcDbAttribute
  2
X2TERM02
 70
1
  0
ATTRIB
  5
A59
330
17
100
AcDbEntity
  8
0
100
AcDbText
 10
59.661249999999995
 20
10.183
 30
0.0
 40
0.125
  1

  7
WD
 41
0.7
 11
59.661249999999995
 21
10.183
 31
0.0
100
AcDbAttribute
  2
RATING1
 70
1
  0
ATTRIB
  5
A5A
330
17
100
AcDbEntity
  8
0
100
AcDbText
 10
59.661249999999995
 20
10.33925
 30
0.0
 40
0.125
  1

  7
WD
 11
59.661249999999995
 21
10.33925
 31
0.0
100
AcDbAttribute
  2
TAG1
 70
1
  0
ATTRIB
  5
A5B
330
17
100
AcDbEntity
  8
0
100
AcDbText
 10
59.17947062227279
 20
9.550705331801218
 30
0.0
 40
0.125
  1
3000:5A (3)
  7
WD
 41
0.7
 72
1
 11
59.17947062227279
 21
9.550705331801218
 31
0.0
100
AcDbAttribute
  2
DESC1
 70
0
  0
ATTRIB
  5
A5C
330
17
100
AcDbEntity
  8
0
100
AcDbText
 10
59.17947062227279
 20
9.394458904647664
 30
0.0
 40
0.125
  1
CT 5P20
  7
WD
 41
0.7
 72
1
 11
59.17947062227279
 21
9.394458904647664
 31
0.0
100
AcDbAttribute
  2
DESC2
 70
0
  0
ATTRIB
  5
A5D
330
17
100
AcDbEntity
  8
0
100
AcDbText
 10
59.17947062227279
 20
9.706951758954773
 30
0.0
 40
0.125
  1

  7
WD
 41
0.7
 72
1
 11
59.17947062227279
 21
9.706951758954773
 31
0.0
100
AcDbAttribute
  2
LOC
 70
1
  0
ATTRIB
  5
A5E
330
17
100
AcDbEntity
  8
0
  6
Continuous
100
AcDbText
 10
59.20906982489897
 20
10.426955350386372
 30
0.0
 40
0.01
  1

  7
WD
 72
1
 11
59.20906982489897
 21
10.426955350386372
 31
0.0
100
AcDbAttribute
  2
ASSYCODE
 70
9
  0
ATTRIB
  5
A5F
330
17
100
AcDbEntity
  8
0
100
AcDbText
 10
59.18729166666666
 20
10.261125
 30
0.0
 40
0.125
  1

  7
WD
 72
1
 11
59.333124999999995
 21
10.261125
 31
0.0
100
AcDbAttribute
  2
TYPE
 70
1
  0
ATTRIB
  5
A60
330
17
100
AcDbEntity
  8
0
100
AcDbText
 10
59.184192775900364
 20
10.498690293718369
 30
0.0
 40
0.01
  1

  7
WD
 11
59.184192775900364
 21
10.498690293718369
 31
0.0
100
AcDbAttribute
  2
FAMILY
 70
9
  0
ATTRIB
  5
A61
330
17
100
AcDbEntity
  8
0
  6
Continuous
100
AcDbText
 10
59.20924604183871
 20
10.470138877858606
 30
0.0
 40
0.01
  1

  7
WD
 72
1
 11
59.20924604183871
 21
10.470138877858606
 31
0.0
100
AcDbAttribute
  2
CAT
 70
9
  0
ATTRIB
  5
A62
330
17
100
AcDbEntity
  8
0
  6
Continuous
100
AcDbText
 10
59.207300996198796
 20
10.450697124151155
 30
0.0
 40
0.01
  1

  7
WD
 72
1
 11
59.207300996198796
 21
10.450697124151155
 31
0.0
100
AcDbAttribute
  2
MFG
 70
9
  0
SEQEND
  5
A51
330
A50
100
AcDbEntity
  8
SLD_SYMS
  0
INSERT
  5
A63
330
17
100
AcDbEntity
  8
SLD_SYMS
100
AcDbBlockReference
  2
WDDOT
 10
59.233999999999995
 20
10.606
 30
0.0
  0
MTEXT
  5
A65
330
17
100
AcDbEntity
  8
SLD_TEXT
100
AcDbMText
 10
58.413
 20
10.08
 30
0.0
 40
0.1
 41
0.0
 71
2
  1
1%%C
  0
INSERT
  5
A66
330
17
100
AcDbEntity
  8
SLD_SYMS
100
AcDbBlockReference
 66
1
  2
VCN1PJ
 10
59.19
 20
9.034
 30
0.0
  0
ATTRIB
  5
A68
330
17
100
AcDbEntity
  8
0
100
AcDbText
 10
59.41916666666666
 20
9.883801758954775
 30
0.0
 40
0.125
  1

  7
WD
 41
0.7
 72
2
 11
59.41916666666666
 21
9.883801758954775
 31
0.0
100
AcDbAttribute
  2
INST
 70
1
  0
ATTRIB
  5
A69
330
17
100
AcDbEntity
  8
0
100
AcDbText
 10
59.20307292689498
 20
8.919359872741506
 30
0.0
 40
0.01
  1

  7
WD
 11
59.20307292689498
 21
8.919359872741506
 31
0.0
100
AcDbAttribute
  2
X8TERMDESC01
 70
1
  0
ATTRIB
  5
A6A
330
17
100
AcDbEntity
  8
0
100
AcDbText
 10
59.21614586449905
 20
9.075609867770696
 30
0.0
 40
0.01
  1

  7
WD
 11
59.21614586449905
 21
9.075609867770696
 31
0.0
100
AcDbAttribute
  2
X2TERMDESC02
 70
1
  0
ATTRIB
  5
A6B
330
17
100
AcDbEntity
  8
0
  6
Continuous
100
AcDbText
 10
59.080924736372424
 20
9.020056517835846
 30
0.0
 40
0.01
  1

  7
WD
 72
1
 11
59.080924736372424
 21
9.020056517835846
 31
0.0
100
AcDbAttribute
  2
ASSYCODE
 70
9
  0
ATTRIB
  5
A6C
330
17
100
AcDbEntity
  8
0
100
AcDbText
 10
59.065
 20
8.9715
 30
0.0
 40
0.01
  1

  7
WD
 11
59.065
 21
8.9715
 31
0.0
100
AcDbAttribute
  2
X4LINK
 70
1
  0
ATTRIB
  5
A6D
330
17
100
AcDbEntity
  8
0
100
AcDbText
 10
59.315
 20
8.9715
 30
0.0
 40
0.01
  1

  7
WD
 11
59.315
 21
8.9715
 31
0.0
100
AcDbAttribute
  2
X1LINK
 70
1
  0
ATTRIB
  5
A6E
330
17
100
AcDbEntity
  8
0
100
AcDbText
 10
59.1275
 20
9.714201758954776
 30
0.0
 40
0.125
  1

  7
WD
 41
0.7
 72
2
 11
59.1275
 21
9.714201758954776
 31
0.0
100
AcDbAttribute
  2
LOC
 70
1
  0
ATTRIB
  5
A6F
330
17
100
AcDbEntity
  8
0
  6
Continuous
100
AcDbText
 10
59.08139310844966
 20
9.034039283222857
 30
0.0
 40
0.01
  1

  7
WD
 72
1
 11
59.08139310844966
 21
9.034039283222857
 31
0.0
100
AcDbAttribute
  2
MFG
 70
9
  0
ATTRIB
  5
A70
330
17
100
AcDbEntity
  8
0
  6
Continuous
100
AcDbText
 10
59.083338154089574
 20
9.053481036930307
 30
0.0
 40
0.01
  1

  7
WD
 72
1
 11
59.083338154089574
 21
9.053481036930307
 31
0.0
100
AcDbAttribute
  2
CAT
 70
9
  0
ATTRIB
  5
A71
330
17
100
AcDbEntity
  8
0
100
AcDbText
 10
59.05828488815123
 20
9.09765745279007
 30
0.0
 40
0.01
  1

  7
WD
 11
59.05828488815123
 21
9.09765745279007
 31
0.0
100
AcDbAttribute
  2
FAMILY
 70
9
  0
ATTRIB
  5
A72
330
17
100
AcDbEntity
  8
0
100
AcDbText
 10
59.1275
 20
9.388278904647665
 30
0.0
 40
0.125
  1

  7
WD
 41
0.7
 72
2
 11
59.1275
 21
9.388278904647665
 31
0.0
100
AcDbAttribute
  2
DESC2
 70
1
  0
ATTRIB
  5
A73
330
17
100
AcDbEntity
  8
0
100
AcDbText
 10
59.1275
 20
9.54452533180122
 30
0.0
 40
0.125
  1

  7
WD
 41
0.7
 72
2
 11
59.1275
 21
9.54452533180122
 31
0.0
100
AcDbAttribute
  2
DESC1
 70
1
  0
ATTRIB
  5
A74
330
17
100
AcDbEntity
  8
0
100
AcDbText
 10
58.91916666666666
 20
9.12775
 30
0.0
 40
0.125
  1

  7
WD
 72
2
 11
59.1275
 21
9.12775
 31
0.0
100
AcDbAttribute
  2
TAG1
 70
1
  0
ATTRIB
  5
A75
330
17
100
AcDbEntity
  8
0
  6
Continuous
100
AcDbText
 10
59.236999999999995
 20
8.75275
 30
0.0
 40
0.125
  1

  7
WD
 11
59.236999999999995
 21
8.87775
 31
0.0
100
AcDbAttribute
  2
TERM01
 70
9
 74
3
  0
ATTRIB
  5
A76
330
17
100
AcDbEntity
  8
0
100
AcDbText
 10
59.19
 20
8.94025
 30
0.0
 40
0.0125
  1

  7
WD
 11
59.19
 21
8.94025
 31
0.0
100
AcDbAttribute
  2
X8TERM01
 70
1
  0
ATTRIB
  5
A77
330
17
100
AcDbEntity
  8
0
100
AcDbText
 10
59.19
 20
9.0965
 30
0.0
 40
0.0125
  1

  7
WD
 11
59.19
 21
9.0965
 31
0.0
100
AcDbAttribute
  2
X2TERM02
 70
1
  0
ATTRIB
  5
A78
330
17
100
AcDbEntity
  8
0
  6
Continuous
100
AcDbText
 10
59.236999999999995
 20
9.0965
 30
0.0
 40
0.125
  1

  7
WD
 11
59.236999999999995
 21
9.0965
 31
0.0
100
AcDbAttribute
  2
TERM02
 70
9
  0
ATTRIB
  5
A79
330
17
100
AcDbEntity
  8
0
100
AcDbText
 10
59.05828488815123
 20
9.079025320458438
 30
0.0
 40
0.01
  1

  7
WD
 11
59.05828488815123
 21
9.079025320458438
 31
0.0
100
AcDbAttribute
  2
WDBLKNAM
 70
9
  0
SEQEND
  5
A67
330
A66
100
AcDbEntity
  8
SLD_SYMS
  0
INSERT
  5
A7A
330
17
100
AcDbEntity
  8
SLD_SYMS
100
AcDbBlockReference
 66
1
  2
DEVICE_BUBBLE
 10
60.244
 20
15.318
 30
0.0
  0
ATTRIB
  5
A7C
330
17
100
AcDbEntity
  8
0
100
AcDbText
 10
60.072467910107974
 20
15.218951515790893
 30
0.0
 40
0.2
  1
86
  7
OpenSans
 11
60.072467910107974
 21
15.218951515790893
 31
0.0
100
AcDbAttribute
  2
DB
 70
0
280
1
  0
SEQEND
  5
A7B
330
A7A
100
AcDbEntity
  8
SLD_SYMS
  0
LINE
  5
A7D
330
17
100
AcDbEntity
  8
SLD_CONTROL
100
AcDbLine
 10
59.552
 20
15.318
 30
0.0
 11
60.027
 21
15.318
 31
0.0
  0
LINE
  5
A7E
330
17
100
AcDbEntity
  8
SLD_CONTROL
100
AcDbLine
 10
60.244
 20
15.100999999999999
 30
0.0
 11
60.244
 21
14.715
 31
0.0
  0
LWPOLYLINE
  5
A7F
330
17
100
AcDbEntity
  8
SLD_SYMS
100
AcDbPolyline
 90
4
 70
1
 10
59.937
 20
14.715
 10
61.114999999999995
 20
14.715
 10
61.114999999999995
 20
14.043
 10
59.937
 20
14.043
  0
LWPOLYLINE
  5
A80
330
17
100
AcDbEntity
  8
SLD_CUBICLE
  6
DASHED
100
AcDbPolyline
 90
4
 70
1
 10
58.007999999999996
 20
12.465
 10
59.601
 20
12.465
 10
59.601
 20
9.912
 10
58.007999999999996
 20
9.912
  0
MTEXT
  5
A81
330
17
100
AcDbEntity
  8
SLD_TEXT
100
AcDbMText
 10
59.19
 20
21.037
 30
0.0
 40
0.3
 41
0.0
 71
2
  1
UNIT 17
  0
MTEXT
  5
A82
330
17
100
AcDbEntity
  8
SLD_TEXT
100
AcDbMText
 10
59.19
 20
20.173
 30
0.0
 40
0.3
 41
0.0
 71
2
  1
52-GEN3B
  0
MTEXT
  5
A83
330
17
100
AcDbEntity
  8
SLD_TEXT
100
AcDbMText
 10
58.814
 20
15.408
 30
0.0
 40
0.093
 41
0.0
 71
1
  1
52-GEN3B\P17.5kV\P3150A\P40kA
  0
MTEXT
  5
A84
330
17
100
AcDbEntity
  8
SLD_TEXT
100
AcDbMText
 10
60.525999999999996
 20
14.677
 30
0.0
 40
0.093
 41
0.0
 71
2
  1
SEL-751-GEN3B\PFEEDER\PPROTECTION\PRELAY
  0
MTEXT
  5
A85
330
17
100
AcDbEntity
  8
SLD_TEXT
100
AcDbMText
 10
59.19
 20
8.87
 30
0.0
 40
0.093
 41
0.0
 71
2
  1
INCOMING 13.8KV\PLINE FROM GEN-3B
  0
LINE
  5
A86
330
17
100
AcDbEntity
  8
SLD_WIRE
100
AcDbLine
 10
62.8
 20
18.583
 30
0.0
 11
62.8
 21
16.207
 31
0.0
  0
LINE
  5
A87
330
17
100
AcDbEntity
  8
SLD_WIRE
100
AcDbLine
 10
62.8
 20
16.051
 30
0.0
 11
62.8
 21
15.622
 31
0.0
  0
LINE
  5
A88
330
17
100
AcDbEntity
  8
SLD_WIRE
100
AcDbLine
 10
62.8
 20
14.701
 30
0.0
 11
62.8
 21
14.346
 31
0.0
  0
LINE
  5
A89
330
17
100
AcDbEntity
  8
SLD_WIRE
100
AcDbLine
 10
62.8
 20
14.189
 30
0.0
 11
62.8
 21
9.097
 31
0.0
  0
INSERT
  5
A8A
330
17
100
AcDbEntity
  8
SLD_SYMS
100
AcDbBlockReference
  2
WDDOT
 10
62.8
 20
18.583
 30
0.0
  0
INSERT
  5
A8C
330
17
100
AcDbEntity
  8
SLD_SYMS
100
AcDbBlockReference
 66
1
  2
VFU1_1-
 10
64.231
 20
16.204
 30
0.0
  0
ATTRIB
  5
A8E
330
17
100
AcDbEntity
  8
0
100
AcDbText
 10
64.356
 20
16.48525
 30
0.0
 40
0.125
  1

  7
WD
 41
0.85
 11
64.356
 21
16.48525
 31
0.0
100
AcDbAttribute
  2
INST
 70
1
  0
ATTRIB
  5
A8F
330
17
100
AcDbEntity
  8
0
  6
Continuous
100
AcDbText
 10
64.0777203643816
 20
16.097850164162786
 30
0.0
 40
0.01
  1

  7
WD
 72
1
 11
64.0777203643816
 21
16.097850164162786
 31
0.0
100
AcDbAttribute
  2
ASSYCODE
 70
9
  0
ATTRIB
  5
A90
330
17
100
AcDbEntity
  8
0
 62
7
100
AcDbText
 10
64.106
 20
16.204
 30
0.0
 40
0.01
  1

  7
WD
 11
64.106
 21
16.204
 31
0.0
100
AcDbAttribute
  2
X4LINK
 70
1
  0
ATTRIB
  5
A91
330
17
100
AcDbEntity
  8
0
 62
7
100
AcDbText
 10
64.356
 20
16.204
 30
0.0
 40
0.01
  1

  7
WD
 11
64.356
 21
16.204
 31
0.0
100
AcDbAttribute
  2
X1LINK
 70
1
  0
ATTRIB
  5
A92
330
17
100
AcDbEntity
  8
0
100
AcDbText
 10
64.07475
 20
16.1415
 30
0.0
 40
0.125
  1
6A
  7
WD
 41
0.85
 72
2
 11
64.07475
 21
16.1415
 31
0.0
100
AcDbAttribute
  2
RATING1
 70
0
  0
ATTRIB
  5
A93
330
17
100
AcDbEntity
  8
0
100
AcDbText
 10
64.356
 20
15.79775
 30
0.0
 40
0.125
  1

  7
WD
 41
0.85
 11
64.356
 21
15.79775
 31
0.0
100
AcDbAttribute
  2
DESC2
 70
1
  0
ATTRIB
  5
A94
330
17
100
AcDbEntity
  8
0
100
AcDbText
 10
64.356
 20
15.969625
 30
0.0
 40
0.125
  1

  7
WD
 41
0.85
 11
64.356
 21
15.969625
 31
0.0
100
AcDbAttribute
  2
DESC1
 70
1
  0
ATTRIB
  5
A95
330
17
100
AcDbEntity
  8
0
100
AcDbText
 10
64.35794143797307
 20
16.14337500000005
 30
0.0
 40
0.125
  1

  7
WD
 41
0.85
 11
64.35794143797307
 21
16.14337500000005
 31
0.0
100
AcDbAttribute
  2
TAG1
 70
1
  0
ATTRIB
  5
A96
330
17
100
AcDbEntity
  8
0
100
AcDbText
 10
64.356
 20
16.313375
 30
0.0
 40
0.125
  1

  7
WD
 41
0.85
 11
64.356
 21
16.313375
 31
0.0
100
AcDbAttribute
  2
LOC
 70
1
  0
ATTRIB
  5
A97
330
17
100
AcDbEntity
  8
0
  6
Continuous
100
AcDbText
 10
64.08888308100698
 20
16.115873790861
 30
0.0
 40
0.01
  1

  7
WD
 72
2
 11
64.08888308100698
 21
16.115873790861
 31
0.0
100
AcDbAttribute
  2
MFG
 70
9
  0
ATTRIB
  5
A98
330
17
100
AcDbEntity
  8
0
  6
Continuous
100
AcDbText
 10
64.08888308100698
 20
16.130873790861
 30
0.0
 40
0.01
  1

  7
WD
 72
2
 11
64.08888308100698
 21
16.130873790861
 31
0.0
100
AcDbAttribute
  2
CAT
 70
9
  0
ATTRIB
  5
A99
330
17
100
AcDbEntity
  8
0
100
AcDbText
 10
64.07221641434032
 20
16.167540457527664
 30
0.0
 40
0.01
  1

  7
WD
 72
2
 11
64.08888308100698
 21
16.167540457527664
 31
0.0
100
AcDbAttribute
  2
FAMILY
 70
9
  0
ATTRIB
  5
A9A
330
17
100
AcDbEntity
  8
0
 62
7
100
AcDbText
 10
64.231
 20
16.04775
 30
0.0
 40
0.0125
  1

  7
WD
 11
64.231
 21
16.04775
 31
0.0
100
AcDbAttribute
  2
X8TERM02
 70
1
  0
ATTRIB
  5
A9B
330
17
100
AcDbEntity
  8
0
 62
7
100
AcDbText
 10
64.231
 20
16.36025
 30
0.0
 40
0.0125
  1

  7
WD
 11
64.231
 21
16.36025
 31
0.0
100
AcDbAttribute
  2
X2TERM01
 70
1
  0
ATTRIB
  5
A9C
330
17
100
AcDbEntity
  8
0
  6
Continuous
100
AcDbText
 10
64.190298778392
 20
15.896802969349004
 30
0.0
 40
0.125
  1

  7
WD
 41
0.85
 72
2
 11
64.190298778392
 21
16.021802969349004
 31
0.0
100
AcDbAttribute
  2
TERM02
 70
9
 74
3
  0
ATTRIB
  5
A9D
330
17
100
AcDbEntity
  8
0
  6
Continuous
100
AcDbText
 10
64.17602962084435
 20
16.379376616004922
 30
0.0
 40
0.125
  1

  7
WD
 41
0.85
 72
2
 11
64.17602962084435
 21
16.379376616004922
 31
0.0
100
AcDbAttribute
  2
TERM01
 70
9
  0
ATTRIB
  5
A9E
330
17
100
AcDbEntity
  8
0
100
AcDbText
 10
64.08888308100698
 20
16.050763117239445
 30
0.0
 40
0.01
  1

  7
WD
 72
2
 11
64.10221641434032
 21
16.050763117239445
 31
0.0
100
AcDbAttribute
  2
WDTYPE
 70
9
  0
ATTRIB
  5
A9F
330
17
100
AcDbEntity
  8
0
100
AcDbText
 10
64.356
 20
15.625875
 30
0.0
 40
0.125
  1

  7
WD
 41
0.85
 11
64.356
 21
15.625875
 31
0.0
100
AcDbAttribute
  2
DESC3
 70
1
  0
ATTRIB
  5
AA0
330
17
100
AcDbEntity
  8
0
100
AcDbText
 10
64.10221641434032
 20
16.035138117239445
 30
0.0
 40
0.01
  1

  7
WD
 72
2
 11
64.10221641434032
 21
16.035138117239445
 31
0.0
100
AcDbAttribute
  2
WDBLKNAM
 70
9
  0
SEQEND
  5
A8D
330
A8C
100
AcDbEntity
  8
SLD_SYMS
  0
INSERT
  5
AA1
330
17
100
AcDbEntity
  8
SLD_SYMS
100
AcDbBlockReference
 66
1
  2
VCN1PJ
 10
62.8
 20
16.144
 30
0.0
  0
ATTRIB
  5
AA3
330
17
100
AcDbEntity
  8
0
100
AcDbText
 10
63.02916666666666
 20
16.993801758954774
 30
0.0
 40
0.125
  1

  7
WD
 41
0.7
 72
2
 11
63.02916666666666
 21
16.993801758954774
 31
0.0
100
AcDbAttribute
  2
INST
 70
1
  0
ATTRIB
  5
AA4
330
17
100
AcDbEntity
  8
0
100
AcDbText
 10
62.81307292689498
 20
16.029359872741505
 30
0.0
 40
0.01
  1

  7
WD
 11
62.81307292689498
 21
16.029359872741505
 31
0.0
100
AcDbAttribute
  2
X8TERMDESC01
 70
1
  0
ATTRIB
  5
AA5
330
17
100
AcDbEntity
  8
0
100
AcDbText
 10
62.82614586449905
 20
16.185609867770694
 30
0.0
 40
0.01
  1

  7
WD
 11
62.82614586449905
 21
16.185609867770694
 31
0.0
100
AcDbAttribute
  2
X2TERMDESC02
 70
1
  0
ATTRIB
  5
AA6
330
17
100
AcDbEntity
  8
0
  6
Continuous
100
AcDbText
 10
62.69092473637242
 20
16.130056517835843
 30
0.0
 40
0.01
  1

  7
WD
 72
1
 11
62.69092473637242
 21
16.130056517835843
 31
0.0
100
AcDbAttribute
  2
ASSYCODE
 70
9
  0
ATTRIB
  5
AA7
330
17
100
AcDbEntity
  8
0
100
AcDbText
 10
62.675
 20
16.0815
 30
0.0
 40
0.01
  1

  7
WD
 11
62.675
 21
16.0815
 31
0.0
100
AcDbAttribute
  2
X4LINK
 70
1
  0
ATTRIB
  5
AA8
330
17
100
AcDbEntity
  8
0
100
AcDbText
 10
62.925
 20
16.0815
 30
0.0
 40
0.01
  1

  7
WD
 11
62.925
 21
16.0815
 31
0.0
100
AcDbAttribute
  2
X1LINK
 70
1
  0
ATTRIB
  5
AA9
330
17
100
AcDbEntity
  8
0
100
AcDbText
 10
62.7375
 20
16.82420175895477
 30
0.0
 40
0.125
  1

  7
WD
 41
0.7
 72
2
 11
62.7375
 21
16.82420175895477
 31
0.0
100
AcDbAttribute
  2
LOC
 70
1
  0
ATTRIB
  5
AAA
330
17
100
AcDbEntity
  8
0
  6
Continuous
100
AcDbText
 10
62.69139310844966
 20
16.144039283222853
 30
0.0
 40
0.01
  1

  7
WD
 72
1
 11
62.69139310844966
 21
16.144039283222853
 31
0.0
100
AcDbAttribute
  2
MFG
 70
9
  0
ATTRIB
  5
AAB
330
17
100
AcDbEntity
  8
0
  6
Continuous
100
AcDbText
 10
62.693338154089574
 20
16.163481036930303
 30
0.0
 40
0.01
  1

  7
WD
 72
1
 11
62.693338154089574
 21
16.163481036930303
 31
0.0
100
AcDbAttribute
  2
CAT
 70
9
  0
ATTRIB
  5
AAC
330
17
100
AcDbEntity
  8
0
100
AcDbText
 10
62.66828488815123
 20
16.207657452790066
 30
0.0
 40
0.01
  1

  7
WD
 11
62.66828488815123
 21
16.207657452790066
 31
0.0
100
AcDbAttribute
  2
FAMILY
 70
9
  0
ATTRIB
  5
AAD
330
17
100
AcDbEntity
  8
0
100
AcDbText
 10
62.7375
 20
16.498278904647663
 30
0.0
 40
0.125
  1

  7
WD
 41
0.7
 72
2
 11
62.7375
 21
16.498278904647663
 31
0.0
100
AcDbAttribute
  2
DESC2
 70
1
  0
ATTRIB
  5
AAE
330
17
100
AcDbEntity
  8
0
100
AcDbText
 10
62.7375
 20
16.654525331801217
 30
0.0
 40
0.125
  1

  7
WD
 41
0.7
 72
2
 11
62.7375
 21
16.654525331801217
 31
0.0
100
AcDbAttribute
  2
DESC1
 70
1
  0
ATTRIB
  5
AAF
330
17
100
AcDbEntity
  8
0
100
AcDbText
 10
62.52916666666666
 20
16.23775
 30
0.0
 40
0.125
  1

  7
WD
 72
2
 11
62.7375
 21
16.23775
 31
0.0
100
AcDbAttribute
  2
TAG1
 70
1
  0
ATTRIB
  5
AB0
330
17
100
AcDbEntity
  8
0
  6
Continuous
100
AcDbText
 10
62.846999999999994
 20
15.862749999999998
 30
0.0
 40
0.125
  1

  7
WD
 11
62.846999999999994
 21
15.987749999999998
 31
0.0
100
AcDbAttribute
  2
TERM01
 70
9
 74
3
  0
ATTRIB
  5
AB1
330
17
100
AcDbEntity
  8
0
100
AcDbText
 10
62.8
 20
16.05025
 30
0.0
 40
0.0125
  1

  7
WD
 11
62.8
 21
16.05025
 31
0.0
100
AcDbAttribute
  2
X8TERM01
 70
1
  0
ATTRIB
  5
AB2
330
17
100
AcDbEntity
  8
0
100
AcDbText
 10
62.8
 20
16.2065
 30
0.0
 40
0.0125
  1

  7
WD
 11
62.8
 21
16.2065
 31
0.0
100
AcDbAttribute
  2
X2TERM02
 70
1
  0
ATTRIB
  5
AB3
330
17
100
AcDbEntity
  8
0
  6
Continuous
100
AcDbText
 10
62.846999999999994
 20
16.2065
 30
0.0
 40
0.125
  1

  7
WD
 11
62.846999999999994
 21
16.2065
 31
0.0
100
AcDbAttribute
  2
TERM02
 70
9
  0
ATTRIB
  5
AB4
330
17
100
AcDbEntity
  8
0
100
AcDbText
 10
62.66828488815123
 20
16.189025320458434
 30
0.0
 40
0.01
  1

  7
WD
 11
62.66828488815123
 21
16.189025320458434
 31
0.0
100
AcDbAttribute
  2
WDBLKNAM
 70
9
  0
SEQEND
  5
AA2
330
AA1
100
AcDbEntity
  8
SLD_SYMS
  0
LWPOLYLINE
  5
AB5
330
17
100
AcDbEntity
  8
SLD_SYMS
100
AcDbPolyline
 90
4
 70
1
 10
62.385
 20
15.622
 10
63.162
 20
15.622
 10
63.162
 20
14.701
 10
62.385
 20
14.701
  0
INSERT
  5
AB6
330
17
100
AcDbEntity
  8
SLD_SYMS
100
AcDbBlockReference
 66
1
  2
VCN1PJ
 10
62.8
 20
14.252
 30
0.0
 50
180.0
  0
ATTRIB
  5
AB8
330
17
100
AcDbEntity
  8
0
100
AcDbText
 10
62.57083333333333
 20
13.402198241045227
 30
0.0
 40
0.125
  1

 50
180.0
  7
WD
 41
0.7
 72
2
 11
62.57083333333333
 21
13.402198241045227
 31
0.0
100
AcDbAttribute
  2
INST
 70
1
  0
ATTRIB
  5
AB9
330
17
100
AcDbEntity
  8
0
100
AcDbText
 10
62.78692707310501
 20
14.366640127258496
 30
0.0
 40
0.01
  1

 50
180.0
  7
WD
 11
62.78692707310501
 21
14.366640127258496
 31
0.0
100
AcDbAttribute
  2
X8TERMDESC01
 70
1
  0
ATTRIB
  5
ABA
330
17
100
AcDbEntity
  8
0
100
AcDbText
 10
62.77385413550095
 20
14.210390132229305
 30
0.0
 40
0.01
  1

 50
180.0
  7
WD
 11
62.77385413550095
 21
14.210390132229305
 31
0.0
100
AcDbAttribute
  2
X2TERMDESC02
 70
1
  0
ATTRIB
  5
ABB
330
17
100
AcDbEntity
  8
0
  6
Continuous
100
AcDbText
 10
62.90907526362757
 20
14.265943482164156
 30
0.0
 40
0.01
  1

 50
180.0
  7
WD
 72
1
 11
62.90907526362757
 21
14.265943482164156
 31
0.0
100
AcDbAttribute
  2
ASSYCODE
 70
9
  0
ATTRIB
  5
ABC
330
17
100
AcDbEntity
  8
0
100
AcDbText
 10
62.925
 20
14.3145
 30
0.0
 40
0.01
  1

 50
180.0
  7
WD
 11
62.925
 21
14.3145
 31
0.0
100
AcDbAttribute
  2
X4LINK
 70
1
  0
ATTRIB
  5
ABD
330
17
100
AcDbEntity
  8
0
100
AcDbText
 10
62.675
 20
14.3145
 30
0.0
 40
0.01
  1

 50
180.0
  7
WD
 11
62.675
 21
14.3145
 31
0.0
100
AcDbAttribute
  2
X1LINK
 70
1
  0
ATTRIB
  5
ABE
330
17
100
AcDbEntity
  8
0
100
AcDbText
 10
62.8625
 20
13.571798241045226
 30
0.0
 40
0.125
  1

 50
180.0
  7
WD
 41
0.7
 72
2
 11
62.8625
 21
13.571798241045226
 31
0.0
100
AcDbAttribute
  2
LOC
 70
1
  0
ATTRIB
  5
ABF
330
17
100
AcDbEntity
  8
0
  6
Continuous
100
AcDbText
 10
62.908606891550335
 20
14.251960716777145
 30
0.0
 40
0.01
  1

 50
180.0
  7
WD
 72
1
 11
62.908606891550335
 21
14.251960716777145
 31
0.0
100
AcDbAttribute
  2
MFG
 70
9
  0
ATTRIB
  5
AC0
330
17
100
AcDbEntity
  8
0
  6
Continuous
100
AcDbText
 10
62.90666184591042
 20
14.232518963069694
 30
0.0
 40
0.01
  1

 50
180.0
  7
WD
 72
1
 11
62.90666184591042
 21
14.232518963069694
 31
0.0
100
AcDbAttribute
  2
CAT
 70
9
  0
ATTRIB
  5
AC1
330
17
100
AcDbEntity
  8
0
100
AcDbText
 10
62.93171511184877
 20
14.188342547209931
 30
0.0
 40
0.01
  1

 50
180.0
  7
WD
 11
62.93171511184877
 21
14.188342547209931
 31
0.0
100
AcDbAttribute
  2
FAMILY
 70
9
  0
ATTRIB
  5
AC2
330
17
100
AcDbEntity
  8
0
100
AcDbText
 10
62.8625
 20
13.897721095352336
 30
0.0
 40
0.125
  1

 50
180.0
  7
WD
 41
0.7
 72
2
 11
62.8625
 21
13.897721095352336
 31
0.0
100
AcDbAttribute
  2
DESC2
 70
1
  0
ATTRIB
  5
AC3
330
17
100
AcDbEntity
  8
0
100
AcDbText
 10
62.8625
 20
13.741474668198782
 30
0.0
 40
0.125
  1

 50
180.0
  7
WD
 41
0.7
 72
2
 11
62.8625
 21
13.741474668198782
 31
0.0
100
AcDbAttribute
  2
DESC1
 70
1
  0
ATTRIB
  5
AC4
330
17
100
AcDbEntity
  8
0
100
AcDbText
 10
63.07083333333333
 20
14.15825
 30
0.0
 40
0.125
  1

 50
180.0
  7
WD
 72
2
 11
62.8625
 21
14.15825
 31
0.0
100
AcDbAttribute
  2
TAG1
 70
1
  0
ATTRIB
  5
AC5
330
17
100
AcDbEntity
  8
0
  6
Continuous
100
AcDbText
 10
62.753
 20
14.53325
 30
0.0
 40
0.125
  1

 50
180.0
  7
WD
 11
62.753
 21
14.40825
 31
0.0
100
AcDbAttribute
  2
TERM01
 70
9
 74
3
  0
ATTRIB
  5
AC6
330
17
100
AcDbEntity
  8
0
100
AcDbText
 10
62.8
 20
14.34575
 30
0.0
 40
0.0125
  1

 50
180.0
  7
WD
 11
62.8
 21
14.34575
 31
0.0
100
AcDbAttribute
  2
X8TERM01
 70
1
  0
ATTRIB
  5
AC7
330
17
100
AcDbEntity
  8
0
100
AcDbText
 10
62.8
 20
14.1895
 30
0.0
 40
0.0125
  1

 50
180.0
  7
WD
 11
62.8
 21
14.1895
 31
0.0
100
AcDbAttribute
  2
X2TERM02
 70
1
  0
ATTRIB
  5
AC8
330
17
100
AcDbEntity
  8
0
  6
Continuous
100
AcDbText
 10
62.753
 20
14.1895
 30
0.0
 40
0.125
  1

 50
180.0
  7
WD
 11
62.753
 21
14.1895
 31
0.0
100
AcDbAttribute
  2
TERM02
 70
9
  0
ATTRIB
  5
AC9
330
17
100
AcDbEntity
  8
0
100
AcDbText
 10
62.93171511184877
 20
14.206974679541563
 30
0.0
 40
0.01
  1

 50
180.0
  7
WD
 11
62.93171511184877
 21
14.206974679541563
 31
0.0
100
AcDbAttribute
  2
WDBLKNAM
 70
9
  0
SEQEND
  5
AB7
330
AB6
100
AcDbEntity
  8
SLD_SYMS
  0
INSERT
  5
ACA
330
17
100
AcDbEntity
  8
SLD_SYMS
100
AcDbBlockReference
  2
ARRESTER
 10
62.797999999999995
 20
13.359
 30
0.0
  0
INSERT
  5
ACC
330
17
100
AcDbEntity
  8
SLD_SYMS
100
AcDbBlockReference
 66
1
  2
VXF1CT
 10
62.989999999999995
 20
12.007
 30
0.0
  0
ATTRIB
  5
ACE
330
17
100
AcDbEntity
  8
0
100
AcDbText
 10
62.76291666666666
 20
11.585125
 30
0.0
 40
0.125
  1

  7
WD
 41
0.7
 72
1
 11
62.76291666666666
 21
11.585125
 31
0.0
100
AcDbAttribute
  2
INST
 70
1
  0
ATTRIB
  5
ACF
330
17
100
AcDbEntity
  8
0
100
AcDbText
 10
62.989999999999995
 20
11.723826474599724
 30
0.0
 40
0.0125
  1

  7
WD
 11
62.989999999999995
 21
11.723826474599724
 31
0.0
100
AcDbAttribute
  2
X8TERM01
 70
1
  0
ATTRIB
  5
AD0
330
17
100
AcDbEntity
  8
0
100
AcDbText
 10
63.02221176270013
 20
11.756038237299862
 30
0.0
 40
0.0125
  1

  7
WD
 11
63.02221176270013
 21
11.756038237299862
 31
0.0
100
AcDbAttribute
  2
X1TERM01
 70
1
  0
ATTRIB
  5
AD1
330
17
100
AcDbEntity
  8
0
  6
Continuous
100
AcDbText
 10
62.93506216961904
 20
11.776456032263782
 30
0.0
 40
0.125
  1

  7
WD
 72
2
 11
62.93506216961904
 21
11.776456032263782
 31
0.0
100
AcDbAttribute
  2
TERM01
 70
9
  0
ATTRIB
  5
AD2
330
17
100
AcDbEntity
  8
0
  6
Continuous
100
AcDbText
 10
62.94500691695106
 20
12.273965784883833
 30
0.0
 40
0.125
  1

  7
WD
 72
2
 11
62.94500691695106
 21
12.273965784883833
 31
0.0
100
AcDbAttribute
  2
TERM02
 70
9
  0
ATTRIB
  5
AD3
330
17
100
AcDbEntity
  8
0
100
AcDbText
 10
63.02221176270013
 20
12.256038237299862
 30
0.0
 40
0.0125
  1

  7
WD
 11
63.02221176270013
 21
12.256038237299862
 31
0.0
100
AcDbAttribute
  2
X1TERM02
 70
1
  0
ATTRIB
  5
AD4
330
17
100
AcDbEntity
  8
0
100
AcDbText
 10
62.989999999999995
 20
12.28825
 30
0.0
 40
0.0125
  1

  7
WD
 11
62.989999999999995
 21
12.28825
 31
0.0
100
AcDbAttribute
  2
X2TERM02
 70
1
  0
ATTRIB
  5
AD5
330
17
100
AcDbEntity
  8
0
100
AcDbText
 10
63.271249999999995
 20
11.882
 30
0.0
 40
0.125
  1

  7
WD
 41
0.7
 11
63.271249999999995
 21
11.882
 31
0.0
100
AcDbAttribute
  2
RATING1
 70
1
  0
ATTRIB
  5
AD6
330
17
100
AcDbEntity
  8
0
100
AcDbText
 10
63.271249999999995
 20
12.03825
 30
0.0
 40
0.125
  1

  7
WD
 11
63.271249999999995
 21
12.03825
 31
0.0
100
AcDbAttribute
  2
TAG1
 70
1
  0
ATTRIB
  5
AD7
330
17
100
AcDbEntity
  8
0
100
AcDbText
 10
62.78947062227279
 20
11.24970533180122
 30
0.0
 40
0.125
  1
400:5A (3)
  7
WD
 41
0.7
 72
1
 11
62.78947062227279
 21
11.24970533180122
 31
0.0
100
AcDbAttribute
  2
DESC1
 70
0
  0
ATTRIB
  5
AD8
330
17
100
AcDbEntity
  8
0
100
AcDbText
 10
62.78947062227279
 20
11.093458904647663
 30
0.0
 40
0.125
  1
CT 5P20
  7
WD
 41
0.7
 72
1
 11
62.78947062227279
 21
11.093458904647663
 31
0.0
100
AcDbAttribute
  2
DESC2
 70
0
  0
ATTRIB
  5
AD9
330
17
100
AcDbEntity
  8
0
100
AcDbText
 10
62.78947062227279
 20
11.405951758954775
 30
0.0
 40
0.125
  1

  7
WD
 41
0.7
 72
1
 11
62.78947062227279
 21
11.405951758954775
 31
0.0
100
AcDbAttribute
  2
LOC
 70
1
  0
ATTRIB
  5
ADA
330
17
100
AcDbEntity
  8
0
  6
Continuous
100
AcDbText
 10
62.81906982489897
 20
12.125955350386372
 30
0.0
 40
0.01
  1

  7
WD
 72
1
 11
62.81906982489897
 21
12.125955350386372
 31
0.0
100
AcDbAttribute
  2
ASSYCODE
 70
9
  0
ATTRIB
  5
ADB
330
17
100
AcDbEntity
  8
0
100
AcDbText
 10
62.79729166666666
 20
11.960125
 30
0.0
 40
0.125
  1

  7
WD
 72
1
 11
62.943124999999995
 21
11.960125
 31
0.0
100
AcDbAttribute
  2
TYPE
 70
1
  0
ATTRIB
  5
ADC
330
17
100
AcDbEntity
  8
0
100
AcDbText
 10
62.79419277590036
 20
12.197690293718368
 30
0.0
 40
0.01
  1

  7
WD
 11
62.79419277590036
 21
12.197690293718368
 31
0.0
100
AcDbAttribute
  2
FAMILY
 70
9
  0
ATTRIB
  5
ADD
330
17
100
AcDbEntity
  8
0
  6
Continuous
100
AcDbText
 10
62.81924604183871
 20
12.169138877858606
 30
0.0
 40
0.01
  1

  7
WD
 72
1
 11
62.81924604183871
 21
12.169138877858606
 31
0.0
100
AcDbAttribute
  2
CAT
 70
9
  0
ATTRIB
  5
ADE
330
17
100
AcDbEntity
  8
0
  6
Continuous
100
AcDbText
 10
62.817300996198796
 20
12.149697124151155
 30
0.0
 40
0.01
  1

  7
WD
 72
1
 11
62.817300996198796
 21
12.149697124151155
 31
0.0
100
AcDbAttribute
  2
MFG
 70
9
  0
SEQEND
  5
ACD
330
ACC
100
AcDbEntity
  8
SLD_SYMS
  0
INSERT
  5
ADF
330
17
100
AcDbEntity
  8
SLD_SYMS
100
AcDbBlockReference
  2
WDDOT
 10
62.849999999999994
 20
12.325
 30
0.0
  0
MTEXT
  5
AE1
330
17
100
AcDbEntity
  8
SLD_TEXT
100
AcDbMText
 10
62.022999999999996
 20
11.774
 30
0.0
 40
0.1
 41
0.0
 71
2
  1
1%%C
  0
INSERT
  5
AE2
330
17
100
AcDbEntity
  8
SLD_SYMS
100
AcDbBlockReference
 66
1
  2
VXF1CT
 10
62.989999999999995
 20
10.308
 30
0.0
  0
ATTRIB
  5
AE4
330
17
100
AcDbEntity
  8
0
100
AcDbText
 10
62.76291666666666
 20
9.886125
 30
0.0
 40
0.125
  1

  7
WD
 41
0.7
 72
1
 11
62.76291666666666
 21
9.886125
 31
0.0
100
AcDbAttribute
  2
INST
 70
1
  0
ATTRIB
  5
AE5
330
17
100
AcDbEntity
  8
0
100
AcDbText
 10
62.989999999999995
 20
10.024826474599724
 30
0.0
 40
0.0125
  1

  7
WD
 11
62.989999999999995
 21
10.024826474599724
 31
0.0
100
AcDbAttribute
  2
X8TERM01
 70
1
  0
ATTRIB
  5
AE6
330
17
100
AcDbEntity
  8
0
100
AcDbText
 10
63.02221176270013
 20
10.057038237299862
 30
0.0
 40
0.0125
  1

  7
WD
 11
63.02221176270013
 21
10.057038237299862
 31
0.0
100
AcDbAttribute
  2
X1TERM01
 70
1
  0
ATTRIB
  5
AE7
330
17
100
AcDbEntity
  8
0
  6
Continuous
100
AcDbText
 10
62.93506216961904
 20
10.077456032263783
 30
0.0
 40
0.125
  1

  7
WD
 72
2
 11
62.93506216961904
 21
10.077456032263783
 31
0.0
100
AcDbAttribute
  2
TERM01
 70
9
  0
ATTRIB
  5
AE8
330
17
100
AcDbEntity
  8
0
  6
Continuous
100
AcDbText
 10
62.94500691695106
 20
10.574965784883833
 30
0.0
 40
0.125
  1

  7
WD
 72
2
 11
62.94500691695106
 21
10.574965784883833
 31
0.0
100
AcDbAttribute
  2
TERM02
 70
9
  0
ATTRIB
  5
AE9
330
17
100
AcDbEntity
  8
0
100
AcDbText
 10
63.02221176270013
 20
10.557038237299862
 30
0.0
 40
0.0125
  1

  7
WD
 11
63.02221176270013
 21
10.557038237299862
 31
0.0
100
AcDbAttribute
  2
X1TERM02
 70
1
  0
ATTRIB
  5
AEA
330
17
100
AcDbEntity
  8
0
100
AcDbText
 10
62.989999999999995
 20
10.58925
 30
0.0
 40
0.0125
  1

  7
WD
 11
62.989999999999995
 21
10.58925
 31
0.0
100
AcDbAttribute
  2
X2TERM02
 70
1
  0
ATTRIB
  5
AEB
330
17
100
AcDbEntity
  8
0
100
AcDbText
 10
63.271249999999995
 20
10.183
 30
0.0
 40
0.125
  1

  7
WD
 41
0.7
 11
63.271249999999995
 21
10.183
 31
0.0
100
AcDbAttribute
  2
RATING1
 70
1
  0
ATTRIB
  5
AEC
330
17
100
AcDbEntity
  8
0
100
AcDbText
 10
63.271249999999995
 20
10.33925
 30
0.0
 40
0.125
  1

  7
WD
 11
63.271249999999995
 21
10.33925
 31
0.0
100
AcDbAttribute
  2
TAG1
 70
1
  0
ATTRIB
  5
AED
330
17
100
AcDbEntity
  8
0
100
AcDbText
 10
62.78947062227279
 20
9.550705331801218
 30
0.0
 40
0.125
  1
3000:5A (3)
  7
WD
 41
0.7
 72
1
 11
62.78947062227279
 21
9.550705331801218
 31
0.0
100
AcDbAttribute
  2
DESC1
 70
0
  0
ATTRIB
  5
AEE
330
17
100
AcDbEntity
  8
0
100
AcDbText
 10
62.78947062227279
 20
9.394458904647664
 30
0.0
 40
0.125
  1
CT 5P20
  7
WD
 41
0.7
 72
1
 11
62.78947062227279
 21
9.394458904647664
 31
0.0
100
AcDbAttribute
  2
DESC2
 70
0
  0
ATTRIB
  5
AEF
330
17
100
AcDbEntity
  8
0
100
AcDbText
 10
62.78947062227279
 20
9.706951758954773
 30
0.0
 40
0.125
  1

  7
WD
 41
0.7
 72
1
 11
62.78947062227279
 21
9.706951758954773
 31
0.0
100
AcDbAttribute
  2
LOC
 70
1
  0
ATTRIB
  5
AF0
330
17
100
AcDbEntity
  8
0
  6
Continuous
100
AcDbText
 10
62.81906982489897
 20
10.426955350386372
 30
0.0
 40
0.01
  1

  7
WD
 72
1
 11
62.81906982489897
 21
10.426955350386372
 31
0.0
100
AcDbAttribute
  2
ASSYCODE
 70
9
  0
ATTRIB
  5
AF1
330
17
100
AcDbEntity
  8
0
100
AcDbText
 10
62.79729166666666
 20
10.261125
 30
0.0
 40
0.125
  1

  7
WD
 72
1
 11
62.943124999999995
 21
10.261125
 31
0.0
100
AcDbAttribute
  2
TYPE
 70
1
  0
ATTRIB
  5
AF2
330
17
100
AcDbEntity
  8
0
100
AcDbText
 10
62.79419277590036
 20
10.498690293718369
 30
0.0
 40
0.01
  1

  7
WD
 11
62.79419277590036
 21
10.498690293718369
 31
0.0
100
AcDbAttribute
  2
FAMILY
 70
9
  0
ATTRIB
  5
AF3
330
17
100
AcDbEntity
  8
0
  6
Continuous
100
AcDbText
 10
62.81924604183871
 20
10.470138877858606
 30
0.0
 40
0.01
  1

  7
WD
 72
1
 11
62.81924604183871
 21
10.470138877858606
 31
0.0
100
AcDbAttribute
  2
CAT
 70
9
  0
ATTRIB
  5
AF4
330
17
100
AcDbEntity
  8
0
  6
Continuous
100
AcDbText
 10
62.817300996198796
 20
10.450697124151155
 30
0.0
 40
0.01
  1

  7
WD
 72
1
 11
62.817300996198796
 21
10.450697124151155
 31
0.0
100
AcDbAttribute
  2
MFG
 70
9
  0
SEQEND
  5
AE3
330
AE2
100
AcDbEntity
  8
SLD_SYMS
  0
INSERT
  5
AF5
330
17
100
AcDbEntity
  8
SLD_SYMS
100
AcDbBlockReference
  2
WDDOT
 10
62.843999999999994
 20
10.606
 30
0.0
  0
MTEXT
  5
AF7
330
17
100
AcDbEntity
  8
SLD_TEXT
100
AcDbMText
 10
62.022999999999996
 20
10.08
 30
0.0
 40
0.1
 41
0.0
 71
2
  1
1%%C
  0
INSERT
  5
AF8
330
17
100
AcDbEntity
  8
SLD_SYMS
100
AcDbBlockReference
 66
1
  2
VCN1PJ
 10
62.8
 20
9.034
 30
0.0
  0
ATTRIB
  5
AFA
330
17
100
AcDbEntity
  8
0
100
AcDbText
 10
63.02916666666666
 20
9.883801758954775
 30
0.0
 40
0.125
  1

  7
WD
 41
0.7
 72
2
 11
63.02916666666666
 21
9.883801758954775
 31
0.0
100
AcDbAttribute
  2
INST
 70
1
  0
ATTRIB
  5
AFB
330
17
100
AcDbEntity
  8
0
100
AcDbText
 10
62.81307292689498
 20
8.919359872741506
 30
0.0
 40
0.01
  1

  7
WD
 11
62.81307292689498
 21
8.919359872741506
 31
0.0
100
AcDbAttribute
  2
X8TERMDESC01
 70
1
  0
ATTRIB
  5
AFC
330
17
100
AcDbEntity
  8
0
100
AcDbText
 10
62.82614586449905
 20
9.075609867770696
 30
0.0
 40
0.01
  1

  7
WD
 11
62.82614586449905
 21
9.075609867770696
 31
0.0
100
AcDbAttribute
  2
X2TERMDESC02
 70
1
  0
ATTRIB
  5
AFD
330
17
100
AcDbEntity
  8
0
  6
Continuous
100
AcDbText
 10
62.69092473637242
 20
9.020056517835846
 30
0.0
 40
0.01
  1

  7
WD
 72
1
 11
62.69092473637242
 21
9.020056517835846
 31
0.0
100
AcDbAttribute
  2
ASSYCODE
 70
9
  0
ATTRIB
  5
AFE
330
17
100
AcDbEntity
  8
0
100
AcDbText
 10
62.675
 20
8.9715
 30
0.0
 40
0.01
  1

  7
WD
 11
62.675
 21
8.9715
 31
0.0
100
AcDbAttribute
  2
X4LINK
 70
1
  0
ATTRIB
  5
AFF
330
17
100
AcDbEntity
  8
0
100
AcDbText
 10
62.925
 20
8.9715
 30
0.0
 40
0.01
  1

  7
WD
 11
62.925
 21
8.9715
 31
0.0
100
AcDbAttribute
  2
X1LINK
 70
1
  0
ATTRIB
  5
B00
330
17
100
AcDbEntity
  8
0
100
AcDbText
 10
62.7375
 20
9.714201758954776
 30
0.0
 40
0.125
  1

  7
WD
 41
0.7
 72
2
 11
62.7375
 21
9.714201758954776
 31
0.0
100
AcDbAttribute
  2
LOC
 70
1
  0
ATTRIB
  5
B01
330
17
100
AcDbEntity
  8
0
  6
Continuous
100
AcDbText
 10
62.69139310844966
 20
9.034039283222857
 30
0.0
 40
0.01
  1

  7
WD
 72
1
 11
62.69139310844966
 21
9.034039283222857
 31
0.0
100
AcDbAttribute
  2
MFG
 70
9
  0
ATTRIB
  5
B02
330
17
100
AcDbEntity
  8
0
  6
Continuous
100
AcDbText
 10
62.693338154089574
 20
9.053481036930307
 30
0.0
 40
0.01
  1

  7
WD
 72
1
 11
62.693338154089574
 21
9.053481036930307
 31
0.0
100
AcDbAttribute
  2
CAT
 70
9
  0
ATTRIB
  5
B03
330
17
100
AcDbEntity
  8
0
100
AcDbText
 10
62.66828488815123
 20
9.09765745279007
 30
0.0
 40
0.01
  1

  7
WD
 11
62.66828488815123
 21
9.09765745279007
 31
0.0
100
AcDbAttribute
  2
FAMILY
 70
9
  0
ATTRIB
  5
B04
330
17
100
AcDbEntity
  8
0
100
AcDbText
 10
62.7375
 20
9.388278904647665
 30
0.0
 40
0.125
  1

  7
WD
 41
0.7
 72
2
 11
62.7375
 21
9.388278904647665
 31
0.0
100
AcDbAttribute
  2
DESC2
 70
1
  0
ATTRIB
  5
B05
330
17
100
AcDbEntity
  8
0
100
AcDbText
 10
62.7375
 20
9.54452533180122
 30
0.0
 40
0.125
  1

  7
WD
 41
0.7
 72
2
 11
62.7375
 21
9.54452533180122
 31
0.0
100
AcDbAttribute
  2
DESC1
 70
1
  0
ATTRIB
  5
B06
330
17
100
AcDbEntity
  8
0
100
AcDbText
 10
62.52916666666666
 20
9.12775
 30
0.0
 40
0.125
  1

  7
WD
 72
2
 11
62.7375
 21
9.12775
 31
0.0
100
AcDbAttribute
  2
TAG1
 70
1
  0
ATTRIB
  5
B07
330
17
100
AcDbEntity
  8
0
  6
Continuous
100
AcDbText
 10
62.846999999999994
 20
8.75275
 30
0.0
 40
0.125
  1

  7
WD
 11
62.846999999999994
 21
8.87775
 31
0.0
100
AcDbAttribute
  2
TERM01
 70
9
 74
3
  0
ATTRIB
  5
B08
330
17
100
AcDbEntity
  8
0
100
AcDbText
 10
62.8
 20
8.94025
 30
0.0
 40
0.0125
  1

  7
WD
 11
62.8
 21
8.94025
 31
0.0
100
AcDbAttribute
  2
X8TERM01
 70
1
  0
ATTRIB
  5
B09
330
17
100
AcDbEntity
  8
0
100
AcDbText
 10
62.8
 20
9.0965
 30
0.0
 40
0.0125
  1

  7
WD
 11
62.8
 21
9.0965
 31
0.0
100
AcDbAttribute
  2
X2TERM02
 70
1
  0
ATTRIB
  5
B0A
330
17
100
AcDbEntity
  8
0
  6
Continuous
100
AcDbText
 10
62.846999999999994
 20
9.0965
 30
0.0
 40
0.125
  1

  7
WD
 11
62.846999999999994
 21
9.0965
 31
0.0
100
AcDbAttribute
  2
TERM02
 70
9
  0
ATTRIB
  5
B0B
330
17
100
AcDbEntity
  8
0
100
AcDbText
 10
62.66828488815123
 20
9.079025320458438
 30
0.0
 40
0.01
  1

  7
WD
 11
62.66828488815123
 21
9.079025320458438
 31
0.0
100
AcDbAttribute
  2
WDBLKNAM
 70
9
  0
SEQEND
  5
AF9
330
AF8
100
AcDbEntity
  8
SLD_SYMS
  0
INSERT
  5
B0C
330
17
100
AcDbEntity
  8
SLD_SYMS
100
AcDbBlockReference
 66
1
  2
DEVICE_BUBBLE
 10
63.854
 20
15.318
 30
0.0
  0
ATTRIB
  5
B0E
330
17
100
AcDbEntity
  8
0
100
AcDbText
 10
63.682467910107974
 20
15.218951515790893
 30
0.0
 40
0.2
  1
86
  7
OpenSans
 11
63.682467910107974
 21
15.218951515790893
 31
0.0
100
AcDbAttribute
  2
DB
 70
0
280
1
  0
SEQEND
  5
B0D
330
B0C
100
AcDbEntity
  8
SLD_SYMS
  0
LINE
  5
B0F
330
17
100
AcDbEntity
  8
SLD_CONTROL
100
AcDbLine
 10
63.162
 20
15.318
 30
0.0
 11
63.637
 21
15.318
 31
0.0
  0
LINE
  5
B10
330
17
100
AcDbEntity
  8
SLD_CONTROL
100
AcDbLine
 10
63.854
 20
15.100999999999999
 30
0.0
 11
63.854
 21
14.715
 31
0.0
  0
LWPOLYLINE
  5
B11
330
17
100
AcDbEntity
  8
SLD_SYMS
100
AcDbPolyline
 90
4
 70
1
 10
63.547
 20
14.715
 10
64.725
 20
14.715
 10
64.725
 20
14.043
 10
63.547
 20
14.043
  0
LWPOLYLINE
  5
B12
330
17
100
AcDbEntity
  8
SLD_CUBICLE
  6
DASHED
100
AcDbPolyline
 90
4
 70
1
 10
61.617999999999995
 20
12.465
 10
63.211
 20
12.465
 10
63.211
 20
9.912
 10
61.617999999999995
 20
9.912
  0
MTEXT
  5
B13
330
17
100
AcDbEntity
  8
SLD_TEXT
100
AcDbMText
 10
62.8
 20
21.037
 30
0.0
 40
0.3
 41
0.0
 71
2
  1
UNIT 18
  0
MTEXT
  5
B14
330
17
100
AcDbEntity
  8
SLD_TEXT
100
AcDbMText
 10
62.8
 20
20.173
 30
0.0
 40
0.3
 41
0.0
 71
2
  1
52-GEN4B
  0
MTEXT
  5
B15
330
17
100
AcDbEntity
  8
SLD_TEXT
100
AcDbMText
 10
62.424
 20
15.408
 30
0.0
 40
0.093
 41
0.0
 71
1
  1
52-GEN4B\P17.5kV\P3150A\P40kA
  0
MTEXT
  5
B16
330
17
100
AcDbEntity
  8
SLD_TEXT
100
AcDbMText
 10
64.136
 20
14.677
 30
0.0
 40
0.093
 41
0.0
 71
2
  1
SEL-751-GEN4B\PFEEDER\PPROTECTION\PRELAY
  0
MTEXT
  5
B17
330
17
100
AcDbEntity
  8
SLD_TEXT
100
AcDbMText
 10
62.8
 20
8.87
 30
0.0
 40
0.093
 41
0.0
 71
2
  1
INCOMING 13.8KV\PLINE FROM GEN-4B
  0
LINE
  5
B18
330
17
100
AcDbEntity
  8
SLD_WIRE
100
AcDbLine
 10
66.41
 20
18.583
 30
0.0
 11
66.41
 21
16.207
 31
0.0
  0
LINE
  5
B19
330
17
100
AcDbEntity
  8
SLD_WIRE
100
AcDbLine
 10
66.41
 20
16.051
 30
0.0
 11
66.41
 21
15.622
 31
0.0
  0
LINE
  5
B1A
330
17
100
AcDbEntity
  8
SLD_WIRE
100
AcDbLine
 10
66.41
 20
14.701
 30
0.0
 11
66.41
 21
14.346
 31
0.0
  0
LINE
  5
B1B
330
17
100
AcDbEntity
  8
SLD_WIRE
100
AcDbLine
 10
66.41
 20
14.189
 30
0.0
 11
66.41
 21
9.097
 31
0.0
  0
INSERT
  5
B1C
330
17
100
AcDbEntity
  8
SLD_SYMS
100
AcDbBlockReference
  2
WDDOT
 10
66.41
 20
18.583
 30
0.0
  0
INSERT
  5
B1E
330
17
100
AcDbEntity
  8
SLD_SYMS
100
AcDbBlockReference
 66
1
  2
VFU1_1-
 10
67.841
 20
16.204
 30
0.0
  0
ATTRIB
  5
B20
330
17
100
AcDbEntity
  8
0
100
AcDbText
 10
67.966
 20
16.48525
 30
0.0
 40
0.125
  1

  7
WD
 41
0.85
 11
67.966
 21
16.48525
 31
0.0
100
AcDbAttribute
  2
INST
 70
1
  0
ATTRIB
  5
B21
330
17
100
AcDbEntity
  8
0
  6
Continuous
100
AcDbText
 10
67.6877203643816
 20
16.097850164162786
 30
0.0
 40
0.01
  1

  7
WD
 72
1
 11
67.6877203643816
 21
16.097850164162786
 31
0.0
100
AcDbAttribute
  2
ASSYCODE
 70
9
  0
ATTRIB
  5
B22
330
17
100
AcDbEntity
  8
0
 62
7
100
AcDbText
 10
67.716
 20
16.204
 30
0.0
 40
0.01
  1

  7
WD
 11
67.716
 21
16.204
 31
0.0
100
AcDbAttribute
  2
X4LINK
 70
1
  0
ATTRIB
  5
B23
330
17
100
AcDbEntity
  8
0
 62
7
100
AcDbText
 10
67.966
 20
16.204
 30
0.0
 40
0.01
  1

  7
WD
 11
67.966
 21
16.204
 31
0.0
100
AcDbAttribute
  2
X1LINK
 70
1
  0
ATTRIB
  5
B24
330
17
100
AcDbEntity
  8
0
100
AcDbText
 10
67.68475
 20
16.1415
 30
0.0
 40
0.125
  1
6A
  7
WD
 41
0.85
 72
2
 11
67.68475
 21
16.1415
 31
0.0
100
AcDbAttribute
  2
RATING1
 70
0
  0
ATTRIB
  5
B25
330
17
100
AcDbEntity
  8
0
100
AcDbText
 10
67.966
 20
15.79775
 30
0.0
 40
0.125
  1

  7
WD
 41
0.85
 11
67.966
 21
15.79775
 31
0.0
100
AcDbAttribute
  2
DESC2
 70
1
  0
ATTRIB
  5
B26
330
17
100
AcDbEntity
  8
0
100
AcDbText
 10
67.966
 20
15.969625
 30
0.0
 40
0.125
  1

  7
WD
 41
0.85
 11
67.966
 21
15.969625
 31
0.0
100
AcDbAttribute
  2
DESC1
 70
1
  0
ATTRIB
  5
B27
330
17
100
AcDbEntity
  8
0
100
AcDbText
 10
67.96794143797307
 20
16.14337500000005
 30
0.0
 40
0.125
  1

  7
WD
 41
0.85
 11
67.96794143797307
 21
16.14337500000005
 31
0.0
100
AcDbAttribute
  2
TAG1
 70
1
  0
ATTRIB
  5
B28
330
17
100
AcDbEntity
  8
0
100
AcDbText
 10
67.966
 20
16.313375
 30
0.0
 40
0.125
  1

  7
WD
 41
0.85
 11
67.966
 21
16.313375
 31
0.0
100
AcDbAttribute
  2
LOC
 70
1
  0
ATTRIB
  5
B29
330
17
100
AcDbEntity
  8
0
  6
Continuous
100
AcDbText
 10
67.69888308100698
 20
16.115873790861
 30
0.0
 40
0.01
  1

  7
WD
 72
2
 11
67.69888308100698
 21
16.115873790861
 31
0.0
100
AcDbAttribute
  2
MFG
 70
9
  0
ATTRIB
  5
B2A
330
17
100
AcDbEntity
  8
0
  6
Continuous
100
AcDbText
 10
67.69888308100698
 20
16.130873790861
 30
0.0
 40
0.01
  1

  7
WD
 72
2
 11
67.69888308100698
 21
16.130873790861
 31
0.0
100
AcDbAttribute
  2
CAT
 70
9
  0
ATTRIB
  5
B2B
330
17
100
AcDbEntity
  8
0
100
AcDbText
 10
67.68221641434032
 20
16.167540457527664
 30
0.0
 40
0.01
  1

  7
WD
 72
2
 11
67.69888308100698
 21
16.167540457527664
 31
0.0
100
AcDbAttribute
  2
FAMILY
 70
9
  0
ATTRIB
  5
B2C
330
17
100
AcDbEntity
  8
0
 62
7
100
AcDbText
 10
67.841
 20
16.04775
 30
0.0
 40
0.0125
  1

  7
WD
 11
67.841
 21
16.04775
 31
0.0
100
AcDbAttribute
  2
X8TERM02
 70
1
  0
ATTRIB
  5
B2D
330
17
100
AcDbEntity
  8
0
 62
7
100
AcDbText
 10
67.841
 20
16.36025
 30
0.0
 40
0.0125
  1

  7
WD
 11
67.841
 21
16.36025
 31
0.0
100
AcDbAttribute
  2
X2TERM01
 70
1
  0
ATTRIB
  5
B2E
330
17
100
AcDbEntity
  8
0
  6
Continuous
100
AcDbText
 10
67.800298778392
 20
15.896802969349004
 30
0.0
 40
0.125
  1

  7
WD
 41
0.85
 72
2
 11
67.800298778392
 21
16.021802969349004
 31
0.0
100
AcDbAttribute
  2
TERM02
 70
9
 74
3
  0
ATTRIB
  5
B2F
330
17
100
AcDbEntity
  8
0
  6
Continuous
100
AcDbText
 10
67.78602962084435
 20
16.379376616004922
 30
0.0
 40
0.125
  1

  7
WD
 41
0.85
 72
2
 11
67.78602962084435
 21
16.379376616004922
 31
0.0
100
AcDbAttribute
  2
TERM01
 70
9
  0
ATTRIB
  5
B30
330
17
100
AcDbEntity
  8
0
100
AcDbText
 10
67.69888308100698
 20
16.050763117239445
 30
0.0
 40
0.01
  1

  7
WD
 72
2
 11
67.71221641434032
 21
16.050763117239445
 31
0.0
100
AcDbAttribute
  2
WDTYPE
 70
9
  0
ATTRIB
  5
B31
330
17
100
AcDbEntity
  8
0
100
AcDbText
 10
67.966
 20
15.625875
 30
0.0
 40
0.125
  1

  7
WD
 41
0.85
 11
67.966
 21
15.625875
 31
0.0
100
AcDbAttribute
  2
DESC3
 70
1
  0
ATTRIB
  5
B32
330
17
100
AcDbEntity
  8
0
100
AcDbText
 10
67.71221641434032
 20
16.035138117239445
 30
0.0
 40
0.01
  1

  7
WD
 72
2
 11
67.71221641434032
 21
16.035138117239445
 31
0.0
100
AcDbAttribute
  2
WDBLKNAM
 70
9
  0
SEQEND
  5
B1F
330
B1E
100
AcDbEntity
  8
SLD_SYMS
  0
INSERT
  5
B33
330
17
100
AcDbEntity
  8
SLD_SYMS
100
AcDbBlockReference
 66
1
  2
VCN1PJ
 10
66.41
 20
16.144
 30
0.0
  0
ATTRIB
  5
B35
330
17
100
AcDbEntity
  8
0
100
AcDbText
 10
66.63916666666667
 20
16.993801758954774
 30
0.0
 40
0.125
  1

  7
WD
 41
0.7
 72
2
 11
66.63916666666667
 21
16.993801758954774
 31
0.0
100
AcDbAttribute
  2
INST
 70
1
  0
ATTRIB
  5
B36
330
17
100
AcDbEntity
  8
0
100
AcDbText
 10
66.42307292689499
 20
16.029359872741505
 30
0.0
 40
0.01
  1

  7
WD
 11
66.42307292689499
 21
16.029359872741505
 31
0.0
100
AcDbAttribute
  2
X8TERMDESC01
 70
1
  0
ATTRIB
  5
B37
330
17
100
AcDbEntity
  8
0
100
AcDbText
 10
66.43614586449905
 20
16.185609867770694
 30
0.0
 40
0.01
  1

  7
WD
 11
66.43614586449905
 21
16.185609867770694
 31
0.0
100
AcDbAttribute
  2
X2TERMDESC02
 70
1
  0
ATTRIB
  5
B38
330
17
100
AcDbEntity
  8
0
  6
Continuous
100
AcDbText
 10
66.30092473637242
 20
16.130056517835843
 30
0.0
 40
0.01
  1

  7
WD
 72
1
 11
66.30092473637242
 21
16.130056517835843
 31
0.0
100
AcDbAttribute
  2
ASSYCODE
 70
9
  0
ATTRIB
  5
B39
330
17
100
AcDbEntity
  8
0
100
AcDbText
 10
66.285
 20
16.0815
 30
0.0
 40
0.01
  1

  7
WD
 11
66.285
 21
16.0815
 31
0.0
100
AcDbAttribute
  2
X4LINK
 70
1
  0
ATTRIB
  5
B3A
330
17
100
AcDbEntity
  8
0
100
AcDbText
 10
66.535
 20
16.0815
 30
0.0
 40
0.01
  1

  7
WD
 11
66.535
 21
16.0815
 31
0.0
100
AcDbAttribute
  2
X1LINK
 70
1
  0
ATTRIB
  5
B3B
330
17
100
AcDbEntity
  8
0
100
AcDbText
 10
66.3475
 20
16.82420175895477
 30
0.0
 40
0.125
  1

  7
WD
 41
0.7
 72
2
 11
66.3475
 21
16.82420175895477
 31
0.0
100
AcDbAttribute
  2
LOC
 70
1
  0
ATTRIB
  5
B3C
330
17
100
AcDbEntity
  8
0
  6
Continuous
100
AcDbText
 10
66.30139310844966
 20
16.144039283222853
 30
0.0
 40
0.01
  1

  7
WD
 72
1
 11
66.30139310844966
 21
16.144039283222853
 31
0.0
100
AcDbAttribute
  2
MFG
 70
9
  0
ATTRIB
  5
B3D
330
17
100
AcDbEntity
  8
0
  6
Continuous
100
AcDbText
 10
66.30333815408957
 20
16.163481036930303
 30
0.0
 40
0.01
  1

  7
WD
 72
1
 11
66.30333815408957
 21
16.163481036930303
 31
0.0
100
AcDbAttribute
  2
CAT
 70
9
  0
ATTRIB
  5
B3E
330
17
100
AcDbEntity
  8
0
100
AcDbText
 10
66.27828488815122
 20
16.207657452790066
 30
0.0
 40
0.01
  1

  7
WD
 11
66.27828488815122
 21
16.207657452790066
 31
0.0
100
AcDbAttribute
  2
FAMILY
 70
9
  0
ATTRIB
  5
B3F
330
17
100
AcDbEntity
  8
0
100
AcDbText
 10
66.3475
 20
16.498278904647663
 30
0.0
 40
0.125
  1

  7
WD
 41
0.7
 72
2
 11
66.3475
 21
16.498278904647663
 31
0.0
100
AcDbAttribute
  2
DESC2
 70
1
  0
ATTRIB
  5
B40
330
17
100
AcDbEntity
  8
0
100
AcDbText
 10
66.3475
 20
16.654525331801217
 30
0.0
 40
0.125
  1

  7
WD
 41
0.7
 72
2
 11
66.3475
 21
16.654525331801217
 31
0.0
100
AcDbAttribute
  2
DESC1
 70
1
  0
ATTRIB
  5
B41
330
17
100
AcDbEntity
  8
0
100
AcDbText
 10
66.13916666666667
 20
16.23775
 30
0.0
 40
0.125
  1

  7
WD
 72
2
 11
66.3475
 21
16.23775
 31
0.0
100
AcDbAttribute
  2
TAG1
 70
1
  0
ATTRIB
  5
B42
330
17
100
AcDbEntity
  8
0
  6
Continuous
100
AcDbText
 10
66.457
 20
15.862749999999998
 30
0.0
 40
0.125
  1

  7
WD
 11
66.457
 21
15.987749999999998
 31
0.0
100
AcDbAttribute
  2
TERM01
 70
9
 74
3
  0
ATTRIB
  5
B43
330
17
100
AcDbEntity
  8
0
100
AcDbText
 10
66.41
 20
16.05025
 30
0.0
 40
0.0125
  1

  7
WD
 11
66.41
 21
16.05025
 31
0.0
100
AcDbAttribute
  2
X8TERM01
 70
1
  0
ATTRIB
  5
B44
330
17
100
AcDbEntity
  8
0
100
AcDbText
 10
66.41
 20
16.2065
 30
0.0
 40
0.0125
  1

  7
WD
 11
66.41
 21
16.2065
 31
0.0
100
AcDbAttribute
  2
X2TERM02
 70
1
  0
ATTRIB
  5
B45
330
17
100
AcDbEntity
  8
0
  6
Continuous
100
AcDbText
 10
66.457
 20
16.2065
 30
0.0
 40
0.125
  1

  7
WD
 11
66.457
 21
16.2065
 31
0.0
100
AcDbAttribute
  2
TERM02
 70
9
  0
ATTRIB
  5
B46
330
17
100
AcDbEntity
  8
0
100
AcDbText
 10
66.27828488815122
 20
16.189025320458434
 30
0.0
 40
0.01
  1

  7
WD
 11
66.27828488815122
 21
16.189025320458434
 31
0.0
100
AcDbAttribute
  2
WDBLKNAM
 70
9
  0
SEQEND
  5
B34
330
B33
100
AcDbEntity
  8
SLD_SYMS
  0
LWPOLYLINE
  5
B47
330
17
100
AcDbEntity
  8
SLD_SYMS
100
AcDbPolyline
 90
4
 70
1
 10
65.99499999999999
 20
15.622
 10
66.77199999999999
 20
15.622
 10
66.77199999999999
 20
14.701
 10
65.99499999999999
 20
14.701
  0
INSERT
  5
B48
330
17
100
AcDbEntity
  8
SLD_SYMS
100
AcDbBlockReference
 66
1
  2
VCN1PJ
 10
66.41
 20
14.252
 30
0.0
 50
180.0
  0
ATTRIB
  5
B4A
330
17
100
AcDbEntity
  8
0
100
AcDbText
 10
66.18083333333333
 20
13.402198241045227
 30
0.0
 40
0.125
  1

 50
180.0
  7
WD
 41
0.7
 72
2
 11
66.18083333333333
 21
13.402198241045227
 31
0.0
100
AcDbAttribute
  2
INST
 70
1
  0
ATTRIB
  5
B4B
330
17
100
AcDbEntity
  8
0
100
AcDbText
 10
66.396927073105
 20
14.366640127258496
 30
0.0
 40
0.01
  1

 50
180.0
  7
WD
 11
66.396927073105
 21
14.366640127258496
 31
0.0
100
AcDbAttribute
  2
X8TERMDESC01
 70
1
  0
ATTRIB
  5
B4C
330
17
100
AcDbEntity
  8
0
100
AcDbText
 10
66.38385413550094
 20
14.210390132229305
 30
0.0
 40
0.01
  1

 50
180.0
  7
WD
 11
66.38385413550094
 21
14.210390132229305
 31
0.0
100
AcDbAttribute
  2
X2TERMDESC02
 70
1
  0
ATTRIB
  5
B4D
330
17
100
AcDbEntity
  8
0
  6
Continuous
100
AcDbText
 10
66.51907526362757
 20
14.265943482164156
 30
0.0
 40
0.01
  1

 50
180.0
  7
WD
 72
1
 11
66.51907526362757
 21
14.265943482164156
 31
0.0
100
AcDbAttribute
  2
ASSYCODE
 70
9
  0
ATTRIB
  5
B4E
330
17
100
AcDbEntity
  8
0
100
AcDbText
 10
66.535
 20
14.3145
 30
0.0
 40
0.01
  1

 50
180.0
  7
WD
 11
66.535
 21
14.3145
 31
0.0
100
AcDbAttribute
  2
X4LINK
 70
1
  0
ATTRIB
  5
B4F
330
17
100
AcDbEntity
  8
0
100
AcDbText
 10
66.285
 20
14.3145
 30
0.0
 40
0.01
  1

 50
180.0
  7
WD
 11
66.285
 21
14.3145
 31
0.0
100
AcDbAttribute
  2
X1LINK
 70
1
  0
ATTRIB
  5
B50
330
17
100
AcDbEntity
  8
0
100
AcDbText
 10
66.4725
 20
13.571798241045226
 30
0.0
 40
0.125
  1

 50
180.0
  7
WD
 41
0.7
 72
2
 11
66.4725
 21
13.571798241045226
 31
0.0
100
AcDbAttribute
  2
LOC
 70
1
  0
ATTRIB
  5
B51
330
17
100
AcDbEntity
  8
0
  6
Continuous
100
AcDbText
 10
66.51860689155033
 20
14.251960716777145
 30
0.0
 40
0.01
  1

 50
180.0
  7
WD
 72
1
 11
66.51860689155033
 21
14.251960716777145
 31
0.0
100
AcDbAttribute
  2
MFG
 70
9
  0
ATTRIB
  5
B52
330
17
100
AcDbEntity
  8
0
  6
Continuous
100
AcDbText
 10
66.51666184591042
 20
14.232518963069694
 30
0.0
 40
0.01
  1

 50
180.0
  7
WD
 72
1
 11
66.51666184591042
 21
14.232518963069694
 31
0.0
100
AcDbAttribute
  2
CAT
 70
9
  0
ATTRIB
  5
B53
330
17
100
AcDbEntity
  8
0
100
AcDbText
 10
66.54171511184877
 20
14.188342547209931
 30
0.0
 40
0.01
  1

 50
180.0
  7
WD
 11
66.54171511184877
 21
14.188342547209931
 31
0.0
100
AcDbAttribute
  2
FAMILY
 70
9
  0
ATTRIB
  5
B54
330
17
100
AcDbEntity
  8
0
100
AcDbText
 10
66.4725
 20
13.897721095352336
 30
0.0
 40
0.125
  1

 50
180.0
  7
WD
 41
0.7
 72
2
 11
66.4725
 21
13.897721095352336
 31
0.0
100
AcDbAttribute
  2
DESC2
 70
1
  0
ATTRIB
  5
B55
330
17
100
AcDbEntity
  8
0
100
AcDbText
 10
66.4725
 20
13.741474668198782
 30
0.0
 40
0.125
  1

 50
180.0
  7
WD
 41
0.7
 72
2
 11
66.4725
 21
13.741474668198782
 31
0.0
100
AcDbAttribute
  2
DESC1
 70
1
  0
ATTRIB
  5
B56
330
17
100
AcDbEntity
  8
0
100
AcDbText
 10
66.68083333333333
 20
14.15825
 30
0.0
 40
0.125
  1

 50
180.0
  7
WD
 72
2
 11
66.4725
 21
14.15825
 31
0.0
100
AcDbAttribute
  2
TAG1
 70
1
  0
ATTRIB
  5
B57
330
17
100
AcDbEntity
  8
0
  6
Continuous
100
AcDbText
 10
66.363
 20
14.53325
 30
0.0
 40
0.125
  1

 50
180.0
  7
WD
 11
66.363
 21
14.40825
 31
0.0
100
AcDbAttribute
  2
TERM01
 70
9
 74
3
  0
ATTRIB
  5
B58
330
17
100
AcDbEntity
  8
0
100
AcDbText
 10
66.41
 20
14.34575
 30
0.0
 40
0.0125
  1

 50
180.0
  7
WD
 11
66.41
 21
14.34575
 31
0.0
100
AcDbAttribute
  2
X8TERM01
 70
1
  0
ATTRIB
  5
B59
330
17
100
AcDbEntity
  8
0
100
AcDbText
 10
66.41
 20
14.1895
 30
0.0
 40
0.0125
  1

 50
180.0
  7
WD
 11
66.41
 21
14.1895
 31
0.0
100
AcDbAttribute
  2
X2TERM02
 70
1
  0
ATTRIB
  5
B5A
330
17
100
AcDbEntity
  8
0
  6
Continuous
100
AcDbText
 10
66.363
 20
14.1895
 30
0.0
 40
0.125
  1

 50
180.0
  7
WD
 11
66.363
 21
14.1895
 31
0.0
100
AcDbAttribute
  2
TERM02
 70
9
  0
ATTRIB
  5
B5B
330
17
100
AcDbEntity
  8
0
100
AcDbText
 10
66.54171511184877
 20
14.206974679541563
 30
0.0
 40
0.01
  1

 50
180.0
  7
WD
 11
66.54171511184877
 21
14.206974679541563
 31
0.0
100
AcDbAttribute
  2
WDBLKNAM
 70
9
  0
SEQEND
  5
B49
330
B48
100
AcDbEntity
  8
SLD_SYMS
  0
INSERT
  5
B5C
330
17
100
AcDbEntity
  8
SLD_SYMS
100
AcDbBlockReference
  2
ARRESTER
 10
66.408
 20
13.359
 30
0.0
  0
INSERT
  5
B5E
330
17
100
AcDbEntity
  8
SLD_SYMS
100
AcDbBlockReference
 66
1
  2
VXF1CT
 10
66.6
 20
12.007
 30
0.0
  0
ATTRIB
  5
B60
330
17
100
AcDbEntity
  8
0
100
AcDbText
 10
66.37291666666665
 20
11.585125
 30
0.0
 40
0.125
  1

  7
WD
 41
0.7
 72
1
 11
66.37291666666665
 21
11.585125
 31
0.0
100
AcDbAttribute
  2
INST
 70
1
  0
ATTRIB
  5
B61
330
17
100
AcDbEntity
  8
0
100
AcDbText
 10
66.6
 20
11.723826474599724
 30
0.0
 40
0.0125
  1

  7
WD
 11
66.6
 21
11.723826474599724
 31
0.0
100
AcDbAttribute
  2
X8TERM01
 70
1
  0
ATTRIB
  5
B62
330
17
100
AcDbEntity
  8
0
100
AcDbText
 10
66.63221176270014
 20
11.756038237299862
 30
0.0
 40
0.0125
  1

  7
WD
 11
66.63221176270014
 21
11.756038237299862
 31
0.0
100
AcDbAttribute
  2
X1TERM01
 70
1
  0
ATTRIB
  5
B63
330
17
100
AcDbEntity
  8
0
  6
Continuous
100
AcDbText
 10
66.54506216961903
 20
11.776456032263782
 30
0.0
 40
0.125
  1

  7
WD
 72
2
 11
66.54506216961903
 21
11.776456032263782
 31
0.0
100
AcDbAttribute
  2
TERM01
 70
9
  0
ATTRIB
  5
B64
330
17
100
AcDbEntity
  8
0
  6
Continuous
100
AcDbText
 10
66.55500691695106
 20
12.273965784883833
 30
0.0
 40
0.125
  1

  7
WD
 72
2
 11
66.55500691695106
 21
12.273965784883833
 31
0.0
100
AcDbAttribute
  2
TERM02
 70
9
  0
ATTRIB
  5
B65
330
17
100
AcDbEntity
  8
0
100
AcDbText
 10
66.63221176270014
 20
12.256038237299862
 30
0.0
 40
0.0125
  1

  7
WD
 11
66.63221176270014
 21
12.256038237299862
 31
0.0
100
AcDbAttribute
  2
X1TERM02
 70
1
  0
ATTRIB
  5
B66
330
17
100
AcDbEntity
  8
0
100
AcDbText
 10
66.6
 20
12.28825
 30
0.0
 40
0.0125
  1

  7
WD
 11
66.6
 21
12.28825
 31
0.0
100
AcDbAttribute
  2
X2TERM02
 70
1
  0
ATTRIB
  5
B67
330
17
100
AcDbEntity
  8
0
100
AcDbText
 10
66.88125
 20
11.882
 30
0.0
 40
0.125
  1

  7
WD
 41
0.7
 11
66.88125
 21
11.882
 31
0.0
100
AcDbAttribute
  2
RATING1
 70
1
  0
ATTRIB
  5
B68
330
17
100
AcDbEntity
  8
0
100
AcDbText
 10
66.88125
 20
12.03825
 30
0.0
 40
0.125
  1

  7
WD
 11
66.88125
 21
12.03825
 31
0.0
100
AcDbAttribute
  2
TAG1
 70
1
  0
ATTRIB
  5
B69
330
17
100
AcDbEntity
  8
0
100
AcDbText
 10
66.39947062227279
 20
11.24970533180122
 30
0.0
 40
0.125
  1
400:5A (3)
  7
WD
 41
0.7
 72
1
 11
66.39947062227279
 21
11.24970533180122
 31
0.0
100
AcDbAttribute
  2
DESC1
 70
0
  0
ATTRIB
  5
B6A
330
17
100
AcDbEntity
  8
0
100
AcDbText
 10
66.39947062227279
 20
11.093458904647663
 30
0.0
 40
0.125
  1
CT 5P20
  7
WD
 41
0.7
 72
1
 11
66.39947062227279
 21
11.093458904647663
 31
0.0
100
AcDbAttribute
  2
DESC2
 70
0
  0
ATTRIB
  5
B6B
330
17
100
AcDbEntity
  8
0
100
AcDbText
 10
66.39947062227279
 20
11.405951758954775
 30
0.0
 40
0.125
  1

  7
WD
 41
0.7
 72
1
 11
66.39947062227279
 21
11.405951758954775
 31
0.0
100
AcDbAttribute
  2
LOC
 70
1
  0
ATTRIB
  5
B6C
330
17
100
AcDbEntity
  8
0
  6
Continuous
100
AcDbText
 10
66.42906982489896
 20
12.125955350386372
 30
0.0
 40
0.01
  1

  7
WD
 72
1
 11
66.42906982489896
 21
12.125955350386372
 31
0.0
100
AcDbAttribute
  2
ASSYCODE
 70
9
  0
ATTRIB
  5
B6D
330
17
100
AcDbEntity
  8
0
100
AcDbText
 10
66.40729166666667
 20
11.960125
 30
0.0
 40
0.125
  1

  7
WD
 72
1
 11
66.553125
 21
11.960125
 31
0.0
100
AcDbAttribute
  2
TYPE
 70
1
  0
ATTRIB
  5
B6E
330
17
100
AcDbEntity
  8
0
100
AcDbText
 10
66.40419277590036
 20
12.197690293718368
 30
0.0
 40
0.01
  1

  7
WD
 11
66.40419277590036
 21
12.197690293718368
 31
0.0
100
AcDbAttribute
  2
FAMILY
 70
9
  0
ATTRIB
  5
B6F
330
17
100
AcDbEntity
  8
0
  6
Continuous
100
AcDbText
 10
66.42924604183871
 20
12.169138877858606
 30
0.0
 40
0.01
  1

  7
WD
 72
1
 11
66.42924604183871
 21
12.169138877858606
 31
0.0
100
AcDbAttribute
  2
CAT
 70
9
  0
ATTRIB
  5
B70
330
17
100
AcDbEntity
  8
0
  6
Continuous
100
AcDbText
 10
66.4273009961988
 20
12.149697124151155
 30
0.0
 40
0.01
  1

  7
WD
 72
1
 11
66.4273009961988
 21
12.149697124151155
 31
0.0
100
AcDbAttribute
  2
MFG
 70
9
  0
SEQEND
  5
B5F
330
B5E
100
AcDbEntity
  8
SLD_SYMS
  0
INSERT
  5
B71
330
17
100
AcDbEntity
  8
SLD_SYMS
100
AcDbBlockReference
  2
WDDOT
 10
66.46
 20
12.325
 30
0.0
  0
MTEXT
  5
B73
330
17
100
AcDbEntity
  8
SLD_TEXT
100
AcDbMText
 10
65.633
 20
11.774
 30
0.0
 40
0.1
 41
0.0
 71
2
  1
1%%C
  0
INSERT
  5
B74
330
17
100
AcDbEntity
  8
SLD_SYMS
100
AcDbBlockReference
 66
1
  2
VXF1CT
 10
66.6
 20
10.308
 30
0.0
  0
ATTRIB
  5
B76
330
17
100
AcDbEntity
  8
0
100
AcDbText
 10
66.37291666666665
 20
9.886125
 30
0.0
 40
0.125
  1

  7
WD
 41
0.7
 72
1
 11
66.37291666666665
 21
9.886125
 31
0.0
100
AcDbAttribute
  2
INST
 70
1
  0
ATTRIB
  5
B77
330
17
100
AcDbEntity
  8
0
100
AcDbText
 10
66.6
 20
10.024826474599724
 30
0.0
 40
0.0125
  1

  7
WD
 11
66.6
 21
10.024826474599724
 31
0.0
100
AcDbAttribute
  2
X8TERM01
 70
1
  0
ATTRIB
  5
B78
330
17
100
AcDbEntity
  8
0
100
AcDbText
 10
66.63221176270014
 20
10.057038237299862
 30
0.0
 40
0.0125
  1

  7
WD
 11
66.63221176270014
 21
10.057038237299862
 31
0.0
100
AcDbAttribute
  2
X1TERM01
 70
1
  0
ATTRIB
  5
B79
330
17
100
AcDbEntity
  8
0
  6
Continuous
100
AcDbText
 10
66.54506216961903
 20
10.077456032263783
 30
0.0
 40
0.125
  1

  7
WD
 72
2
 11
66.54506216961903
 21
10.077456032263783
 31
0.0
100
AcDbAttribute
  2
TERM01
 70
9
  0
ATTRIB
  5
B7A
330
17
100
AcDbEntity
  8
0
  6
Continuous
100
AcDbText
 10
66.55500691695106
 20
10.574965784883833
 30
0.0
 40
0.125
  1

  7
WD
 72
2
 11
66.55500691695106
 21
10.574965784883833
 31
0.0
100
AcDbAttribute
  2
TERM02
 70
9
  0
ATTRIB
  5
B7B
330
17
100
AcDbEntity
  8
0
100
AcDbText
 10
66.63221176270014
 20
10.557038237299862
 30
0.0
 40
0.0125
  1

  7
WD
 11
66.63221176270014
 21
10.557038237299862
 31
0.0
100
AcDbAttribute
  2
X1TERM02
 70
1
  0
ATTRIB
  5
B7C
330
17
100
AcDbEntity
  8
0
100
AcDbText
 10
66.6
 20
10.58925
 30
0.0
 40
0.0125
  1

  7
WD
 11
66.6
 21
10.58925
 31
0.0
100
AcDbAttribute
  2
X2TERM02
 70
1
  0
ATTRIB
  5
B7D
330
17
100
AcDbEntity
  8
0
100
AcDbText
 10
66.88125
 20
10.183
 30
0.0
 40
0.125
  1

  7
WD
 41
0.7
 11
66.88125
 21
10.183
 31
0.0
100
AcDbAttribute
  2
RATING1
 70
1
  0
ATTRIB
  5
B7E
330
17
100
AcDbEntity
  8
0
100
AcDbText
 10
66.88125
 20
10.33925
 30
0.0
 40
0.125
  1

  7
WD
 11
66.88125
 21
10.33925
 31
0.0
100
AcDbAttribute
  2
TAG1
 70
1
  0
ATTRIB
  5
B7F
330
17
100
AcDbEntity
  8
0
100
AcDbText
 10
66.39947062227279
 20
9.550705331801218
 30
0.0
 40
0.125
  1
3000:5A (3)
  7
WD
 41
0.7
 72
1
 11
66.39947062227279
 21
9.550705331801218
 31
0.0
100
AcDbAttribute
  2
DESC1
 70
0
  0
ATTRIB
  5
B80
330
17
100
AcDbEntity
  8
0
100
AcDbText
 10
66.39947062227279
 20
9.394458904647664
 30
0.0
 40
0.125
  1
CT 5P20
  7
WD
 41
0.7
 72
1
 11
66.39947062227279
 21
9.394458904647664
 31
0.0
100
AcDbAttribute
  2
DESC2
 70
0
  0
ATTRIB
  5
B81
330
17
100
AcDbEntity
  8
0
100
AcDbText
 10
66.39947062227279
 20
9.706951758954773
 30
0.0
 40
0.125
  1

  7
WD
 41
0.7
 72
1
 11
66.39947062227279
 21
9.706951758954773
 31
0.0
100
AcDbAttribute
  2
LOC
 70
1
  0
ATTRIB
  5
B82
330
17
100
AcDbEntity
  8
0
  6
Continuous
100
AcDbText
 10
66.42906982489896
 20
10.426955350386372
 30
0.0
 40
0.01
  1

  7
WD
 72
1
 11
66.42906982489896
 21
10.426955350386372
 31
0.0
100
AcDbAttribute
  2
ASSYCODE
 70
9
  0
ATTRIB
  5
B83
330
17
100
AcDbEntity
  8
0
100
AcDbText
 10
66.40729166666667
 20
10.261125
 30
0.0
 40
0.125
  1

  7
WD
 72
1
 11
66.553125
 21
10.261125
 31
0.0
100
AcDbAttribute
  2
TYPE
 70
1
  0
ATTRIB
  5
B84
330
17
100
AcDbEntity
  8
0
100
AcDbText
 10
66.40419277590036
 20
10.498690293718369
 30
0.0
 40
0.01
  1

  7
WD
 11
66.40419277590036
 21
10.498690293718369
 31
0.0
100
AcDbAttribute
  2
FAMILY
 70
9
  0
ATTRIB
  5
B85
330
17
100
AcDbEntity
  8
0
  6
Continuous
100
AcDbText
 10
66.42924604183871
 20
10.470138877858606
 30
0.0
 40
0.01
  1

  7
WD
 72
1
 11
66.42924604183871
 21
10.470138877858606
 31
0.0
100
AcDbAttribute
  2
CAT
 70
9
  0
ATTRIB
  5
B86
330
17
100
AcDbEntity
  8
0
  6
Continuous
100
AcDbText
 10
66.4273009961988
 20
10.450697124151155
 30
0.0
 40
0.01
  1

  7
WD
 72
1
 11
66.4273009961988
 21
10.450697124151155
 31
0.0
100
AcDbAttribute
  2
MFG
 70
9
  0
SEQEND
  5
B75
330
B74
100
AcDbEntity
  8
SLD_SYMS
  0
INSERT
  5
B87
330
17
100
AcDbEntity
  8
SLD_SYMS
100
AcDbBlockReference
  2
WDDOT
 10
66.454
 20
10.606
 30
0.0
  0
MTEXT
  5
B89
330
17
100
AcDbEntity
  8
SLD_TEXT
100
AcDbMText
 10
65.633
 20
10.08
 30
0.0
 40
0.1
 41
0.0
 71
2
  1
1%%C
  0
INSERT
  5
B8A
330
17
100
AcDbEntity
  8
SLD_SYMS
100
AcDbBlockReference
 66
1
  2
VCN1PJ
 10
66.41
 20
9.034
 30
0.0
  0
ATTRIB
  5
B8C
330
17
100
AcDbEntity
  8
0
100
AcDbText
 10
66.63916666666667
 20
9.883801758954775
 30
0.0
 40
0.125
  1

  7
WD
 41
0.7
 72
2
 11
66.63916666666667
 21
9.883801758954775
 31
0.0
100
AcDbAttribute
  2
INST
 70
1
  0
ATTRIB
  5
B8D
330
17
100
AcDbEntity
  8
0
100
AcDbText
 10
66.42307292689499
 20
8.919359872741506
 30
0.0
 40
0.01
  1

  7
WD
 11
66.42307292689499
 21
8.919359872741506
 31
0.0
100
AcDbAttribute
  2
X8TERMDESC01
 70
1
  0
ATTRIB
  5
B8E
330
17
100
AcDbEntity
  8
0
100
AcDbText
 10
66.43614586449905
 20
9.075609867770696
 30
0.0
 40
0.01
  1

  7
WD
 11
66.43614586449905
 21
9.075609867770696
 31
0.0
100
AcDbAttribute
  2
X2TERMDESC02
 70
1
  0
ATTRIB
  5
B8F
330
17
100
AcDbEntity
  8
0
  6
Continuous
100
AcDbText
 10
66.30092473637242
 20
9.020056517835846
 30
0.0
 40
0.01
  1

  7
WD
 72
1
 11
66.30092473637242
 21
9.020056517835846
 31
0.0
100
AcDbAttribute
  2
ASSYCODE
 70
9
  0
ATTRIB
  5
B90
330
17
100
AcDbEntity
  8
0
100
AcDbText
 10
66.285
 20
8.9715
 30
0.0
 40
0.01
  1

  7
WD
 11
66.285
 21
8.9715
 31
0.0
100
AcDbAttribute
  2
X4LINK
 70
1
  0
ATTRIB
  5
B91
330
17
100
AcDbEntity
  8
0
100
AcDbText
 10
66.535
 20
8.9715
 30
0.0
 40
0.01
  1

  7
WD
 11
66.535
 21
8.9715
 31
0.0
100
AcDbAttribute
  2
X1LINK
 70
1
  0
ATTRIB
  5
B92
330
17
100
AcDbEntity
  8
0
100
AcDbText
 10
66.3475
 20
9.714201758954776
 30
0.0
 40
0.125
  1

  7
WD
 41
0.7
 72
2
 11
66.3475
 21
9.714201758954776
 31
0.0
100
AcDbAttribute
  2
LOC
 70
1
  0
ATTRIB
  5
B93
330
17
100
AcDbEntity
  8
0
  6
Continuous
100
AcDbText
 10
66.30139310844966
 20
9.034039283222857
 30
0.0
 40
0.01
  1

  7
WD
 72
1
 11
66.30139310844966
 21
9.034039283222857
 31
0.0
100
AcDbAttribute
  2
MFG
 70
9
  0
ATTRIB
  5
B94
330
17
100
AcDbEntity
  8
0
  6
Continuous
100
AcDbText
 10
66.30333815408957
 20
9.053481036930307
 30
0.0
 40
0.01
  1

  7
WD
 72
1
 11
66.30333815408957
 21
9.053481036930307
 31
0.0
100
AcDbAttribute
  2
CAT
 70
9
  0
ATTRIB
  5
B95
330
17
100
AcDbEntity
  8
0
100
AcDbText
 10
66.27828488815122
 20
9.09765745279007
 30
0.0
 40
0.01
  1

  7
WD
 11
66.27828488815122
 21
9.09765745279007
 31
0.0
100
AcDbAttribute
  2
FAMILY
 70
9
  0
ATTRIB
  5
B96
330
17
100
AcDbEntity
  8
0
100
AcDbText
 10
66.3475
 20
9.388278904647665
 30
0.0
 40
0.125
  1

  7
WD
 41
0.7
 72
2
 11
66.3475
 21
9.388278904647665
 31
0.0
100
AcDbAttribute
  2
DESC2
 70
1
  0
ATTRIB
  5
B97
330
17
100
AcDbEntity
  8
0
100
AcDbText
 10
66.3475
 20
9.54452533180122
 30
0.0
 40
0.125
  1

  7
WD
 41
0.7
 72
2
 11
66.3475
 21
9.54452533180122
 31
0.0
100
AcDbAttribute
  2
DESC1
 70
1
  0
ATTRIB
  5
B98
330
17
100
AcDbEntity
  8
0
100
AcDbText
 10
66.13916666666667
 20
9.12775
 30
0.0
 40
0.125
  1

  7
WD
 72
2
 11
66.3475
 21
9.12775
 31
0.0
100
AcDbAttribute
  2
TAG1
 70
1
  0
ATTRIB
  5
B99
330
17
100
AcDbEntity
  8
0
  6
Continuous
100
AcDbText
 10
66.457
 20
8.75275
 30
0.0
 40
0.125
  1

  7
WD
 11
66.457
 21
8.87775
 31
0.0
100
AcDbAttribute
  2
TERM01
 70
9
 74
3
  0
ATTRIB
  5
B9A
330
17
100
AcDbEntity
  8
0
100
AcDbText
 10
66.41
 20
8.94025
 30
0.0
 40
0.0125
  1

  7
WD
 11
66.41
 21
8.94025
 31
0.0
100
AcDbAttribute
  2
X8TERM01
 70
1
  0
ATTRIB
  5
B9B
330
17
100
AcDbEntity
  8
0
100
AcDbText
 10
66.41
 20
9.0965
 30
0.0
 40
0.0125
  1

  7
WD
 11
66.41
 21
9.0965
 31
0.0
100
AcDbAttribute
  2
X2TERM02
 70
1
  0
ATTRIB
  5
B9C
330
17
100
AcDbEntity
  8
0
  6
Continuous
100
AcDbText
 10
66.457
 20
9.0965
 30
0.0
 40
0.125
  1

  7
WD
 11
66.457
 21
9.0965
 31
0.0
100
AcDbAttribute
  2
TERM02
 70
9
  0
ATTRIB
  5
B9D
330
17
100
AcDbEntity
  8
0
100
AcDbText
 10
66.27828488815122
 20
9.079025320458438
 30
0.0
 40
0.01
  1

  7
WD
 11
66.27828488815122
 21
9.079025320458438
 31
0.0
100
AcDbAttribute
  2
WDBLKNAM
 70
9
  0
SEQEND
  5
B8B
330
B8A
100
AcDbEntity
  8
SLD_SYMS
  0
INSERT
  5
B9E
330
17
100
AcDbEntity
  8
SLD_SYMS
100
AcDbBlockReference
 66
1
  2
DEVICE_BUBBLE
 10
67.464
 20
15.318
 30
0.0
  0
ATTRIB
  5
BA0
330
17
100
AcDbEntity
  8
0
100
AcDbText
 10
67.29246791010797
 20
15.218951515790893
 30
0.0
 40
0.2
  1
86
  7
OpenSans
 11
67.29246791010797
 21
15.218951515790893
 31
0.0
100
AcDbAttribute
  2
DB
 70
0
280
1
  0
SEQEND
  5
B9F
330
B9E
100
AcDbEntity
  8
SLD_SYMS
  0
LINE
  5
BA1
330
17
100
AcDbEntity
  8
SLD_CONTROL
100
AcDbLine
 10
66.77199999999999
 20
15.318
 30
0.0
 11
67.247
 21
15.318
 31
0.0
  0
LINE
  5
BA2
330
17
100
AcDbEntity
  8
SLD_CONTROL
100
AcDbLine
 10
67.464
 20
15.100999999999999
 30
0.0
 11
67.464
 21
14.715
 31
0.0
  0
LWPOLYLINE
  5
BA3
330
17
100
AcDbEntity
  8
SLD_SYMS
100
AcDbPolyline
 90
4
 70
1
 10
67.157
 20
14.715
 10
68.335
 20
14.715
 10
68.335
 20
14.043
 10
67.157
 20
14.043
  0
LWPOLYLINE
  5
BA4
330
17
100
AcDbEntity
  8
SLD_CUBICLE
  6
DASHED
100
AcDbPolyline
 90
4
 70
1
 10
65.228
 20
12.465
 10
66.821
 20
12.465
 10
66.821
 20
9.912
 10
65.228
 20
9.912
  0
MTEXT
  5
BA5
330
17
100
AcDbEntity
  8
SLD_TEXT
100
AcDbMText
 10
66.41
 20
21.037
 30
0.0
 40
0.3
 41
0.0
 71
2
  1
UNIT 19
  0
MTEXT
  5
BA6
330
17
100
AcDbEntity
  8
SLD_TEXT
100
AcDbMText
 10
66.41
 20
20.173
 30
0.0
 40
0.3
 41
0.0
 71
2
  1
52-GEN5B\PSPARE
  0
MTEXT
  5
BA7
330
17
100
AcDbEntity
  8
SLD_TEXT
100
AcDbMText
 10
66.03399999999999
 20
15.408
 30
0.0
 40
0.093
 41
0.0
 71
1
  1
52-GEN5B\P17.5kV\P3150A\P40kA
  0
MTEXT
  5
BA8
330
17
100
AcDbEntity
  8
SLD_TEXT
100
AcDbMText
 10
67.746
 20
14.677
 30
0.0
 40
0.093
 41
0.0
 71
2
  1
SEL-751-GEN5B\PFEEDER\PPROTECTION\PRELAY
  0
MTEXT
  5
BA9
330
17
100
AcDbEntity
  8
SLD_TEXT
100
AcDbMText
 10
66.41
 20
8.87
 30
0.0
 40
0.093
 41
0.0
 71
2
  1
INCOMING 13.8KV\PLINE FROM GEN-5B
  0
LINE
  5
BAA
330
17
100
AcDbEntity
  8
SLD_CONTROL
100
AcDbLine
 10
1.654
 20
12.255
 30
0.0
 11
2.396
 21
12.255
 31
0.0
  0
LINE
  5
BAB
330
17
100
AcDbEntity
  8
SLD_CONTROL
100
AcDbLine
 10
1.654
 20
10.059
 30
0.0
 11
3.219
 21
10.059
 31
0.0
  0
LINE
  5
BAC
330
17
100
AcDbEntity
  8
SLD_CONTROL
100
AcDbLine
 10
2.396
 20
8.936
 30
0.0
 11
2.396
 21
10.008999999999999
 31
0.0
  0
ARC
  5
BAD
330
17
100
AcDbEntity
  8
SLD_CONTROL
100
AcDbCircle
 10
2.396
 20
10.059
 30
0.0
 40
0.05
100
AcDbArc
 50
270.0
 51
90.0
  0
LINE
  5
BAE
330
17
100
AcDbEntity
  8
SLD_CONTROL
100
AcDbLine
 10
2.396
 20
10.109
 30
0.0
 11
2.396
 21
12.255
 31
0.0
  0
LINE
  5
BAF
330
17
100
AcDbEntity
  8
SLD_CONTROL
100
AcDbLine
 10
2.767
 20
8.936
 30
0.0
 11
2.767
 21
10.008999999999999
 31
0.0
  0
ARC
  5
BB0
330
17
100
AcDbEntity
  8
SLD_CONTROL
100
AcDbCircle
 10
2.767
 20
10.059
 30
0.0
 40
0.05
100
AcDbArc
 50
270.0
 51
90.0
  0
LINE
  5
BB1
330
17
100
AcDbEntity
  8
SLD_CONTROL
100
AcDbLine
 10
2.767
 20
10.109
 30
0.0
 11
2.767
 21
14.043
 31
0.0
  0
LINE
  5
BB2
330
17
100
AcDbEntity
  8
SLD_CONTROL
100
AcDbLine
 10
3.219
 20
10.059
 30
0.0
 11
3.219
 21
10.97
 31
0.0
  0
INSERT
  5
BB3
330
17
100
AcDbEntity
  8
SLD_SYMS
100
AcDbBlockReference
  2
WDDOT
 10
3.219
 20
10.97
 30
0.0
  0
LINE
  5
BB5
330
17
100
AcDbEntity
  8
SLD_CONTROL
100
AcDbLine
 10
2.8609999999999998
 20
14.715
 30
0.0
 11
2.8609999999999998
 21
16.048
 31
0.0
  0
LINE
  5
BB6
330
17
100
AcDbEntity
  8
SLD_CONTROL
100
AcDbLine
 10
2.8609999999999998
 20
16.36
 30
0.0
 11
2.8609999999999998
 21
16.59
 31
0.0
  0
INSERT
  5
BB7
330
17
100
AcDbEntity
  8
SLD_SYMS
100
AcDbBlockReference
  2
WDDOT
 10
2.8609999999999998
 20
16.59
 30
0.0
  0
LINE
  5
BB9
330
17
100
AcDbEntity
  8
SLD_CONTROL
100
AcDbLine
 10
5.264
 20
12.255
 30
0.0
 11
6.006
 21
12.255
 31
0.0
  0
LINE
  5
BBA
330
17
100
AcDbEntity
  8
SLD_CONTROL
100
AcDbLine
 10
5.264
 20
10.059
 30
0.0
 11
6.829
 21
10.059
 31
0.0
  0
LINE
  5
BBB
330
17
100
AcDbEntity
  8
SLD_CONTROL
100
AcDbLine
 10
6.006
 20
8.936
 30
0.0
 11
6.006
 21
10.008999999999999
 31
0.0
  0
ARC
  5
BBC
330
17
100
AcDbEntity
  8
SLD_CONTROL
100
AcDbCircle
 10
6.006
 20
10.059
 30
0.0
 40
0.05
100
AcDbArc
 50
270.0
 51
90.0
  0
LINE
  5
BBD
330
17
100
AcDbEntity
  8
SLD_CONTROL
100
AcDbLine
 10
6.006
 20
10.109
 30
0.0
 11
6.006
 21
10.92
 31
0.0
  0
ARC
  5
BBE
330
17
100
AcDbEntity
  8
SLD_CONTROL
100
AcDbCircle
 10
6.006
 20
10.97
 30
0.0
 40
0.05
100
AcDbArc
 50
270.0
 51
90.0
  0
LINE
  5
BBF
330
17
100
AcDbEntity
  8
SLD_CONTROL
100
AcDbLine
 10
6.006
 20
11.020000000000001
 30
0.0
 11
6.006
 21
12.255
 31
0.0
  0
LINE
  5
BC0
330
17
100
AcDbEntity
  8
SLD_CONTROL
100
AcDbLine
 10
6.377
 20
8.936
 30
0.0
 11
6.377
 21
10.008999999999999
 31
0.0
  0
ARC
  5
BC1
330
17
100
AcDbEntity
  8
SLD_CONTROL
100
AcDbCircle
 10
6.377
 20
10.059
 30
0.0
 40
0.05
100
AcDbArc
 50
270.0
 51
90.0
  0
LINE
  5
BC2
330
17
100
AcDbEntity
  8
SLD_CONTROL
100
AcDbLine
 10
6.377
 20
10.109
 30
0.0
 11
6.377
 21
10.92
 31
0.0
  0
ARC
  5
BC3
330
17
100
AcDbEntity
  8
SLD_CONTROL
100
AcDbCircle
 10
6.377
 20
10.97
 30
0.0
 40
0.05
100
AcDbArc
 50
270.0
 51
90.0
  0
LINE
  5
BC4
330
17
100
AcDbEntity
  8
SLD_CONTROL
100
AcDbLine
 10
6.377
 20
11.020000000000001
 30
0.0
 11
6.377
 21
14.043
 31
0.0
  0
LINE
  5
BC5
330
17
100
AcDbEntity
  8
SLD_CONTROL
100
AcDbLine
 10
6.829
 20
10.059
 30
0.0
 11
6.829
 21
10.97
 31
0.0
  0
INSERT
  5
BC6
330
17
100
AcDbEntity
  8
SLD_SYMS
100
AcDbBlockReference
  2
WDDOT
 10
6.829
 20
10.97
 30
0.0
  0
LINE
  5
BC8
330
17
100
AcDbEntity
  8
SLD_CONTROL
100
AcDbLine
 10
6.471
 20
14.715
 30
0.0
 11
6.471
 21
16.048
 31
0.0
  0
LINE
  5
BC9
330
17
100
AcDbEntity
  8
SLD_CONTROL
100
AcDbLine
 10
6.471
 20
16.36
 30
0.0
 11
6.471
 21
16.59
 31
0.0
  0
INSERT
  5
BCA
330
17
100
AcDbEntity
  8
SLD_SYMS
100
AcDbBlockReference
  2
WDDOT
 10
6.471
 20
16.59
 30
0.0
  0
LINE
  5
BCC
330
17
100
AcDbEntity
  8
SLD_CONTROL
100
AcDbLine
 10
8.874
 20
12.255
 30
0.0
 11
9.616
 21
12.255
 31
0.0
  0
LINE
  5
BCD
330
17
100
AcDbEntity
  8
SLD_CONTROL
100
AcDbLine
 10
8.874
 20
10.059
 30
0.0
 11
10.439
 21
10.059
 31
0.0
  0
LINE
  5
BCE
330
17
100
AcDbEntity
  8
SLD_CONTROL
100
AcDbLine
 10
9.616
 20
8.936
 30
0.0
 11
9.616
 21
10.008999999999999
 31
0.0
  0
ARC
  5
BCF
330
17
100
AcDbEntity
  8
SLD_CONTROL
100
AcDbCircle
 10
9.616
 20
10.059
 30
0.0
 40
0.05
100
AcDbArc
 50
270.0
 51
90.0
  0
LINE
  5
BD0
330
17
100
AcDbEntity
  8
SLD_CONTROL
100
AcDbLine
 10
9.616
 20
10.109
 30
0.0
 11
9.616
 21
10.92
 31
0.0
  0
ARC
  5
BD1
330
17
100
AcDbEntity
  8
SLD_CONTROL
100
AcDbCircle
 10
9.616
 20
10.97
 30
0.0
 40
0.05
100
AcDbArc
 50
270.0
 51
90.0
  0
LINE
  5
BD2
330
17
100
AcDbEntity
  8
SLD_CONTROL
100
AcDbLine
 10
9.616
 20
11.020000000000001
 30
0.0
 11
9.616
 21
12.255
 31
0.0
  0
LINE
  5
BD3
330
17
100
AcDbEntity
  8
SLD_CONTROL
100
AcDbLine
 10
9.987
 20
8.936
 30
0.0
 11
9.987
 21
10.008999999999999
 31
0.0
  0
ARC
  5
BD4
330
17
100
AcDbEntity
  8
SLD_CONTROL
100
AcDbCircle
 10
9.987
 20
10.059
 30
0.0
 40
0.05
100
AcDbArc
 50
270.0
 51
90.0
  0
LINE
  5
BD5
330
17
100
AcDbEntity
  8
SLD_CONTROL
100
AcDbLine
 10
9.987
 20
10.109
 30
0.0
 11
9.987
 21
10.92
 31
0.0
  0
ARC
  5
BD6
330
17
100
AcDbEntity
  8
SLD_CONTROL
100
AcDbCircle
 10
9.987
 20
10.97
 30
0.0
 40
0.05
100
AcDbArc
 50
270.0
 51
90.0
  0
LINE
  5
BD7
330
17
100
AcDbEntity
  8
SLD_CONTROL
100
AcDbLine
 10
9.987
 20
11.020000000000001
 30
0.0
 11
9.987
 21
14.043
 31
0.0
  0
LINE
  5
BD8
330
17
100
AcDbEntity
  8
SLD_CONTROL
100
AcDbLine
 10
10.439
 20
10.059
 30
0.0
 11
10.439
 21
10.97
 31
0.0
  0
INSERT
  5
BD9
330
17
100
AcDbEntity
  8
SLD_SYMS
100
AcDbBlockReference
  2
WDDOT
 10
10.439
 20
10.97
 30
0.0
  0
LINE
  5
BDB
330
17
100
AcDbEntity
  8
SLD_CONTROL
100
AcDbLine
 10
10.081
 20
14.715
 30
0.0
 11
10.081
 21
16.048
 31
0.0
  0
LINE
  5
BDC
330
17
100
AcDbEntity
  8
SLD_CONTROL
100
AcDbLine
 10
10.081
 20
16.36
 30
0.0
 11
10.081
 21
16.59
 31
0.0
  0
INSERT
  5
BDD
330
17
100
AcDbEntity
  8
SLD_SYMS
100
AcDbBlockReference
  2
WDDOT
 10
10.081
 20
16.59
 30
0.0
  0
LINE
  5
BDF
330
17
100
AcDbEntity
  8
SLD_CONTROL
100
AcDbLine
 10
12.484000000000002
 20
12.255
 30
0.0
 11
13.226
 21
12.255
 31
0.0
  0
LINE
  5
BE0
330
17
100
AcDbEntity
  8
SLD_CONTROL
100
AcDbLine
 10
12.484000000000002
 20
10.059
 30
0.0
 11
14.049000000000001
 21
10.059
 31
0.0
  0
LINE
  5
BE1
330
17
100
AcDbEntity
  8
SLD_CONTROL
100
AcDbLine
 10
13.226
 20
8.936
 30
0.0
 11
13.226
 21
10.008999999999999
 31
0.0
  0
ARC
  5
BE2
330
17
100
AcDbEntity
  8
SLD_CONTROL
100
AcDbCircle
 10
13.226
 20
10.059
 30
0.0
 40
0.05
100
AcDbArc
 50
270.0
 51
90.0
  0
LINE
  5
BE3
330
17
100
AcDbEntity
  8
SLD_CONTROL
100
AcDbLine
 10
13.226
 20
10.109
 30
0.0
 11
13.226
 21
10.92
 31
0.0
  0
ARC
  5
BE4
330
17
100
AcDbEntity
  8
SLD_CONTROL
100
AcDbCircle
 10
13.226
 20
10.97
 30
0.0
 40
0.05
100
AcDbArc
 50
270.0
 51
90.0
  0
LINE
  5
BE5
330
17
100
AcDbEntity
  8
SLD_CONTROL
100
AcDbLine
 10
13.226
 20
11.020000000000001
 30
0.0
 11
13.226
 21
12.255
 31
0.0
  0
LINE
  5
BE6
330
17
100
AcDbEntity
  8
SLD_CONTROL
100
AcDbLine
 10
13.597000000000001
 20
8.936
 30
0.0
 11
13.597000000000001
 21
10.008999999999999
 31
0.0
  0
ARC
  5
BE7
330
17
100
AcDbEntity
  8
SLD_CONTROL
100
AcDbCircle
 10
13.597000000000001
 20
10.059
 30
0.0
 40
0.05
100
AcDbArc
 50
270.0
 51
90.0
  0
LINE
  5
BE8
330
17
100
AcDbEntity
  8
SLD_CONTROL
100
AcDbLine
 10
13.597000000000001
 20
10.109
 30
0.0
 11
13.597000000000001
 21
10.92
 31
0.0
  0
ARC
  5
BE9
330
17
100
AcDbEntity
  8
SLD_CONTROL
100
AcDbCircle
 10
13.597000000000001
 20
10.97
 30
0.0
 40
0.05
100
AcDbArc
 50
270.0
 51
90.0
  0
LINE
  5
BEA
330
17
100
AcDbEntity
  8
SLD_CONTROL
100
AcDbLine
 10
13.597000000000001
 20
11.020000000000001
 30
0.0
 11
13.597000000000001
 21
14.043
 31
0.0
  0
LINE
  5
BEB
330
17
100
AcDbEntity
  8
SLD_CONTROL
100
AcDbLine
 10
14.049000000000001
 20
10.059
 30
0.0
 11
14.049000000000001
 21
10.97
 31
0.0
  0
INSERT
  5
BEC
330
17
100
AcDbEntity
  8
SLD_SYMS
100
AcDbBlockReference
  2
WDDOT
 10
14.049000000000001
 20
10.97
 30
0.0
  0
LINE
  5
BEE
330
17
100
AcDbEntity
  8
SLD_CONTROL
100
AcDbLine
 10
13.691000000000003
 20
14.715
 30
0.0
 11
13.691000000000003
 21
16.048
 31
0.0
  0
LINE
  5
BEF
330
17
100
AcDbEntity
  8
SLD_CONTROL
100
AcDbLine
 10
13.691000000000003
 20
16.36
 30
0.0
 11
13.691000000000003
 21
16.59
 31
0.0
  0
INSERT
  5
BF0
330
17
100
AcDbEntity
  8
SLD_SYMS
100
AcDbBlockReference
  2
WDDOT
 10
13.691000000000003
 20
16.59
 30
0.0
  0
LINE
  5
BF2
330
17
100
AcDbEntity
  8
SLD_CONTROL
100
AcDbLine
 10
16.094
 20
12.255
 30
0.0
 11
16.836000000000002
 21
12.255
 31
0.0
  0
LINE
  5
BF3
330
17
100
AcDbEntity
  8
SLD_CONTROL
100
AcDbLine
 10
16.094
 20
10.059
 30
0.0
 11
17.659000000000002
 21
10.059
 31
0.0
  0
LINE
  5
BF4
330
17
100
AcDbEntity
  8
SLD_CONTROL
100
AcDbLine
 10
16.836000000000002
 20
8.936
 30
0.0
 11
16.836000000000002
 21
10.008999999999999
 31
0.0
  0
ARC
  5
BF5
330
17
100
AcDbEntity
  8
SLD_CONTROL
100
AcDbCircle
 10
16.836000000000002
 20
10.059
 30
0.0
 40
0.05
100
AcDbArc
 50
270.0
 51
90.0
  0
LINE
  5
BF6
330
17
100
AcDbEntity
  8
SLD_CONTROL
100
AcDbLine
 10
16.836000000000002
 20
10.109
 30
0.0
 11
16.836000000000002
 21
10.92
 31
0.0
  0
ARC
  5
BF7
330
17
100
AcDbEntity
  8
SLD_CONTROL
100
AcDbCircle
 10
16.836000000000002
 20
10.97
 30
0.0
 40
0.05
100
AcDbArc
 50
270.0
 51
90.0
  0
LINE
  5
BF8
330
17
100
AcDbEntity
  8
SLD_CONTROL
100
AcDbLine
 10
16.836000000000002
 20
11.020000000000001
 30
0.0
 11
16.836000000000002
 21
12.255
 31
0.0
  0
LINE
  5
BF9
330
17
100
AcDbEntity
  8
SLD_CONTROL
100
AcDbLine
 10
17.207
 20
8.936
 30
0.0
 11
17.207
 21
10.008999999999999
 31
0.0
  0
ARC
  5
BFA
330
17
100
AcDbEntity
  8
SLD_CONTROL
100
AcDbCircle
 10
17.207
 20
10.059
 30
0.0
 40
0.05
100
AcDbArc
 50
270.0
 51
90.0
  0
LINE
  5
BFB
330
17
100
AcDbEntity
  8
SLD_CONTROL
100
AcDbLine
 10
17.207
 20
10.109
 30
0.0
 11
17.207
 21
10.92
 31
0.0
  0
ARC
  5
BFC
330
17
100
AcDbEntity
  8
SLD_CONTROL
100
AcDbCircle
 10
17.207
 20
10.97
 30
0.0
 40
0.05
100
AcDbArc
 50
270.0
 51
90.0
  0
LINE
  5
BFD
330
17
100
AcDbEntity
  8
SLD_CONTROL
100
AcDbLine
 10
17.207
 20
11.020000000000001
 30
0.0
 11
17.207
 21
14.043
 31
0.0
  0
LINE
  5
BFE
330
17
100
AcDbEntity
  8
SLD_CONTROL
100
AcDbLine
 10
17.659000000000002
 20
10.059
 30
0.0
 11
17.659000000000002
 21
10.97
 31
0.0
  0
INSERT
  5
BFF
330
17
100
AcDbEntity
  8
SLD_SYMS
100
AcDbBlockReference
  2
WDDOT
 10
17.659000000000002
 20
10.97
 30
0.0
  0
LINE
  5
C01
330
17
100
AcDbEntity
  8
SLD_CONTROL
100
AcDbLine
 10
17.301000000000002
 20
14.715
 30
0.0
 11
17.301000000000002
 21
16.048
 31
0.0
  0
LINE
  5
C02
330
17
100
AcDbEntity
  8
SLD_CONTROL
100
AcDbLine
 10
17.301000000000002
 20
16.36
 30
0.0
 11
17.301000000000002
 21
16.59
 31
0.0
  0
INSERT
  5
C03
330
17
100
AcDbEntity
  8
SLD_SYMS
100
AcDbBlockReference
  2
WDDOT
 10
17.301000000000002
 20
16.59
 30
0.0
  0
LINE
  5
C05
330
17
100
AcDbEntity
  8
SLD_CONTROL
100
AcDbLine
 10
19.704
 20
12.255
 30
0.0
 11
20.446
 21
12.255
 31
0.0
  0
LINE
  5
C06
330
17
100
AcDbEntity
  8
SLD_CONTROL
100
AcDbLine
 10
19.704
 20
10.059
 30
0.0
 11
21.269000000000002
 21
10.059
 31
0.0
  0
LINE
  5
C07
330
17
100
AcDbEntity
  8
SLD_CONTROL
100
AcDbLine
 10
20.446
 20
8.936
 30
0.0
 11
20.446
 21
10.008999999999999
 31
0.0
  0
ARC
  5
C08
330
17
100
AcDbEntity
  8
SLD_CONTROL
100
AcDbCircle
 10
20.446
 20
10.059
 30
0.0
 40
0.05
100
AcDbArc
 50
270.0
 51
90.0
  0
LINE
  5
C09
330
17
100
AcDbEntity
  8
SLD_CONTROL
100
AcDbLine
 10
20.446
 20
10.109
 30
0.0
 11
20.446
 21
10.92
 31
0.0
  0
ARC
  5
C0A
330
17
100
AcDbEntity
  8
SLD_CONTROL
100
AcDbCircle
 10
20.446
 20
10.97
 30
0.0
 40
0.05
100
AcDbArc
 50
270.0
 51
90.0
  0
LINE
  5
C0B
330
17
100
AcDbEntity
  8
SLD_CONTROL
100
AcDbLine
 10
20.446
 20
11.020000000000001
 30
0.0
 11
20.446
 21
12.255
 31
0.0
  0
LINE
  5
C0C
330
17
100
AcDbEntity
  8
SLD_CONTROL
100
AcDbLine
 10
20.817
 20
8.936
 30
0.0
 11
20.817
 21
10.008999999999999
 31
0.0
  0
ARC
  5
C0D
330
17
100
AcDbEntity
  8
SLD_CONTROL
100
AcDbCircle
 10
20.817
 20
10.059
 30
0.0
 40
0.05
100
AcDbArc
 50
270.0
 51
90.0
  0
LINE
  5
C0E
330
17
100
AcDbEntity
  8
SLD_CONTROL
100
AcDbLine
 10
20.817
 20
10.109
 30
0.0
 11
20.817
 21
10.92
 31
0.0
  0
ARC
  5
C0F
330
17
100
AcDbEntity
  8
SLD_CONTROL
100
AcDbCircle
 10
20.817
 20
10.97
 30
0.0
 40
0.05
100
AcDbArc
 50
270.0
 51
90.0
  0
LINE
  5
C10
330
17
100
AcDbEntity
  8
SLD_CONTROL
100
AcDbLine
 10
20.817
 20
11.020000000000001
 30
0.0
 11
20.817
 21
14.043
 31
0.0
  0
LINE
  5
C11
330
17
100
AcDbEntity
  8
SLD_CONTROL
100
AcDbLine
 10
21.269000000000002
 20
10.059
 30
0.0
 11
21.269000000000002
 21
10.97
 31
0.0
  0
INSERT
  5
C12
330
17
100
AcDbEntity
  8
SLD_SYMS
100
AcDbBlockReference
  2
WDDOT
 10
21.269000000000002
 20
10.97
 30
0.0
  0
LINE
  5
C14
330
17
100
AcDbEntity
  8
SLD_CONTROL
100
AcDbLine
 10
20.911
 20
14.715
 30
0.0
 11
20.911
 21
16.048
 31
0.0
  0
LINE
  5
C15
330
17
100
AcDbEntity
  8
SLD_CONTROL
100
AcDbLine
 10
20.911
 20
16.36
 30
0.0
 11
20.911
 21
16.59
 31
0.0
  0
INSERT
  5
C16
330
17
100
AcDbEntity
  8
SLD_SYMS
100
AcDbBlockReference
  2
WDDOT
 10
20.911
 20
16.59
 30
0.0
  0
LINE
  5
C18
330
17
100
AcDbEntity
  8
SLD_CONTROL
100
AcDbLine
 10
23.314
 20
12.255
 30
0.0
 11
24.056
 21
12.255
 31
0.0
  0
LINE
  5
C19
330
17
100
AcDbEntity
  8
SLD_CONTROL
100
AcDbLine
 10
23.314
 20
10.059
 30
0.0
 11
24.879
 21
10.059
 31
0.0
  0
LINE
  5
C1A
330
17
100
AcDbEntity
  8
SLD_CONTROL
100
AcDbLine
 10
24.056
 20
8.936
 30
0.0
 11
24.056
 21
10.008999999999999
 31
0.0
  0
ARC
  5
C1B
330
17
100
AcDbEntity
  8
SLD_CONTROL
100
AcDbCircle
 10
24.056
 20
10.059
 30
0.0
 40
0.05
100
AcDbArc
 50
270.0
 51
90.0
  0
LINE
  5
C1C
330
17
100
AcDbEntity
  8
SLD_CONTROL
100
AcDbLine
 10
24.056
 20
10.109
 30
0.0
 11
24.056
 21
10.92
 31
0.0
  0
ARC
  5
C1D
330
17
100
AcDbEntity
  8
SLD_CONTROL
100
AcDbCircle
 10
24.056
 20
10.97
 30
0.0
 40
0.05
100
AcDbArc
 50
270.0
 51
90.0
  0
LINE
  5
C1E
330
17
100
AcDbEntity
  8
SLD_CONTROL
100
AcDbLine
 10
24.056
 20
11.020000000000001
 30
0.0
 11
24.056
 21
12.255
 31
0.0
  0
LINE
  5
C1F
330
17
100
AcDbEntity
  8
SLD_CONTROL
100
AcDbLine
 10
24.427
 20
8.936
 30
0.0
 11
24.427
 21
10.008999999999999
 31
0.0
  0
ARC
  5
C20
330
17
100
AcDbEntity
  8
SLD_CONTROL
100
AcDbCircle
 10
24.427
 20
10.059
 30
0.0
 40
0.05
100
AcDbArc
 50
270.0
 51
90.0
  0
LINE
  5
C21
330
17
100
AcDbEntity
  8
SLD_CONTROL
100
AcDbLine
 10
24.427
 20
10.109
 30
0.0
 11
24.427
 21
10.92
 31
0.0
  0
ARC
  5
C22
330
17
100
AcDbEntity
  8
SLD_CONTROL
100
AcDbCircle
 10
24.427
 20
10.97
 30
0.0
 40
0.05
100
AcDbArc
 50
270.0
 51
90.0
  0
LINE
  5
C23
330
17
100
AcDbEntity
  8
SLD_CONTROL
100
AcDbLine
 10
24.427
 20
11.020000000000001
 30
0.0
 11
24.427
 21
14.043
 31
0.0
  0
LINE
  5
C24
330
17
100
AcDbEntity
  8
SLD_CONTROL
100
AcDbLine
 10
24.879
 20
10.059
 30
0.0
 11
24.879
 21
10.97
 31
0.0
  0
INSERT
  5
C25
330
17
100
AcDbEntity
  8
SLD_SYMS
100
AcDbBlockReference
  2
WDDOT
 10
24.879
 20
10.97
 30
0.0
  0
LINE
  5
C27
330
17
100
AcDbEntity
  8
SLD_CONTROL
100
AcDbLine
 10
24.521
 20
14.715
 30
0.0
 11
24.521
 21
16.048
 31
0.0
  0
LINE
  5
C28
330
17
100
AcDbEntity
  8
SLD_CONTROL
100
AcDbLine
 10
24.521
 20
16.36
 30
0.0
 11
24.521
 21
16.59
 31
0.0
  0
INSERT
  5
C29
330
17
100
AcDbEntity
  8
SLD_SYMS
100
AcDbBlockReference
  2
WDDOT
 10
24.521
 20
16.59
 30
0.0
  0
LINE
  5
C2B
330
17
100
AcDbEntity
  8
SLD_CONTROL
100
AcDbLine
 10
26.93
 20
10.059
 30
0.0
 11
27.857
 21
10.059
 31
0.0
  0
LINE
  5
C2C
330
17
100
AcDbEntity
  8
SLD_CONTROL
100
AcDbLine
 10
27.857
 20
10.059
 30
0.0
 11
27.857
 21
10.97
 31
0.0
  0
INSERT
  5
C2D
330
17
100
AcDbEntity
  8
SLD_SYMS
100
AcDbBlockReference
  2
WDDOT
 10
27.857
 20
10.97
 30
0.0
  0
LINE
  5
C2F
330
17
100
AcDbEntity
  8
SLD_CONTROL
100
AcDbLine
 10
30.166999999999998
 20
10.255
 30
0.0
 11
30.166999999999998
 21
10.97
 31
0.0
  0
INSERT
  5
C30
330
17
100
AcDbEntity
  8
SLD_SYMS
100
AcDbBlockReference
  2
WDDOT
 10
30.166999999999998
 20
10.97
 30
0.0
  0
INSERT
  5
C32
330
17
100
AcDbEntity
  8
SLD_SYMS
100
AcDbBlockReference
  2
WDDOT
 10
30.166999999999998
 20
10.255
 30
0.0
  0
LINE
  5
C34
330
17
100
AcDbEntity
  8
SLD_CONTROL
100
AcDbLine
 10
34.144
 20
15.338
 30
0.0
 11
34.925000000000004
 21
15.338
 31
0.0
  0
ARC
  5
C35
330
17
100
AcDbEntity
  8
SLD_CONTROL
100
AcDbCircle
 10
34.975
 20
15.338
 30
0.0
 40
0.05
100
AcDbArc
 50
0.0
 51
180.0
  0
LINE
  5
C36
330
17
100
AcDbEntity
  8
SLD_CONTROL
100
AcDbLine
 10
35.025
 20
15.338
 30
0.0
 11
35.261
 21
15.338
 31
0.0
  0
LINE
  5
C37
330
17
100
AcDbEntity
  8
SLD_CONTROL
100
AcDbLine
 10
34.975
 20
14.523
 30
0.0
 11
34.975
 21
16.048
 31
0.0
  0
LINE
  5
C38
330
17
100
AcDbEntity
  8
SLD_CONTROL
100
AcDbLine
 10
34.975
 20
16.36
 30
0.0
 11
34.975
 21
16.59
 31
0.0
  0
INSERT
  5
C39
330
17
100
AcDbEntity
  8
SLD_SYMS
100
AcDbBlockReference
  2
WDDOT
 10
34.975
 20
16.59
 30
0.0
  0
LINE
  5
C3B
330
17
100
AcDbEntity
  8
SLD_CONTROL
100
AcDbLine
 10
35.49
 20
14.523
 30
0.0
 11
35.49
 21
16.048
 31
0.0
  0
LINE
  5
C3C
330
17
100
AcDbEntity
  8
SLD_CONTROL
100
AcDbLine
 10
35.49
 20
16.36
 30
0.0
 11
35.49
 21
16.59
 31
0.0
  0
INSERT
  5
C3D
330
17
100
AcDbEntity
  8
SLD_SYMS
100
AcDbBlockReference
  2
WDDOT
 10
35.49
 20
16.59
 30
0.0
  0
LINE
  5
C3F
330
17
100
AcDbEntity
  8
SLD_CONTROL
100
AcDbLine
 10
35.261
 20
14.523
 30
0.0
 11
35.261
 21
15.338
 31
0.0
  0
LINE
  5
C40
330
17
100
AcDbEntity
  8
SLD_CONTROL
100
AcDbLine
 10
35.044000000000004
 20
10.255
 30
0.0
 11
35.044000000000004
 21
10.92
 31
0.0
  0
ARC
  5
C41
330
17
100
AcDbEntity
  8
SLD_CONTROL
100
AcDbCircle
 10
35.044000000000004
 20
10.97
 30
0.0
 40
0.05
100
AcDbArc
 50
270.0
 51
90.0
  0
LINE
  5
C42
330
17
100
AcDbEntity
  8
SLD_CONTROL
100
AcDbLine
 10
35.044000000000004
 20
11.020000000000001
 30
0.0
 11
35.044000000000004
 21
11.021
 31
0.0
  0
INSERT
  5
C43
330
17
100
AcDbEntity
  8
SLD_SYMS
100
AcDbBlockReference
  2
WDDOT
 10
35.044000000000004
 20
10.255
 30
0.0
  0
LINE
  5
C45
330
17
100
AcDbEntity
  8
SLD_CONTROL
100
AcDbLine
 10
41.364
 20
12.255
 30
0.0
 11
42.106
 21
12.255
 31
0.0
  0
LINE
  5
C46
330
17
100
AcDbEntity
  8
SLD_CONTROL
100
AcDbLine
 10
41.364
 20
10.059
 30
0.0
 11
42.929
 21
10.059
 31
0.0
  0
LINE
  5
C47
330
17
100
AcDbEntity
  8
SLD_CONTROL
100
AcDbLine
 10
42.106
 20
8.936
 30
0.0
 11
42.106
 21
10.008999999999999
 31
0.0
  0
ARC
  5
C48
330
17
100
AcDbEntity
  8
SLD_CONTROL
100
AcDbCircle
 10
42.106
 20
10.059
 30
0.0
 40
0.05
100
AcDbArc
 50
270.0
 51
90.0
  0
LINE
  5
C49
330
17
100
AcDbEntity
  8
SLD_CONTROL
100
AcDbLine
 10
42.106
 20
10.109
 30
0.0
 11
42.106
 21
10.92
 31
0.0
  0
ARC
  5
C4A
330
17
100
AcDbEntity
  8
SLD_CONTROL
100
AcDbCircle
 10
42.106
 20
10.97
 30
0.0
 40
0.05
100
AcDbArc
 50
270.0
 51
90.0
  0
LINE
  5
C4B
330
17
100
AcDbEntity
  8
SLD_CONTROL
100
AcDbLine
 10
42.106
 20
11.020000000000001
 30
0.0
 11
42.106
 21
12.255
 31
0.0
  0
LINE
  5
C4C
330
17
100
AcDbEntity
  8
SLD_CONTROL
100
AcDbLine
 10
42.477000000000004
 20
8.936
 30
0.0
 11
42.477000000000004
 21
10.008999999999999
 31
0.0
  0
ARC
  5
C4D
330
17
100
AcDbEntity
  8
SLD_CONTROL
100
AcDbCircle
 10
42.477000000000004
 20
10.059
 30
0.0
 40
0.05
100
AcDbArc
 50
270.0
 51
90.0
  0
LINE
  5
C4E
330
17
100
AcDbEntity
  8
SLD_CONTROL
100
AcDbLine
 10
42.477000000000004
 20
10.109
 30
0.0
 11
42.477000000000004
 21
10.92
 31
0.0
  0
ARC
  5
C4F
330
17
100
AcDbEntity
  8
SLD_CONTROL
100
AcDbCircle
 10
42.477000000000004
 20
10.97
 30
0.0
 40
0.05
100
AcDbArc
 50
270.0
 51
90.0
  0
LINE
  5
C50
330
17
100
AcDbEntity
  8
SLD_CONTROL
100
AcDbLine
 10
42.477000000000004
 20
11.020000000000001
 30
0.0
 11
42.477000000000004
 21
14.043
 31
0.0
  0
LINE
  5
C51
330
17
100
AcDbEntity
  8
SLD_CONTROL
100
AcDbLine
 10
42.929
 20
10.059
 30
0.0
 11
42.929
 21
10.97
 31
0.0
  0
INSERT
  5
C52
330
17
100
AcDbEntity
  8
SLD_SYMS
100
AcDbBlockReference
  2
WDDOT
 10
42.929
 20
10.97
 30
0.0
  0
LINE
  5
C54
330
17
100
AcDbEntity
  8
SLD_CONTROL
100
AcDbLine
 10
42.571
 20
14.715
 30
0.0
 11
42.571
 21
16.048
 31
0.0
  0
LINE
  5
C55
330
17
100
AcDbEntity
  8
SLD_CONTROL
100
AcDbLine
 10
42.571
 20
16.36
 30
0.0
 11
42.571
 21
16.59
 31
0.0
  0
INSERT
  5
C56
330
17
100
AcDbEntity
  8
SLD_SYMS
100
AcDbBlockReference
  2
WDDOT
 10
42.571
 20
16.59
 30
0.0
  0
LINE
  5
C58
330
17
100
AcDbEntity
  8
SLD_CONTROL
100
AcDbLine
 10
44.974
 20
12.255
 30
0.0
 11
45.716
 21
12.255
 31
0.0
  0
LINE
  5
C59
330
17
100
AcDbEntity
  8
SLD_CONTROL
100
AcDbLine
 10
44.974
 20
10.059
 30
0.0
 11
46.539
 21
10.059
 31
0.0
  0
LINE
  5
C5A
330
17
100
AcDbEntity
  8
SLD_CONTROL
100
AcDbLine
 10
45.716
 20
8.936
 30
0.0
 11
45.716
 21
10.008999999999999
 31
0.0
  0
ARC
  5
C5B
330
17
100
AcDbEntity
  8
SLD_CONTROL
100
AcDbCircle
 10
45.716
 20
10.059
 30
0.0
 40
0.05
100
AcDbArc
 50
270.0
 51
90.0
  0
LINE
  5
C5C
330
17
100
AcDbEntity
  8
SLD_CONTROL
100
AcDbLine
 10
45.716
 20
10.109
 30
0.0
 11
45.716
 21
10.92
 31
0.0
  0
ARC
  5
C5D
330
17
100
AcDbEntity
  8
SLD_CONTROL
100
AcDbCircle
 10
45.716
 20
10.97
 30
0.0
 40
0.05
100
AcDbArc
 50
270.0
 51
90.0
  0
LINE
  5
C5E
330
17
100
AcDbEntity
  8
SLD_CONTROL
100
AcDbLine
 10
45.716
 20
11.020000000000001
 30
0.0
 11
45.716
 21
12.255
 31
0.0
  0
LINE
  5
C5F
330
17
100
AcDbEntity
  8
SLD_CONTROL
100
AcDbLine
 10
46.087
 20
8.936
 30
0.0
 11
46.087
 21
10.008999999999999
 31
0.0
  0
ARC
  5
C60
330
17
100
AcDbEntity
  8
SLD_CONTROL
100
AcDbCircle
 10
46.087
 20
10.059
 30
0.0
 40
0.05
100
AcDbArc
 50
270.0
 51
90.0
  0
LINE
  5
C61
330
17
100
AcDbEntity
  8
SLD_CONTROL
100
AcDbLine
 10
46.087
 20
10.109
 30
0.0
 11
46.087
 21
10.92
 31
0.0
  0
ARC
  5
C62
330
17
100
AcDbEntity
  8
SLD_CONTROL
100
AcDbCircle
 10
46.087
 20
10.97
 30
0.0
 40
0.05
100
AcDbArc
 50
270.0
 51
90.0
  0
LINE
  5
C63
330
17
100
AcDbEntity
  8
SLD_CONTROL
100
AcDbLine
 10
46.087
 20
11.020000000000001
 30
0.0
 11
46.087
 21
14.043
 31
0.0
  0
LINE
  5
C64
330
17
100
AcDbEntity
  8
SLD_CONTROL
100
AcDbLine
 10
46.539
 20
10.059
 30
0.0
 11
46.539
 21
10.97
 31
0.0
  0
INSERT
  5
C65
330
17
100
AcDbEntity
  8
SLD_SYMS
100
AcDbBlockReference
  2
WDDOT
 10
46.539
 20
10.97
 30
0.0
  0
LINE
  5
C67
330
17
100
AcDbEntity
  8
SLD_CONTROL
100
AcDbLine
 10
46.181
 20
14.715
 30
0.0
 11
46.181
 21
16.048
 31
0.0
  0
LINE
  5
C68
330
17
100
AcDbEntity
  8
SLD_CONTROL
100
AcDbLine
 10
46.181
 20
16.36
 30
0.0
 11
46.181
 21
16.59
 31
0.0
  0
INSERT
  5
C69
330
17
100
AcDbEntity
  8
SLD_SYMS
100
AcDbBlockReference
  2
WDDOT
 10
46.181
 20
16.59
 30
0.0
  0
LINE
  5
C6B
330
17
100
AcDbEntity
  8
SLD_CONTROL
100
AcDbLine
 10
48.589999999999996
 20
10.059
 30
0.0
 11
49.516999999999996
 21
10.059
 31
0.0
  0
LINE
  5
C6C
330
17
100
AcDbEntity
  8
SLD_CONTROL
100
AcDbLine
 10
49.516999999999996
 20
10.059
 30
0.0
 11
49.516999999999996
 21
10.97
 31
0.0
  0
INSERT
  5
C6D
330
17
100
AcDbEntity
  8
SLD_SYMS
100
AcDbBlockReference
  2
WDDOT
 10
49.516999999999996
 20
10.97
 30
0.0
  0
LINE
  5
C6F
330
17
100
AcDbEntity
  8
SLD_CONTROL
100
AcDbLine
 10
52.193999999999996
 20
12.255
 30
0.0
 11
52.936
 21
12.255
 31
0.0
  0
LINE
  5
C70
330
17
100
AcDbEntity
  8
SLD_CONTROL
100
AcDbLine
 10
52.193999999999996
 20
10.059
 30
0.0
 11
53.759
 21
10.059
 31
0.0
  0
LINE
  5
C71
330
17
100
AcDbEntity
  8
SLD_CONTROL
100
AcDbLine
 10
52.936
 20
8.936
 30
0.0
 11
52.936
 21
10.008999999999999
 31
0.0
  0
ARC
  5
C72
330
17
100
AcDbEntity
  8
SLD_CONTROL
100
AcDbCircle
 10
52.936
 20
10.059
 30
0.0
 40
0.05
100
AcDbArc
 50
270.0
 51
90.0
  0
LINE
  5
C73
330
17
100
AcDbEntity
  8
SLD_CONTROL
100
AcDbLine
 10
52.936
 20
10.109
 30
0.0
 11
52.936
 21
10.92
 31
0.0
  0
ARC
  5
C74
330
17
100
AcDbEntity
  8
SLD_CONTROL
100
AcDbCircle
 10
52.936
 20
10.97
 30
0.0
 40
0.05
100
AcDbArc
 50
270.0
 51
90.0
  0
LINE
  5
C75
330
17
100
AcDbEntity
  8
SLD_CONTROL
100
AcDbLine
 10
52.936
 20
11.020000000000001
 30
0.0
 11
52.936
 21
12.255
 31
0.0
  0
LINE
  5
C76
330
17
100
AcDbEntity
  8
SLD_CONTROL
100
AcDbLine
 10
53.307
 20
8.936
 30
0.0
 11
53.307
 21
10.008999999999999
 31
0.0
  0
ARC
  5
C77
330
17
100
AcDbEntity
  8
SLD_CONTROL
100
AcDbCircle
 10
53.307
 20
10.059
 30
0.0
 40
0.05
100
AcDbArc
 50
270.0
 51
90.0
  0
LINE
  5
C78
330
17
100
AcDbEntity
  8
SLD_CONTROL
100
AcDbLine
 10
53.307
 20
10.109
 30
0.0
 11
53.307
 21
10.92
 31
0.0
  0
ARC
  5
C79
330
17
100
AcDbEntity
  8
SLD_CONTROL
100
AcDbCircle
 10
53.307
 20
10.97
 30
0.0
 40
0.05
100
AcDbArc
 50
270.0
 51
90.0
  0
LINE
  5
C7A
330
17
100
AcDbEntity
  8
SLD_CONTROL
100
AcDbLine
 10
53.307
 20
11.020000000000001
 30
0.0
 11
53.307
 21
14.043
 31
0.0
  0
LINE
  5
C7B
330
17
100
AcDbEntity
  8
SLD_CONTROL
100
AcDbLine
 10
53.759
 20
10.059
 30
0.0
 11
53.759
 21
10.97
 31
0.0
  0
INSERT
  5
C7C
330
17
100
AcDbEntity
  8
SLD_SYMS
100
AcDbBlockReference
  2
WDDOT
 10
53.759
 20
10.97
 30
0.0
  0
LINE
  5
C7E
330
17
100
AcDbEntity
  8
SLD_CONTROL
100
AcDbLine
 10
53.400999999999996
 20
14.715
 30
0.0
 11
53.400999999999996
 21
16.048
 31
0.0
  0
LINE
  5
C7F
330
17
100
AcDbEntity
  8
SLD_CONTROL
100
AcDbLine
 10
53.400999999999996
 20
16.36
 30
0.0
 11
53.400999999999996
 21
16.59
 31
0.0
  0
INSERT
  5
C80
330
17
100
AcDbEntity
  8
SLD_SYMS
100
AcDbBlockReference
  2
WDDOT
 10
53.400999999999996
 20
16.59
 30
0.0
  0
LINE
  5
C82
330
17
100
AcDbEntity
  8
SLD_CONTROL
100
AcDbLine
 10
55.803999999999995
 20
12.255
 30
0.0
 11
56.546
 21
12.255
 31
0.0
  0
LINE
  5
C83
330
17
100
AcDbEntity
  8
SLD_CONTROL
100
AcDbLine
 10
55.803999999999995
 20
10.059
 30
0.0
 11
57.369
 21
10.059
 31
0.0
  0
LINE
  5
C84
330
17
100
AcDbEntity
  8
SLD_CONTROL
100
AcDbLine
 10
56.546
 20
8.936
 30
0.0
 11
56.546
 21
10.008999999999999
 31
0.0
  0
ARC
  5
C85
330
17
100
AcDbEntity
  8
SLD_CONTROL
100
AcDbCircle
 10
56.546
 20
10.059
 30
0.0
 40
0.05
100
AcDbArc
 50
270.0
 51
90.0
  0
LINE
  5
C86
330
17
100
AcDbEntity
  8
SLD_CONTROL
100
AcDbLine
 10
56.546
 20
10.109
 30
0.0
 11
56.546
 21
10.92
 31
0.0
  0
ARC
  5
C87
330
17
100
AcDbEntity
  8
SLD_CONTROL
100
AcDbCircle
 10
56.546
 20
10.97
 30
0.0
 40
0.05
100
AcDbArc
 50
270.0
 51
90.0
  0
LINE
  5
C88
330
17
100
AcDbEntity
  8
SLD_CONTROL
100
AcDbLine
 10
56.546
 20
11.020000000000001
 30
0.0
 11
56.546
 21
12.255
 31
0.0
  0
LINE
  5
C89
330
17
100
AcDbEntity
  8
SLD_CONTROL
100
AcDbLine
 10
56.917
 20
8.936
 30
0.0
 11
56.917
 21
10.008999999999999
 31
0.0
  0
ARC
  5
C8A
330
17
100
AcDbEntity
  8
SLD_CONTROL
100
AcDbCircle
 10
56.917
 20
10.059
 30
0.0
 40
0.05
100
AcDbArc
 50
270.0
 51
90.0
  0
LINE
  5
C8B
330
17
100
AcDbEntity
  8
SLD_CONTROL
100
AcDbLine
 10
56.917
 20
10.109
 30
0.0
 11
56.917
 21
10.92
 31
0.0
  0
ARC
  5
C8C
330
17
100
AcDbEntity
  8
SLD_CONTROL
100
AcDbCircle
 10
56.917
 20
10.97
 30
0.0
 40
0.05
100
AcDbArc
 50
270.0
 51
90.0
  0
LINE
  5
C8D
330
17
100
AcDbEntity
  8
SLD_CONTROL
100
AcDbLine
 10
56.917
 20
11.020000000000001
 30
0.0
 11
56.917
 21
14.043
 31
0.0
  0
LINE
  5
C8E
330
17
100
AcDbEntity
  8
SLD_CONTROL
100
AcDbLine
 10
57.369
 20
10.059
 30
0.0
 11
57.369
 21
10.97
 31
0.0
  0
INSERT
  5
C8F
330
17
100
AcDbEntity
  8
SLD_SYMS
100
AcDbBlockReference
  2
WDDOT
 10
57.369
 20
10.97
 30
0.0
  0
LINE
  5
C91
330
17
100
AcDbEntity
  8
SLD_CONTROL
100
AcDbLine
 10
57.010999999999996
 20
14.715
 30
0.0
 11
57.010999999999996
 21
16.048
 31
0.0
  0
LINE
  5
C92
330
17
100
AcDbEntity
  8
SLD_CONTROL
100
AcDbLine
 10
57.010999999999996
 20
16.36
 30
0.0
 11
57.010999999999996
 21
16.59
 31
0.0
  0
INSERT
  5
C93
330
17
100
AcDbEntity
  8
SLD_SYMS
100
AcDbBlockReference
  2
WDDOT
 10
57.010999999999996
 20
16.59
 30
0.0
  0
LINE
  5
C95
330
17
100
AcDbEntity
  8
SLD_CONTROL
100
AcDbLine
 10
59.413999999999994
 20
12.255
 30
0.0
 11
60.156
 21
12.255
 31
0.0
  0
LINE
  5
C96
330
17
100
AcDbEntity
  8
SLD_CONTROL
100
AcDbLine
 10
59.413999999999994
 20
10.059
 30
0.0
 11
60.979
 21
10.059
 31
0.0
  0
LINE
  5
C97
330
17
100
AcDbEntity
  8
SLD_CONTROL
100
AcDbLine
 10
60.156
 20
8.936
 30
0.0
 11
60.156
 21
10.008999999999999
 31
0.0
  0
ARC
  5
C98
330
17
100
AcDbEntity
  8
SLD_CONTROL
100
AcDbCircle
 10
60.156
 20
10.059
 30
0.0
 40
0.05
100
AcDbArc
 50
270.0
 51
90.0
  0
LINE
  5
C99
330
17
100
AcDbEntity
  8
SLD_CONTROL
100
AcDbLine
 10
60.156
 20
10.109
 30
0.0
 11
60.156
 21
10.92
 31
0.0
  0
ARC
  5
C9A
330
17
100
AcDbEntity
  8
SLD_CONTROL
100
AcDbCircle
 10
60.156
 20
10.97
 30
0.0
 40
0.05
100
AcDbArc
 50
270.0
 51
90.0
  0
LINE
  5
C9B
330
17
100
AcDbEntity
  8
SLD_CONTROL
100
AcDbLine
 10
60.156
 20
11.020000000000001
 30
0.0
 11
60.156
 21
12.255
 31
0.0
  0
LINE
  5
C9C
330
17
100
AcDbEntity
  8
SLD_CONTROL
100
AcDbLine
 10
60.527
 20
8.936
 30
0.0
 11
60.527
 21
10.008999999999999
 31
0.0
  0
ARC
  5
C9D
330
17
100
AcDbEntity
  8
SLD_CONTROL
100
AcDbCircle
 10
60.527
 20
10.059
 30
0.0
 40
0.05
100
AcDbArc
 50
270.0
 51
90.0
  0
LINE
  5
C9E
330
17
100
AcDbEntity
  8
SLD_CONTROL
100
AcDbLine
 10
60.527
 20
10.109
 30
0.0
 11
60.527
 21
10.92
 31
0.0
  0
ARC
  5
C9F
330
17
100
AcDbEntity
  8
SLD_CONTROL
100
AcDbCircle
 10
60.527
 20
10.97
 30
0.0
 40
0.05
100
AcDbArc
 50
270.0
 51
90.0
  0
LINE
  5
CA0
330
17
100
AcDbEntity
  8
SLD_CONTROL
100
AcDbLine
 10
60.527
 20
11.020000000000001
 30
0.0
 11
60.527
 21
14.043
 31
0.0
  0
LINE
  5
CA1
330
17
100
AcDbEntity
  8
SLD_CONTROL
100
AcDbLine
 10
60.979
 20
10.059
 30
0.0
 11
60.979
 21
10.97
 31
0.0
  0
INSERT
  5
CA2
330
17
100
AcDbEntity
  8
SLD_SYMS
100
AcDbBlockReference
  2
WDDOT
 10
60.979
 20
10.97
 30
0.0
  0
LINE
  5
CA4
330
17
100
AcDbEntity
  8
SLD_CONTROL
100
AcDbLine
 10
60.620999999999995
 20
14.715
 30
0.0
 11
60.620999999999995
 21
16.048
 31
0.0
  0
LINE
  5
CA5
330
17
100
AcDbEntity
  8
SLD_CONTROL
100
AcDbLine
 10
60.620999999999995
 20
16.36
 30
0.0
 11
60.620999999999995
 21
16.59
 31
0.0
  0
INSERT
  5
CA6
330
17
100
AcDbEntity
  8
SLD_SYMS
100
AcDbBlockReference
  2
WDDOT
 10
60.620999999999995
 20
16.59
 30
0.0
  0
LINE
  5
CA8
330
17
100
AcDbEntity
  8
SLD_CONTROL
100
AcDbLine
 10
63.023999999999994
 20
12.255
 30
0.0
 11
63.766
 21
12.255
 31
0.0
  0
LINE
  5
CA9
330
17
100
AcDbEntity
  8
SLD_CONTROL
100
AcDbLine
 10
63.023999999999994
 20
10.059
 30
0.0
 11
64.589
 21
10.059
 31
0.0
  0
LINE
  5
CAA
330
17
100
AcDbEntity
  8
SLD_CONTROL
100
AcDbLine
 10
63.766
 20
8.936
 30
0.0
 11
63.766
 21
10.008999999999999
 31
0.0
  0
ARC
  5
CAB
330
17
100
AcDbEntity
  8
SLD_CONTROL
100
AcDbCircle
 10
63.766
 20
10.059
 30
0.0
 40
0.05
100
AcDbArc
 50
270.0
 51
90.0
  0
LINE
  5
CAC
330
17
100
AcDbEntity
  8
SLD_CONTROL
100
AcDbLine
 10
63.766
 20
10.109
 30
0.0
 11
63.766
 21
10.92
 31
0.0
  0
ARC
  5
CAD
330
17
100
AcDbEntity
  8
SLD_CONTROL
100
AcDbCircle
 10
63.766
 20
10.97
 30
0.0
 40
0.05
100
AcDbArc
 50
270.0
 51
90.0
  0
LINE
  5
CAE
330
17
100
AcDbEntity
  8
SLD_CONTROL
100
AcDbLine
 10
63.766
 20
11.020000000000001
 30
0.0
 11
63.766
 21
12.255
 31
0.0
  0
LINE
  5
CAF
330
17
100
AcDbEntity
  8
SLD_CONTROL
100
AcDbLine
 10
64.137
 20
8.936
 30
0.0
 11
64.137
 21
10.008999999999999
 31
0.0
  0
ARC
  5
CB0
330
17
100
AcDbEntity
  8
SLD_CONTROL
100
AcDbCircle
 10
64.137
 20
10.059
 30
0.0
 40
0.05
100
AcDbArc
 50
270.0
 51
90.0
  0
LINE
  5
CB1
330
17
100
AcDbEntity
  8
SLD_CONTROL
100
AcDbLine
 10
64.137
 20
10.109
 30
0.0
 11
64.137
 21
10.92
 31
0.0
  0
ARC
  5
CB2
330
17
100
AcDbEntity
  8
SLD_CONTROL
100
AcDbCircle
 10
64.137
 20
10.97
 30
0.0
 40
0.05
100
AcDbArc
 50
270.0
 51
90.0
  0
LINE
  5
CB3
330
17
100
AcDbEntity
  8
SLD_CONTROL
100
AcDbLine
 10
64.137
 20
11.020000000000001
 30
0.0
 11
64.137
 21
14.043
 31
0.0
  0
LINE
  5
CB4
330
17
100
AcDbEntity
  8
SLD_CONTROL
100
AcDbLine
 10
64.589
 20
10.059
 30
0.0
 11
64.589
 21
10.97
 31
0.0
  0
INSERT
  5
CB5
330
17
100
AcDbEntity
  8
SLD_SYMS
100
AcDbBlockReference
  2
WDDOT
 10
64.589
 20
10.97
 30
0.0
  0
LINE
  5
CB7
330
17
100
AcDbEntity
  8
SLD_CONTROL
100
AcDbLine
 10
64.231
 20
14.715
 30
0.0
 11
64.231
 21
16.048
 31
0.0
  0
LINE
  5
CB8
330
17
100
AcDbEntity
  8
SLD_CONTROL
100
AcDbLine
 10
64.231
 20
16.36
 30
0.0
 11
64.231
 21
16.59
 31
0.0
  0
INSERT
  5
CB9
330
17
100
AcDbEntity
  8
SLD_SYMS
100
AcDbBlockReference
  2
WDDOT
 10
64.231
 20
16.59
 30
0.0
  0
LINE
  5
CBB
330
17
100
AcDbEntity
  8
SLD_CONTROL
100
AcDbLine
 10
66.634
 20
12.255
 30
0.0
 11
67.37599999999999
 21
12.255
 31
0.0
  0
LINE
  5
CBC
330
17
100
AcDbEntity
  8
SLD_CONTROL
100
AcDbLine
 10
66.634
 20
10.059
 30
0.0
 11
68.199
 21
10.059
 31
0.0
  0
LINE
  5
CBD
330
17
100
AcDbEntity
  8
SLD_CONTROL
100
AcDbLine
 10
67.37599999999999
 20
8.936
 30
0.0
 11
67.37599999999999
 21
10.008999999999999
 31
0.0
  0
ARC
  5
CBE
330
17
100
AcDbEntity
  8
SLD_CONTROL
100
AcDbCircle
 10
67.37599999999999
 20
10.059
 30
0.0
 40
0.05
100
AcDbArc
 50
270.0
 51
90.0
  0
LINE
  5
CBF
330
17
100
AcDbEntity
  8
SLD_CONTROL
100
AcDbLine
 10
67.37599999999999
 20
10.109
 30
0.0
 11
67.37599999999999
 21
10.92
 31
0.0
  0
ARC
  5
CC0
330
17
100
AcDbEntity
  8
SLD_CONTROL
100
AcDbCircle
 10
67.37599999999999
 20
10.97
 30
0.0
 40
0.05
100
AcDbArc
 50
270.0
 51
90.0
  0
LINE
  5
CC1
330
17
100
AcDbEntity
  8
SLD_CONTROL
100
AcDbLine
 10
67.37599999999999
 20
11.020000000000001
 30
0.0
 11
67.37599999999999
 21
12.255
 31
0.0
  0
LINE
  5
CC2
330
17
100
AcDbEntity
  8
SLD_CONTROL
100
AcDbLine
 10
67.747
 20
8.936
 30
0.0
 11
67.747
 21
10.008999999999999
 31
0.0
  0
ARC
  5
CC3
330
17
100
AcDbEntity
  8
SLD_CONTROL
100
AcDbCircle
 10
67.747
 20
10.059
 30
0.0
 40
0.05
100
AcDbArc
 50
270.0
 51
90.0
  0
LINE
  5
CC4
330
17
100
AcDbEntity
  8
SLD_CONTROL
100
AcDbLine
 10
67.747
 20
10.109
 30
0.0
 11
67.747
 21
10.92
 31
0.0
  0
ARC
  5
CC5
330
17
100
AcDbEntity
  8
SLD_CONTROL
100
AcDbCircle
 10
67.747
 20
10.97
 30
0.0
 40
0.05
100
AcDbArc
 50
270.0
 51
90.0
  0
LINE
  5
CC6
330
17
100
AcDbEntity
  8
SLD_CONTROL
100
AcDbLine
 10
67.747
 20
11.020000000000001
 30
0.0
 11
67.747
 21
14.043
 31
0.0
  0
LINE
  5
CC7
330
17
100
AcDbEntity
  8
SLD_CONTROL
100
AcDbLine
 10
68.199
 20
10.059
 30
0.0
 11
68.199
 21
10.97
 31
0.0
  0
INSERT
  5
CC8
330
17
100
AcDbEntity
  8
SLD_SYMS
100
AcDbBlockReference
  2
WDDOT
 10
68.199
 20
10.97
 30
0.0
  0
LINE
  5
CCA
330
17
100
AcDbEntity
  8
SLD_CONTROL
100
AcDbLine
 10
67.841
 20
14.715
 30
0.0
 11
67.841
 21
16.048
 31
0.0
  0
LINE
  5
CCB
330
17
100
AcDbEntity
  8
SLD_CONTROL
100
AcDbLine
 10
67.841
 20
16.36
 30
0.0
 11
67.841
 21
16.59
 31
0.0
  0
INSERT
  5
CCC
330
17
100
AcDbEntity
  8
SLD_SYMS
100
AcDbBlockReference
  2
WDDOT
 10
67.841
 20
16.59
 30
0.0
  0
LINE
  5
CCE
330
17
100
AcDbEntity
  8
SLD_CONTROL
100
AcDbLine
 10
2.8609999999999998
 20
16.59
 30
0.0
 11
4.99
 21
16.59
 31
0.0
  0
ARC
  5
CCF
330
17
100
AcDbEntity
  8
SLD_CONTROL
100
AcDbCircle
 10
5.04
 20
16.59
 30
0.0
 40
0.05
100
AcDbArc
 50
0.0
 51
180.0
  0
LINE
  5
CD0
330
17
100
AcDbEntity
  8
SLD_CONTROL
100
AcDbLine
 10
5.09
 20
16.59
 30
0.0
 11
8.6
 21
16.59
 31
0.0
  0
ARC
  5
CD1
330
17
100
AcDbEntity
  8
SLD_CONTROL
100
AcDbCircle
 10
8.65
 20
16.59
 30
0.0
 40
0.05
100
AcDbArc
 50
0.0
 51
180.0
  0
LINE
  5
CD2
330
17
100
AcDbEntity
  8
SLD_CONTROL
100
AcDbLine
 10
8.700000000000001
 20
16.59
 30
0.0
 11
12.21
 21
16.59
 31
0.0
  0
ARC
  5
CD3
330
17
100
AcDbEntity
  8
SLD_CONTROL
100
AcDbCircle
 10
12.260000000000002
 20
16.59
 30
0.0
 40
0.05
100
AcDbArc
 50
0.0
 51
180.0
  0
LINE
  5
CD4
330
17
100
AcDbEntity
  8
SLD_CONTROL
100
AcDbLine
 10
12.310000000000002
 20
16.59
 30
0.0
 11
15.82
 21
16.59
 31
0.0
  0
ARC
  5
CD5
330
17
100
AcDbEntity
  8
SLD_CONTROL
100
AcDbCircle
 10
15.870000000000001
 20
16.59
 30
0.0
 40
0.05
100
AcDbArc
 50
0.0
 51
180.0
  0
LINE
  5
CD6
330
17
100
AcDbEntity
  8
SLD_CONTROL
100
AcDbLine
 10
15.920000000000002
 20
16.59
 30
0.0
 11
19.43
 21
16.59
 31
0.0
  0
ARC
  5
CD7
330
17
100
AcDbEntity
  8
SLD_CONTROL
100
AcDbCircle
 10
19.48
 20
16.59
 30
0.0
 40
0.05
100
AcDbArc
 50
0.0
 51
180.0
  0
LINE
  5
CD8
330
17
100
AcDbEntity
  8
SLD_CONTROL
100
AcDbLine
 10
19.53
 20
16.59
 30
0.0
 11
23.04
 21
16.59
 31
0.0
  0
ARC
  5
CD9
330
17
100
AcDbEntity
  8
SLD_CONTROL
100
AcDbCircle
 10
23.09
 20
16.59
 30
0.0
 40
0.05
100
AcDbArc
 50
0.0
 51
180.0
  0
LINE
  5
CDA
330
17
100
AcDbEntity
  8
SLD_CONTROL
100
AcDbLine
 10
23.14
 20
16.59
 30
0.0
 11
26.65
 21
16.59
 31
0.0
  0
ARC
  5
CDB
330
17
100
AcDbEntity
  8
SLD_CONTROL
100
AcDbCircle
 10
26.7
 20
16.59
 30
0.0
 40
0.05
100
AcDbArc
 50
0.0
 51
180.0
  0
LINE
  5
CDC
330
17
100
AcDbEntity
  8
SLD_CONTROL
100
AcDbLine
 10
26.75
 20
16.59
 30
0.0
 11
33.870000000000005
 21
16.59
 31
0.0
  0
ARC
  5
CDD
330
17
100
AcDbEntity
  8
SLD_CONTROL
100
AcDbCircle
 10
33.92
 20
16.59
 30
0.0
 40
0.05
100
AcDbArc
 50
0.0
 51
180.0
  0
LINE
  5
CDE
330
17
100
AcDbEntity
  8
SLD_CONTROL
100
AcDbLine
 10
33.97
 20
16.59
 30
0.0
 11
41.09
 21
16.59
 31
0.0
  0
ARC
  5
CDF
330
17
100
AcDbEntity
  8
SLD_CONTROL
100
AcDbCircle
 10
41.14
 20
16.59
 30
0.0
 40
0.05
100
AcDbArc
 50
0.0
 51
180.0
  0
LINE
  5
CE0
330
17
100
AcDbEntity
  8
SLD_CONTROL
100
AcDbLine
 10
41.19
 20
16.59
 30
0.0
 11
44.7
 21
16.59
 31
0.0
  0
ARC
  5
CE1
330
17
100
AcDbEntity
  8
SLD_CONTROL
100
AcDbCircle
 10
44.75
 20
16.59
 30
0.0
 40
0.05
100
AcDbArc
 50
0.0
 51
180.0
  0
LINE
  5
CE2
330
17
100
AcDbEntity
  8
SLD_CONTROL
100
AcDbLine
 10
44.8
 20
16.59
 30
0.0
 11
48.31
 21
16.59
 31
0.0
  0
ARC
  5
CE3
330
17
100
AcDbEntity
  8
SLD_CONTROL
100
AcDbCircle
 10
48.36
 20
16.59
 30
0.0
 40
0.05
100
AcDbArc
 50
0.0
 51
180.0
  0
LINE
  5
CE4
330
17
100
AcDbEntity
  8
SLD_CONTROL
100
AcDbLine
 10
48.41
 20
16.59
 30
0.0
 11
51.92
 21
16.59
 31
0.0
  0
ARC
  5
CE5
330
17
100
AcDbEntity
  8
SLD_CONTROL
100
AcDbCircle
 10
51.97
 20
16.59
 30
0.0
 40
0.05
100
AcDbArc
 50
0.0
 51
180.0
  0
LINE
  5
CE6
330
17
100
AcDbEntity
  8
SLD_CONTROL
100
AcDbLine
 10
52.019999999999996
 20
16.59
 30
0.0
 11
55.53
 21
16.59
 31
0.0
  0
ARC
  5
CE7
330
17
100
AcDbEntity
  8
SLD_CONTROL
100
AcDbCircle
 10
55.58
 20
16.59
 30
0.0
 40
0.05
100
AcDbArc
 50
0.0
 51
180.0
  0
LINE
  5
CE8
330
17
100
AcDbEntity
  8
SLD_CONTROL
100
AcDbLine
 10
55.629999999999995
 20
16.59
 30
0.0
 11
59.14
 21
16.59
 31
0.0
  0
ARC
  5
CE9
330
17
100
AcDbEntity
  8
SLD_CONTROL
100
AcDbCircle
 10
59.19
 20
16.59
 30
0.0
 40
0.05
100
AcDbArc
 50
0.0
 51
180.0
  0
LINE
  5
CEA
330
17
100
AcDbEntity
  8
SLD_CONTROL
100
AcDbLine
 10
59.239999999999995
 20
16.59
 30
0.0
 11
62.75
 21
16.59
 31
0.0
  0
ARC
  5
CEB
330
17
100
AcDbEntity
  8
SLD_CONTROL
100
AcDbCircle
 10
62.8
 20
16.59
 30
0.0
 40
0.05
100
AcDbArc
 50
0.0
 51
180.0
  0
LINE
  5
CEC
330
17
100
AcDbEntity
  8
SLD_CONTROL
100
AcDbLine
 10
62.849999999999994
 20
16.59
 30
0.0
 11
66.36
 21
16.59
 31
0.0
  0
ARC
  5
CED
330
17
100
AcDbEntity
  8
SLD_CONTROL
100
AcDbCircle
 10
66.41
 20
16.59
 30
0.0
 40
0.05
100
AcDbArc
 50
0.0
 51
180.0
  0
LINE
  5
CEE
330
17
100
AcDbEntity
  8
SLD_CONTROL
100
AcDbLine
 10
66.46
 20
16.59
 30
0.0
 11
67.841
 21
16.59
 31
0.0
  0
LINE
  5
CEF
330
17
100
AcDbEntity
  8
SLD_CONTROL
100
AcDbLine
 10
3.219
 20
10.97
 30
0.0
 11
4.99
 21
10.97
 31
0.0
  0
ARC
  5
CF0
330
17
100
AcDbEntity
  8
SLD_CONTROL
100
AcDbCircle
 10
5.04
 20
10.97
 30
0.0
 40
0.05
100
AcDbArc
 50
0.0
 51
180.0
  0
LINE
  5
CF1
330
17
100
AcDbEntity
  8
SLD_CONTROL
100
AcDbLine
 10
5.09
 20
10.97
 30
0.0
 11
8.6
 21
10.97
 31
0.0
  0
ARC
  5
CF2
330
17
100
AcDbEntity
  8
SLD_CONTROL
100
AcDbCircle
 10
8.65
 20
10.97
 30
0.0
 40
0.05
100
AcDbArc
 50
0.0
 51
180.0
  0
LINE
  5
CF3
330
17
100
AcDbEntity
  8
SLD_CONTROL
100
AcDbLine
 10
8.700000000000001
 20
10.97
 30
0.0
 11
12.21
 21
10.97
 31
0.0
  0
ARC
  5
CF4
330
17
100
AcDbEntity
  8
SLD_CONTROL
100
AcDbCircle
 10
12.260000000000002
 20
10.97
 30
0.0
 40
0.05
100
AcDbArc
 50
0.0
 51
180.0
  0
LINE
  5
CF5
330
17
100
AcDbEntity
  8
SLD_CONTROL
100
AcDbLine
 10
12.310000000000002
 20
10.97
 30
0.0
 11
15.82
 21
10.97
 31
0.0
  0
ARC
  5
CF6
330
17
100
AcDbEntity
  8
SLD_CONTROL
100
AcDbCircle
 10
15.870000000000001
 20
10.97
 30
0.0
 40
0.05
100
AcDbArc
 50
0.0
 51
180.0
  0
LINE
  5
CF7
330
17
100
AcDbEntity
  8
SLD_CONTROL
100
AcDbLine
 10
15.920000000000002
 20
10.97
 30
0.0
 11
19.43
 21
10.97
 31
0.0
  0
ARC
  5
CF8
330
17
100
AcDbEntity
  8
SLD_CONTROL
100
AcDbCircle
 10
19.48
 20
10.97
 30
0.0
 40
0.05
100
AcDbArc
 50
0.0
 51
180.0
  0
LINE
  5
CF9
330
17
100
AcDbEntity
  8
SLD_CONTROL
100
AcDbLine
 10
19.53
 20
10.97
 30
0.0
 11
23.04
 21
10.97
 31
0.0
  0
ARC
  5
CFA
330
17
100
AcDbEntity
  8
SLD_CONTROL
100
AcDbCircle
 10
23.09
 20
10.97
 30
0.0
 40
0.05
100
AcDbArc
 50
0.0
 51
180.0
  0
LINE
  5
CFB
330
17
100
AcDbEntity
  8
SLD_CONTROL
100
AcDbLine
 10
23.14
 20
10.97
 30
0.0
 11
26.65
 21
10.97
 31
0.0
  0
ARC
  5
CFC
330
17
100
AcDbEntity
  8
SLD_CONTROL
100
AcDbCircle
 10
26.7
 20
10.97
 30
0.0
 40
0.05
100
AcDbArc
 50
0.0
 51
180.0
  0
LINE
  5
CFD
330
17
100
AcDbEntity
  8
SLD_CONTROL
100
AcDbLine
 10
26.75
 20
10.97
 30
0.0
 11
41.09
 21
10.97
 31
0.0
  0
ARC
  5
CFE
330
17
100
AcDbEntity
  8
SLD_CONTROL
100
AcDbCircle
 10
41.14
 20
10.97
 30
0.0
 40
0.05
100
AcDbArc
 50
0.0
 51
180.0
  0
LINE
  5
CFF
330
17
100
AcDbEntity
  8
SLD_CONTROL
100
AcDbLine
 10
41.19
 20
10.97
 30
0.0
 11
44.7
 21
10.97
 31
0.0
  0
ARC
  5
D00
330
17
100
AcDbEntity
  8
SLD_CONTROL
100
AcDbCircle
 10
44.75
 20
10.97
 30
0.0
 40
0.05
100
AcDbArc
 50
0.0
 51
180.0
  0
LINE
  5
D01
330
17
100
AcDbEntity
  8
SLD_CONTROL
100
AcDbLine
 10
44.8
 20
10.97
 30
0.0
 11
48.31
 21
10.97
 31
0.0
  0
ARC
  5
D02
330
17
100
AcDbEntity
  8
SLD_CONTROL
100
AcDbCircle
 10
48.36
 20
10.97
 30
0.0
 40
0.05
100
AcDbArc
 50
0.0
 51
180.0
  0
LINE
  5
D03
330
17
100
AcDbEntity
  8
SLD_CONTROL
100
AcDbLine
 10
48.41
 20
10.97
 30
0.0
 11
51.92
 21
10.97
 31
0.0
  0
ARC
  5
D04
330
17
100
AcDbEntity
  8
SLD_CONTROL
100
AcDbCircle
 10
51.97
 20
10.97
 30
0.0
 40
0.05
100
AcDbArc
 50
0.0
 51
180.0
  0
LINE
  5
D05
330
17
100
AcDbEntity
  8
SLD_CONTROL
100
AcDbLine
 10
52.019999999999996
 20
10.97
 30
0.0
 11
55.53
 21
10.97
 31
0.0
  0
ARC
  5
D06
330
17
100
AcDbEntity
  8
SLD_CONTROL
100
AcDbCircle
 10
55.58
 20
10.97
 30
0.0
 40
0.05
100
AcDbArc
 50
0.0
 51
180.0
  0
LINE
  5
D07
330
17
100
AcDbEntity
  8
SLD_CONTROL
100
AcDbLine
 10
55.629999999999995
 20
10.97
 30
0.0
 11
59.14
 21
10.97
 31
0.0
  0
ARC
  5
D08
330
17
100
AcDbEntity
  8
SLD_CONTROL
100
AcDbCircle
 10
59.19
 20
10.97
 30
0.0
 40
0.05
100
AcDbArc
 50
0.0
 51
180.0
  0
LINE
  5
D09
330
17
100
AcDbEntity
  8
SLD_CONTROL
100
AcDbLine
 10
59.239999999999995
 20
10.97
 30
0.0
 11
62.75
 21
10.97
 31
0.0
  0
ARC
  5
D0A
330
17
100
AcDbEntity
  8
SLD_CONTROL
100
AcDbCircle
 10
62.8
 20
10.97
 30
0.0
 40
0.05
100
AcDbArc
 50
0.0
 51
180.0
  0
LINE
  5
D0B
330
17
100
AcDbEntity
  8
SLD_CONTROL
100
AcDbLine
 10
62.849999999999994
 20
10.97
 30
0.0
 11
66.36
 21
10.97
 31
0.0
  0
ARC
  5
D0C
330
17
100
AcDbEntity
  8
SLD_CONTROL
100
AcDbCircle
 10
66.41
 20
10.97
 30
0.0
 40
0.05
100
AcDbArc
 50
0.0
 51
180.0
  0
LINE
  5
D0D
330
17
100
AcDbEntity
  8
SLD_CONTROL
100
AcDbLine
 10
66.46
 20
10.97
 30
0.0
 11
68.199
 21
10.97
 31
0.0
  0
LINE
  5
D0E
330
17
100
AcDbEntity
  8
SLD_CONTROL
100
AcDbLine
 10
30.166999999999998
 20
10.255
 30
0.0
 11
35.044000000000004
 21
10.255
 31
0.0
  0
INSERT
  5
D0F
330
17
100
AcDbEntity
  8
SLD_SYMS
100
AcDbBlockReference
  2
WDDOT
 10
30.31
 20
16.59
 30
0.0
  0
INSERT
  5
D11
330
17
100
AcDbEntity
  8
SLD_SYMS
100
AcDbBlockReference
  2
WDDOT
 10
37.53
 20
16.59
 30
0.0
  0
ENDSEC
  0
SECTION
  2
OBJECTS
  0
DICTIONARY
  5
A
330
0
100
AcDbDictionary
281
1
  3
ACAD_COLOR
350
B
  3
ACAD_GROUP
350
C
  3
ACAD_LAYOUT
350
D
  3
ACAD_MATERIAL
350
E
  3
ACAD_MLEADERSTYLE
350
F
  3
ACAD_MLINESTYLE
350
10
  3
ACAD_PLOTSETTINGS
350
11
  3
ACAD_PLOTSTYLENAME
350
12
  3
ACAD_SCALELIST
350
14
  3
ACAD_TABLESTYLE
350
15
  3
ACAD_VISUALSTYLE
350
16
  3
EZDXF_META
350
2D
  0
DICTIONARY
  5
B
330
A
100
AcDbDictionary
281
1
  0
DICTIONARY
  5
C
330
A
100
AcDbDictionary
281
1
  0
DICTIONARY
  5
D
330
A
100
AcDbDictionary
281
1
  3
Model
350
1A
  3
Layout1
350
1E
  0
DICTIONARY
  5
E
330
A
100
AcDbDictionary
281
1
  3
ByBlock
350
1F
  3
ByLayer
350
20
  3
Global
350
21
  0
DICTIONARY
  5
F
330
A
100
AcDbDictionary
281
1
  3
Standard
350
2C
  0
DICTIONARY
  5
10
330
A
100
AcDbDictionary
281
1
  3
Standard
350
22
  0
DICTIONARY
  5
11
330
A
100
AcDbDictionary
281
1
  0
ACDBDICTIONARYWDFLT
  5
12
330
A
100
AcDbDictionary
281
1
  3
Normal
350
13
100
AcDbDictionaryWithDefault
340
13
  0
ACDBPLACEHOLDER
  5
13
330
12
  0
DICTIONARY
  5
14
330
A
100
AcDbDictionary
281
1
  0
DICTIONARY
  5
15
330
A
100
AcDbDictionary
281
1
  0
DICTIONARY
  5
16
330
A
100
AcDbDictionary
281
1
  3
2dWireframe
350
5A
  3
Basic
350
5B
  3
Brighten
350
5C
  3
ColorChange
350
5D
  3
Conceptual
350
5E
  3
Dim
350
5F
  3
EdgeColorOff
350
60
  3
Facepattern
350
61
  3
Flat
350
62
  3
FlatWithEdges
350
63
  3
Gouraud
350
64
  3
GouraudWithEdges
350
65
  3
Hidden
350
66
  3
JitterOff
350
67
  3
Linepattern
350
68
  3
Modeling
350
69
  3
OverhangOff
350
6A
  3
Realistic
350
6B
  3
Shaded
350
6C
  3
Shaded with edges
350
6D
  3
Shades of Gray
350
6E
  3
Sketchy
350
6F
  3
Thicken
350
70
  3
Wireframe
350
71
  3
X-Ray
350
72
  0
LAYOUT
  5
1A
330
D
100
AcDbPlotSettings
  1

  4
A3
  6

 40
7.5
 41
20.0
 42
7.5
 43
20.0
 44
420.0
 45
297.0
 46
0.0
 47
0.0
 48
0.0
 49
0.0
140
0.0
141
0.0
142
1.0
143
1.0
 70
1024
 72
1
 73
0
 74
5
  7

 75
16
 76
0
 77
2
 78
300
147
1.0
148
0.0
149
0.0
100
AcDbLayout
  1
Model
 70
1
 71
0
 10
0.0
 20
0.0
 11
420.0
 21
297.0
 12
0.0
 22
0.0
 32
0.0
 14
1e+20
 24
1e+20
 34
1e+20
 15
-1e+20
 25
-1e+20
 35
-1e+20
146
0.0
 13
0.0
 23
0.0
 33
0.0
 16
1.0
 26
0.0
 36
0.0
 17
0.0
 27
1.0
 37
0.0
 76
1
330
17
  0
LAYOUT
  5
1E
330
D
100
AcDbPlotSettings
  1

  4
A3
  6

 40
7.5
 41
20.0
 42
7.5
 43
20.0
 44
420.0
 45
297.0
 46
0.0
 47
0.0
 48
0.0
 49
0.0
140
0.0
141
0.0
142
1.0
143
1.0
 70
0
 72
1
 73
0
 74
5
  7

 75
16
 76
0
 77
2
 78
300
147
1.0
148
0.0
149
0.0
100
AcDbLayout
  1
Layout1
 70
1
 71
1
 10
0.0
 20
0.0
 11
420.0
 21
297.0
 12
0.0
 22
0.0
 32
0.0
 14
1e+20
 24
1e+20
 34
1e+20
 15
-1e+20
 25
-1e+20
 35
-1e+20
146
0.0
 13
0.0
 23
0.0
 33
0.0
 16
1.0
 26
0.0
 36
0.0
 17
0.0
 27
1.0
 37
0.0
 76
1
330
1B
  0
MATERIAL
  5
1F
102
{ACAD_REACTORS
330
E
102
}
330
E
100
AcDbMaterial
  1
ByBlock
  2

 70
0
 40
1.0
 71
1
 41
1.0
 91
-1023410177
 42
1.0
 72
1
  3

 73
1
 74
1
 75
1
 44
0.5
 73
0
 45
1.0
 46
1.0
 77
1
  4

 78
1
 79
1
170
1
 48
1.0
171
1
  6

172
1
173
1
174
1
140
1.0
141
1.0
175
1
  7

176
1
177
1
178
1
143
1.0
179
1
  8

270
1
271
1
272
1
145
1.0
146
1.0
273
1
  9

274
1
275
1
276
1
 42
1.0
 72
1
  3

 73
1
 74
1
 75
1
 94
63
  0
MATERIAL
  5
20
102
{ACAD_REACTORS
330
E
102
}
330
E
100
AcDbMaterial
  1
ByLayer
  2

 70
0
 40
1.0
 71
1
 41
1.0
 91
-1023410177
 42
1.0
 72
1
  3

 73
1
 74
1
 75
1
 44
0.5
 73
0
 45
1.0
 46
1.0
 77
1
  4

 78
1
 79
1
170
1
 48
1.0
171
1
  6

172
1
173
1
174
1
140
1.0
141
1.0
175
1
  7

176
1
177
1
178
1
143
1.0
179
1
  8

270
1
271
1
272
1
145
1.0
146
1.0
273
1
  9

274
1
275
1
276
1
 42
1.0
 72
1
  3

 73
1
 74
1
 75
1
 94
63
  0
MATERIAL
  5
21
102
{ACAD_REACTORS
330
E
102
}
330
E
100
AcDbMaterial
  1
Global
  2

 70
0
 40
1.0
 71
1
 41
1.0
 91
-1023410177
 42
1.0
 72
1
  3

 73
1
 74
1
 75
1
 44
0.5
 73
0
 45
1.0
 46
1.0
 77
1
  4

 78
1
 79
1
170
1
 48
1.0
171
1
  6

172
1
173
1
174
1
140
1.0
141
1.0
175
1
  7

176
1
177
1
178
1
143
1.0
179
1
  8

270
1
271
1
272
1
145
1.0
146
1.0
273
1
  9

274
1
275
1
276
1
 42
1.0
 72
1
  3

 73
1
 74
1
 75
1
 94
63
  0
MLINESTYLE
  5
22
102
{ACAD_REACTORS
330
10
102
}
330
10
100
AcDbMlineStyle
  2
Standard
 70
0
  3

 62
256
 51
90.0
 52
90.0
 71
2
 49
0.5
 62
256
  6
BYLAYER
 49
-0.5
 62
256
  6
BYLAYER
  0
MLEADERSTYLE
  5
2C
102
{ACAD_REACTORS
330
F
102
}
330
F
100
AcDbMLeaderStyle
179
2
170
2
171
1
172
0
 90
2
 40
0.0
 41
0.0
173
1
 91
-1056964608
 92
-2
290
1
 42
2.0
291
1
 43
8.0
  3
Standard
 44
4.0
300

342
29
174
1
175
1
176
0
178
1
 93
-1056964608
 45
4.0
292
0
297
0
 46
4.0
 94
-1056964608
 47
1.0
 49
1.0
140
1.0
294
1
141
0.0
177
0
142
1.0
295
0
296
0
143
3.75
271
0
272
9
273
9
  0
DICTIONARY
  5
2D
330
A
100
AcDbDictionary
280
1
281
1
  3
CREATED_BY_EZDXF
350
2E
  3
WRITTEN_BY_EZDXF
350
D15
  0
DICTIONARYVAR
  5
2E
330
2D
100
DictionaryVariables
280
0
  1
1.4.4 @ 2026-08-03T04:35:33.494358+00:00
  0
VISUALSTYLE
  5
5A
102
{ACAD_REACTORS
330
16
102
}
330
16
100
AcDbVisualStyle
  2
2dWireframe
 70
4
177
3
291
0
 70
58
 90
2
176
1
 90
2
176
1
 90
0
176
1
 90
0
176
1
 40
0.6
176
1
 40
30.0
176
1
 62
7
420
16777215
176
1
 90
1
176
1
 90
4
176
1
 62
7
176
1
 62
257
176
1
 90
1
176
1
 90
1
176
1
 40
1.0
176
1
 90
8
176
1
 62
7
176
1
 40
1.0
176
1
 90
1
176
1
 90
6
176
1
 90
2
176
1
 62
7
176
1
 90
5
176
1
 90
0
176
1
 90
0
176
1
290
0
176
1
 90
1
176
1
 40
0.0
176
1
 90
0
176
1
290
1
176
1
290
1
176
1
290
0
176
1
290
0
176
1
290
0
176
1
290
0
176
1
290
0
176
1
290
0
176
1
290
0
176
1
 90
50
176
1
 40
0.0
176
1
 40
1.0
176
1
 90
0
176
1
 62
18
420
0
176
1
 90
50
176
1
 90
3
176
1
 62
5
420
255
176
1
290
0
176
1
 90
50
176
1
 90
50
176
1
 90
50
176
1
290
0
176
1
 90
50
176
1
 62
256
176
0
 40
1.0
176
0
 90
2
176
1
  1
strokes_ogs.tif
176
1
290
0
176
1
 40
1.0
176
1
 40
1.0
176
1
  0
VISUALSTYLE
  5
5B
102
{ACAD_REACTORS
330
16
102
}
330
16
100
AcDbVisualStyle
  2
Basic
 70
7
177
3
291
1
 70
58
 90
2
176
1
 90
2
176
1
 90
0
176
1
 90
1
176
1
 40
0.6
176
1
 40
30.0
176
1
 62
7
420
16777215
176
1
 90
1
176
1
 90
4
176
1
 62
7
176
1
 62
257
176
1
 90
1
176
1
 90
1
176
1
 40
1.0
176
1
 90
8
176
1
 62
7
176
1
 40
1.0
176
1
 90
1
176
1
 90
6
176
1
 90
2
176
1
 62
7
176
1
 90
5
176
1
 90
0
176
1
 90
0
176
1
290
0
176
1
 90
1
176
1
 40
0.0
176
1
 90
0
176
1
290
0
176
1
290
1
176
1
290
1
176
1
290
0
176
1
290
0
176
1
290
0
176
1
290
0
176
1
290
0
176
1
290
0
176
1
 90
50
176
1
 40
0.0
176
1
 40
1.0
176
1
 90
0
176
1
 62
18
420
0
176
1
 90
50
176
1
 90
3
176
1
 62
5
420
255
176
1
290
0
176
1
 90
50
176
1
 90
50
176
1
 90
50
176
1
290
0
176
1
 90
50
176
1
 62
256
176
0
 40
1.0
176
0
 90
2
176
1
  1
strokes_ogs.tif
176
1
290
0
176
1
 40
1.0
176
1
 40
1.0
176
1
  0
VISUALSTYLE
  5
5C
102
{ACAD_REACTORS
330
16
102
}
330
16
100
AcDbVisualStyle
  2
Brighten
 70
12
177
3
291
1
 70
58
 90
2
176
1
 90
2
176
1
 90
0
176
1
 90
2
176
1
 40
0.6
176
1
 40
30.0
176
1
 62
7
420
16777215
176
1
 90
1
176
1
 90
4
176
1
 62
7
176
1
 62
257
176
1
 90
1
176
1
 90
1
176
1
 40
1.0
176
1
 90
8
176
1
 62
7
176
1
 40
1.0
176
1
 90
1
176
1
 90
6
176
1
 90
2
176
1
 62
7
176
1
 90
5
176
1
 90
0
176
1
 90
0
176
1
290
0
176
1
 90
1
176
1
 40
0.0
176
1
 90
0
176
1
290
0
176
1
290
1
176
1
290
1
176
1
290
0
176
1
290
0
176
1
290
0
176
1
290
0
176
1
290
0
176
1
290
0
176
1
 90
50
176
1
 40
0.0
176
1
 40
1.0
176
1
 90
0
176
1
 62
18
420
0
176
1
 90
50
176
1
 90
3
176
1
 62
5
420
255
176
1
290
0
176
1
 90
50
176
1
 90
50
176
1
 90
50
176
1
290
0
176
1
 90
50
176
1
 62
256
176
0
 40
1.0
176
0
 90
2
176
1
  1
strokes_ogs.tif
176
1
290
0
176
1
 40
1.0
176
1
 40
1.0
176
1
  0
VISUALSTYLE
  5
5D
102
{ACAD_REACTORS
330
16
102
}
330
16
100
AcDbVisualStyle
  2
ColorChange
 70
16
177
3
291
1
 70
58
 90
2
176
1
 90
2
176
1
 90
0
176
1
 90
2
176
1
 40
0.6
176
1
 40
30.0
176
1
 62
7
420
16777215
176
1
 90
1
176
1
 90
4
176
1
 62
7
176
1
 62
257
176
1
 90
1
176
1
 90
1
176
1
 40
1.0
176
1
 90
8
176
1
 62
7
176
1
 40
1.0
176
1
 90
1
176
1
 90
6
176
1
 90
2
176
1
 62
7
176
1
 90
5
176
1
 90
0
176
1
 90
0
176
1
290
0
176
1
 90
1
176
1
 40
0.0
176
1
 90
0
176
1
290
0
176
1
290
1
176
1
290
1
176
1
290
0
176
1
290
0
176
1
290
0
176
1
290
0
176
1
290
0
176
1
290
0
176
1
 90
50
176
1
 40
0.0
176
1
 40
1.0
176
1
 90
0
176
1
 62
18
420
0
176
1
 90
50
176
1
 90
3
176
1
 62
5
420
255
176
1
290
0
176
1
 90
50
176
1
 90
50
176
1
 90
50
176
1
290
0
176
1
 90
50
176
1
 62
256
176
0
 40
1.0
176
0
 90
2
176
1
  1
strokes_ogs.tif
176
1
290
0
176
1
 40
1.0
176
1
 40
1.0
176
1
  0
VISUALSTYLE
  5
5E
102
{ACAD_REACTORS
330
16
102
}
330
16
100
AcDbVisualStyle
  2
Conceptual
 70
9
177
3
291
0
 70
58
 90
2
176
1
 90
2
176
1
 90
0
176
1
 90
3
176
1
 40
0.6
176
1
 40
30.0
176
1
 62
7
420
16777215
176
1
 90
1
176
1
 90
4
176
1
 62
7
176
1
 62
257
176
1
 90
1
176
1
 90
1
176
1
 40
1.0
176
1
 90
8
176
1
 62
7
176
1
 40
1.0
176
1
 90
1
176
1
 90
6
176
1
 90
2
176
1
 62
7
176
1
 90
5
176
1
 90
0
176
1
 90
0
176
1
290
0
176
1
 90
1
176
1
 40
0.0
176
1
 90
0
176
1
290
0
176
1
290
1
176
1
290
1
176
1
290
0
176
1
290
0
176
1
290
0
176
1
290
0
176
1
290
0
176
1
290
0
176
1
 90
50
176
1
 40
0.0
176
1
 40
1.0
176
1
 90
0
176
1
 62
18
420
0
176
1
 90
50
176
1
 90
3
176
1
 62
5
420
255
176
1
290
0
176
1
 90
50
176
1
 90
50
176
1
 90
50
176
1
290
0
176
1
 90
50
176
1
 62
256
176
0
 40
1.0
176
0
 90
2
176
1
  1
strokes_ogs.tif
176
1
290
0
176
1
 40
1.0
176
1
 40
1.0
176
1
  0
VISUALSTYLE
  5
5F
102
{ACAD_REACTORS
330
16
102
}
330
16
100
AcDbVisualStyle
  2
Dim
 70
11
177
3
291
1
 70
58
 90
2
176
1
 90
2
176
1
 90
0
176
1
 90
2
176
1
 40
0.6
176
1
 40
30.0
176
1
 62
7
420
16777215
176
1
 90
1
176
1
 90
4
176
1
 62
7
176
1
 62
257
176
1
 90
1
176
1
 90
1
176
1
 40
1.0
176
1
 90
8
176
1
 62
7
176
1
 40
1.0
176
1
 90
1
176
1
 90
6
176
1
 90
2
176
1
 62
7
176
1
 90
5
176
1
 90
0
176
1
 90
0
176
1
290
0
176
1
 90
1
176
1
 40
0.0
176
1
 90
0
176
1
290
0
176
1
290
1
176
1
290
1
176
1
290
0
176
1
290
0
176
1
290
0
176
1
290
0
176
1
290
0
176
1
290
0
176
1
 90
50
176
1
 40
0.0
176
1
 40
1.0
176
1
 90
0
176
1
 62
18
420
0
176
1
 90
50
176
1
 90
3
176
1
 62
5
420
255
176
1
290
0
176
1
 90
50
176
1
 90
50
176
1
 90
50
176
1
290
0
176
1
 90
50
176
1
 62
256
176
0
 40
1.0
176
0
 90
2
176
1
  1
strokes_ogs.tif
176
1
290
0
176
1
 40
1.0
176
1
 40
1.0
176
1
  0
VISUALSTYLE
  5
60
102
{ACAD_REACTORS
330
16
102
}
330
16
100
AcDbVisualStyle
  2
EdgeColorOff
 70
22
177
3
291
1
 70
58
 90
2
176
1
 90
2
176
1
 90
0
176
1
 90
2
176
1
 40
0.6
176
1
 40
30.0
176
1
 62
7
420
16777215
176
1
 90
1
176
1
 90
4
176
1
 62
7
176
1
 62
257
176
1
 90
1
176
1
 90
1
176
1
 40
1.0
176
1
 90
8
176
1
 62
7
176
1
 40
1.0
176
1
 90
1
176
1
 90
6
176
1
 90
2
176
1
 62
7
176
1
 90
5
176
1
 90
0
176
1
 90
0
176
1
290
0
176
1
 90
1
176
1
 40
0.0
176
1
 90
0
176
1
290
0
176
1
290
1
176
1
290
1
176
1
290
0
176
1
290
0
176
1
290
0
176
1
290
0
176
1
290
0
176
1
290
0
176
1
 90
50
176
1
 40
0.0
176
1
 40
1.0
176
1
 90
0
176
1
 62
18
420
0
176
1
 90
50
176
1
 90
3
176
1
 62
5
420
255
176
1
290
0
176
1
 90
50
176
1
 90
50
176
1
 90
50
176
1
290
0
176
1
 90
50
176
1
 62
256
176
0
 40
1.0
176
0
 90
2
176
1
  1
strokes_ogs.tif
176
1
290
0
176
1
 40
1.0
176
1
 40
1.0
176
1
  0
VISUALSTYLE
  5
61
102
{ACAD_REACTORS
330
16
102
}
330
16
100
AcDbVisualStyle
  2
Facepattern
 70
15
177
3
291
1
 70
58
 90
2
176
1
 90
2
176
1
 90
0
176
1
 90
2
176
1
 40
0.6
176
1
 40
30.0
176
1
 62
7
420
16777215
176
1
 90
1
176
1
 90
4
176
1
 62
7
176
1
 62
257
176
1
 90
1
176
1
 90
1
176
1
 40
1.0
176
1
 90
8
176
1
 62
7
176
1
 40
1.0
176
1
 90
1
176
1
 90
6
176
1
 90
2
176
1
 62
7
176
1
 90
5
176
1
 90
0
176
1
 90
0
176
1
290
0
176
1
 90
1
176
1
 40
0.0
176
1
 90
0
176
1
290
0
176
1
290
1
176
1
290
1
176
1
290
0
176
1
290
0
176
1
290
0
176
1
290
0
176
1
290
0
176
1
290
0
176
1
 90
50
176
1
 40
0.0
176
1
 40
1.0
176
1
 90
0
176
1
 62
18
420
0
176
1
 90
50
176
1
 90
3
176
1
 62
5
420
255
176
1
290
0
176
1
 90
50
176
1
 90
50
176
1
 90
50
176
1
290
0
176
1
 90
50
176
1
 62
256
176
0
 40
1.0
176
0
 90
2
176
1
  1
strokes_ogs.tif
176
1
290
0
176
1
 40
1.0
176
1
 40
1.0
176
1
  0
VISUALSTYLE
  5
62
102
{ACAD_REACTORS
330
16
102
}
330
16
100
AcDbVisualStyle
  2
Flat
 70
0
177
3
291
1
 70
58
 90
2
176
1
 90
2
176
1
 90
0
176
1
 90
2
176
1
 40
0.6
176
1
 40
30.0
176
1
 62
7
420
16777215
176
1
 90
1
176
1
 90
4
176
1
 62
7
176
1
 62
257
176
1
 90
1
176
1
 90
1
176
1
 40
1.0
176
1
 90
8
176
1
 62
7
176
1
 40
1.0
176
1
 90
1
176
1
 90
6
176
1
 90
2
176
1
 62
7
176
1
 90
5
176
1
 90
0
176
1
 90
0
176
1
290
0
176
1
 90
1
176
1
 40
0.0
176
1
 90
0
176
1
290
0
176
1
290
1
176
1
290
1
176
1
290
0
176
1
290
0
176
1
290
0
176
1
290
0
176
1
290
0
176
1
290
0
176
1
 90
50
176
1
 40
0.0
176
1
 40
1.0
176
1
 90
0
176
1
 62
18
420
0
176
1
 90
50
176
1
 90
3
176
1
 62
5
420
255
176
1
290
0
176
1
 90
50
176
1
 90
50
176
1
 90
50
176
1
290
0
176
1
 90
50
176
1
 62
256
176
0
 40
1.0
176
0
 90
2
176
1
  1
strokes_ogs.tif
176
1
290
0
176
1
 40
1.0
176
1
 40
1.0
176
1
  0
VISUALSTYLE
  5
63
102
{ACAD_REACTORS
330
16
102
}
330
16
100
AcDbVisualStyle
  2
FlatWithEdges
 70
1
177
3
291
1
 70
58
 90
2
176
1
 90
2
176
1
 90
0
176
1
 90
2
176
1
 40
0.6
176
1
 40
30.0
176
1
 62
7
420
16777215
176
1
 90
1
176
1
 90
4
176
1
 62
7
176
1
 62
257
176
1
 90
1
176
1
 90
1
176
1
 40
1.0
176
1
 90
8
176
1
 62
7
176
1
 40
1.0
176
1
 90
1
176
1
 90
6
176
1
 90
2
176
1
 62
7
176
1
 90
5
176
1
 90
0
176
1
 90
0
176
1
290
0
176
1
 90
1
176
1
 40
0.0
176
1
 90
0
176
1
290
0
176
1
290
1
176
1
290
1
176
1
290
0
176
1
290
0
176
1
290
0
176
1
290
0
176
1
290
0
176
1
290
0
176
1
 90
50
176
1
 40
0.0
176
1
 40
1.0
176
1
 90
0
176
1
 62
18
420
0
176
1
 90
50
176
1
 90
3
176
1
 62
5
420
255
176
1
290
0
176
1
 90
50
176
1
 90
50
176
1
 90
50
176
1
290
0
176
1
 90
50
176
1
 62
256
176
0
 40
1.0
176
0
 90
2
176
1
  1
strokes_ogs.tif
176
1
290
0
176
1
 40
1.0
176
1
 40
1.0
176
1
  0
VISUALSTYLE
  5
64
102
{ACAD_REACTORS
330
16
102
}
330
16
100
AcDbVisualStyle
  2
Gouraud
 70
2
177
3
291
1
 70
58
 90
2
176
1
 90
2
176
1
 90
0
176
1
 90
2
176
1
 40
0.6
176
1
 40
30.0
176
1
 62
7
420
16777215
176
1
 90
1
176
1
 90
4
176
1
 62
7
176
1
 62
257
176
1
 90
1
176
1
 90
1
176
1
 40
1.0
176
1
 90
8
176
1
 62
7
176
1
 40
1.0
176
1
 90
1
176
1
 90
6
176
1
 90
2
176
1
 62
7
176
1
 90
5
176
1
 90
0
176
1
 90
0
176
1
290
0
176
1
 90
1
176
1
 40
0.0
176
1
 90
0
176
1
290
0
176
1
290
1
176
1
290
1
176
1
290
0
176
1
290
0
176
1
290
0
176
1
290
0
176
1
290
0
176
1
290
0
176
1
 90
50
176
1
 40
0.0
176
1
 40
1.0
176
1
 90
0
176
1
 62
18
420
0
176
1
 90
50
176
1
 90
3
176
1
 62
5
420
255
176
1
290
0
176
1
 90
50
176
1
 90
50
176
1
 90
50
176
1
290
0
176
1
 90
50
176
1
 62
256
176
0
 40
1.0
176
0
 90
2
176
1
  1
strokes_ogs.tif
176
1
290
0
176
1
 40
1.0
176
1
 40
1.0
176
1
  0
VISUALSTYLE
  5
65
102
{ACAD_REACTORS
330
16
102
}
330
16
100
AcDbVisualStyle
  2
GouraudWithEdges
 70
3
177
3
291
1
 70
58
 90
2
176
1
 90
2
176
1
 90
0
176
1
 90
2
176
1
 40
0.6
176
1
 40
30.0
176
1
 62
7
420
16777215
176
1
 90
1
176
1
 90
4
176
1
 62
7
176
1
 62
257
176
1
 90
1
176
1
 90
1
176
1
 40
1.0
176
1
 90
8
176
1
 62
7
176
1
 40
1.0
176
1
 90
1
176
1
 90
6
176
1
 90
2
176
1
 62
7
176
1
 90
5
176
1
 90
0
176
1
 90
0
176
1
290
0
176
1
 90
1
176
1
 40
0.0
176
1
 90
0
176
1
290
0
176
1
290
1
176
1
290
1
176
1
290
0
176
1
290
0
176
1
290
0
176
1
290
0
176
1
290
0
176
1
290
0
176
1
 90
50
176
1
 40
0.0
176
1
 40
1.0
176
1
 90
0
176
1
 62
18
420
0
176
1
 90
50
176
1
 90
3
176
1
 62
5
420
255
176
1
290
0
176
1
 90
50
176
1
 90
50
176
1
 90
50
176
1
290
0
176
1
 90
50
176
1
 62
256
176
0
 40
1.0
176
0
 90
2
176
1
  1
strokes_ogs.tif
176
1
290
0
176
1
 40
1.0
176
1
 40
1.0
176
1
  0
VISUALSTYLE
  5
66
102
{ACAD_REACTORS
330
16
102
}
330
16
100
AcDbVisualStyle
  2
Hidden
 70
6
177
3
291
0
 70
58
 90
2
176
1
 90
2
176
1
 90
0
176
1
 90
1
176
1
 40
0.6
176
1
 40
30.0
176
1
 62
7
420
16777215
176
1
 90
1
176
1
 90
4
176
1
 62
7
176
1
 62
257
176
1
 90
1
176
1
 90
1
176
1
 40
1.0
176
1
 90
8
176
1
 62
7
176
1
 40
1.0
176
1
 90
1
176
1
 90
6
176
1
 90
2
176
1
 62
7
176
1
 90
5
176
1
 90
0
176
1
 90
0
176
1
290
0
176
1
 90
1
176
1
 40
0.0
176
1
 90
0
176
1
290
0
176
1
290
1
176
1
290
1
176
1
290
0
176
1
290
0
176
1
290
0
176
1
290
0
176
1
290
0
176
1
290
0
176
1
 90
50
176
1
 40
0.0
176
1
 40
1.0
176
1
 90
0
176
1
 62
18
420
0
176
1
 90
50
176
1
 90
3
176
1
 62
5
420
255
176
1
290
0
176
1
 90
50
176
1
 90
50
176
1
 90
50
176
1
290
0
176
1
 90
50
176
1
 62
256
176
0
 40
1.0
176
0
 90
2
176
1
  1
strokes_ogs.tif
176
1
290
0
176
1
 40
1.0
176
1
 40
1.0
176
1
  0
VISUALSTYLE
  5
67
102
{ACAD_REACTORS
330
16
102
}
330
16
100
AcDbVisualStyle
  2
JitterOff
 70
20
177
3
291
1
 70
58
 90
2
176
1
 90
2
176
1
 90
0
176
1
 90
2
176
1
 40
0.6
176
1
 40
30.0
176
1
 62
7
420
16777215
176
1
 90
1
176
1
 90
4
176
1
 62
7
176
1
 62
257
176
1
 90
1
176
1
 90
1
176
1
 40
1.0
176
1
 90
8
176
1
 62
7
176
1
 40
1.0
176
1
 90
1
176
1
 90
6
176
1
 90
2
176
1
 62
7
176
1
 90
5
176
1
 90
0
176
1
 90
0
176
1
290
0
176
1
 90
1
176
1
 40
0.0
176
1
 90
0
176
1
290
0
176
1
290
1
176
1
290
1
176
1
290
0
176
1
290
0
176
1
290
0
176
1
290
0
176
1
290
0
176
1
290
0
176
1
 90
50
176
1
 40
0.0
176
1
 40
1.0
176
1
 90
0
176
1
 62
18
420
0
176
1
 90
50
176
1
 90
3
176
1
 62
5
420
255
176
1
290
0
176
1
 90
50
176
1
 90
50
176
1
 90
50
176
1
290
0
176
1
 90
50
176
1
 62
256
176
0
 40
1.0
176
0
 90
2
176
1
  1
strokes_ogs.tif
176
1
290
0
176
1
 40
1.0
176
1
 40
1.0
176
1
  0
VISUALSTYLE
  5
68
102
{ACAD_REACTORS
330
16
102
}
330
16
100
AcDbVisualStyle
  2
Linepattern
 70
14
177
3
291
1
 70
58
 90
2
176
1
 90
2
176
1
 90
0
176
1
 90
2
176
1
 40
0.6
176
1
 40
30.0
176
1
 62
7
420
16777215
176
1
 90
1
176
1
 90
4
176
1
 62
7
176
1
 62
257
176
1
 90
1
176
1
 90
1
176
1
 40
1.0
176
1
 90
8
176
1
 62
7
176
1
 40
1.0
176
1
 90
1
176
1
 90
6
176
1
 90
2
176
1
 62
7
176
1
 90
5
176
1
 90
0
176
1
 90
0
176
1
290
0
176
1
 90
1
176
1
 40
0.0
176
1
 90
0
176
1
290
0
176
1
290
1
176
1
290
1
176
1
290
0
176
1
290
0
176
1
290
0
176
1
290
0
176
1
290
0
176
1
290
0
176
1
 90
50
176
1
 40
0.0
176
1
 40
1.0
176
1
 90
0
176
1
 62
18
420
0
176
1
 90
50
176
1
 90
3
176
1
 62
5
420
255
176
1
290
0
176
1
 90
50
176
1
 90
50
176
1
 90
50
176
1
290
0
176
1
 90
50
176
1
 62
256
176
0
 40
1.0
176
0
 90
2
176
1
  1
strokes_ogs.tif
176
1
290
0
176
1
 40
1.0
176
1
 40
1.0
176
1
  0
VISUALSTYLE
  5
69
102
{ACAD_REACTORS
330
16
102
}
330
16
100
AcDbVisualStyle
  2
Modeling
 70
10
177
3
291
0
 70
58
 90
2
176
1
 90
2
176
1
 90
0
176
1
 90
2
176
1
 40
0.6
176
1
 40
30.0
176
1
 62
7
420
16777215
176
1
 90
1
176
1
 90
4
176
1
 62
7
176
1
 62
257
176
1
 90
1
176
1
 90
1
176
1
 40
1.0
176
1
 90
8
176
1
 62
7
176
1
 40
1.0
176
1
 90
1
176
1
 90
6
176
1
 90
2
176
1
 62
7
176
1
 90
5
176
1
 90
0
176
1
 90
0
176
1
290
0
176
1
 90
1
176
1
 40
0.0
176
1
 90
0
176
1
290
0
176
1
290
1
176
1
290
1
176
1
290
0
176
1
290
0
176
1
290
0
176
1
290
0
176
1
290
0
176
1
290
0
176
1
 90
50
176
1
 40
0.0
176
1
 40
1.0
176
1
 90
0
176
1
 62
18
420
0
176
1
 90
50
176
1
 90
3
176
1
 62
5
420
255
176
1
290
0
176
1
 90
50
176
1
 90
50
176
1
 90
50
176
1
290
0
176
1
 90
50
176
1
 62
256
176
0
 40
1.0
176
0
 90
2
176
1
  1
strokes_ogs.tif
176
1
290
0
176
1
 40
1.0
176
1
 40
1.0
176
1
  0
VISUALSTYLE
  5
6A
102
{ACAD_REACTORS
330
16
102
}
330
16
100
AcDbVisualStyle
  2
OverhangOff
 70
21
177
3
291
1
 70
58
 90
2
176
1
 90
2
176
1
 90
0
176
1
 90
2
176
1
 40
0.6
176
1
 40
30.0
176
1
 62
7
420
16777215
176
1
 90
1
176
1
 90
4
176
1
 62
7
176
1
 62
257
176
1
 90
1
176
1
 90
1
176
1
 40
1.0
176
1
 90
8
176
1
 62
7
176
1
 40
1.0
176
1
 90
1
176
1
 90
6
176
1
 90
2
176
1
 62
7
176
1
 90
5
176
1
 90
0
176
1
 90
0
176
1
290
0
176
1
 90
1
176
1
 40
0.0
176
1
 90
0
176
1
290
0
176
1
290
1
176
1
290
1
176
1
290
0
176
1
290
0
176
1
290
0
176
1
290
0
176
1
290
0
176
1
290
0
176
1
 90
50
176
1
 40
0.0
176
1
 40
1.0
176
1
 90
0
176
1
 62
18
420
0
176
1
 90
50
176
1
 90
3
176
1
 62
5
420
255
176
1
290
0
176
1
 90
50
176
1
 90
50
176
1
 90
50
176
1
290
0
176
1
 90
50
176
1
 62
256
176
0
 40
1.0
176
0
 90
2
176
1
  1
strokes_ogs.tif
176
1
290
0
176
1
 40
1.0
176
1
 40
1.0
176
1
  0
VISUALSTYLE
  5
6B
102
{ACAD_REACTORS
330
16
102
}
330
16
100
AcDbVisualStyle
  2
Realistic
 70
8
177
3
291
0
 70
58
 90
2
176
1
 90
2
176
1
 90
0
176
1
 90
2
176
1
 40
0.6
176
1
 40
30.0
176
1
 62
7
420
16777215
176
1
 90
1
176
1
 90
4
176
1
 62
7
176
1
 62
257
176
1
 90
1
176
1
 90
1
176
1
 40
1.0
176
1
 90
8
176
1
 62
7
176
1
 40
1.0
176
1
 90
1
176
1
 90
6
176
1
 90
2
176
1
 62
7
176
1
 90
5
176
1
 90
0
176
1
 90
0
176
1
290
0
176
1
 90
1
176
1
 40
0.0
176
1
 90
0
176
1
290
0
176
1
290
1
176
1
290
1
176
1
290
0
176
1
290
0
176
1
290
0
176
1
290
0
176
1
290
0
176
1
290
0
176
1
 90
50
176
1
 40
0.0
176
1
 40
1.0
176
1
 90
0
176
1
 62
18
420
0
176
1
 90
50
176
1
 90
3
176
1
 62
5
420
255
176
1
290
0
176
1
 90
50
176
1
 90
50
176
1
 90
50
176
1
290
0
176
1
 90
50
176
1
 62
256
176
0
 40
1.0
176
0
 90
2
176
1
  1
strokes_ogs.tif
176
1
290
0
176
1
 40
1.0
176
1
 40
1.0
176
1
  0
VISUALSTYLE
  5
6C
102
{ACAD_REACTORS
330
16
102
}
330
16
100
AcDbVisualStyle
  2
Shaded
 70
27
177
3
291
0
 70
58
 90
2
176
1
 90
2
176
1
 90
0
176
1
 90
2
176
1
 40
0.6
176
1
 40
30.0
176
1
 62
7
420
16777215
176
1
 90
1
176
1
 90
4
176
1
 62
7
176
1
 62
257
176
1
 90
1
176
1
 90
1
176
1
 40
1.0
176
1
 90
8
176
1
 62
7
176
1
 40
1.0
176
1
 90
1
176
1
 90
6
176
1
 90
2
176
1
 62
7
176
1
 90
5
176
1
 90
0
176
1
 90
0
176
1
290
0
176
1
 90
1
176
1
 40
0.0
176
1
 90
0
176
1
290
0
176
1
290
1
176
1
290
1
176
1
290
0
176
1
290
0
176
1
290
0
176
1
290
0
176
1
290
0
176
1
290
0
176
1
 90
50
176
1
 40
0.0
176
1
 40
1.0
176
1
 90
0
176
1
 62
18
420
0
176
1
 90
50
176
1
 90
3
176
1
 62
5
420
255
176
1
290
0
176
1
 90
50
176
1
 90
50
176
1
 90
50
176
1
290
0
176
1
 90
50
176
1
 62
256
176
0
 40
1.0
176
0
 90
2
176
1
  1
strokes_ogs.tif
176
1
290
0
176
1
 40
1.0
176
1
 40
1.0
176
1
  0
VISUALSTYLE
  5
6D
102
{ACAD_REACTORS
330
16
102
}
330
16
100
AcDbVisualStyle
  2
Shaded with edges
 70
26
177
3
291
0
 70
58
 90
2
176
1
 90
2
176
1
 90
0
176
1
 90
2
176
1
 40
0.6
176
1
 40
30.0
176
1
 62
7
420
16777215
176
1
 90
1
176
1
 90
4
176
1
 62
7
176
1
 62
257
176
1
 90
1
176
1
 90
1
176
1
 40
1.0
176
1
 90
8
176
1
 62
7
176
1
 40
1.0
176
1
 90
1
176
1
 90
6
176
1
 90
2
176
1
 62
7
176
1
 90
5
176
1
 90
0
176
1
 90
0
176
1
290
0
176
1
 90
1
176
1
 40
0.0
176
1
 90
0
176
1
290
0
176
1
290
1
176
1
290
1
176
1
290
0
176
1
290
0
176
1
290
0
176
1
290
0
176
1
290
0
176
1
290
0
176
1
 90
50
176
1
 40
0.0
176
1
 40
1.0
176
1
 90
0
176
1
 62
18
420
0
176
1
 90
50
176
1
 90
3
176
1
 62
5
420
255
176
1
290
0
176
1
 90
50
176
1
 90
50
176
1
 90
50
176
1
290
0
176
1
 90
50
176
1
 62
256
176
0
 40
1.0
176
0
 90
2
176
1
  1
strokes_ogs.tif
176
1
290
0
176
1
 40
1.0
176
1
 40
1.0
176
1
  0
VISUALSTYLE
  5
6E
102
{ACAD_REACTORS
330
16
102
}
330
16
100
AcDbVisualStyle
  2
Shades of Gray
 70
23
177
3
291
0
 70
58
 90
2
176
1
 90
2
176
1
 90
0
176
1
 90
2
176
1
 40
0.6
176
1
 40
30.0
176
1
 62
7
420
16777215
176
1
 90
1
176
1
 90
4
176
1
 62
7
176
1
 62
257
176
1
 90
1
176
1
 90
1
176
1
 40
1.0
176
1
 90
8
176
1
 62
7
176
1
 40
1.0
176
1
 90
1
176
1
 90
6
176
1
 90
2
176
1
 62
7
176
1
 90
5
176
1
 90
0
176
1
 90
0
176
1
290
0
176
1
 90
1
176
1
 40
0.0
176
1
 90
0
176
1
290
0
176
1
290
1
176
1
290
1
176
1
290
0
176
1
290
0
176
1
290
0
176
1
290
0
176
1
290
0
176
1
290
0
176
1
 90
50
176
1
 40
0.0
176
1
 40
1.0
176
1
 90
0
176
1
 62
18
420
0
176
1
 90
50
176
1
 90
3
176
1
 62
5
420
255
176
1
290
0
176
1
 90
50
176
1
 90
50
176
1
 90
50
176
1
290
0
176
1
 90
50
176
1
 62
256
176
0
 40
1.0
176
0
 90
2
176
1
  1
strokes_ogs.tif
176
1
290
0
176
1
 40
1.0
176
1
 40
1.0
176
1
  0
VISUALSTYLE
  5
6F
102
{ACAD_REACTORS
330
16
102
}
330
16
100
AcDbVisualStyle
  2
Sketchy
 70
24
177
3
291
0
 70
58
 90
2
176
1
 90
2
176
1
 90
0
176
1
 90
1
176
1
 40
0.6
176
1
 40
30.0
176
1
 62
7
420
16777215
176
1
 90
1
176
1
 90
4
176
1
 62
7
176
1
 62
257
176
1
 90
1
176
1
 90
1
176
1
 40
1.0
176
1
 90
8
176
1
 62
7
176
1
 40
1.0
176
1
 90
1
176
1
 90
6
176
1
 90
2
176
1
 62
7
176
1
 90
5
176
1
 90
0
176
1
 90
0
176
1
290
0
176
1
 90
1
176
1
 40
0.0
176
1
 90
0
176
1
290
0
176
1
290
1
176
1
290
1
176
1
290
0
176
1
290
0
176
1
290
0
176
1
290
0
176
1
290
0
176
1
290
0
176
1
 90
50
176
1
 40
0.0
176
1
 40
1.0
176
1
 90
0
176
1
 62
18
420
0
176
1
 90
50
176
1
 90
3
176
1
 62
5
420
255
176
1
290
0
176
1
 90
50
176
1
 90
50
176
1
 90
50
176
1
290
0
176
1
 90
50
176
1
 62
256
176
0
 40
1.0
176
0
 90
2
176
1
  1
strokes_ogs.tif
176
1
290
0
176
1
 40
1.0
176
1
 40
1.0
176
1
  0
VISUALSTYLE
  5
70
102
{ACAD_REACTORS
330
16
102
}
330
16
100
AcDbVisualStyle
  2
Thicken
 70
13
177
3
291
1
 70
58
 90
2
176
1
 90
2
176
1
 90
0
176
1
 90
2
176
1
 40
0.6
176
1
 40
30.0
176
1
 62
7
420
16777215
176
1
 90
1
176
1
 90
4
176
1
 62
7
176
1
 62
257
176
1
 90
1
176
1
 90
1
176
1
 40
1.0
176
1
 90
8
176
1
 62
7
176
1
 40
1.0
176
1
 90
1
176
1
 90
6
176
1
 90
2
176
1
 62
7
176
1
 90
5
176
1
 90
0
176
1
 90
0
176
1
290
0
176
1
 90
1
176
1
 40
0.0
176
1
 90
0
176
1
290
0
176
1
290
1
176
1
290
1
176
1
290
0
176
1
290
0
176
1
290
0
176
1
290
0
176
1
290
0
176
1
290
0
176
1
 90
50
176
1
 40
0.0
176
1
 40
1.0
176
1
 90
0
176
1
 62
18
420
0
176
1
 90
50
176
1
 90
3
176
1
 62
5
420
255
176
1
290
0
176
1
 90
50
176
1
 90
50
176
1
 90
50
176
1
290
0
176
1
 90
50
176
1
 62
256
176
0
 40
1.0
176
0
 90
2
176
1
  1
strokes_ogs.tif
176
1
290
0
176
1
 40
1.0
176
1
 40
1.0
176
1
  0
VISUALSTYLE
  5
71
102
{ACAD_REACTORS
330
16
102
}
330
16
100
AcDbVisualStyle
  2
Wireframe
 70
5
177
3
291
0
 70
58
 90
2
176
1
 90
2
176
1
 90
0
176
1
 90
0
176
1
 40
0.6
176
1
 40
30.0
176
1
 62
7
420
16777215
176
1
 90
1
176
1
 90
4
176
1
 62
7
176
1
 62
257
176
1
 90
1
176
1
 90
1
176
1
 40
1.0
176
1
 90
8
176
1
 62
7
176
1
 40
1.0
176
1
 90
1
176
1
 90
6
176
1
 90
2
176
1
 62
7
176
1
 90
5
176
1
 90
0
176
1
 90
0
176
1
290
0
176
1
 90
1
176
1
 40
0.0
176
1
 90
0
176
1
290
0
176
1
290
1
176
1
290
1
176
1
290
0
176
1
290
0
176
1
290
0
176
1
290
0
176
1
290
0
176
1
290
0
176
1
 90
50
176
1
 40
0.0
176
1
 40
1.0
176
1
 90
0
176
1
 62
18
420
0
176
1
 90
50
176
1
 90
3
176
1
 62
5
420
255
176
1
290
0
176
1
 90
50
176
1
 90
50
176
1
 90
50
176
1
290
0
176
1
 90
50
176
1
 62
256
176
0
 40
1.0
176
0
 90
2
176
1
  1
strokes_ogs.tif
176
1
290
0
176
1
 40
1.0
176
1
 40
1.0
176
1
  0
VISUALSTYLE
  5
72
102
{ACAD_REACTORS
330
16
102
}
330
16
100
AcDbVisualStyle
  2
X-Ray
 70
25
177
3
291
0
 70
58
 90
2
176
1
 90
2
176
1
 90
0
176
1
 90
2
176
1
 40
0.5
176
1
 40
30.0
176
1
 62
7
420
16777215
176
1
 90
1
176
1
 90
4
176
1
 62
7
176
1
 62
257
176
1
 90
1
176
1
 90
1
176
1
 40
1.0
176
1
 90
8
176
1
 62
7
176
1
 40
1.0
176
1
 90
1
176
1
 90
6
176
1
 90
2
176
1
 62
7
176
1
 90
5
176
1
 90
0
176
1
 90
0
176
1
290
0
176
1
 90
1
176
1
 40
0.0
176
1
 90
0
176
1
290
0
176
1
290
1
176
1
290
1
176
1
290
0
176
1
290
0
176
1
290
0
176
1
290
0
176
1
290
0
176
1
290
0
176
1
 90
50
176
1
 40
0.0
176
1
 40
1.0
176
1
 90
0
176
1
 62
18
420
0
176
1
 90
50
176
1
 90
3
176
1
 62
5
420
255
176
1
290
0
176
1
 90
50
176
1
 90
50
176
1
 90
50
176
1
290
0
176
1
 90
50
176
1
 62
256
176
0
 40
1.0
176
0
 90
2
176
1
  1
strokes_ogs.tif
176
1
290
0
176
1
 40
1.0
176
1
 40
1.0
176
1
  0
DICTIONARYVAR
  5
D15
330
2D
100
DictionaryVariables
280
0
  1
1.4.4 @ 2026-08-03T04:35:33.707295+00:00
  0
ENDSEC
  0
EOF
