  0
SECTION
  2
HEADER
  9
$ACADVER
  1
AC1032
  9
$ACADMAINTVER
 90
      427
  9
$DWGCODEPAGE
  3
ANSI_1252
  9
$LASTSAVEDBY
  1
aibai
  9
$CUSTOMPROPERTYTAG
  1
AmdtFileType
  9
$CUSTOMPROPERTY
  1
84
  9
$CUSTOMPROPERTYTAG
  1
Drawing Description 1
  9
$CUSTOMPROPERTY
  1
POWELL SWITCHGEAR CONVERSION #2
  9
$CUSTOMPROPERTYTAG
  1
Drawing Description 2
  9
$CUSTOMPROPERTY
  1
HVMVLV LTD RENTAL GEAR PO# 2155
  9
$CUSTOMPROPERTYTAG
  1
Drawing Description 3
  9
$CUSTOMPROPERTY
  1
SINGLE LINE DIAGRAM - A SECTION (13.8kv)
  9
$CUSTOMPROPERTYTAG
  1
Project Code
  9
$CUSTOMPROPERTY
  1

  9
$CUSTOMPROPERTYTAG
  1
Installation Code
  9
$CUSTOMPROPERTY
  1

  9
$CUSTOMPROPERTYTAG
  1
Location Code
  9
$CUSTOMPROPERTY
  1
+A01
  9
$CUSTOMPROPERTYTAG
  1
Sheet
  9
$CUSTOMPROPERTY
  1
051
  9
$CUSTOMPROPERTYTAG
  1
Drawing
  9
$CUSTOMPROPERTY
  1
8298+A01-051
  9
$CUSTOMPROPERTYTAG
  1
Section
  9
$CUSTOMPROPERTY
  1

  9
$CUSTOMPROPERTYTAG
  1
Sub-Section
  9
$CUSTOMPROPERTY
  1

  9
$REQUIREDVERSIONS
160
                 0
  9
$INSBASE
 10
0.0
 20
0.0
 30
0.0
  9
$EXTMIN
 10
-0.71875
 20
-0.5
 30
0.0
  9
$EXTMAX
 10
34.50000000000001
 20
22.5
 30
0.0
  9
$LIMMIN
 10
0.0
 20
0.0
  9
$LIMMAX
 10
34.0
 20
22.0
  9
$ORTHOMODE
 70
     1
  9
$REGENMODE
 70
     1
  9
$FILLMODE
 70
     1
  9
$QTEXTMODE
 70
     0
  9
$MIRRTEXT
 70
     1
  9
$LTSCALE
 40
1.0
  9
$ATTMODE
 70
     1
  9
$TEXTSIZE
 40
0.125
  9
$TRACEWID
 40
0.05
  9
$TEXTSTYLE
  7
STANDARD
  9
$CLAYER
  8
0
  9
$CELTYPE
  6
ByLayer
  9
$CECOLOR
 62
     7
  9
$CELTSCALE
 40
0.2
  9
$DISPSILH
 70
     0
  9
$DIMSCALE
 40
1.5
  9
$DIMASZ
 40
0.1
  9
$DIMEXO
 40
0.18
  9
$DIMDLI
 40
0.375
  9
$DIMRND
 40
0.0
  9
$DIMDLE
 40
0.0
  9
$DIMEXE
 40
0.1
  9
$DIMTP
 40
0.0
  9
$DIMTM
 40
0.0
  9
$DIMTXT
 40
0.125
  9
$DIMCEN
 40
0.1
  9
$DIMTSZ
 40
0.0
  9
$DIMTOL
 70
     0
  9
$DIMLIM
 70
     0
  9
$DIMTIH
 70
     1
  9
$DIMTOH
 70
     1
  9
$DIMSE1
 70
     0
  9
$DIMSE2
 70
     0
  9
$DIMTAD
 70
     0
  9
$DIMZIN
 70
     0
  9
$DIMBLK
  1

  9
$DIMASO
 70
     1
  9
$DIMSHO
 70
     1
  9
$DIMPOST
  1

  9
$DIMAPOST
  1

  9
$DIMALT
 70
     0
  9
$DIMALTD
 70
     2
  9
$DIMALTF
 40
25.4
  9
$DIMLFAC
 40
1.0
  9
$DIMTOFL
 70
     0
  9
$DIMTVP
 40
0.0
  9
$DIMTIX
 70
     0
  9
$DIMSOXD
 70
     0
  9
$DIMSAH
 70
     0
  9
$DIMBLK1
  1

  9
$DIMBLK2
  1

  9
$DIMSTYLE
  2
DIMC
  9
$DIMCLRD
 70
   256
  9
$DIMCLRE
 70
   256
  9
$DIMCLRT
 70
     3
  9
$DIMTFAC
 40
1.0
  9
$DIMGAP
 40
0.1
  9
$DIMJUST
 70
     0
  9
$DIMSD1
 70
     0
  9
$DIMSD2
 70
     0
  9
$DIMTOLJ
 70
     1
  9
$DIMTZIN
 70
     0
  9
$DIMALTZ
 70
     0
  9
$DIMALTTZ
 70
     0
  9
$DIMUPT
 70
     0
  9
$DIMDEC
 70
     3
  9
$DIMTDEC
 70
     3
  9
$DIMALTU
 70
     2
  9
$DIMALTTD
 70
     2
  9
$DIMTXSTY
  7
STANDARD
  9
$DIMAUNIT
 70
     0
  9
$DIMADEC
 70
     0
  9
$DIMALTRND
 40
0.0
  9
$DIMAZIN
 70
     0
  9
$DIMDSEP
 70
    46
  9
$DIMATFIT
 70
     3
  9
$DIMFRAC
 70
     2
  9
$DIMLDRBLK
  1

  9
$DIMLUNIT
 70
     2
  9
$DIMLWD
 70
    -2
  9
$DIMLWE
 70
    -2
  9
$DIMTMOVE
 70
     0
  9
$DIMFXL
 40
1.0
  9
$DIMFXLON
 70
     0
  9
$DIMJOGANG
 40
0.7853981633974483
  9
$DIMTFILL
 70
     0
  9
$DIMTFILLCLR
 70
     0
  9
$DIMARCSYM
 70
     1
  9
$DIMLTYPE
  6
ByBlock
  9
$DIMLTEX1
  6
ByBlock
  9
$DIMLTEX2
  6
ByBlock
  9
$DIMTXTDIRECTION
 70
     0
  9
$LUNITS
 70
     2
  9
$LUPREC
 70
     4
  9
$SKETCHINC
 40
0.1
  9
$FILLETRAD
 40
0.0
  9
$AUNITS
 70
     0
  9
$AUPREC
 70
     0
  9
$MENU
  1
.
  9
$ELEVATION
 40
0.0
  9
$PELEVATION
 40
0.0
  9
$THICKNESS
 40
0.0
  9
$LIMCHECK
 70
     0
  9
$CHAMFERA
 40
0.125
  9
$CHAMFERB
 40
0.125
  9
$CHAMFERC
 40
1.0
  9
$CHAMFERD
 40
0.0
  9
$SKPOLY
 70
     0
  9
$TDCREATE
 40
2455203.150509259
  9
$TDUCREATE
 40
2455203.400512187
  9
$TDUPDATE
 40
2461263.621030093
  9
$TDUUPDATE
 40
2461263.829363426
  9
$TDINDWG
 40
11.7511425000
  9
$TDUSRTIMER
 40
11.7511318519
  9
$USRTIMER
 70
     1
  9
$ANGBASE
 50
0.0
  9
$ANGDIR
 70
     0
  9
$PDMODE
 70
    98
  9
$PDSIZE
 40
0.0
  9
$PLINEWID
 40
0.0
  9
$SPLFRAME
 70
     0
  9
$SPLINETYPE
 70
     6
  9
$SPLINESEGS
 70
     8
  9
$HANDSEED
  5
F749
  9
$SURFTAB1
 70
     6
  9
$SURFTAB2
 70
     6
  9
$SURFTYPE
 70
     6
  9
$SURFU
 70
     6
  9
$SURFV
 70
     6
  9
$UCSBASE
  2

  9
$UCSNAME
  2

  9
$UCSORG
 10
0.0
 20
0.0
 30
0.0
  9
$UCSXDIR
 10
1.0
 20
0.0
 30
0.0
  9
$UCSYDIR
 10
0.0
 20
1.0
 30
0.0
  9
$UCSORTHOREF
  2

  9
$UCSORTHOVIEW
 70
     0
  9
$UCSORGTOP
 10
0.0
 20
0.0
 30
0.0
  9
$UCSORGBOTTOM
 10
0.0
 20
0.0
 30
0.0
  9
$UCSORGLEFT
 10
0.0
 20
0.0
 30
0.0
  9
$UCSORGRIGHT
 10
0.0
 20
0.0
 30
0.0
  9
$UCSORGFRONT
 10
0.0
 20
0.0
 30
0.0
  9
$UCSORGBACK
 10
0.0
 20
0.0
 30
0.0
  9
$PUCSBASE
  2

  9
$PUCSNAME
  2

  9
$PUCSORG
 10
0.0
 20
0.0
 30
0.0
  9
$PUCSXDIR
 10
1.0
 20
0.0
 30
0.0
  9
$PUCSYDIR
 10
0.0
 20
1.0
 30
0.0
  9
$PUCSORTHOREF
  2

  9
$PUCSORTHOVIEW
 70
     0
  9
$PUCSORGTOP
 10
0.0
 20
0.0
 30
0.0
  9
$PUCSORGBOTTOM
 10
0.0
 20
0.0
 30
0.0
  9
$PUCSORGLEFT
 10
0.0
 20
0.0
 30
0.0
  9
$PUCSORGRIGHT
 10
0.0
 20
0.0
 30
0.0
  9
$PUCSORGFRONT
 10
0.0
 20
0.0
 30
0.0
  9
$PUCSORGBACK
 10
0.0
 20
0.0
 30
0.0
  9
$USERI1
 70
     0
  9
$USERI2
 70
     0
  9
$USERI3
 70
     0
  9
$USERI4
 70
     0
  9
$USERI5
 70
     0
  9
$USERR1
 40
0.0
  9
$USERR2
 40
0.0
  9
$USERR3
 40
0.0
  9
$USERR4
 40
0.0
  9
$USERR5
 40
0.0
  9
$WORLDVIEW
 70
     1
  9
$SHADEDGE
 70
     3
  9
$SHADEDIF
 70
    70
  9
$TILEMODE
 70
     1
  9
$MAXACTVP
 70
    64
  9
$PINSBASE
 10
0.0
 20
0.0
 30
0.0
  9
$PLIMCHECK
 70
     0
  9
$PEXTMIN
 10
1.000000000000000E+20
 20
1.000000000000000E+20
 30
1.000000000000000E+20
  9
$PEXTMAX
 10
-1.000000000000000E+20
 20
-1.000000000000000E+20
 30
-1.000000000000000E+20
  9
$PLIMMIN
 10
-0.3333336537278543
 20
-0.333333315811758
  9
$PLIMMAX
 10
10.66666610597625
 20
8.166667044632077
  9
$UNITMODE
 70
     0
  9
$VISRETAIN
 70
     1
  9
$PLINEGEN
 70
     0
  9
$PSLTSCALE
 70
     1
  9
$TREEDEPTH
 70
  3020
  9
$CMLSTYLE
  2
Standard
  9
$CMLJUST
 70
     0
  9
$CMLSCALE
 40
1.0
  9
$PROXYGRAPHICS
 70
     1
  9
$MEASUREMENT
 70
     0
  9
$CELWEIGHT
370
    -1
  9
$ENDCAPS
280
     0
  9
$JOINSTYLE
280
     0
  9
$LWDISPLAY
290
     0
  9
$INSUNITS
 70
     1
  9
$HYPERLINKBASE
  1

  9
$STYLESHEET
  1
monochrome.ctb
  9
$XEDIT
290
     1
  9
$CEPSNTYPE
380
     0
  9
$PSTYLEMODE
290
     1
  9
$FINGERPRINTGUID
  2
{18AB1F61-873C-4FF5-8953-9C24738B9F8E}
  9
$VERSIONGUID
  2
{48E7D3E3-7BF6-D44B-B70D-093292D1E1A5}
  9
$EXTNAMES
290
     1
  9
$PSVPSCALE
 40
0.0
  9
$OLESTARTUP
290
     0
  9
$SORTENTS
280
   127
  9
$INDEXCTL
280
     0
  9
$HIDETEXT
280
     0
  9
$XCLIPFRAME
280
     2
  9
$HALOGAP
280
     0
  9
$OBSCOLOR
 70
   257
  9
$OBSLTYPE
280
     0
  9
$INTERSECTIONDISPLAY
280
     0
  9
$INTERSECTIONCOLOR
 70
   257
  9
$DIMASSOC
280
     2
  9
$PROJECTNAME
  1

  9
$CAMERADISPLAY
290
     0
  9
$LENSLENGTH
 40
50.0
  9
$CAMERAHEIGHT
 40
0.0
  9
$STEPSPERSEC
 40
2.0
  9
$STEPSIZE
 40
6.0
  9
$3DDWFPREC
 40
2.0
  9
$PSOLWIDTH
 40
0.25
  9
$PSOLHEIGHT
 40
4.0
  9
$LOFTANG1
 40
1.570796326794896
  9
$LOFTANG2
 40
1.570796326794896
  9
$LOFTMAG1
 40
0.0
  9
$LOFTMAG2
 40
0.0
  9
$LOFTPARAM
 70
     7
  9
$LOFTNORMALS
280
     1
  9
$LATITUDE
 40
37.795
  9
$LONGITUDE
 40
-122.394
  9
$NORTHDIRECTION
 40
0.0
  9
$TIMEZONE
 70
 -8000
  9
$LIGHTGLYPHDISPLAY
280
     1
  9
$TILEMODELIGHTSYNCH
280
     1
  9
$CMATERIAL
347
293
  9
$SOLIDHIST
280
     1
  9
$SHOWHIST
280
     1
  9
$DWFFRAME
280
     2
  9
$DGNFRAME
280
     0
  9
$REALWORLDSCALE
290
     1
  9
$INTERFERECOLOR
 62
     1
  9
$INTERFEREOBJVS
345
2A0
  9
$INTERFEREVPVS
346
1B2C
  9
$CSHADOW
280
     0
  9
$SHADOWPLANELOCATION
 40
0.0
  0
ENDSEC
  0
SECTION
  2
CLASSES
  0
CLASS
  1
ACDBDICTIONARYWDFLT
  2
AcDbDictionaryWithDefault
  3
ObjectDBX Classes
 90
        0
 91
        1
280
     0
281
     0
  0
CLASS
  1
ACDBPLACEHOLDER
  2
AcDbPlaceHolder
  3
ObjectDBX Classes
 90
        0
 91
        1
280
     0
281
     0
  0
CLASS
  1
LAYOUT
  2
AcDbLayout
  3
ObjectDBX Classes
 90
        0
 91
        3
280
     0
281
     0
  0
CLASS
  1
ACME_DOCUMENT
  2
AcMeDbDoc
  3
AcMeServices
 90
     1024
 91
        0
280
     0
281
     0
  0
CLASS
  1
AMGSETTINGSOBJ
  2
AmgSettingsObj
  3
"AcadM|Product Description: AutoCAD Mechanical|Company: Autodesk, Inc."
 90
     1024
 91
        3
280
     0
281
     0
  0
CLASS
  1
ACMESCOPE
  2
AcMeScope
  3
AcMeServices
 90
     1024
 91
        2
280
     0
281
     0
  0
CLASS
  1
ACMECOMMANDHISTORY
  2
AcMeCommandHistory
  3
AcMeServices
 90
     1024
 91
        2
280
     0
281
     0
  0
CLASS
  1
ACIMSYSVARMAN
  2
AcImSysVarManager
  3
AcMeServices
 90
     1024
 91
        4
280
     0
281
     0
  0
CLASS
  1
ACIMREALSYSVAR
  2
AcImRealSysVar
  3
AcMeServices
 90
     1024
 91
        0
280
     0
281
     0
  0
CLASS
  1
ACIMINTSYSVAR
  2
AcImIntSysVar
  3
AcMeServices
 90
     1024
 91
        3
280
     0
281
     0
  0
CLASS
  1
ACMEDRAWINGMAN
  2
AcMeDrawingMan
  3
AcMeServices
 90
     1024
 91
        0
280
     0
281
     0
  0
CLASS
  1
ACMEVIEW
  2
AcMeView
  3
AcMeServices
 90
     1024
 91
        0
280
     0
281
     0
  0
CLASS
  1
ACDBENTITYCACHE
  2
AcMeEntityCache
  3
AcMeServices
 90
     1024
 91
        0
280
     0
281
     0
  0
CLASS
  1
GSMANAGER
  2
AcMeGSManager
  3
AcMeServices
 90
     1024
 91
        0
280
     0
281
     0
  0
CLASS
  1
AMDTINTERNALREACTOR
  2
AmdtInternalReactor
  3
AcMeServices
 90
     1024
 91
        0
280
     0
281
     0
  0
CLASS
  1
ACMESTATEMGR
  2
AcMeStateMgr
  3
AcMeServices
 90
     1024
 91
        2
280
     0
281
     0
  0
CLASS
  1
ACGREFMASTER
  2
AcGrefMaster
  3
AcAttribServices
 90
     1024
 91
        2
280
     0
281
     0
  0
CLASS
  1
ACME_DATABASE
  2
AcMeDbDatabase
  3
AcMeServices
 90
     1024
 91
        0
280
     0
281
     0
  0
CLASS
  1
ACRFINSADJUSTERMGR
  2
AcRfInsAdjusterMgr
  3
AcMeServices
 90
     1024
 91
        0
280
     0
281
     0
  0
CLASS
  1
ACGREFACADMASTER
  2
AcGrefacadMaster
  3
AcGrefServices
 90
     1024
 91
        2
280
     0
281
     0
  0
CLASS
  1
AMIMASTER
  2
AmiMaster
  3
AmiServices
 90
     1024
 91
        2
280
     0
281
     0
  0
CLASS
  1
ACMDATADICTIONARY
  2
AcmDataDictionary
  3
"AcmSymBB|Product Description: AutoCAD Mechanical|Company: Autodesk, Inc."
 90
     1024
 91
        2
280
     0
281
     0
  0
CLASS
  1
ACMDATAENTRYBLOCK
  2
AcmDataEntryBlock
  3
"AcmSymBB" "Product Description: AutoCAD Mechanical|Company: Autodesk, Inc."
 90
     1024
 91
        0
280
     0
281
     0
  0
CLASS
  1
ACIMSTRSYSVAR
  2
AcImStrSysVar
  3
AcMeServices
 90
     1024
 91
        6
280
     0
281
     0
  0
CLASS
  1
ACMSTANDARDANSI
  2
AcmStandardANSI
  3
"Amdt_StdImp|Product Description: AutoCAD Mechanical|Company: Autodesk, Inc."
 90
     1024
 91
        2
280
     0
281
     0
  0
CLASS
  1
AMGOBJPROPCFG
  2
AmgObjPropCfg
  3
"AmgLay|Product Description: AutoCAD Mechanical|Company: Autodesk, Inc."
 90
     1024
 91
        2
280
     0
281
     0
  0
CLASS
  1
ACMSURFSTANDARDANSI
  2
AcmSurfTextStdANSI
  3
"Amdt_StdImp|Product Description: AutoCAD Mechanical|Company: Autodesk, Inc."
 90
     1024
 91
        2
280
     0
281
     0
  0
CLASS
  1
ACMFCFSTANDARDANSI
  2
AcmFCFStdANSI
  3
"Amdt_StdImp|Product Description: AutoCAD Mechanical|Company: Autodesk, Inc."
 90
     1024
 91
        2
280
     0
281
     0
  0
CLASS
  1
ACMWELDSTANDARDANSI
  2
AcmWeldingStdANSI
  3
"Amdt_StdImp|Product Description: AutoCAD Mechanical|Company: Autodesk, Inc."
 90
     1024
 91
        2
280
     0
281
     0
  0
CLASS
  1
ACMIDSTANDARDANSI
  2
AcmIdStdANSI
  3
"Amdt_StdImp|Product Description: AutoCAD Mechanical|Company: Autodesk, Inc."
 90
     1024
 91
        2
280
     0
281
     0
  0
CLASS
  1
ACMDATUMSTANDARDANSI
  2
AcmDatumStdANSI
  3
"Amdt_StdImp|Product Description: AutoCAD Mechanical|Company: Autodesk, Inc."
 90
     1024
 91
        2
280
     0
281
     0
  0
CLASS
  1
ACMBOMSTANDARDANSI
  2
AcmBOMStdANSI
  3
"Amdt_StdImp|Product Description: AutoCAD Mechanical|Company: Autodesk, Inc."
 90
     1024
 91
        2
280
     0
281
     0
  0
CLASS
  1
ACMDETAILSTANDARDANSI
  2
AmdtDetailSymStdANSI
  3
"Amdt_StdImp|Product Description: AutoCAD Mechanical|Company: Autodesk, Inc."
 90
     1024
 91
        2
280
     0
281
     0
  0
CLASS
  1
ACMSECTIONSTANDARDANSI
  2
AmdtSectionSymStdANSI
  3
"Amdt_StdImp|Product Description: AutoCAD Mechanical|Company: Autodesk, Inc."
 90
     1024
 91
        2
280
     0
281
     0
  0
CLASS
  1
ACMCENTERLINESTANDARDANSI
  2
AmdtCenterLineStdANSI
  3
"Amdt_StdImp|Product Description: AutoCAD Mechanical|Company: Autodesk, Inc."
 90
     1024
 91
        2
280
     0
281
     0
  0
CLASS
  1
ACMNOTESTANDARDANSI
  2
AmdtNoteStdANSI
  3
"Amdt_StdImp|Product Description: AutoCAD Mechanical|Company: Autodesk, Inc."
 90
     1024
 91
        2
280
     0
281
     0
  0
CLASS
  1
ACAMGLAYSTD
  2
AcAmgLayStd
  3
"AmgLay|Product Description: AutoCAD Mechanical|Company: Autodesk, Inc."
 90
     1024
 91
        2
280
     0
281
     0
  0
CLASS
  1
ACAMGDIMSTD
  2
AcAmgDimStd
  3
"AmgDim|Product Description: AutoCAD Mechanical|Company: Autodesk, Inc."
 90
     1024
 91
        2
280
     0
281
     0
  0
CLASS
  1
ACAMGHOLECHARTSTDANSI
  2
AcAmgHoleChartStdANSI
  3
"AmgDim" "Product Description: AutoCAD Mechanical|Company: Autodesk, Inc."
 90
     1024
 91
        2
280
     0
281
     0
  0
CLASS
  1
ACAMGTITLESTD
  2
AcAmgTitleStd
  3
"AmgTitle|Product Description: AutoCAD Mechanical|Company: Autodesk, Inc."
 90
     1024
 91
        2
280
     0
281
     0
  0
CLASS
  1
LAYER_INDEX
  2
AcDbLayerIndex
  3
ObjectDBX Classes
 90
        0
 91
        0
280
     0
281
     0
  0
CLASS
  1
IDBUFFER
  2
AcDbIdBuffer
  3
ObjectDBX Classes
 90
        0
 91
        0
280
     0
281
     0
  0
CLASS
  1
DICTIONARYVAR
  2
AcDbDictionaryVar
  3
ObjectDBX Classes
 90
        0
 91
       14
280
     0
281
     0
  0
CLASS
  1
AM_DRAWING_MGR
  2
AcDmDwgMgr
  3
AcMechDwgViewMgmt
 90
     1024
 91
        0
280
     0
281
     0
  0
CLASS
  1
AM_DWG_DOCUMENT
  2
AcDmDwgDocument
  3
AcMechDwgViewMgmt
 90
     1024
 91
        0
280
     0
281
     0
  0
CLASS
  1
AM_DWG_SHEET
  2
AcDmSheet
  3
AcMechDwgViewMgmt
 90
     1024
 91
        0
280
     0
281
     0
  0
CLASS
  1
AM_VIEWDIMPARMAP
  2
AcDmViewDimParMap
  3
AcMechDwgViewMgmt
 90
     1024
 91
        0
280
     0
281
     0
  0
CLASS
  1
AM_DWGMGR_NAME
  2
AcDmDwgMgrName
  3
AcMechDwgViewMgmt
 90
     1024
 91
        0
280
     0
281
     0
  0
CLASS
  1
AMDTMENUSTATEMGR
  2
AmdtMenuStateMgr
  3
McadcomServices
 90
     1024
 91
        0
280
     0
281
     0
  0
CLASS
  1
AMDTMCOMMENUSTATE
  2
AmdtMcomMenuState
  3
McadcomServices
 90
     1024
 91
        0
280
     0
281
     0
  0
CLASS
  1
MAPIAMMOUDLE
  2
MApiAmModule
  3
MApiAmServices
 90
     1024
 91
        0
280
     0
281
     0
  0
CLASS
  1
AMDTADMENUSTATE
  2
AmdtAdMenuState
  3
DesignerServices
 90
     1024
 91
        0
280
     0
281
     0
  0
CLASS
  1
ADAPPL
  2
AcAdAppl
  3
DesignerAssemblies
 90
     1024
 91
        0
280
     0
281
     0
  0
CLASS
  1
DEPMGR
  2
AcAdDepMgr
  3
DesignerAssemblies
 90
     1024
 91
        0
280
     0
281
     0
  0
CLASS
  1
PARAMMGR
  2
AcAdParamMgr
  3
DesignerAssemblies
 90
     1024
 91
        0
280
     0
281
     0
  0
CLASS
  1
PARAMSCOPE
  2
AcAdParamScope
  3
DesignerAssemblies
 90
     1024
 91
        0
280
     0
281
     0
  0
CLASS
  1
NAMEDAPPL
  2
AcAdNamedAppl
  3
DesignerAssemblies
 90
     1024
 91
        0
280
     0
281
     0
  0
CLASS
  1
AMDTDMMENUSTATE
  2
AmdtDmMenuState
  3
AcMechDwgViewMgmt
 90
     1024
 91
        0
280
     0
281
     0
  0
CLASS
  1
AMDTAMMENUSTATE
  2
AmdtAmMenuState
  3
DesignerAssemblies_arx
 90
     1024
 91
        0
280
     0
281
     0
  0
CLASS
  1
ACAMPROJECT
  2
AcAmProject
  3
DesignerAssemblies
 90
     1024
 91
        2
280
     0
281
     0
  0
CLASS
  1
ACAMGRCOMPDEF
  2
AcAmGrCompDef
  3
DesignerAssemblies
 90
     1024
 91
        2
280
     0
281
     0
  0
CLASS
  1
ACCMCONTEXT
  2
AcCmContext
  3
DesignerAssemblies
 90
     1024
 91
        0
280
     0
281
     0
  0
CLASS
  1
ACAMCOMPDEF
  2
AcAmCompDef
  3
DesignerAssemblies
 90
     1024
 91
        2
280
     0
281
     0
  0
CLASS
  1
ACAMCOMPDEFMGR
  2
AcAmCompDefMgr
  3
DesignerAssemblies
 90
     1024
 91
        2
280
     0
281
     0
  0
CLASS
  1
AMCONTEXTMGR
  2
AcAmContextMgr
  3
DesignerAssemblies
 90
     1024
 91
        2
280
     0
281
     0
  0
CLASS
  1
ACAMCONTEXTMODELER
  2
AcAmContextModeler
  3
DesignerAssemblies
 90
     1024
 91
        2
280
     0
281
     0
  0
CLASS
  1
ACMTHREADLINESTANDARDANSI
  2
AmdtThreadLineStdANSI
  3
"Amdt_StdImp|Product Description: AutoCAD Mechanical|Company: Autodesk, Inc."
 90
     1024
 91
        2
280
     0
281
     0
  0
CLASS
  1
CATALOGSTATE
  2
AcAmCatalogState
  3
DesignerAssemblies_arx
 90
     1024
 91
        0
280
     0
281
     0
  0
CLASS
  1
ACAMGRCOMPDEFSET
  2
AcAmGrCompDefSet
  3
DesignerAssemblies
 90
     1024
 91
        0
280
     0
281
     0
  0
CLASS
  1
AMDTBROWSERDBTAB
  2
AmdtBrowserDbTab
  3
McadcomServices
 90
     1024
 91
        0
280
     0
281
     0
  0
CLASS
  1
CBROWSERAPPOBJECT
  2
CBrowserAppObject
  3
McadcomServices
 90
     1024
 91
        0
280
     0
281
     0
  0
CLASS
  1
DM_PLACEHOLDER
  2
AcDmSelsetPlaceholder
  3
McadcomServices
 90
     1024
 91
        0
280
     0
281
     0
  0
CLASS
  1
TABLESTYLE
  2
AcDbTableStyle
  3
ObjectDBX Classes
 90
     4095
 91
        1
280
     0
281
     0
  0
CLASS
  1
AMDTNOTETEMPLATEDB
  2
AmdtNoteTemplateDB
  3
"AcmSymBB" "Product Description: AutoCAD Mechanical|Company: Autodesk, Inc."
 90
     1024
 91
        8
280
     0
281
     0
  0
CLASS
  1
MATERIAL
  2
AcDbMaterial
  3
ObjectDBX Classes
 90
     1153
 91
        3
280
     0
281
     0
  0
CLASS
  1
VISUALSTYLE
  2
AcDbVisualStyle
  3
ObjectDBX Classes
 90
     4095
 91
       26
280
     0
281
     0
  0
CLASS
  1
ACRFATTGENMGR
  2
AcRfAttGeneralMgr
  3
AcAttribServices
 90
     1024
 91
        0
280
     0
281
     0
  0
CLASS
  1
ACRFOBJATTMGR
  2
AcRfObjAttGroupMgr
  3
AcAttribServices
 90
     1024
 91
        0
280
     0
281
     0
  0
CLASS
  1
ACRFMCADAPIATTHOLDER
  2
AcRfMCADAPIAttHolder
  3
AcAttribServices
 90
     1024
 91
        0
280
     0
281
     0
  0
CLASS
  1
AMDTSYSATTR
  2
AmdtSystemAttribute
  3
AcAttribServices
 90
     1024
 91
        0
280
     0
281
     0
  0
CLASS
  1
ACMTAPERSTANDARDANSI
  2
AcmTaperStdANSI
  3
"Amdt_StdImp|Product Description: AutoCAD Mechanical|Company: Autodesk, Inc."
 90
     1024
 91
        2
280
     0
281
     0
  0
CLASS
  1
CAMSSTRUCTBTNSTATE
  2
StructBtnState
  3
DesignerAssemblies_arx
 90
     1024
 91
        2
280
     0
281
     0
  0
CLASS
  1
SCALE
  2
AcDbScale
  3
ObjectDBX Classes
 90
     1153
 91
       33
280
     0
281
     0
  0
CLASS
  1
MLEADERSTYLE
  2
AcDbMLeaderStyle
  3
ACDB_MLEADERSTYLE_CLASS
 90
     4095
 91
        1
280
     0
281
     0
  0
CLASS
  1
ACMANOOTATIONVIEWSTANDARDANSI
  2
AmdtAnViewStdANSI
  3
"Amdt_StdImp|Product Description: AutoCAD Mechanical|Company: Autodesk, Inc."
 90
     1024
 91
        2
280
     0
281
     0
  0
CLASS
  1
CELLSTYLEMAP
  2
AcDbCellStyleMap
  3
ObjectDBX Classes
 90
     1152
 91
        1
280
     0
281
     0
  0
CLASS
  1
EXACXREFPANELOBJECT
  2
ExAcXREFPanelObject
  3
EXAC_ESW
 90
     1025
 91
        0
280
     0
281
     0
  0
CLASS
  1
NPOCOLLECTION
  2
AcDbImpNonPersistentObjectsCollection
  3
ObjectDBX Classes
 90
     1153
 91
        0
280
     0
281
     0
  0
CLASS
  1
SORTENTSTABLE
  2
AcDbSortentsTable
  3
ObjectDBX Classes
 90
        0
 91
        9
280
     0
281
     0
  0
CLASS
  1
ACAMGFILTERDAT
  2
AcAmgFilterDat
  3
"AcadM|Product Description: AutoCAD Mechanical|Company: Autodesk, Inc."
 90
     1024
 91
        0
280
     0
281
     0
  0
CLASS
  1
AEC_REFEDIT_STATUS_TRACKER
  2
AecDbRefEditStatusTracker
  3
AecArchBase80|Product Desc: Autodesk Architectural Desktop 2007 |Company: Autodesk,Inc. |WEB Address: www.autodesk.com
 90
      129
 91
        0
280
     0
281
     0
  0
CLASS
  1
ACAD_EVALUATION_GRAPH
  2
AcDbEvalGraph
  3
ObjectDBX Classes
 90
     1153
 91
        1
280
     0
281
     0
  0
CLASS
  1
ACAECUSTOBJ
  2
AcAeEditorObj
  3
AcAeEditorObj
 90
     1024
 91
        0
280
     0
281
     0
  0
CLASS
  1
ACDB_DYNAMICBLOCKPURGEPREVENTER_VERSION
  2
AcDbDynamicBlockPurgePreventer
  3
ObjectDBX Classes
 90
     1153
 91
        1
280
     0
281
     0
  0
CLASS
  1
DIMASSOC
  2
AcDbDimAssoc
  3
"AcDbDimAssoc|Product Desc:     AcDim ARX App For Dimension|Company:          Autodesk, Inc.|WEB Address:      www.autodesk.com"
 90
        0
 91
        0
280
     0
281
     0
  0
CLASS
  1
ACDBSECTIONVIEWSTYLE
  2
AcDbSectionViewStyle
  3
ObjectDBX Classes
 90
     1025
 91
        3
280
     0
281
     0
  0
CLASS
  1
ACDBDETAILVIEWSTYLE
  2
AcDbDetailViewStyle
  3
ObjectDBX Classes
 90
     1025
 91
        3
280
     0
281
     0
  0
CLASS
  1
SOLID_BACKGROUND
  2
AcDbSolidBackground
  3
SCENEOE
 90
     4095
 91
        0
280
     0
281
     0
  0
CLASS
  1
ACMSECTIONSTANDARDCUSTOM
  2
AmdtSectionSymStdCustom
  3
"Amdt_StdImp|Product Description: AutoCAD Mechanical|Company: Autodesk, Inc."
 90
     1024
 91
        2
280
     0
281
     0
  0
CLASS
  1
ACMDETAILTANDARDCUSTOM
  2
AmdtDetailSymStdCustom
  3
"Amdt_StdImp|Product Description: AutoCAD Mechanical|Company: Autodesk, Inc."
 90
     1024
 91
        2
280
     0
281
     0
  0
CLASS
  1
FIELD
  2
AcDbField
  3
ObjectDBX Classes
 90
     1152
 91
        4
280
     0
281
     0
  0
CLASS
  1
FIELDLIST
  2
AcDbFieldList
  3
ObjectDBX Classes
 90
     1152
 91
        1
280
     0
281
     0
  0
CLASS
  1
GROUND_PLANE_BACKGROUND
  2
AcDbGroundPlaneBackground
  3
SCENEOE
 90
     4095
 91
        0
280
     0
281
     0
  0
CLASS
  1
RAPIDRTRENDERSETTINGS
  2
AcDbRapidRTRenderSettings
  3
ObjectDBX Classes
 90
     1024
 91
        6
280
     0
281
     0
  0
CLASS
  1
ACAD_TABLE
  2
AcDbTable
  3
ObjectDBX Classes
 90
     1025
 91
        0
280
     0
281
     1
  0
CLASS
  1
PLOTSETTINGS
  2
AcDbPlotSettings
  3
ObjectDBX Classes
 90
        0
 91
        1
280
     0
281
     0
  0
CLASS
  1
DBCOLOR
  2
AcDbColor
  3
ObjectDBX Classes
 90
        0
 91
        1
280
     0
281
     0
  0
ENDSEC
  0
SECTION
  2
TABLES
  0
TABLE
  2
VPORT
  5
8
102
{ACAD_XDICTIONARY
360
46A
102
}
330
0
100
AcDbSymbolTable
 70
     1
  0
VPORT
  5
291
330
8
100
AcDbSymbolTableRecord
100
AcDbViewportTableRecord
  2
*Active
 70
     0
 10
0.0
 20
0.0
 11
1.0
 21
1.0
 12
21.47253572706519
 22
11.00000041504963
 13
0.0
 23
0.0
 14
0.125
 24
0.125
 15
0.5
 25
0.25
 16
0.0
 26
0.0
 36
1.0
 17
0.0
 27
0.0
 37
0.0
 40
23.18904709736484
 41
2.327137546468401
 42
50.0
 43
0.0
 44
0.0
 50
0.0
 51
0.0
 71
     0
 72
   100
 73
     1
 74
     2
 75
     0
 76
     1
 77
     0
 78
     2
281
     0
 65
     1
110
0.0
120
0.0
130
0.0
111
1.0
121
0.0
131
0.0
112
0.0
122
1.0
132
0.0
 79
     0
146
0.0
348
29C
 60
     0
 61
     5
292
     1
282
     0
141
0.0
142
0.0
 63
   250
421
  3355443
1001
ACAD_NAV_VCDISPLAY
1070
     1
  0
ENDTAB
  0
TABLE
  2
LTYPE
  5
5
330
0
100
AcDbSymbolTable
 70
    10
  0
LTYPE
  5
14
330
5
100
AcDbSymbolTableRecord
100
AcDbLinetypeTableRecord
  2
ByBlock
 70
     0
  3

 72
    65
 73
     0
 40
0.0
  0
LTYPE
  5
15
330
5
100
AcDbSymbolTableRecord
100
AcDbLinetypeTableRecord
  2
ByLayer
 70
     0
  3

 72
    65
 73
     0
 40
0.0
  0
LTYPE
  5
16
330
5
100
AcDbSymbolTableRecord
100
AcDbLinetypeTableRecord
  2
Continuous
 70
     0
  3
Solid line
 72
    65
 73
     0
 40
0.0
  0
LTYPE
  5
6F
330
5
100
AcDbSymbolTableRecord
100
AcDbLinetypeTableRecord
  2
Amconstr
 70
     0
  3
_______________________
 72
    65
 73
     2
 40
9999.0
 49
9999.0
 74
     0
 49
0.0
 74
     0
  0
LTYPE
  5
75
330
5
100
AcDbSymbolTableRecord
100
AcDbLinetypeTableRecord
  2
HIDDEN
 70
     0
  3
Hidden __ __ __ __ __ __ __ __ __ __ __ __ __ _
 72
    65
 73
     2
 40
0.375
 49
0.25
 74
     0
 49
-0.125
 74
     0
  0
LTYPE
  5
76
330
5
100
AcDbSymbolTableRecord
100
AcDbLinetypeTableRecord
  2
CENTER
 70
     0
  3
Center ____ _ ____ _ ____ _ ____ _ ____ _ ____
 72
    65
 73
     4
 40
2.0
 49
1.25
 74
     0
 49
-0.25
 74
     0
 49
0.25
 74
     0
 49
-0.25
 74
     0
  0
LTYPE
  5
77
330
5
100
AcDbSymbolTableRecord
100
AcDbLinetypeTableRecord
  2
PHANTOM2
 70
     0
  3
Phantom (.5x) ___ _ _ ___ _ _ ___ _ _ ___ _ _
 72
    65
 73
     6
 40
1.25
 49
0.625
 74
     0
 49
-0.125
 74
     0
 49
0.125
 74
     0
 49
-0.125
 74
     0
 49
0.125
 74
     0
 49
-0.125
 74
     0
  0
LTYPE
  5
1A4B
330
5
100
AcDbSymbolTableRecord
100
AcDbLinetypeTableRecord
  2
CENTER2
 70
     0
  3
Center (.5x) ___ _ ___ _ ___ _ ___ _ ___ _ ___
 72
    65
 73
     4
 40
1.125
 49
0.75
 74
     0
 49
-0.125
 74
     0
 49
0.125
 74
     0
 49
-0.125
 74
     0
  0
LTYPE
  5
1A4C
330
5
100
AcDbSymbolTableRecord
100
AcDbLinetypeTableRecord
  2
HIDDEN2
 70
     0
  3
Hidden (.5x) _ _ _ _ _ _ _ _ _ _ _ _ _ _ _ _ _
 72
    65
 73
     2
 40
0.1875
 49
0.125
 74
     0
 49
-0.0625
 74
     0
  0
LTYPE
  5
1A4D
330
5
100
AcDbSymbolTableRecord
100
AcDbLinetypeTableRecord
  2
Amzigzag2
 70
     0
  3
/\/-/\/-/\/-/\/-/\/-/\/
 72
    65
 73
     2
 40
0.4401
 49
0.0001
 74
     4
 75
   136
340
254
 46
0.0016
 50
0.0
 44
0.0
 45
0.0
 49
-0.4400000000000001
 74
     0
  0
LTYPE
  5
1A51
330
5
100
AcDbSymbolTableRecord
100
AcDbLinetypeTableRecord
  2
ACANSTGB
 70
     0
  3
__ . . __ . .
 72
    65
 73
     6
 40
0.35433070866
 49
0.15748031496
 74
     0
 49
-0.03937007874
 74
     0
 49
0.03937007874
 74
     0
 49
-0.03937007874
 74
     0
 49
0.03937007874
 74
     0
 49
-0.03937007874
 74
     0
  0
LTYPE
  5
1A52
330
5
100
AcDbSymbolTableRecord
100
AcDbLinetypeTableRecord
  2
ACANSTGL
 70
     0
  3
_ _ _ _ _
 72
    65
 73
     2
 40
0.11811023622
 49
0.07874015748
 74
     0
 49
-0.03937007874
 74
     0
  0
ENDTAB
  0
TABLE
  2
LAYER
  5
2
102
{ACAD_XDICTIONARY
360
3A5
102
}
330
0
100
AcDbSymbolTable
 70
    18
  0
LAYER
  5
10
102
{ACAD_XDICTIONARY
360
442
102
}
330
2
100
AcDbSymbolTableRecord
100
AcDbLayerTableRecord
  2
0
 70
     0
 62
     7
  6
Continuous
370
    -3
390
F
347
295
348
0
  0
LAYER
  5
393
102
{ACAD_XDICTIONARY
360
394
102
}
330
2
100
AcDbSymbolTableRecord
100
AcDbLayerTableRecord
  2
TEXT
 70
     0
 62
     3
  6
Continuous
370
    -3
390
F
347
295
348
0
  0
LAYER
  5
395
102
{ACAD_XDICTIONARY
360
396
102
}
330
2
100
AcDbSymbolTableRecord
100
AcDbLayerTableRecord
  2
TEXT2
 70
     0
 62
     8
  6
Continuous
370
    -3
390
F
347
295
348
0
  0
LAYER
  5
397
102
{ACAD_XDICTIONARY
360
398
102
}
330
2
100
AcDbSymbolTableRecord
100
AcDbLayerTableRecord
  2
INFORBORDER
 70
     0
 62
     3
  6
Continuous
370
    -3
390
F
347
295
348
0
  0
LAYER
  5
99D
330
2
100
AcDbSymbolTableRecord
100
AcDbLayerTableRecord
  2
DEFPOINTS
 70
     0
 62
  -201
  6
Continuous
290
     0
370
    -3
390
F
347
295
348
0
  0
LAYER
  5
4EA1
102
{ACAD_XDICTIONARY
360
4EA2
102
}
330
2
100
AcDbSymbolTableRecord
100
AcDbLayerTableRecord
  2
ASHADE
 70
     0
 62
     7
  6
Continuous
370
    -3
390
F
347
295
348
0
  0
LAYER
  5
CDAC
330
2
100
AcDbSymbolTableRecord
100
AcDbLayerTableRecord
  2
LIGHT
 70
     0
 62
     1
  6
Continuous
370
    -3
390
F
347
295
348
0
1001
AcAecLayerStandard
1000

1000
LINE WORK AND SMALL TEXT
  0
LAYER
  5
D100
330
2
100
AcDbSymbolTableRecord
100
AcDbLayerTableRecord
  2
MISC
 70
     0
 62
     7
  6
Continuous
370
    -3
390
F
347
295
348
0
  0
LAYER
  5
E6DD
330
2
100
AcDbSymbolTableRecord
100
AcDbLayerTableRecord
  2
SYMS
 70
     0
 62
     7
  6
Continuous
370
    -3
390
F
347
295
348
0
  0
LAYER
  5
E6DE
330
2
100
AcDbSymbolTableRecord
100
AcDbLayerTableRecord
  2
LOC
 70
     0
 62
     7
  6
Continuous
370
    -3
390
F
347
295
348
0
  0
LAYER
  5
E6DF
330
2
100
AcDbSymbolTableRecord
100
AcDbLayerTableRecord
  2
DESC
 70
     0
 62
     7
  6
Continuous
370
    -3
390
F
347
295
348
0
  0
LAYER
  5
E6E0
330
2
100
AcDbSymbolTableRecord
100
AcDbLayerTableRecord
  2
TAGS
 70
     0
 62
     7
  6
Continuous
370
    -3
390
F
347
295
348
0
  0
LAYER
  5
E6E1
330
2
100
AcDbSymbolTableRecord
100
AcDbLayerTableRecord
  2
TERMS
 70
     0
 62
     7
  6
Continuous
370
    -3
390
F
347
295
348
0
  0
LAYER
  5
E6E2
102
{ACAD_XDICTIONARY
360
E6E3
102
}
330
2
100
AcDbSymbolTableRecord
100
AcDbLayerTableRecord
  2
WIRES
 70
     0
 62
     7
  6
Continuous
370
    -3
390
F
347
295
348
0
  0
LAYER
  5
E6E5
330
2
100
AcDbSymbolTableRecord
100
AcDbLayerTableRecord
  2
XREF
 70
     0
 62
     7
  6
Continuous
370
    -3
390
F
347
295
348
0
  0
LAYER
  5
EE90
330
2
100
AcDbSymbolTableRecord
100
AcDbLayerTableRecord
  2
OBJ
 70
     0
 62
     3
  6
Continuous
370
    -3
390
F
347
295
348
0
  0
LAYER
  5
F03C
330
2
100
AcDbSymbolTableRecord
100
AcDbLayerTableRecord
  2
BM
 70
     0
 62
     5
  6
Continuous
370
    -3
390
F
347
295
348
0
  0
LAYER
  5
F530
330
2
100
AcDbSymbolTableRecord
100
AcDbLayerTableRecord
  2
REV
 70
     0
 62
     2
  6
Continuous
370
    -3
390
F
347
295
348
0
1001
AcAecLayerStandard
1000

1000

1001
ACCMTRANSPARENCY
1071
        0
  0
ENDTAB
  0
TABLE
  2
STYLE
  5
3
330
0
100
AcDbSymbolTable
 70
    12
  0
STYLE
  5
11
330
3
100
AcDbSymbolTableRecord
100
AcDbTextStyleTableRecord
  2
STANDARD
 70
     0
 40
0.0
 41
1.0
 50
0.0
 71
     0
 42
0.125
  3
ROMANS.SHX
  4

  0
STYLE
  5
254
330
3
100
AcDbSymbolTableRecord
100
AcDbTextStyleTableRecord
  2

 70
     1
 40
0.0
 41
1.0
 50
0.0
 71
     0
 42
0.2
  3
genltshp.shx
  4

  0
STYLE
  5
39B
330
3
100
AcDbSymbolTableRecord
100
AcDbTextStyleTableRecord
  2
TITLEBLK
 70
     0
 40
0.0
 41
1.0
 50
0.0
 71
     0
 42
0.091
  3
romans.shx
  4

  0
STYLE
  5
39C
330
3
100
AcDbSymbolTableRecord
100
AcDbTextStyleTableRecord
  2
IDS
 70
     0
 40
0.0
 41
1.0
 50
0.0
 71
     0
 42
3.0
  3
arial.ttf
  4

1001
ACAD
1000
Arial
1071
       34
  0
STYLE
  5
1A50
330
3
100
AcDbSymbolTableRecord
100
AcDbTextStyleTableRecord
  2
ACANSGDT
 70
     0
 40
0.0
 41
1.0
 50
0.0
 71
     0
 42
0.2
  3
amgdt.shx
  4

  0
STYLE
  5
451F
330
3
100
AcDbSymbolTableRecord
100
AcDbTextStyleTableRecord
  2
LOGO
 70
     0
 40
0.0
 41
1.0
 50
0.0
 71
     0
 42
0.2
  3
arialbi.ttf
  4

1001
ACAD
1000
Arial
1071
 50331682
  0
STYLE
  5
5CF6
330
3
100
AcDbSymbolTableRecord
100
AcDbTextStyleTableRecord
  2
WD_IEC
 70
     0
 40
4.0
 41
0.9
 50
0.0
 71
     0
 42
2.0
  3
ISOCP2.shx
  4

  0
STYLE
  5
CDAD
330
3
100
AcDbSymbolTableRecord
100
AcDbTextStyleTableRecord
  2
Roman S
 70
     0
 40
0.09375
 41
0.8
 50
0.0
 71
     0
 42
0.2
  3
romans.shx
  4
@extfont2.shx
  0
STYLE
  5
E5AF
330
3
100
AcDbSymbolTableRecord
100
AcDbTextStyleTableRecord
  2
WD
 70
     0
 40
0.0
 41
1.0
 50
0.0
 71
     0
 42
0.15
  3
txt
  4

  0
STYLE
  5
F03D
330
3
100
AcDbSymbolTableRecord
100
AcDbTextStyleTableRecord
  2
S6
 70
     0
 40
0.15
 41
1.0
 50
0.0
 71
     0
 42
0.2
  3
ARIALN.TTF
  4

1001
ACAD
1000
Arial Narrow
1071
       34
  0
STYLE
  5
F04C
330
3
100
AcDbSymbolTableRecord
100
AcDbTextStyleTableRecord
  2
S1
 70
     0
 40
0.125
 41
1.0
 50
0.0
 71
     0
 42
0.125
  3
arial.ttf
  4

1001
ACAD
1000
Arial
1071
       34
  0
STYLE
  5
F04D
330
3
100
AcDbSymbolTableRecord
100
AcDbTextStyleTableRecord
  2
S2
 70
     0
 40
0.125
 41
1.0
 50
0.0
 71
     0
 42
8.0
  3
ARIALN.TTF
  4

1001
ACAD
1000
Arial Narrow
1071
       34
  0
ENDTAB
  0
TABLE
  2
VIEW
  5
6
330
0
100
AcDbSymbolTable
 70
     1
  0
VIEW
  5
114B
102
{ACAD_XDICTIONARY
360
114C
102
}
330
6
100
AcDbSymbolTableRecord
100
AcDbViewTableRecord
  2
SHEET1
 70
     0
 40
18.9
 10
14.85
 20
9.450000000000001
 41
29.7
 11
0.0
 21
0.0
 31
1.0
 12
0.0
 22
0.0
 32
0.0
 42
50.0
 43
0.0
 44
0.0
 50
0.0
 71
     0
281
     0
 72
     1
110
0.0
120
0.0
130
0.0
111
1.0
121
0.0
131
0.0
112
0.0
122
1.0
132
0.0
 79
     0
146
0.0
 73
     0
348
29C
  0
ENDTAB
  0
TABLE
  2
UCS
  5
7
330
0
100
AcDbSymbolTable
 70
     0
  0
ENDTAB
  0
TABLE
  2
APPID
  5
9
330
0
100
AcDbSymbolTable
 70
   182
  0
APPID
  5
12
330
9
100
AcDbSymbolTableRecord
100
AcDbRegAppTableRecord
  2
ACAD
 70
     0
  0
APPID
  5
4E
330
9
100
AcDbSymbolTableRecord
100
AcDbRegAppTableRecord
  2
MCAD_NO_VIS
 70
     0
  0
APPID
  5
4F
330
9
100
AcDbSymbolTableRecord
100
AcDbRegAppTableRecord
  2
ACAD_TEMP_GRAPHIC
 70
     0
  0
APPID
  5
60
330
9
100
AcDbSymbolTableRecord
100
AcDbRegAppTableRecord
  2
ACATTRIBSERVICES
 70
     0
  0
APPID
  5
F7
330
9
100
AcDbSymbolTableRecord
100
AcDbRegAppTableRecord
  2
AD_DRAW
 70
     0
  0
APPID
  5
115
330
9
100
AcDbSymbolTableRecord
100
AcDbRegAppTableRecord
  2
DESIGNERASSEMBLIES
 70
     0
  0
APPID
  5
11A
330
9
100
AcDbSymbolTableRecord
100
AcDbRegAppTableRecord
  2
ACADM_DIM_EDIT
 70
     0
  0
APPID
  5
11B
330
9
100
AcDbSymbolTableRecord
100
AcDbRegAppTableRecord
  2
AMDT_DM_ADJ
 70
     0
  0
APPID
  5
1D3
330
9
100
AcDbSymbolTableRecord
100
AcDbRegAppTableRecord
  2
ACAD_DSTYLE_DIMARC_LENGTH_SYMBOL
 70
     0
  0
APPID
  5
1D4
330
9
100
AcDbSymbolTableRecord
100
AcDbRegAppTableRecord
  2
ACAD_DSTYLE_DIMJOGGED_JOGANGLE_SYMBOL
 70
     0
  0
APPID
  5
2EE
330
9
100
AcDbSymbolTableRecord
100
AcDbRegAppTableRecord
  2
ACAD_MLEADERVER
 70
     0
  0
APPID
  5
39D
330
9
100
AcDbSymbolTableRecord
100
AcDbRegAppTableRecord
  2
ACAD_PSEXT
 70
     0
  0
APPID
  5
39E
330
9
100
AcDbSymbolTableRecord
100
AcDbRegAppTableRecord
  2
ACAD_DSTYLE_DIMJAG
 70
     0
  0
APPID
  5
39F
330
9
100
AcDbSymbolTableRecord
100
AcDbRegAppTableRecord
  2
ACAD_DSTYLE_DIMTALN
 70
     0
  0
APPID
  5
3A0
330
9
100
AcDbSymbolTableRecord
100
AcDbRegAppTableRecord
  2
ACAD_DSTYLE_DIM_LINETYPE
 70
     0
  0
APPID
  5
3A1
330
9
100
AcDbSymbolTableRecord
100
AcDbRegAppTableRecord
  2
ACAD_DSTYLE_DIM_EXT1_LINETYPE
 70
     0
  0
APPID
  5
3A2
330
9
100
AcDbSymbolTableRecord
100
AcDbRegAppTableRecord
  2
ACAD_DSTYLE_DIM_EXT2_LINETYPE
 70
     0
  0
APPID
  5
3A3
330
9
100
AcDbSymbolTableRecord
100
AcDbRegAppTableRecord
  2
ACAD_EXEMPT_FROM_CAD_STANDARDS
 70
     0
  0
APPID
  5
3A4
330
9
100
AcDbSymbolTableRecord
100
AcDbRegAppTableRecord
  2
AcadAnnoPO
 70
     0
  0
APPID
  5
9A3
330
9
100
AcDbSymbolTableRecord
100
AcDbRegAppTableRecord
  2
ACAD_DSTYLE_DIMINSPECT
 70
     0
  0
APPID
  5
9A4
330
9
100
AcDbSymbolTableRecord
100
AcDbRegAppTableRecord
  2
AcAecLayerStandard
 70
     0
  0
APPID
  5
9A5
330
9
100
AcDbSymbolTableRecord
100
AcDbRegAppTableRecord
  2
ACAD_DSTYLE_DIMBREAK
 70
     0
  0
APPID
  5
9A6
330
9
100
AcDbSymbolTableRecord
100
AcDbRegAppTableRecord
  2
ACAD_DSTYLE_DIMRADIAL_EXTENSION
 70
     0
  0
APPID
  5
3792
330
9
100
AcDbSymbolTableRecord
100
AcDbRegAppTableRecord
  2
ACAUTHENVIRON
 70
     0
  0
APPID
  5
37A4
330
9
100
AcDbSymbolTableRecord
100
AcDbRegAppTableRecord
  2
AcDbDynamicBlockTrueName
 70
     0
  0
APPID
  5
37A5
330
9
100
AcDbSymbolTableRecord
100
AcDbRegAppTableRecord
  2
AcDbDynamicBlockGUID
 70
     0
  0
APPID
  5
42B0
330
9
100
AcDbSymbolTableRecord
100
AcDbRegAppTableRecord
  2
ACCMTRANSPARENCY
 70
     0
  0
APPID
  5
4C36
330
9
100
AcDbSymbolTableRecord
100
AcDbRegAppTableRecord
  2
ACAD_NAV_VCDISPLAY
 70
     0
  0
APPID
  5
4EAA
330
9
100
AcDbSymbolTableRecord
100
AcDbRegAppTableRecord
  2
AVE_RENDER
 70
     0
  0
APPID
  5
4EAB
330
9
100
AcDbSymbolTableRecord
100
AcDbRegAppTableRecord
  2
CONTENTBLOCKDESCRIPTION
 70
     0
  0
APPID
  5
4EAC
330
9
100
AcDbSymbolTableRecord
100
AcDbRegAppTableRecord
  2
CONTENTBLOCKICON
 70
     0
  0
APPID
  5
4EAD
330
9
100
AcDbSymbolTableRecord
100
AcDbRegAppTableRecord
  2
CONTENTTABDATA
 70
     0
  0
APPID
  5
4EAE
330
9
100
AcDbSymbolTableRecord
100
AcDbRegAppTableRecord
  2
CONTENTCURRENTTAB
 70
     0
  0
APPID
  5
4EAF
330
9
100
AcDbSymbolTableRecord
100
AcDbRegAppTableRecord
  2
REL3425
 70
     0
  0
APPID
  5
4EB0
330
9
100
AcDbSymbolTableRecord
100
AcDbRegAppTableRecord
  2
FINISH_NUM
 70
     0
  0
APPID
  5
4EB1
330
9
100
AcDbSymbolTableRecord
100
AcDbRegAppTableRecord
  2
AME_SOL
 70
     0
  0
APPID
  5
4EB2
330
9
100
AcDbSymbolTableRecord
100
AcDbRegAppTableRecord
  2
AVE_ENTITY_MATERIAL
 70
     0
  0
APPID
  5
4EB3
330
9
100
AcDbSymbolTableRecord
100
AcDbRegAppTableRecord
  2
AVE_FINISH
 70
     0
  0
APPID
  5
4EB4
330
9
100
AcDbSymbolTableRecord
100
AcDbRegAppTableRecord
  2
AVE_MATERIAL
 70
     0
  0
APPID
  5
4EB5
330
9
100
AcDbSymbolTableRecord
100
AcDbRegAppTableRecord
  2
AVE_GLOBAL
 70
     0
  0
APPID
  5
4EB6
330
9
100
AcDbSymbolTableRecord
100
AcDbRegAppTableRecord
  2
ASURF_PCURVE_APPNAME
 70
     0
  0
APPID
  5
4EB7
330
9
100
AcDbSymbolTableRecord
100
AcDbRegAppTableRecord
  2
MECHSOFT_TOLERACE
 70
     0
  0
APPID
  5
4EB8
330
9
100
AcDbSymbolTableRecord
100
AcDbRegAppTableRecord
  2
PROFI
 70
     0
  0
APPID
  5
4EB9
330
9
100
AcDbSymbolTableRecord
100
AcDbRegAppTableRecord
  2
ACADSTRINGINFO
 70
     0
  0
APPID
  5
4EBA
330
9
100
AcDbSymbolTableRecord
100
AcDbRegAppTableRecord
  2
GENIUS_GENDIM_13
 70
     0
  0
APPID
  5
4EBB
330
9
100
AcDbSymbolTableRecord
100
AcDbRegAppTableRecord
  2
GENIUS_GENDTOL_13
 70
     0
  0
APPID
  5
4EBC
330
9
100
AcDbSymbolTableRecord
100
AcDbRegAppTableRecord
  2
GENIUS_GE3DTOL_13
 70
     0
  0
APPID
  5
4EBD
330
9
100
AcDbSymbolTableRecord
100
AcDbRegAppTableRecord
  2
AMG_3D2D_5.0
 70
     0
  0
APPID
  5
4EBE
330
9
100
AcDbSymbolTableRecord
100
AcDbRegAppTableRecord
  2
DCO15
 70
     0
  0
APPID
  5
4EBF
330
9
100
AcDbSymbolTableRecord
100
AcDbRegAppTableRecord
  2
GENIUS_GENSCREG_15
 70
     0
  0
APPID
  5
4EC0
330
9
100
AcDbSymbolTableRecord
100
AcDbRegAppTableRecord
  2
GENIUS_GENODEF_13
 70
     0
  0
APPID
  5
4EC1
330
9
100
AcDbSymbolTableRecord
100
AcDbRegAppTableRecord
  2
GENIUS_GENOBJ-N-SDF_13
 70
     0
  0
APPID
  5
4EC2
330
9
100
AcDbSymbolTableRecord
100
AcDbRegAppTableRecord
  2
AcDbAttr
 70
     0
  0
APPID
  5
4EC3
330
9
100
AcDbSymbolTableRecord
100
AcDbRegAppTableRecord
  2
CLSI_LETTEREASE
 70
     0
  0
APPID
  5
4EC4
330
9
100
AcDbSymbolTableRecord
100
AcDbRegAppTableRecord
  2
GENIUS_GENOREF_13
 70
     0
  0
APPID
  5
4EC5
330
9
100
AcDbSymbolTableRecord
100
AcDbRegAppTableRecord
  2
RAK
 70
     0
  0
APPID
  5
4EC6
330
9
100
AcDbSymbolTableRecord
100
AcDbRegAppTableRecord
  2
GENIUS_GENBH_13
 70
     0
  0
APPID
  5
4EC7
330
9
100
AcDbSymbolTableRecord
100
AcDbRegAppTableRecord
  2
GENIUS_GENOBJ-NBEHI-BHF_13
 70
     0
  0
APPID
  5
4EC8
330
9
100
AcDbSymbolTableRecord
100
AcDbRegAppTableRecord
  2
GENIUS_GENOENT_13
 70
     0
  0
APPID
  5
4EC9
330
9
100
AcDbSymbolTableRecord
100
AcDbRegAppTableRecord
  2
GENIUS_GENOLIS_13
 70
     0
  0
APPID
  5
4ECA
330
9
100
AcDbSymbolTableRecord
100
AcDbRegAppTableRecord
  2
GEVID1398675984
 70
     0
  0
APPID
  5
4ECB
330
9
100
AcDbSymbolTableRecord
100
AcDbRegAppTableRecord
  2
GENIUS_GENOBJ-NBEHI-BHB_13
 70
     0
  0
APPID
  5
4ECC
330
9
100
AcDbSymbolTableRecord
100
AcDbRegAppTableRecord
  2
GEVID1398675985
 70
     0
  0
APPID
  5
4ECD
330
9
100
AcDbSymbolTableRecord
100
AcDbRegAppTableRecord
  2
GEVID1398675986
 70
     0
  0
APPID
  5
4ECE
330
9
100
AcDbSymbolTableRecord
100
AcDbRegAppTableRecord
  2
GENIUS_GENDIMSH_14
 70
     0
  0
APPID
  5
4ECF
330
9
100
AcDbSymbolTableRecord
100
AcDbRegAppTableRecord
  2
GEVID1400679773
 70
     0
  0
APPID
  5
4ED0
330
9
100
AcDbSymbolTableRecord
100
AcDbRegAppTableRecord
  2
GRADIENTCOLOR1ACI
 70
     0
  0
APPID
  5
4ED1
330
9
100
AcDbSymbolTableRecord
100
AcDbRegAppTableRecord
  2
GRADIENTCOLOR2ACI
 70
     0
  0
APPID
  5
4ED2
330
9
100
AcDbSymbolTableRecord
100
AcDbRegAppTableRecord
  2
GEVID1417538827
 70
     0
  0
APPID
  5
5B81
330
9
100
AcDbSymbolTableRecord
100
AcDbRegAppTableRecord
  2
AcadAnnoMonitorAlertIconDisabled
 70
     0
  0
APPID
  5
62C7
330
9
100
AcDbSymbolTableRecord
100
AcDbRegAppTableRecord
  2
ACAD_TC
 70
     0
  0
APPID
  5
71E5
330
9
100
AcDbSymbolTableRecord
100
AcDbRegAppTableRecord
  2
RE-TLINK
 70
     0
  0
APPID
  5
71E6
330
9
100
AcDbSymbolTableRecord
100
AcDbRegAppTableRecord
  2
N8SOL-TLINK
 70
     0
  0
APPID
  5
7246
330
9
100
AcDbSymbolTableRecord
100
AcDbRegAppTableRecord
  2
VIA_WD_MAXTYPE4
 70
     0
  0
APPID
  5
7247
330
9
100
AcDbSymbolTableRecord
100
AcDbRegAppTableRecord
  2
VIA_WD_MAXNO
 70
     0
  0
APPID
  5
7248
330
9
100
AcDbSymbolTableRecord
100
AcDbRegAppTableRecord
  2
VIA_WD_MAXNC
 70
     0
  0
APPID
  5
7249
330
9
100
AcDbSymbolTableRecord
100
AcDbRegAppTableRecord
  2
VIA_WD_MAXNONC
 70
     0
  0
APPID
  5
724A
330
9
100
AcDbSymbolTableRecord
100
AcDbRegAppTableRecord
  2
VIA_WD_BASETAG
 70
     0
  0
APPID
  5
746D
330
9
100
AcDbSymbolTableRecord
100
AcDbRegAppTableRecord
  2
VIA_WD_WNPTR
 70
     0
  0
APPID
  5
7950
330
9
100
AcDbSymbolTableRecord
100
AcDbRegAppTableRecord
  2
VIA_WD_CNT
 70
     0
  0
APPID
  5
7C1F
330
9
100
AcDbSymbolTableRecord
100
AcDbRegAppTableRecord
  2
N8STRETCH
 70
     0
  0
APPID
  5
A801
330
9
100
AcDbSymbolTableRecord
100
AcDbRegAppTableRecord
  2
VIA_WD_TAGFMT
 70
     0
  0
APPID
  5
A802
330
9
100
AcDbSymbolTableRecord
100
AcDbRegAppTableRecord
  2
VIA_WD_HDL
 70
     0
  0
APPID
  5
A803
330
9
100
AcDbSymbolTableRecord
100
AcDbRegAppTableRecord
  2
VIA_WD_GAP11
 70
     0
  0
APPID
  5
A804
330
9
100
AcDbSymbolTableRecord
100
AcDbRegAppTableRecord
  2
VIA_WD_GAP10
 70
     0
  0
APPID
  5
A805
330
9
100
AcDbSymbolTableRecord
100
AcDbRegAppTableRecord
  2
VIA_WD_WNCOPY
 70
     0
  0
APPID
  5
A806
330
9
100
AcDbSymbolTableRecord
100
AcDbRegAppTableRecord
  2
VIA_WD_XREF
 70
     0
  0
APPID
  5
A807
330
9
100
AcDbSymbolTableRecord
100
AcDbRegAppTableRecord
  2
VIA_WD_XREF_BLOCK
 70
     0
  0
APPID
  5
A808
330
9
100
AcDbSymbolTableRecord
100
AcDbRegAppTableRecord
  2
VIA_WD_PINLIST
 70
     0
  0
APPID
  5
A809
330
9
100
AcDbSymbolTableRecord
100
AcDbRegAppTableRecord
  2
VIA_WD_MFG01
 70
     0
  0
APPID
  5
A80A
330
9
100
AcDbSymbolTableRecord
100
AcDbRegAppTableRecord
  2
VIA_WD_CAT01
 70
     0
  0
APPID
  5
A80B
330
9
100
AcDbSymbolTableRecord
100
AcDbRegAppTableRecord
  2
VIA_WD_ASSYCODE01
 70
     0
  0
APPID
  5
A80C
330
9
100
AcDbSymbolTableRecord
100
AcDbRegAppTableRecord
  2
VIA_WD_CNT01
 70
     0
  0
APPID
  5
A80D
330
9
100
AcDbSymbolTableRecord
100
AcDbRegAppTableRecord
  2
VIA_WD_WDBLKNAM01
 70
     0
  0
APPID
  5
A80E
330
9
100
AcDbSymbolTableRecord
100
AcDbRegAppTableRecord
  2
VIA_WD_UM01
 70
     0
  0
APPID
  5
A80F
330
9
100
AcDbSymbolTableRecord
100
AcDbRegAppTableRecord
  2
VIA_WD_WD_WEBLINK
 70
     0
  0
APPID
  5
A810
330
9
100
AcDbSymbolTableRecord
100
AcDbRegAppTableRecord
  2
VIA_WD_WDBLKNAM
 70
     0
  0
APPID
  5
A811
330
9
100
AcDbSymbolTableRecord
100
AcDbRegAppTableRecord
  2
VIA_WD_WNLEADER
 70
     0
  0
APPID
  5
A812
330
9
100
AcDbSymbolTableRecord
100
AcDbRegAppTableRecord
  2
VIA_WD_DESC1
 70
     0
  0
APPID
  5
A813
330
9
100
AcDbSymbolTableRecord
100
AcDbRegAppTableRecord
  2
VIA_WD_DESC2
 70
     0
  0
APPID
  5
A814
330
9
100
AcDbSymbolTableRecord
100
AcDbRegAppTableRecord
  2
VIA_WD_GROUP
 70
     0
  0
APPID
  5
A815
330
9
100
AcDbSymbolTableRecord
100
AcDbRegAppTableRecord
  2
VIA_WD_ITEM01
 70
     0
  0
APPID
  5
A816
330
9
100
AcDbSymbolTableRecord
100
AcDbRegAppTableRecord
  2
VIA_WD_TWIST
 70
     0
  0
APPID
  5
A817
330
9
100
AcDbSymbolTableRecord
100
AcDbRegAppTableRecord
  2
VIA_WD_TWIST2
 70
     0
  0
APPID
  5
A818
330
9
100
AcDbSymbolTableRecord
100
AcDbRegAppTableRecord
  2
ACADANNOAV
 70
     0
  0
APPID
  5
A819
330
9
100
AcDbSymbolTableRecord
100
AcDbRegAppTableRecord
  2
VIA_WD_LOCBOX_LOC
 70
     0
  0
APPID
  5
A81A
330
9
100
AcDbSymbolTableRecord
100
AcDbRegAppTableRecord
  2
VIA_WD_LOCBOX_INST
 70
     0
  0
APPID
  5
A81B
330
9
100
AcDbSymbolTableRecord
100
AcDbRegAppTableRecord
  2
VIA_WD_LOCBOX_DESC
 70
     0
  0
APPID
  5
A81C
330
9
100
AcDbSymbolTableRecord
100
AcDbRegAppTableRecord
  2
VIA_WD_ITEM
 70
     0
  0
APPID
  5
A81D
330
9
100
AcDbSymbolTableRecord
100
AcDbRegAppTableRecord
  2
AcadAnnotative
 70
     0
  0
APPID
  5
A81E
330
9
100
AcDbSymbolTableRecord
100
AcDbRegAppTableRecord
  2
VIA_WD_XREF_G
 70
     0
  0
APPID
  5
A81F
330
9
100
AcDbSymbolTableRecord
100
AcDbRegAppTableRecord
  2
53DED2C4-69D3-4c05-8805-3ACF7620CE19
 70
     0
  0
APPID
  5
A820
330
9
100
AcDbSymbolTableRecord
100
AcDbRegAppTableRecord
  2
VIA_WD_COILPINS
 70
     0
  0
APPID
  5
A821
330
9
100
AcDbSymbolTableRecord
100
AcDbRegAppTableRecord
  2
ACAD_DIMASSOC_CALC_DIMLFAC
 70
     0
  0
APPID
  5
A822
330
9
100
AcDbSymbolTableRecord
100
AcDbRegAppTableRecord
  2
ACAD_DIMASSOC_DIMLFAC
 70
     0
  0
APPID
  5
A823
330
9
100
AcDbSymbolTableRecord
100
AcDbRegAppTableRecord
  2
ACAD_DIMASSOC_OVERRIDDEN_DIMLFAC
 70
     0
  0
APPID
  5
A824
330
9
100
AcDbSymbolTableRecord
100
AcDbRegAppTableRecord
  2
VIA_WD_MFG02
 70
     0
  0
APPID
  5
A825
330
9
100
AcDbSymbolTableRecord
100
AcDbRegAppTableRecord
  2
VIA_WD_CAT02
 70
     0
  0
APPID
  5
A826
330
9
100
AcDbSymbolTableRecord
100
AcDbRegAppTableRecord
  2
VIA_WD_ASSYCODE02
 70
     0
  0
APPID
  5
A827
330
9
100
AcDbSymbolTableRecord
100
AcDbRegAppTableRecord
  2
VIA_WD_CNT02
 70
     0
  0
APPID
  5
A828
330
9
100
AcDbSymbolTableRecord
100
AcDbRegAppTableRecord
  2
VIA_WD_WDBLKNAM02
 70
     0
  0
APPID
  5
A829
330
9
100
AcDbSymbolTableRecord
100
AcDbRegAppTableRecord
  2
VIA_WD_UM02
 70
     0
  0
APPID
  5
A82A
330
9
100
AcDbSymbolTableRecord
100
AcDbRegAppTableRecord
  2
VIA_WD_ITEM02
 70
     0
  0
APPID
  5
A82B
330
9
100
AcDbSymbolTableRecord
100
AcDbRegAppTableRecord
  2
VIA_WD_MFG04
 70
     0
  0
APPID
  5
A82C
330
9
100
AcDbSymbolTableRecord
100
AcDbRegAppTableRecord
  2
VIA_WD_CAT04
 70
     0
  0
APPID
  5
A82D
330
9
100
AcDbSymbolTableRecord
100
AcDbRegAppTableRecord
  2
VIA_WD_ASSYCODE04
 70
     0
  0
APPID
  5
A82E
330
9
100
AcDbSymbolTableRecord
100
AcDbRegAppTableRecord
  2
VIA_WD_CNT04
 70
     0
  0
APPID
  5
A82F
330
9
100
AcDbSymbolTableRecord
100
AcDbRegAppTableRecord
  2
VIA_WD_WDBLKNAM04
 70
     0
  0
APPID
  5
A830
330
9
100
AcDbSymbolTableRecord
100
AcDbRegAppTableRecord
  2
VIA_WD_UM04
 70
     0
  0
APPID
  5
A831
330
9
100
AcDbSymbolTableRecord
100
AcDbRegAppTableRecord
  2
VIA_WD_ITEM04
 70
     0
  0
APPID
  5
A832
330
9
100
AcDbSymbolTableRecord
100
AcDbRegAppTableRecord
  2
VIA_WD_MFG05
 70
     0
  0
APPID
  5
A833
330
9
100
AcDbSymbolTableRecord
100
AcDbRegAppTableRecord
  2
VIA_WD_CAT05
 70
     0
  0
APPID
  5
A834
330
9
100
AcDbSymbolTableRecord
100
AcDbRegAppTableRecord
  2
VIA_WD_ASSYCODE05
 70
     0
  0
APPID
  5
A835
330
9
100
AcDbSymbolTableRecord
100
AcDbRegAppTableRecord
  2
VIA_WD_CNT05
 70
     0
  0
APPID
  5
A836
330
9
100
AcDbSymbolTableRecord
100
AcDbRegAppTableRecord
  2
VIA_WD_WDBLKNAM05
 70
     0
  0
APPID
  5
A837
330
9
100
AcDbSymbolTableRecord
100
AcDbRegAppTableRecord
  2
VIA_WD_UM05
 70
     0
  0
APPID
  5
A838
330
9
100
AcDbSymbolTableRecord
100
AcDbRegAppTableRecord
  2
VIA_WD_ITEM05
 70
     0
  0
APPID
  5
A839
330
9
100
AcDbSymbolTableRecord
100
AcDbRegAppTableRecord
  2
VIA_WD_MFG06
 70
     0
  0
APPID
  5
A83A
330
9
100
AcDbSymbolTableRecord
100
AcDbRegAppTableRecord
  2
VIA_WD_CAT06
 70
     0
  0
APPID
  5
A83B
330
9
100
AcDbSymbolTableRecord
100
AcDbRegAppTableRecord
  2
VIA_WD_ASSYCODE06
 70
     0
  0
APPID
  5
A83C
330
9
100
AcDbSymbolTableRecord
100
AcDbRegAppTableRecord
  2
VIA_WD_CNT06
 70
     0
  0
APPID
  5
A83D
330
9
100
AcDbSymbolTableRecord
100
AcDbRegAppTableRecord
  2
VIA_WD_WDBLKNAM06
 70
     0
  0
APPID
  5
A83E
330
9
100
AcDbSymbolTableRecord
100
AcDbRegAppTableRecord
  2
VIA_WD_UM06
 70
     0
  0
APPID
  5
A83F
330
9
100
AcDbSymbolTableRecord
100
AcDbRegAppTableRecord
  2
VIA_WD_ITEM06
 70
     0
  0
APPID
  5
A840
330
9
100
AcDbSymbolTableRecord
100
AcDbRegAppTableRecord
  2
VIA_WD_RATING1
 70
     0
  0
APPID
  5
A841
330
9
100
AcDbSymbolTableRecord
100
AcDbRegAppTableRecord
  2
AcDbBlockRepETag
 70
     0
  0
APPID
  5
D101
330
9
100
AcDbSymbolTableRecord
100
AcDbRegAppTableRecord
  2
ACE_TABLE_WDTYPE
 70
     0
  0
APPID
  5
D102
330
9
100
AcDbSymbolTableRecord
100
AcDbRegAppTableRecord
  2
ACE_TABLE_SETTINGS
 70
     0
  0
APPID
  5
D103
330
9
100
AcDbSymbolTableRecord
100
AcDbRegAppTableRecord
  2
ACE_TABLE_TOGGLES
 70
     0
  0
APPID
  5
D104
330
9
100
AcDbSymbolTableRecord
100
AcDbRegAppTableRecord
  2
ACE_TABLE_TABDSPLST
 70
     0
  0
APPID
  5
D105
330
9
100
AcDbSymbolTableRecord
100
AcDbRegAppTableRecord
  2
ACE_TABLE_FLDNAMS2
 70
     0
  0
APPID
  5
D106
330
9
100
AcDbSymbolTableRecord
100
AcDbRegAppTableRecord
  2
ACE_TABLE_FLDNAMS1
 70
     0
  0
APPID
  5
D107
330
9
100
AcDbSymbolTableRecord
100
AcDbRegAppTableRecord
  2
ACE_TABLE_COLWIDS
 70
     0
  0
APPID
  5
D108
330
9
100
AcDbSymbolTableRecord
100
AcDbRegAppTableRecord
  2
ACE_TABLE_CALCCOLWID
 70
     0
  0
APPID
  5
D109
330
9
100
AcDbSymbolTableRecord
100
AcDbRegAppTableRecord
  2
ACE_TABLE_PROJECT
 70
     0
  0
APPID
  5
D10A
330
9
100
AcDbSymbolTableRecord
100
AcDbRegAppTableRecord
  2
ACE_TABLE_BUILDUP
 70
     0
  0
APPID
  5
D10B
330
9
100
AcDbSymbolTableRecord
100
AcDbRegAppTableRecord
  2
ACE_TABLE_BORDER
 70
     0
  0
APPID
  5
D10C
330
9
100
AcDbSymbolTableRecord
100
AcDbRegAppTableRecord
  2
ACE_TABLE_INCTITLE
 70
     0
  0
APPID
  5
D10D
330
9
100
AcDbSymbolTableRecord
100
AcDbRegAppTableRecord
  2
ACE_TABLE_INCTIMEDATE
 70
     0
  0
APPID
  5
D10E
330
9
100
AcDbSymbolTableRecord
100
AcDbRegAppTableRecord
  2
ACE_TABLE_INCPROJECT
 70
     0
  0
APPID
  5
D10F
330
9
100
AcDbSymbolTableRecord
100
AcDbRegAppTableRecord
  2
ACE_TABLE_INCLABELS
 70
     0
  0
APPID
  5
D110
330
9
100
AcDbSymbolTableRecord
100
AcDbRegAppTableRecord
  2
ACE_TABLE_TITLEONE
 70
     0
  0
APPID
  5
D111
330
9
100
AcDbSymbolTableRecord
100
AcDbRegAppTableRecord
  2
ACE_TABLE_LABELONE
 70
     0
  0
APPID
  5
D112
330
9
100
AcDbSymbolTableRecord
100
AcDbRegAppTableRecord
  2
ACE_TABLE_INCBLOCK
 70
     0
  0
APPID
  5
D113
330
9
100
AcDbSymbolTableRecord
100
AcDbRegAppTableRecord
  2
ACE_TABLE_INCREPORT
 70
     0
  0
APPID
  5
D114
330
9
100
AcDbSymbolTableRecord
100
AcDbRegAppTableRecord
  2
ACE_TABLE_BLKNAM
 70
     0
  0
APPID
  5
D115
330
9
100
AcDbSymbolTableRecord
100
AcDbRegAppTableRecord
  2
ACE_TABLE_RPTLST
 70
     0
  0
APPID
  5
D116
330
9
100
AcDbSymbolTableRecord
100
AcDbRegAppTableRecord
  2
ACE_TABLE_TYPE
 70
     0
  0
APPID
  5
D117
330
9
100
AcDbSymbolTableRecord
100
AcDbRegAppTableRecord
  2
ACE_TABLE_SET
 70
     0
  0
APPID
  5
D118
330
9
100
AcDbSymbolTableRecord
100
AcDbRegAppTableRecord
  2
ACE_TABLE_SECTION
 70
     0
  0
APPID
  5
D119
330
9
100
AcDbSymbolTableRecord
100
AcDbRegAppTableRecord
  2
ACE_TABLE_1STROW
 70
     0
  0
APPID
  5
D11A
330
9
100
AcDbSymbolTableRecord
100
AcDbRegAppTableRecord
  2
ACE_TABLE_INDEXLST
 70
     0
  0
APPID
  5
D11B
330
9
100
AcDbSymbolTableRecord
100
AcDbRegAppTableRecord
  2
ACE_TABLE_TABLEN
 70
     0
  0
APPID
  5
D11C
330
9
100
AcDbSymbolTableRecord
100
AcDbRegAppTableRecord
  2
ACE_TABLE_BEGIN
 70
     0
  0
APPID
  5
D11D
330
9
100
AcDbSymbolTableRecord
100
AcDbRegAppTableRecord
  2
ACE_TABLE_END
 70
     0
  0
APPID
  5
D11E
330
9
100
AcDbSymbolTableRecord
100
AcDbRegAppTableRecord
  2
ACE_TABLE_MAXROWS
 70
     0
  0
APPID
  5
D11F
330
9
100
AcDbSymbolTableRecord
100
AcDbRegAppTableRecord
  2
ACE_TABLE_MAXTBLS
 70
     0
  0
APPID
  5
D120
330
9
100
AcDbSymbolTableRecord
100
AcDbRegAppTableRecord
  2
ACE_TABLE_TBL2TBLX
 70
     0
  0
APPID
  5
D121
330
9
100
AcDbSymbolTableRecord
100
AcDbRegAppTableRecord
  2
ACE_TABLE_TBL2TBLY
 70
     0
  0
APPID
  5
D122
330
9
100
AcDbSymbolTableRecord
100
AcDbRegAppTableRecord
  2
ACE_TABLE_FORCEROWS
 70
     0
  0
APPID
  5
D123
330
9
100
AcDbSymbolTableRecord
100
AcDbRegAppTableRecord
  2
ACE_TABLE_COLNUMS
 70
     0
  0
APPID
  5
D124
330
9
100
AcDbSymbolTableRecord
100
AcDbRegAppTableRecord
  2
ACE_TABLE_LNSP
 70
     0
  0
ENDTAB
  0
TABLE
  2
DIMSTYLE
  5
A
330
0
100
AcDbSymbolTable
 70
    11
100
AcDbDimStyleTable
 71
     2
340
27C5
340
9A0
  0
DIMSTYLE
105
578
102
{ACAD_REACTORS
330
6295
102
}
330
A
100
AcDbSymbolTableRecord
100
AcDbDimStyleTableRecord
  2
AM_ANSI
 70
     0
  4
mm
 41
0.12
 42
0.05
 43
0.5
 44
0.1
 47
0.1
 48
0.1
 78
     7
 79
     2
 90
        1
140
0.12
141
0.0
146
0.71
147
0.06
176
   256
177
   256
178
     2
274
     4
284
     7
340
11
345
14
346
14
347
14
371
    -1
372
    -1
  0
DIMSTYLE
105
9A0
330
A
100
AcDbSymbolTableRecord
100
AcDbDimStyleTableRecord
  2
STANDARD
 70
     0
 41
0.125
 44
0.125
 90
        1
140
0.125
271
     3
272
     3
279
     2
340
11
1001
ACAD_DSTYLE_DIMJAG
1070
   388
1040
1.5
1001
ACAD_DSTYLE_DIMTALN
1070
   392
1070
     0
  0
DIMSTYLE
105
1A40
330
A
100
AcDbSymbolTableRecord
100
AcDbDimStyleTableRecord
  2
AM_ANSI$3
 70
     0
  4
mm
 41
0.12
 42
0.05
 43
0.5
 44
0.1
 47
0.1
 48
0.1
 78
     7
 79
     2
 90
        1
140
0.12
141
0.0
146
0.71
147
0.06
176
   256
177
   256
178
     2
274
     4
284
     7
288
     1
289
     0
340
11
345
14
346
14
347
14
371
    -1
372
    -1
  0
DIMSTYLE
105
1A41
330
A
100
AcDbSymbolTableRecord
100
AcDbDimStyleTableRecord
  2
AM_ANSI$4
 70
     0
  4
mm
 41
0.12
 42
0.05
 43
0.5
 44
0.1
 47
0.1
 48
0.1
 78
     7
 79
     2
 90
        1
140
0.12
141
0.0
146
0.71
147
0.06
176
   256
177
   256
178
     2
274
     4
284
     7
340
11
345
14
346
14
347
14
371
    -1
372
    -1
  0
DIMSTYLE
105
1A42
330
A
100
AcDbSymbolTableRecord
100
AcDbDimStyleTableRecord
  2
AM_ANSI$7
 70
     0
  4
mm
 41
0.12
 42
0.05
 43
0.5
 44
0.1
 47
0.1
 48
0.1
 78
     7
 79
     2
 90
        1
140
0.12
141
0.0
146
0.71
147
0.06
176
   256
177
   256
178
     2
274
     4
284
     7
340
11
345
14
346
14
347
14
371
    -1
372
    -1
  0
DIMSTYLE
105
1A43
330
A
100
AcDbSymbolTableRecord
100
AcDbDimStyleTableRecord
  2
AM_ANSI$SF
 70
     0
  4
mm
 41
0.12
 42
0.05
 43
0.5
 44
0.1
 47
0.1
 48
0.1
 75
     1
 76
     1
 78
     7
 79
     2
 90
        1
140
0.12
141
0.0
146
0.71
147
0.06
176
   256
177
   256
178
     2
274
     4
284
     7
340
11
345
14
346
14
347
14
371
    -1
372
    -1
  0
DIMSTYLE
105
1A48
330
A
100
AcDbSymbolTableRecord
100
AcDbDimStyleTableRecord
  2
AM_ANSI$SH
 70
     0
  4
mm
 41
0.12
 42
0.05
 43
0.5
 44
0.1
 47
0.1
 48
0.1
 75
     1
 76
     1
 78
     7
 79
     2
 90
        1
140
0.12
141
0.0
146
0.71
147
0.06
173
     1
176
   256
177
   256
178
     2
274
     4
284
     7
340
11
343
1A44
345
14
346
14
347
14
371
    -1
372
    -1
  0
DIMSTYLE
105
27C5
330
A
100
AcDbSymbolTableRecord
100
AcDbDimStyleTableRecord
  2
DIMC
 70
     0
 40
1.5
 41
0.1
 42
0.18
 43
0.375
 44
0.1
140
0.125
141
0.1
147
0.1
176
   256
177
   256
178
     3
271
     3
272
     3
276
     2
340
11
1001
ACAD_DSTYLE_DIMJAG
1070
   388
1040
1.5
1001
ACAD_DSTYLE_DIMTALN
1070
   392
1070
     0
  0
DIMSTYLE
105
F04E
330
A
100
AcDbSymbolTableRecord
100
AcDbDimStyleTableRecord
  2
FRACT
 70
     0
276
     2
277
     5
340
F04D
  0
DIMSTYLE
105
F04F
330
A
100
AcDbSymbolTableRecord
100
AcDbDimStyleTableRecord
  2
MECH
 70
     0
 41
0.063
 42
0.063
 44
0.125
140
0.125
271
     2
272
     2
340
F04C
1001
ACAD_DSTYLE_DIMJAG
1070
   388
1040
1.5
1001
ACAD_DSTYLE_DIMTALN
1070
   392
1070
     0
  0
DIMSTYLE
105
F050
330
A
100
AcDbSymbolTableRecord
100
AcDbDimStyleTableRecord
  2
Standard_DIM
 70
     0
  4
mm
 41
0.12
 42
0.05
 43
0.5
 44
0.1
 47
0.1
 48
0.1
 78
     7
 79
     2
 90
        1
140
0.125
141
0.0
146
0.71
147
0.06
176
   256
177
   256
178
   256
276
     2
277
     4
284
     7
340
F04D
345
14
346
14
347
14
371
    -1
372
    -1
1001
ACAD_DSTYLE_DIMBREAK
1070
   391
1040
0.125
1001
ACAD_DSTYLE_DIMJAG
1070
   388
1040
1.5
1001
ACAD_DSTYLE_DIMTALN
1070
   392
1070
     0
  0
ENDTAB
  0
TABLE
  2
BLOCK_RECORD
  5
1
330
0
100
AcDbSymbolTable
 70
    26
  0
BLOCK_RECORD
  5
1F
102
{ACAD_XDICTIONARY
360
99
102
}
330
1
100
AcDbSymbolTableRecord
100
AcDbBlockTableRecord
  2
*Model_Space
340
22
 70
     0
280
     1
281
     0
  0
BLOCK_RECORD
  5
1B
330
1
100
AcDbSymbolTableRecord
100
AcDbBlockTableRecord
  2
*Paper_Space
340
1E
 70
     0
280
     1
281
     0
  0
BLOCK_RECORD
  5
23
330
1
100
AcDbSymbolTableRecord
100
AcDbBlockTableRecord
  2
*Paper_Space0
340
26
 70
     0
280
     1
281
     0
  0
BLOCK_RECORD
  5
1A44
330
1
100
AcDbSymbolTableRecord
100
AcDbBlockTableRecord
  2
GENAXEH
340
0
 70
     0
280
     1
281
     0
  0
BLOCK_RECORD
  5
4CF2
330
1
100
AcDbSymbolTableRecord
100
AcDbBlockTableRecord
  2
AVE_RENDER
340
0
102
{BLKREFS
331
7054
331
7055
331
7056
331
6734
331
6735
331
6736
331
677B
331
677C
331
677D
331
6791
331
6792
331
6793
331
67CB
331
67CC
331
67CD
331
6812
331
6813
331
6814
331
6C3E
331
6C3F
331
6C40
331
6C78
331
6C79
331
6C7A
331
6CBF
331
6CC0
331
6CC1
331
6BA7
331
6BA8
331
6BA9
331
6BE1
331
6BE2
331
6BE3
331
6C28
331
6C29
331
6C2A
102
}
 70
     0
280
     1
281
     0
  0
BLOCK_RECORD
  5
4CF5
330
1
100
AcDbSymbolTableRecord
100
AcDbBlockTableRecord
  2
SSPC
340
0
102
{BLKREFS
331
6F19
331
6F1A
331
6F1B
331
6F57
331
6F58
331
6F59
331
6F95
331
6F96
331
6F97
331
6FD3
331
6FD4
331
6FD5
331
7011
331
7012
331
7013
331
68E0
331
68E1
331
68E2
331
68F7
331
68F8
331
68F9
331
6935
331
6936
331
6937
331
6D8D
331
6D8E
331
6D8F
331
6DA4
331
6DA5
331
6DA6
331
6DE2
331
6DE3
331
6DE4
331
6E21
331
6E22
331
6E23
331
6E5F
331
6E60
331
6E61
331
6E9D
331
6E9E
331
6E9F
331
6EDB
331
6EDC
331
6EDD
331
6974
331
6975
331
6976
331
69B2
331
69B3
331
69B4
331
69F0
331
69F1
331
69F2
331
6A2E
331
6A2F
331
6A30
331
6A6C
331
6A6D
331
6A6E
331
6AAA
331
6AAB
331
6AAC
331
6AE8
331
6AE9
331
6AEA
331
6B26
331
6B27
331
6B28
331
6B64
331
6B65
331
6B66
102
}
 70
     0
280
     1
281
     0
  0
BLOCK_RECORD
  5
4CF8
330
1
100
AcDbSymbolTableRecord
100
AcDbBlockTableRecord
  2
SSLT
340
0
102
{BLKREFS
331
6F1C
331
6F5A
331
6F98
331
6FD6
331
7014
331
68E3
331
68FA
331
6938
331
6D90
331
6DA7
331
6DE5
331
6E24
331
6E62
331
6EA0
331
6EDE
331
6977
331
69B5
331
69F3
331
6A31
331
6A6F
331
6AAD
331
6AEB
331
6B29
331
6B67
102
}
 70
     0
280
     1
281
     0
  0
BLOCK_RECORD
  5
5CF7
330
1
100
AcDbSymbolTableRecord
100
AcDbBlockTableRecord
  2
WD_M
340
0
102
{BLKREFS
331
5D48
102
}
 70
     0
280
     1
281
     0
  0
BLOCK_RECORD
  5
6287
330
1
100
AcDbSymbolTableRecord
100
AcDbBlockTableRecord
  2
*U6
340
0
 70
     0
280
     1
281
     0
  0
BLOCK_RECORD
  5
62B2
330
1
100
AcDbSymbolTableRecord
100
AcDbBlockTableRecord
  2
_ACMFILLEDHALF
340
0
 70
     0
280
     1
281
     0
  0
BLOCK_RECORD
  5
70B7
102
{ACAD_XDICTIONARY
360
70F1
102
}
330
1
100
AcDbSymbolTableRecord
100
AcDbBlockTableRecord
  2
TITLE
340
0
102
{BLKREFS
331
70F5
102
}
 70
     1
280
     1
281
     0
1001
AcDbDynamicBlockGUID
1000
{E3F5BE7B-7DD2-4D7B-A0D1-BE07FCF08829}
  0
BLOCK_RECORD
  5
71AD
330
1
100
AcDbSymbolTableRecord
100
AcDbBlockTableRecord
  2
NOTES
340
0
102
{BLKREFS
331
F5B4
102
}
 70
     1
280
     1
281
     0
  0
BLOCK_RECORD
  5
7A38
102
{ACAD_XDICTIONARY
360
7AD0
102
}
330
1
100
AcDbSymbolTableRecord
100
AcDbBlockTableRecord
  2
REVISION
340
0
102
{BLKREFS
331
7A6B
331
F622
102
}
 70
     1
280
     1
281
     0
1001
ACAUTHENVIRON
1005
7A9D
1001
AcDbDynamicBlockTrueName
1000
REVISION
1001
AcDbDynamicBlockGUID
1000
{E966ECC9-9044-EA42-88F2-803BE6C22C8F}
  0
BLOCK_RECORD
  5
BA9B
102
{ACAD_XDICTIONARY
360
BA9C
102
}
330
1
100
AcDbSymbolTableRecord
100
AcDbBlockTableRecord
  2
IOM_TITLE_BLOCK_BORDER
340
0
102
{BLKREFS
331
CF0A
102
}
 70
     1
280
     1
281
     0
  0
BLOCK_RECORD
  5
D547
102
{ACAD_XDICTIONARY
360
D548
102
}
330
1
100
AcDbSymbolTableRecord
100
AcDbBlockTableRecord
  2
A$Cb4c55d7e
340
0
102
{BLKREFS
331
D6AC
102
}
 70
     1
280
     1
281
     0
  0
BLOCK_RECORD
  5
E55B
102
{ACAD_XDICTIONARY
360
E55D
102
}
330
1
100
AcDbSymbolTableRecord
100
AcDbBlockTableRecord
  2
A$C871e7a8d
340
0
 70
     0
280
     1
281
     0
  0
BLOCK_RECORD
  5
E59B
330
1
100
AcDbSymbolTableRecord
100
AcDbBlockTableRecord
  2
LINEREF_ENCASEMENT
340
0
102
{BLKREFS
331
E5F4
331
E5F5
331
E5F6
331
E5F7
331
E5F8
331
E5F9
331
E5FA
331
E5FB
331
E5FC
331
E5FD
331
E5FE
331
E5FF
331
E600
331
E601
331
E602
331
E603
331
E604
331
E605
331
E606
331
E607
331
E608
331
E609
331
E60A
331
E60B
331
E62F
102
}
 70
     1
280
     1
281
     0
  0
BLOCK_RECORD
  5
E5A2
330
1
100
AcDbSymbolTableRecord
100
AcDbBlockTableRecord
  2
WD_MLRH
340
0
102
{BLKREFS
331
E60C
102
}
 70
     0
280
     1
281
     0
  0
BLOCK_RECORD
  5
E631
102
{ACAD_XDICTIONARY
360
E632
102
}
330
1
100
AcDbSymbolTableRecord
100
AcDbBlockTableRecord
  2
VCB11TH
340
0
 70
     0
280
     1
281
     0
  0
BLOCK_RECORD
  5
E650
102
{ACAD_XDICTIONARY
360
E651
102
}
330
1
100
AcDbSymbolTableRecord
100
AcDbBlockTableRecord
  2
HXF1T2_1-
340
0
 70
     0
280
     1
281
     0
  0
BLOCK_RECORD
  5
E66A
330
1
100
AcDbSymbolTableRecord
100
AcDbBlockTableRecord
  2
WDDOT
340
0
102
{BLKREFS
331
F2CB
331
F387
331
F388
331
F6C7
102
}
 70
     0
280
     1
281
     0
  0
BLOCK_RECORD
  5
E670
102
{ACAD_XDICTIONARY
360
E671
102
}
330
1
100
AcDbSymbolTableRecord
100
AcDbBlockTableRecord
  2
HC01PJ_1-
340
0
102
{BLKREFS
331
F35B
102
}
 70
     0
280
     1
281
     0
  0
BLOCK_RECORD
  5
E68B
102
{ACAD_XDICTIONARY
360
E68C
102
}
330
1
100
AcDbSymbolTableRecord
100
AcDbBlockTableRecord
  2
VC01PJ_1-
340
0
102
{BLKREFS
331
EFE9
331
EFFF
331
F066
331
F07C
331
F0B8
331
F0CE
331
F10B
331
F121
331
F15E
331
F174
331
F3AD
331
F3C3
331
F3F2
331
F408
331
F449
331
F45F
331
F48E
331
F2FE
331
F314
331
F4A4
102
}
 70
     0
280
     1
281
     0
  0
BLOCK_RECORD
  5
E6A7
102
{ACAD_XDICTIONARY
360
E6A8
102
}
330
1
100
AcDbSymbolTableRecord
100
AcDbBlockTableRecord
  2
VXF1CT
340
0
 70
     0
280
     1
281
     0
  0
BLOCK_RECORD
  5
E6C3
102
{ACAD_XDICTIONARY
360
E6C4
102
}
330
1
100
AcDbSymbolTableRecord
100
AcDbBlockTableRecord
  2
HFU1_1-
340
0
 70
     0
280
     1
281
     0
  0
BLOCK_RECORD
  5
EE86
330
1
100
AcDbSymbolTableRecord
100
AcDbBlockTableRecord
  2
1LCT1A
340
0
102
{BLKREFS
331
F023
331
F099
331
F0EB
331
F13E
331
F3DF
331
F424
331
F47B
331
F191
331
F330
331
F341
331
F4C0
102
}
 70
     0
280
     1
281
     0
  0
BLOCK_RECORD
  5
F033
330
1
100
AcDbSymbolTableRecord
100
AcDbBlockTableRecord
  2
CSHEXA
340
0
102
{BLKREFS
331
F045
331
F05C
331
F0A9
331
F0FB
331
F14E
331
F3EC
331
F430
331
F488
331
F1A1
331
F33C
331
F34B
331
F4C2
331
F5BD
102
}
 70
     0
280
     1
281
     0
  0
BLOCK_RECORD
  5
F048
330
1
100
AcDbSymbolTableRecord
100
AcDbBlockTableRecord
  2
WD1005
340
0
102
{BLKREFS
331
F058
331
F0AB
331
F0FD
331
F101
331
F150
331
F154
331
F3EE
331
F3F1
331
F48A
331
F48D
331
F1A3
331
F2FA
331
F2FB
331
F2FD
331
F350
331
F6B5
102
}
 70
     0
280
     1
281
     0
  0
ENDTAB
  0
ENDSEC
  0
SECTION
  2
BLOCKS
  0
BLOCK
  5
20
330
1F
100
AcDbEntity
  8
0
100
AcDbBlockBegin
  2
*Model_Space
 70
     0
 10
0.0
 20
0.0
 30
0.0
  3
*Model_Space
  1

  0
ENDBLK
  5
21
330
1F
100
AcDbEntity
  8
0
100
AcDbBlockEnd
  0
BLOCK
  5
1C
330
1B
100
AcDbEntity
 67
     1
  8
0
100
AcDbBlockBegin
  2
*Paper_Space
 70
     0
 10
0.0
 20
0.0
 30
0.0
  3
*Paper_Space
  1

  0
ENDBLK
  5
1D
330
1B
100
AcDbEntity
 67
     1
  8
0
100
AcDbBlockEnd
  0
BLOCK
  5
24
330
23
100
AcDbEntity
 67
     1
  8
0
100
AcDbBlockBegin
  2
*Paper_Space0
 70
     0
 10
0.0
 20
0.0
 30
0.0
  3
*Paper_Space0
  1

  0
ENDBLK
  5
25
330
23
100
AcDbEntity
 67
     1
  8
0
100
AcDbBlockEnd
  0
BLOCK
  5
1A46
330
1A44
100
AcDbEntity
  8
0
100
AcDbBlockBegin
  2
GENAXEH
 70
     0
 10
0.0
 20
0.0
 30
0.0
  3
GENAXEH
  1

  0
LINE
  5
1A45
330
1A44
100
AcDbEntity
  8
0
100
AcDbLine
 10
-1.0
 20
0.0
 30
0.0
 11
1.0
 21
0.0
 31
0.0
  0
ENDBLK
  5
1A47
330
1A44
100
AcDbEntity
  8
0
100
AcDbBlockEnd
  0
BLOCK
  5
4CF3
330
4CF2
100
AcDbEntity
  8
0
100
AcDbBlockBegin
  2
AVE_RENDER
 70
     0
 10
0.0
 20
0.0
 30
0.0
  3
AVE_RENDER
  1
AVE_RENDER
  0
ENDBLK
  5
4CF4
330
4CF2
100
AcDbEntity
  8
0
100
AcDbBlockEnd
  0
BLOCK
  5
4CF6
330
4CF5
100
AcDbEntity
  8
0
100
AcDbBlockBegin
  2
SSPC
 70
     0
 10
0.0
 20
0.0
 30
0.0
  3
SSPC
  1

  0
ENDBLK
  5
4CF7
330
4CF5
100
AcDbEntity
  8
0
100
AcDbBlockEnd
  0
BLOCK
  5
4CF9
330
4CF8
100
AcDbEntity
  8
0
100
AcDbBlockBegin
  2
SSLT
 70
     0
 10
0.0
 20
0.0
 30
0.0
  3
SSLT
  1

  0
ENDBLK
  5
4CFA
330
4CF8
100
AcDbEntity
  8
0
100
AcDbBlockEnd
  0
BLOCK
  5
5D45
330
5CF7
100
AcDbEntity
  8
0
 48
0.2
100
AcDbBlockBegin
  2
WD_M
 70
     2
 10
0.0
 20
0.0
 30
0.0
  3
WD_M
  1

  0
ATTDEF
  5
5CF8
330
5CF7
100
AcDbEntity
  8
0
100
AcDbText
 10
0.0786136682252767
 20
-32.89320506023586
 30
0.0
 40
0.32
  1

  7
WD_IEC
100
AcDbAttributeDefinition
280
     0
  3

  2
WNUM_GAP
 70
     1
280
     0
  0
ATTDEF
  5
5CF9
330
5CF7
100
AcDbEntity
  8
0
100
AcDbText
 10
0.0786136682252767
 20
-32.29368063738266
 30
0.0
 40
0.32
  1
1
  7
WD_IEC
100
AcDbAttributeDefinition
280
     0
  3

  2
WNUM_FLAGS
 70
     1
280
     0
  0
ATTDEF
  5
5CFA
330
5CF7
100
AcDbEntity
  8
0
100
AcDbText
 10
0.0786136682252767
 20
-31.69415621452946
 30
0.0
 40
0.32
  1
0.0
  7
WD_IEC
100
AcDbAttributeDefinition
280
     0
  3

  2
WNUM_OFFSET
 70
     1
280
     0
  0
ATTDEF
  5
5CFB
330
5CF7
100
AcDbEntity
  8
0
100
AcDbText
 10
0.0786136682252767
 20
-31.09463179167626
 30
0.0
 40
0.32
  1
L,L,L,L,L,L,L,L,L,L
  7
WD_IEC
100
AcDbAttributeDefinition
280
     0
  3

  2
XREF_TBLCOLJUST
 70
     1
280
     0
  0
ATTDEF
  5
5CFC
330
5CF7
100
AcDbEntity
  8
0
100
AcDbText
 10
0.0786136682252767
 20
-30.49510736882306
 30
0.0
 40
0.32
  1
W1,T1,TYPE,T2,W2,REF,SH,SHDWGNAM,FILENAME,FULLFILENAME
  7
WD_IEC
100
AcDbAttributeDefinition
280
     0
  3

  2
XREF_TBLFLDNAMS
 70
     1
280
     0
  0
ATTDEF
  5
5CFD
330
5CF7
100
AcDbEntity
  8
0
100
AcDbText
 10
0.0786136682252767
 20
-29.89558294596985
 30
0.0
 40
0.32
  1
1,2,3,5
  7
WD_IEC
100
AcDbAttributeDefinition
280
     0
  3

  2
XREF_TBLINDEX
 70
     1
280
     0
  0
ATTDEF
  5
5CFE
330
5CF7
100
AcDbEntity
  8
0
100
AcDbText
 10
0.0786136682252767
 20
-29.29605852311666
 30
0.0
 40
0.32
  1
%T
  7
WD_IEC
100
AcDbAttributeDefinition
280
     0
  3

  2
XREF_TBLTITLE
 70
     1
280
     0
  0
ATTDEF
  5
5CFF
330
5CF7
100
AcDbEntity
  8
0
100
AcDbText
 10
0.0786136682252767
 20
-28.69653410026346
 30
0.0
 40
0.32
  1
Standard
  7
WD_IEC
100
AcDbAttributeDefinition
280
     0
  3

  2
XREF_TBLSTYLE
 70
     1
280
     0
  0
ATTDEF
  5
5D00
330
5CF7
100
AcDbEntity
  8
0
100
AcDbText
 10
0.0786136682252767
 20
-28.09700967741026
 30
0.0
 40
0.32
  1
NO,NC,NONC
  7
WD_IEC
100
AcDbAttributeDefinition
280
     0
  3

  2
XREF_CONTACTMAP
 70
     1
280
     0
  0
ATTDEF
  5
5D01
330
5CF7
100
AcDbEntity
  8
0
100
AcDbText
 10
0.0786136682252767
 20
-27.49748525455706
 30
0.0
 40
0.32
  1
1
  7
WD_IEC
100
AcDbAttributeDefinition
280
     0
  3

  2
XREF_GRAPHICSTYLE
 70
     1
280
     0
  0
ATTDEF
  5
5D02
330
5CF7
100
AcDbEntity
  8
0
100
AcDbText
 10
0.0786136682252767
 20
-26.89796083170385
 30
0.0
 40
0.32
  1
1
  7
WD_IEC
100
AcDbAttributeDefinition
280
     0
  3

  2
XREF_GRAPHIC
 70
     1
280
     0
  0
ATTDEF
  5
5D03
330
5CF7
100
AcDbEntity
  8
0
100
AcDbText
 10
0.0786136682252767
 20
-26.29843640885066
 30
0.0
 40
0.32
  1
,
  7
WD_IEC
100
AcDbAttributeDefinition
280
     0
  3

  2
XREF_TXTBTWN
 70
     1
280
     0
  0
ATTDEF
  5
5D04
330
5CF7
100
AcDbEntity
  8
0
100
AcDbText
 10
0.0786136682252767
 20
-25.69891198599746
 30
0.0
 40
0.32
  1
1
  7
WD_IEC
100
AcDbAttributeDefinition
280
     0
  3

  2
XREF_SORT
 70
     1
280
     0
  0
ATTDEF
  5
5D05
330
5CF7
100
AcDbEntity
  8
0
100
AcDbText
 10
0.0786136682252767
 20
-25.09938756314426
 30
0.0
 40
0.32
  1

  7
WD_IEC
100
AcDbAttributeDefinition
280
     0
  3

  2
XREF_FILLWITH
 70
     1
280
     0
  0
ATTDEF
  5
5D06
330
5CF7
100
AcDbEntity
  8
0
100
AcDbText
 10
0.0786136682252767
 20
-24.49986314029106
 30
0.0
 40
0.32
  1
0
  7
WD_IEC
100
AcDbAttributeDefinition
280
     0
  3

  2
XREF_UNUSEDSTYLE
 70
     1
280
     0
  0
ATTDEF
  5
5D07
330
5CF7
100
AcDbEntity
  8
0
100
AcDbText
 10
0.0786136682252767
 20
-23.90033871743785
 30
0.0
 40
0.32
  1
0
  7
WD_IEC
100
AcDbAttributeDefinition
280
     0
  3

  2
XREF_FLAGS
 70
     1
280
     0
  0
ATTDEF
  5
5D08
330
5CF7
100
AcDbEntity
  8
0
100
AcDbText
 10
0.0786136682252767
 20
-23.30081429458465
 30
0.0
 40
0.32
  1
1
  7
WD_IEC
100
AcDbAttributeDefinition
280
     0
  3

  2
XREF_STYLE
 70
     1
280
     0
  0
ATTDEF
  5
5D09
330
5CF7
100
AcDbEntity
  8
0
100
AcDbText
 10
0.0786136682252767
 20
-22.70128987173146
 30
0.0
 40
0.32
  1

  7
WD_IEC
100
AcDbAttributeDefinition
280
     0
  3

  2
SORTMODE
 70
     1
280
     0
  0
ATTDEF
  5
5D0A
330
5CF7
100
AcDbEntity
  8
0
100
AcDbText
 10
0.0786136682252767
 20
-22.10176544887826
 30
0.0
 40
0.32
  1
LOCBOX
  7
WD_IEC
100
AcDbAttributeDefinition
280
     0
  3

  2
LOCBOX_LAY
 70
     1
280
     0
  0
ATTDEF
  5
5D0B
330
5CF7
100
AcDbEntity
  8
0
100
AcDbText
 10
0.0786136682252767
 20
-21.50224102602505
 30
0.0
 40
0.32
  1
1
  7
WD_IEC
100
AcDbAttributeDefinition
280
     0
  3

  2
FAN_INOUT_STYLE
 70
     1
280
     0
  0
ATTDEF
  5
5D0C
330
5CF7
100
AcDbEntity
  8
0
100
AcDbText
 10
0.0786136682252767
 20
-20.86224102602505
 30
0.0
 40
0.32
  1
_MULTI_WIRE
  7
WD_IEC
100
AcDbAttributeDefinition
280
     0
  3

  2
FAN_INOUT_LAYS
 70
     1
280
     0
  0
ATTDEF
  5
5D0D
330
5CF7
100
AcDbEntity
  8
0
100
AcDbText
 10
0.0833236341227668
 20
-20.26211802573552
 30
0.0
 40
0.32
  1

  7
WD_IEC
100
AcDbAttributeDefinition
280
     0
  3

  2
MISC_DATA
 70
     1
280
     0
  0
ATTDEF
  5
5D0E
330
5CF7
100
AcDbEntity
  8
0
100
AcDbText
 10
0.0833236341227668
 20
-19.62211802573552
 30
0.0
 40
0.32
  1
WIREREF
  7
WD_IEC
100
AcDbAttributeDefinition
280
     0
  3

  2
WIREREF_LAY
 70
     1
280
     0
  0
ATTDEF
  5
5D0F
330
5CF7
100
AcDbEntity
  8
0
100
AcDbText
 10
0.0833236341227668
 20
-17.70211802573552
 30
0.0
 40
0.32
  1

  7
WD_IEC
100
AcDbAttributeDefinition
280
     0
  3

  2
IEC_PROJ
 70
     1
280
     0
  0
ATTDEF
  5
5D10
330
5CF7
100
AcDbEntity
  8
0
100
AcDbText
 10
0.0833236341227668
 20
-18.34211802573552
 30
0.0
 40
0.32
  1

  7
WD_IEC
100
AcDbAttributeDefinition
280
     0
  3

  2
IEC_INST
 70
     1
280
     0
  0
ATTDEF
  5
5D11
330
5CF7
100
AcDbEntity
  8
0
100
AcDbText
 10
0.0833236341227668
 20
-18.98211802573552
 30
0.0
 40
0.32
  1

  7
WD_IEC
100
AcDbAttributeDefinition
280
     0
  3

  2
IEC_LOC
 70
     1
280
     0
  0
ATTDEF
  5
5D12
330
5CF7
100
AcDbEntity
  8
0
100
AcDbText
 10
0.0833236341227668
 20
-15.78211802573552
 30
0.0
 40
0.32
  1
TAGFIXED
  7
WD_IEC
100
AcDbAttributeDefinition
280
     0
  3

  2
TAGFIXED_LAY
 70
     1
280
     0
  0
ATTDEF
  5
5D13
330
5CF7
100
AcDbEntity
  8
0
100
AcDbText
 10
0.0833236341227668
 20
-16.42211802573552
 30
0.0
 40
0.32
  1
1
  7
WD_IEC
100
AcDbAttributeDefinition
280
     0
  3

  2
GAP_STYLE
 70
     1
280
     0
  0
ATTDEF
  5
5D14
330
5CF7
100
AcDbEntity
  8
0
100
AcDbText
 10
0.0833236341227668
 20
-17.06211802573552
 30
0.0
 40
0.32
  1
1
  7
WD_IEC
100
AcDbAttributeDefinition
280
     0
  3

  2
MISC_FLAGS
 70
     1
280
     0
  0
ATTDEF
  5
5D15
330
5CF7
100
AcDbEntity
  8
0
100
AcDbText
 10
0.1014265040707407
 20
-5.755254026145105
 30
0.0
 40
0.32
  1
%N
  7
WD_IEC
100
AcDbAttributeDefinition
280
     0
  3

  2
ALT_XREFFMT
 70
     1
280
     0
  0
ATTDEF
  5
5D16
330
5CF7
100
AcDbEntity
  8
0
100
AcDbText
 10
0.0729983351158339
 20
-11.51862058942107
 30
0.0
 40
0.32
  1

  7
WD_IEC
100
AcDbAttributeDefinition
280
     0
  3

  2
SHEETDWGNAME
 70
     1
280
     0
  0
ATTDEF
  5
5D17
330
5CF7
100
AcDbEntity
  8
0
100
AcDbText
 10
0.0833236341227668
 20
-15.14211802573552
 30
0.0
 40
0.32
  1
SYMS
  7
WD_IEC
100
AcDbAttributeDefinition
280
     0
  3

  2
COMP_LAY
 70
     1
280
     0
  0
ATTDEF
  5
5D18
330
5CF7
100
AcDbEntity
  8
0
100
AcDbText
 10
0.0833236341227668
 20
-14.50211802573552
 30
0.0
 40
0.32
  1
LINK
  7
WD_IEC
100
AcDbAttributeDefinition
280
     0
  3

  2
LINK_LAY
 70
     1
280
     0
  0
ATTDEF
  5
5D19
330
5CF7
100
AcDbEntity
  8
0
100
AcDbText
 10
0.0833236341227668
 20
-13.86211802573552
 30
0.0
 40
0.32
  1
1
  7
WD_IEC
100
AcDbAttributeDefinition
280
     0
  3

  2
ARROW_STYLE
 70
     1
280
     0
  0
ATTDEF
  5
5D1A
330
5CF7
100
AcDbEntity
  8
0
100
AcDbText
 10
0.0833236341227668
 20
-13.22211802573553
 30
0.0
 40
0.32
  1
1
  7
WD_IEC
100
AcDbAttributeDefinition
280
     0
  3

  2
PLC_STYLE
 70
     1
280
     0
  0
ATTDEF
  5
5D1B
330
5CF7
100
AcDbEntity
  8
0
  6
Continuous
 62
     7
100
AcDbText
 10
0.0744187148578242
 20
-0.9039147551883107
 30
0.0
 40
0.32
  1
MISC
  7
WD_IEC
100
AcDbAttributeDefinition
280
     0
  3

  2
MISC_LAY
 70
     1
280
     0
  0
ATTDEF
  5
5D1C
330
5CF7
100
AcDbEntity
  8
0
  6
Continuous
 62
     7
100
AcDbText
 10
0.0744187148578242
 20
-2.18391475518831
 30
0.0
 40
0.32
  1
DESCCHILD
  7
WD_IEC
100
AcDbAttributeDefinition
280
     0
  3

  2
CDESC_LAY
 70
     1
280
     0
  0
ATTDEF
  5
5D1D
330
5CF7
100
AcDbEntity
  8
0
  6
Continuous
 62
     7
100
AcDbText
 10
0.0744187148578242
 20
-1.60791475518831
 30
0.0
 40
0.32
  1
XREFCHILD
  7
WD_IEC
100
AcDbAttributeDefinition
280
     0
  3

  2
CXREF_LAY
 70
     1
280
     0
  0
ATTDEF
  5
5D1E
330
5CF7
100
AcDbEntity
  8
0
  6
Continuous
 62
     7
100
AcDbText
 10
0.021402616538138
 20
7.509389619574371
 30
0.0
 40
0.32
  1
0
  7
WD_IEC
100
AcDbAttributeDefinition
280
     0
  3

  2
WLEADERS
 70
     1
280
     0
  0
ATTDEF
  5
5D1F
330
5CF7
100
AcDbEntity
  8
0
  6
Continuous
 62
     7
100
AcDbText
 10
0.0744187148578242
 20
-0.2639147551883108
 30
0.0
 40
0.32
  1
POS
  7
WD_IEC
100
AcDbAttributeDefinition
280
     0
  3

  2
POS_LAY
 70
     1
280
     0
  0
ATTDEF
  5
5D20
330
5CF7
100
AcDbEntity
  8
0
  6
Continuous
 62
     7
100
AcDbText
 10
0.0744187148578242
 20
0.3120852448116897
 30
0.0
 40
0.32
  1
LOC
  7
WD_IEC
100
AcDbAttributeDefinition
280
     0
  3

  2
LOC_LAY
 70
     1
280
     0
  0
ATTDEF
  5
5D21
330
5CF7
100
AcDbEntity
  8
0
  6
Continuous
 62
     7
100
AcDbText
 10
0.0197661935835356
 20
2.493811931455495
 30
0.0
 40
0.32
  1
TAGS
  7
WD_IEC
100
AcDbAttributeDefinition
280
     0
  3

  2
TAG_LAY
 70
     1
280
     0
  0
ATTDEF
  5
5D22
330
5CF7
100
AcDbEntity
  8
0
  6
Continuous
 62
     7
100
AcDbText
 10
-0.0253042797622385
 20
1.998258526600745
 30
0.0
 40
0.32
  1
XREF
  7
WD_IEC
100
AcDbAttributeDefinition
280
     0
  3

  2
XREF_LAY
 70
     1
280
     0
  0
ATTDEF
  5
5D23
330
5CF7
100
AcDbEntity
  8
0
  6
Continuous
 62
     7
100
AcDbText
 10
0.0293482415120465
 20
1.438342969730045
 30
0.0
 40
0.32
  1
DESC
  7
WD_IEC
100
AcDbAttributeDefinition
280
     0
  3

  2
DESC_LAY
 70
     1
280
     0
  0
ATTDEF
  5
5D24
330
5CF7
100
AcDbEntity
  8
0
  6
Continuous
 62
     7
100
AcDbText
 10
0.0293482415120465
 20
0.8623429697300428
 30
0.0
 40
0.32
  1
TERMS
  7
WD_IEC
100
AcDbAttributeDefinition
280
     0
  3

  2
TERM_LAY
 70
     1
280
     0
  0
ATTDEF
  5
5D25
330
5CF7
100
AcDbEntity
  8
0
  6
Continuous
 62
     7
100
AcDbText
 10
0.019766301040022
 20
4.295824232418121
 30
0.0
 40
0.32
  1
WIREFIXED
  7
WD_IEC
100
AcDbAttributeDefinition
280
     0
  3

  2
WIREFIXED_LAY
 70
     1
280
     0
  0
ATTDEF
  5
5D26
330
5CF7
100
AcDbEntity
  8
0
100
AcDbText
 10
0.0833236341227668
 20
-12.58211802573553
 30
0.0
 40
0.32
  1
1.0
  7
WD_IEC
100
AcDbAttributeDefinition
280
     0
  3

  2
FEATURE_SCL
 70
     1
280
     0
  0
ATTDEF
  5
5D27
330
5CF7
100
AcDbEntity
  8
0
100
AcDbText
 10
0.0833236341227668
 20
-12.00611802573553
 30
0.0
 40
0.32
  1
1.0
  7
WD_IEC
100
AcDbAttributeDefinition
280
     0
  3

  2
UNIT_SCL
 70
     1
280
     0
  0
ATTDEF
  5
5D28
330
5CF7
100
AcDbEntity
  8
0
  6
Continuous
 62
     7
100
AcDbText
 10
0.0648367743857996
 20
4.791377637272871
 30
0.0
 40
0.32
  1
WIRECOPY
  7
WD_IEC
100
AcDbAttributeDefinition
280
     0
  3

  2
WIRECOPY_LAY
 70
     1
280
     0
  0
ATTDEF
  5
5D29
330
5CF7
100
AcDbEntity
  8
0
  6
Continuous
 62
     7
100
AcDbText
 10
0.0648367743857996
 20
5.386262084759143
 30
0.0
 40
0.32
  1
WIRENO
  7
WD_IEC
100
AcDbAttributeDefinition
280
     0
  3

  2
WIRENO_LAY
 70
     1
280
     0
  0
ATTDEF
  5
5D2A
330
5CF7
100
AcDbEntity
  8
0
  6
Continuous
 62
     7
100
AcDbText
 10
0.0223260389998643
 20
5.853671275639389
 30
0.0
 40
0.32
  1
RED*,BLK*,WHT*,BLU*,YEL*,GRN*,WIRES
  7
WD_IEC
100
AcDbAttributeDefinition
280
     0
  3

  2
WIRELAYS
 70
     1
280
     0
  0
ATTDEF
  5
5D2B
330
5CF7
100
AcDbEntity
  8
0
100
AcDbText
 10
0.0382530533205028
 20
9.114240284777586
 30
0.0
 40
0.32
  1
0
  7
WD_IEC
100
AcDbAttributeDefinition
280
     0
  3

  2
DRWRUNG
 70
     1
280
     0
  0
ATTDEF
  5
5D2C
330
5CF7
100
AcDbEntity
  8
0
100
AcDbText
 10
0.0382530533205028
 20
9.690240284777587
 30
0.0
 40
0.32
  1
1
  7
WD_IEC
100
AcDbAttributeDefinition
280
     0
  3

  2
RUNGINC
 70
     1
280
     0
  0
ATTDEF
  5
5D2D
330
5CF7
100
AcDbEntity
  8
0
100
AcDbText
 10
0.4116554170620966
 20
-10.42486329349138
 30
0.0
 40
0.3200000000000001
  1
-
  7
WD_IEC
100
AcDbAttributeDefinition
280
     0
  3

  2
XY_DELIM
 70
     1
280
     0
  0
ATTDEF
  5
5D2E
330
5CF7
100
AcDbEntity
  8
0
100
AcDbText
 10
0.0729983351158339
 20
-10.87862058942107
 30
0.0
 40
0.32
  1

  7
WD_IEC
100
AcDbAttributeDefinition
280
     0
  3

  2
SHEET
 70
     1
280
     0
  0
ATTDEF
  5
5D2F
330
5CF7
100
AcDbEntity
  8
0
100
AcDbText
 10
0.4116554170620966
 20
-9.951275429328426
 30
0.0
 40
0.3200000000000001
  1
1
  7
WD_IEC
100
AcDbAttributeDefinition
280
     0
  3

  2
HORIZ_FIRST
 70
     1
280
     0
  0
ATTDEF
  5
5D30
330
5CF7
100
AcDbEntity
  8
0
100
AcDbText
 10
0.4116554170620966
 20
-9.417942095995094
 30
0.0
 40
0.3200000000000001
  1
1
  7
WD_IEC
100
AcDbAttributeDefinition
280
     0
  3

  2
CHAR_V
 70
     1
280
     0
  0
ATTDEF
  5
5D31
330
5CF7
100
AcDbEntity
  8
0
100
AcDbText
 10
0.4116554170620966
 20
-8.991275429328426
 30
0.0
 40
0.3200000000000001
  1
A
  7
WD_IEC
100
AcDbAttributeDefinition
280
     0
  3

  2
CHAR_H
 70
     1
280
     0
  0
ATTDEF
  5
5D32
330
5CF7
100
AcDbEntity
  8
0
100
AcDbText
 10
0.4116554170620966
 20
-8.457942095995095
 30
0.0
 40
0.3200000000000001
  1
50
  7
WD_IEC
100
AcDbAttributeDefinition
280
     0
  3

  2
DISTV
 70
     1
280
     0
  0
ATTDEF
  5
5D33
330
5CF7
100
AcDbEntity
  8
0
100
AcDbText
 10
0.4116554170620966
 20
-7.92460876266176
 30
0.0
 40
0.3200000000000001
  1
50
  7
WD_IEC
100
AcDbAttributeDefinition
280
     0
  3

  2
DISTH
 70
     1
280
     0
  0
ATTDEF
  5
5D34
330
5CF7
100
AcDbEntity
  8
0
100
AcDbText
 10
0.4116554170620966
 20
-7.391275429328429
 30
0.0
 40
0.3200000000000001
  1

  7
WD_IEC
100
AcDbAttributeDefinition
280
     0
  3

  2
DATUMY
 70
     1
280
     0
  0
ATTDEF
  5
5D35
330
5CF7
100
AcDbEntity
  8
0
100
AcDbText
 10
0.4116554170620966
 20
-6.857942095995092
 30
0.0
 40
0.3200000000000001
  1

  7
WD_IEC
100
AcDbAttributeDefinition
280
     0
  3

  2
DATUMX
 70
     1
280
     0
  0
ATTDEF
  5
5D36
330
5CF7
100
AcDbEntity
  8
0
100
AcDbText
 10
0.1014265040707407
 20
-6.331254026145106
 30
0.0
 40
0.32
  1
12
  7
WD_IEC
100
AcDbAttributeDefinition
280
     0
  3

  2
PH3SPACE
 70
     1
280
     0
  0
ATTDEF
  5
5D37
330
5CF7
100
AcDbEntity
  8
0
100
AcDbText
 10
0.1014265040707407
 20
-5.115254026145105
 30
0.0
 40
0.32
  1
%N
  7
WD_IEC
100
AcDbAttributeDefinition
280
     0
  3

  2
XREFFMT
 70
     1
280
     0
  0
ATTDEF
  5
5D38
330
5CF7
100
AcDbEntity
  8
0
100
AcDbText
 10
0.1014265040707407
 20
-4.539254026145105
 30
0.0
 40
0.32
  1
,A,B,C,D,E,F,G,H,J
  7
WD_IEC
100
AcDbAttributeDefinition
280
     0
  3

  2
TAG-RSUF
 70
     1
280
     0
  0
ATTDEF
  5
5D39
330
5CF7
100
AcDbEntity
  8
0
100
AcDbText
 10
0.1014265040707407
 20
-3.963254026145106
 30
0.0
 40
0.32
  1
1
  7
WD_IEC
100
AcDbAttributeDefinition
280
     0
  3

  2
TAG-START
 70
     1
280
     0
  0
ATTDEF
  5
5D3A
330
5CF7
100
AcDbEntity
  8
0
100
AcDbText
 10
0.1014265040707407
 20
-3.387254026145106
 30
0.0
 40
0.32
  1
,A,B,C,D,E,F,G,H,J,K,L,M
  7
WD_IEC
100
AcDbAttributeDefinition
280
     0
  3

  2
WIRE-RSUF
 70
     1
280
     0
  0
ATTDEF
  5
5D3B
330
5CF7
100
AcDbEntity
  8
0
100
AcDbText
 10
0.1014265040707407
 20
-2.811254026145105
 30
0.0
 40
0.32
  1
1
  7
WD_IEC
100
AcDbAttributeDefinition
280
     0
  3

  2
WIRE-START
 70
     1
280
     0
  0
ATTDEF
  5
5D3C
330
5CF7
100
AcDbEntity
  8
0
  6
Continuous
 62
     7
100
AcDbText
 10
0.074418822314307
 20
3.159908675547419
 30
0.0
 40
0.32
  1
%F%N
  7
WD_IEC
100
AcDbAttributeDefinition
280
     0
  3

  2
TAGFMT
 70
     1
280
     0
  0
ATTDEF
  5
5D3D
330
5CF7
100
AcDbEntity
  8
0
  6
Continuous
 62
     7
100
AcDbText
 10
0.074418822314307
 20
3.73590867554742
 30
0.0
 40
0.32
  1
R
  7
WD_IEC
100
AcDbAttributeDefinition
280
     0
  3

  2
TAGMODE
 70
     1
280
     0
  0
ATTDEF
  5
5D3E
330
5CF7
100
AcDbEntity
  8
0
  6
Continuous
 62
     7
100
AcDbText
 10
0.0
 20
6.333459772770912
 30
0.0
 40
0.32
  1
%N
  7
WD_IEC
100
AcDbAttributeDefinition
280
     0
  3

  2
WIREFMT
 70
     1
280
     0
  0
ATTDEF
  5
5D3F
330
5CF7
100
AcDbEntity
  8
0
  6
Continuous
 62
     7
100
AcDbText
 10
0.0214025408591034
 20
6.900432208615941
 30
0.0
 40
0.32
  1
R
  7
WD_IEC
100
AcDbAttributeDefinition
280
     0
  3

  2
WIREMODE
 70
     1
280
     0
  0
ATTDEF
  5
5D40
330
5CF7
100
AcDbEntity
  8
0
  6
Continuous
 62
     7
100
AcDbText
 10
-0.0103395168602272
 20
8.048763166778249
 30
0.0
 40
0.32
  1
1
  7
WD_IEC
100
AcDbAttributeDefinition
280
     0
  3

  2
WINC
 70
     1
280
     0
  0
ATTDEF
  5
5D41
330
5CF7
100
AcDbEntity
  8
0
  6
Continuous
 62
     7
100
AcDbText
 10
-0.0103395925392631
 20
8.594123915643249
 30
0.0
 40
0.32
  1
120
  7
WD_IEC
100
AcDbAttributeDefinition
280
     0
  3

  2
DLADW
 70
     1
280
     0
  0
ATTDEF
  5
5D42
330
5CF7
100
AcDbEntity
  8
0
  6
Continuous
 62
     7
100
AcDbText
 10
0.0214025408591034
 20
10.19630105159733
 30
0.0
 40
0.32
  1
24
  7
WD_IEC
100
AcDbAttributeDefinition
280
     0
  3

  2
RUNGDIST
 70
     1
280
     0
  0
ATTDEF
  5
5D43
330
5CF7
100
AcDbEntity
  8
0
  6
Continuous
 62
     7
100
AcDbText
 10
0.0214025408591034
 20
10.66150323408018
 30
0.0
 40
0.32
  1
1
  7
WD_IEC
100
AcDbAttributeDefinition
280
     0
  3

  2
REFNUMS
 70
     1
280
     0
  0
ATTDEF
  5
5D44
330
5CF7
100
AcDbEntity
  8
0
  6
Continuous
 62
     7
100
AcDbText
 10
0.0214025408591034
 20
11.23750323408018
 30
0.0
 40
0.32
  1
V
  7
WD_IEC
100
AcDbAttributeDefinition
280
     0
  3

  2
RUNGHORV
 70
     1
280
     0
  0
ENDBLK
  5
5D46
330
5CF7
100
AcDbEntity
  8
0
 48
0.2
100
AcDbBlockEnd
  0
BLOCK
  5
6288
330
6287
100
AcDbEntity
  8
0
 48
0.2
100
AcDbBlockBegin
  2
*U6
 70
     1
 10
0.0
 20
0.0
 30
0.0
  3
*U6
  1

  0
ENDBLK
  5
6289
330
6287
100
AcDbEntity
  8
0
 48
0.2
100
AcDbBlockEnd
  0
BLOCK
  5
62B3
330
62B2
100
AcDbEntity
  8
0
 48
0.2
100
AcDbBlockBegin
  2
_ACMFILLEDHALF
 70
     0
 10
0.0
 20
0.0
 30
0.0
  3
_ACMFILLEDHALF
  1

  0
TRACE
  5
62B5
330
62B2
100
AcDbEntity
  8
0
 62
     0
100
AcDbTrace
 10
-0.8
 20
0.0
 30
0.0
 11
-1.0
 21
0.166666666
 31
0.0
 12
0.0
 22
0.0
 32
0.0
 13
0.0
 23
0.0
 33
0.0
  0
LINE
  5
62B6
330
62B2
100
AcDbEntity
  8
0
 62
     0
100
AcDbLine
 10
-1.0
 20
0.0
 30
0.0
 11
-0.8
 21
0.0
 31
0.0
  0
ENDBLK
  5
62B4
330
62B2
100
AcDbEntity
  8
0
 48
0.2
100
AcDbBlockEnd
  0
BLOCK
  5
70B8
330
70B7
100
AcDbEntity
  8
0
 48
0.2
100
AcDbBlockBegin
  2
TITLE
 70
     2
 10
0.0
 20
0.0
 30
0.0
  3
TITLE
  1

  0
ATTDEF
  5
70E6
330
70B7
100
AcDbEntity
  8
TEXT
100
AcDbText
 10
3.148242187499997
 20
-0.3851562500000006
 30
0.0
 40
0.14765625
  1
TITLE LINE 1
  7
TITLEBLK
 72
     4
 11
3.433007812499997
 21
-0.3113281250000006
 31
0.0
100
AcDbAttributeDefinition
280
     0
  3
Title Line 1?
  2
LINE1
 70
     0
280
     0
  0
ATTDEF
  5
70E7
330
70B7
100
AcDbEntity
  8
TEXT
100
AcDbText
 10
3.127148437499998
 20
-0.6351562500000007
 30
0.0
 40
0.14765625
  1
TITLE LINE 2
  7
TITLEBLK
 72
     4
 11
3.433007812499997
 21
-0.5613281250000007
 31
0.0
100
AcDbAttributeDefinition
280
     0
  3
Title Line 2?
  2
LINE2
 70
     0
280
     0
  0
ATTDEF
  5
70E8
330
70B7
100
AcDbEntity
  8
TEXT
100
AcDbText
 10
3.127148437499998
 20
-0.8851562500000007
 30
0.0
 40
0.14765625
  1
TITLE LINE 3
  7
TITLEBLK
 72
     4
 11
3.433007812499997
 21
-0.8113281250000007
 31
0.0
100
AcDbAttributeDefinition
280
     0
  3
Title Line 3?
  2
LINE3
 70
     0
280
     0
  0
ATTDEF
  5
70E9
330
70B7
100
AcDbEntity
  8
TEXT
100
AcDbText
 10
3.123632812499997
 20
-1.13515625
 30
0.0
 40
0.14765625
  1
TITLE LINE 4
  7
TITLEBLK
 72
     4
 11
3.433007812499997
 21
-1.061328125
 31
0.0
100
AcDbAttributeDefinition
280
     0
  3
Title Line 4?
  2
LINE4
 70
     0
280
     0
  0
ATTDEF
  5
70EA
330
70B7
100
AcDbEntity
  8
TEXT
100
AcDbText
 10
1.646821559583638
 20
-1.574521997171405
 30
0.0
 40
0.14765625
  1
ENGINEER
  7
TITLEBLK
 72
     4
 11
1.868305934583638
 21
-1.500693872171405
 31
0.0
100
AcDbAttributeDefinition
280
     0
  3
Job Engineer?
  2
ENG
 70
     0
280
     0
  0
ATTDEF
  5
70EB
330
70B7
100
AcDbEntity
  8
TEXT
100
AcDbText
 10
3.821906612938774
 20
-1.571975477389189
 30
0.0
 40
0.14765625
  1
SCALE
  7
TITLEBLK
 72
     4
 11
4.159406612938774
 21
-1.498147352389189
 31
0.0
100
AcDbAttributeDefinition
280
     0
  3
Drawing Scale?
  2
SCALE
 70
     0
280
     0
  0
ATTDEF
  5
70EC
330
70B7
100
AcDbEntity
  8
TEXT
100
AcDbText
 10
5.458817716816422
 20
-1.573031101852827
 30
0.0
 40
0.14765625
  1
1
  7
TITLEBLK
 72
     4
 11
5.669755216816422
 21
-1.499202976852827
 31
0.0
100
AcDbAttributeDefinition
280
     0
  3
Sheet?
  2
SHT
 70
     0
280
     0
  0
ATTDEF
  5
70ED
330
70B7
100
AcDbEntity
  8
TEXT
100
AcDbText
 10
6.380429862390237
 20
-1.573031101852827
 30
0.0
 40
0.14765625
  1
1
  7
TITLEBLK
 72
     4
 11
6.528086112390237
 21
-1.499202976852827
 31
0.0
100
AcDbAttributeDefinition
280
     0
  3
Total # of Sheets?
  2
OF
 70
     0
280
     0
  0
ATTDEF
  5
70EE
330
70B7
100
AcDbEntity
  8
TEXT
100
AcDbText
 10
1.418452322242985
 20
-2.2468359375
 30
0.0
 40
0.14765625
  1
PROJECT
  7
TITLEBLK
 72
     4
 11
1.907124197242985
 21
-2.1730078125
 31
0.0
100
AcDbAttributeDefinition
280
     0
  3
Project?
  2
PROJECT
 70
     0
280
     0
  0
ATTDEF
  5
70EF
330
70B7
100
AcDbEntity
  8
TEXT
100
AcDbText
 10
4.462705166024783
 20
-2.2714453125
 30
0.0
 40
0.196875
  1
DRAWING
  7
TITLEBLK
 72
     4
 11
4.983017666024785
 21
-2.1730078125
 31
0.0
100
AcDbAttributeDefinition
280
     0
  3
Drawing Number?
  2
DWGNO
 70
     0
280
     0
  0
ATTDEF
  5
70F0
330
70B7
100
AcDbEntity
  8
TEXT
100
AcDbText
 10
6.181406249999993
 20
-2.2714453125
 30
0.0
 40
0.196875
  1
A
  7
TITLEBLK
 72
     4
 11
6.467343749999994
 21
-2.1730078125
 31
0.0
100
AcDbAttributeDefinition
280
     0
  3
Drawing Revision?
  2
REV
 70
     0
280
     0
  0
ENDBLK
  5
70B9
330
70B7
100
AcDbEntity
  8
0
 48
0.2
100
AcDbBlockEnd
  0
BLOCK
  5
71AE
330
71AD
100
AcDbEntity
  8
0
 62
     8
 48
0.2
100
AcDbBlockBegin
  2
NOTES
 70
     2
 10
0.0
 20
0.0
 30
0.0
  3
NOTES
  1

  0
ATTDEF
  5
71B0
330
71AD
100
AcDbEntity
  8
TEXT
 62
     8
100
AcDbText
 10
0.1482142857142913
 20
-0.7488281249999998
 30
0.0
 40
0.125
  1
1 - - 
 72
     4
 11
0.5500000000000054
 21
-0.6863281249999998
 31
0.0
100
AcDbAttributeDefinition
280
     0
  3
Note Line 1?
  2
NOTE1
 70
     0
280
     0
  0
ATTDEF
  5
71B1
330
71AD
100
AcDbEntity
  8
TEXT
 62
     8
100
AcDbText
 10
0.5500000000000054
 20
-0.9363281249999996
 30
0.0
 40
0.125
  1

 72
     4
 11
0.5500000000000054
 21
-0.9363281249999996
 31
0.0
100
AcDbAttributeDefinition
280
     0
  3
Note Line 2?
  2
NOTE2
 70
     0
280
     0
  0
ATTDEF
  5
71B2
330
71AD
100
AcDbEntity
  8
TEXT
 62
     8
100
AcDbText
 10
0.5500000000000054
 20
-1.186328124999999
 30
0.0
 40
0.125
  1

 72
     4
 11
0.5500000000000054
 21
-1.186328124999999
 31
0.0
100
AcDbAttributeDefinition
280
     0
  3
Note Line 3?
  2
NOTE3
 70
     0
280
     0
  0
ATTDEF
  5
71B3
330
71AD
100
AcDbEntity
  8
TEXT
 62
     8
100
AcDbText
 10
0.5500000000000054
 20
-1.436328124999999
 30
0.0
 40
0.125
  1

 72
     4
 11
0.5500000000000054
 21
-1.436328124999999
 31
0.0
100
AcDbAttributeDefinition
280
     0
  3
Note Line 4?
  2
NOTE4
 70
     0
280
     0
  0
ATTDEF
  5
71B4
330
71AD
100
AcDbEntity
  8
TEXT
 62
     8
100
AcDbText
 10
0.5500000000000054
 20
-1.686328124999999
 30
0.0
 40
0.125
  1

 72
     4
 11
0.5500000000000054
 21
-1.686328124999999
 31
0.0
100
AcDbAttributeDefinition
280
     0
  3
Note Line 5?
  2
NOTE5
 70
     0
280
     0
  0
ATTDEF
  5
71B5
330
71AD
100
AcDbEntity
  8
TEXT
 62
     8
100
AcDbText
 10
0.5500000000000054
 20
-1.936328124999999
 30
0.0
 40
0.125
  1

 72
     4
 11
0.5500000000000054
 21
-1.936328124999999
 31
0.0
100
AcDbAttributeDefinition
280
     0
  3
Note Line 6?
  2
NOTE6
 70
     0
280
     0
  0
ATTDEF
  5
71B6
330
71AD
100
AcDbEntity
  8
TEXT
 62
     8
100
AcDbText
 10
0.5500000000000054
 20
-2.186328124999999
 30
0.0
 40
0.125
  1

 72
     4
 11
0.5500000000000054
 21
-2.186328124999999
 31
0.0
100
AcDbAttributeDefinition
280
     0
  3
Note Line 7?
  2
NOTE7
 70
     0
280
     0
  0
ENDBLK
  5
71AF
330
71AD
100
AcDbEntity
  8
0
 62
     8
 48
0.2
100
AcDbBlockEnd
  0
BLOCK
  5
7A39
330
7A38
100
AcDbEntity
  8
0
 62
     8
 48
0.2
100
AcDbBlockBegin
  2
REVISION
 70
     2
 10
0.0
 20
0.0
 30
0.0
  3
REVISION
  1

  0
ATTDEF
  5
7AA0
330
7A38
100
AcDbEntity
  8
TEXT
100
AcDbText
 10
0.1398809523809524
 20
-1.9375
 30
0.0
 40
0.125
  1
A
  7
TITLEBLK
 72
     4
 11
0.375
 21
-1.875
 31
0.0
100
AcDbAttributeDefinition
280
     0
  3
Revision A?
  2
REVA
 70
     0
280
     0
  0
ATTDEF
  5
7AA1
330
7A38
100
AcDbEntity
  8
TEXT
100
AcDbText
 10
1.217261904761904
 20
-1.9375
 30
0.0
 40
0.125
  1
YYYY-MM-DD
  7
TITLEBLK
 72
     4
 11
1.5
 21
-1.875
 31
0.0
100
AcDbAttributeDefinition
280
     0
  3
Revision A Date?
  2
DATEA
 70
     0
280
     0
  0
ATTDEF
  5
7AA2
330
7A38
100
AcDbEntity
  8
0
 62
     3
 48
0.2
100
AcDbText
 10
2.375
 20
-1.9375
 30
0.0
 40
0.125
  1
ISSUED FOR INFORMAL REVIEW
100
AcDbAttributeDefinition
280
     0
  3
Revision A Note?
  2
REVISIONA
 70
     0
280
     1
  0
ATTDEF
  5
7AA3
330
7A38
100
AcDbEntity
  8
TEXT
100
AcDbText
 10
7.215773809523809
 20
-1.9375
 30
0.0
 40
0.125
  1

  7
TITLEBLK
 72
     4
 11
7.59375
 21
-1.875
 31
0.0
100
AcDbAttributeDefinition
280
     0
  3
Revision A Drawn By?
  2
DRAWNA
 70
     0
280
     0
  0
ATTDEF
  5
7AA4
330
7A38
100
AcDbEntity
  8
TEXT
100
AcDbText
 10
8.34375
 20
-1.9375
 30
0.0
 40
0.125
  1

  7
TITLEBLK
 72
     4
 11
8.65625
 21
-1.875
 31
0.0
100
AcDbAttributeDefinition
280
     0
  3
Revision A Checked By?
  2
CHKDA
 70
     0
280
     0
  0
ATTDEF
  5
7AA5
330
7A38
100
AcDbEntity
  8
TEXT
100
AcDbText
 10
9.424107142857142
 20
-1.9375
 30
0.0
 40
0.125
  1

  7
TITLEBLK
 72
     4
 11
9.71875
 21
-1.875
 31
0.0
100
AcDbAttributeDefinition
280
     0
  3
Revision A Approved By?
  2
APPRA
 70
     0
280
     0
  0
ATTDEF
  5
7AA6
330
7A38
100
AcDbEntity
  8
TEXT
100
AcDbText
 10
0.1302641369047627
 20
-1.6875
 30
0.0
 40
0.125
  1

  7
TITLEBLK
 72
     4
 11
0.3683593750000007
 21
-1.625
 31
0.0
100
AcDbAttributeDefinition
280
     0
  3
Revision B?
  2
REVB
 70
     0
280
     0
  0
ATTDEF
  5
7AA7
330
7A38
100
AcDbEntity
  8
TEXT
100
AcDbText
 10
1.207645089285715
 20
-1.701562499999997
 30
0.0
 40
0.125
  1

  7
TITLEBLK
 72
     4
 11
1.493359375
 21
-1.639062499999997
 31
0.0
100
AcDbAttributeDefinition
280
     0
  3
Revision B Date?
  2
DATEB
 70
     0
280
     0
  0
ATTDEF
  5
7AA8
330
7A38
100
AcDbEntity
  8
0
 62
     3
 48
0.2
100
AcDbText
 10
2.368359375
 20
-1.696484374999998
 30
0.0
 40
0.125
  1

100
AcDbAttributeDefinition
280
     0
  3
Revision B Note?
  2
REVISIONB
 70
     0
280
     1
  0
ATTDEF
  5
7AA9
330
7A38
100
AcDbEntity
  8
TEXT
100
AcDbText
 10
7.212797619047618
 20
-1.6875
 30
0.0
 40
0.125
  1

  7
TITLEBLK
 72
     4
 11
7.59375
 21
-1.625
 31
0.0
100
AcDbAttributeDefinition
280
     0
  3
Revision B Drawn By?
  2
DRAWNB
 70
     0
280
     0
  0
ATTDEF
  5
7AAA
330
7A38
100
AcDbEntity
  8
TEXT
100
AcDbText
 10
8.34077380952381
 20
-1.701562499999997
 30
0.0
 40
0.125
  1

  7
TITLEBLK
 72
     4
 11
8.65625
 21
-1.639062499999997
 31
0.0
100
AcDbAttributeDefinition
280
     0
  3
Revision B Checked By?
  2
CHKDB
 70
     0
280
     0
  0
ATTDEF
  5
7AAB
330
7A38
100
AcDbEntity
  8
TEXT
100
AcDbText
 10
9.421130952380952
 20
-1.701562499999997
 30
0.0
 40
0.125
  1

  7
TITLEBLK
 72
     4
 11
9.71875
 21
-1.639062499999997
 31
0.0
100
AcDbAttributeDefinition
280
     0
  3
Revision B Approved By?
  2
APPRB
 70
     0
280
     0
  0
ATTDEF
  5
7AAC
330
7A38
100
AcDbEntity
  8
TEXT
100
AcDbText
 10
0.1302641369047626
 20
-1.4375
 30
0.0
 40
0.125
  1

  7
TITLEBLK
 72
     4
 11
0.3683593750000007
 21
-1.375
 31
0.0
100
AcDbAttributeDefinition
280
     0
  3
Revision C?
  2
REVC
 70
     0
280
     0
  0
ATTDEF
  5
7AAD
330
7A38
100
AcDbEntity
  8
TEXT
100
AcDbText
 10
1.207645089285715
 20
-1.4375
 30
0.0
 40
0.125
  1

  7
TITLEBLK
 72
     4
 11
1.493359375
 21
-1.375
 31
0.0
100
AcDbAttributeDefinition
280
     0
  3
Revision C Date?
  2
DATEC
 70
     0
280
     0
  0
ATTDEF
  5
7AAE
330
7A38
100
AcDbEntity
  8
0
 62
     3
 48
0.2
100
AcDbText
 10
2.368359375
 20
-1.4375
 30
0.0
 40
0.125
  1

100
AcDbAttributeDefinition
280
     0
  3
Revision C Note?
  2
REVISIONC
 70
     0
280
     1
  0
ATTDEF
  5
7AAF
330
7A38
100
AcDbEntity
  8
TEXT
100
AcDbText
 10
7.212797619047618
 20
-1.4375
 30
0.0
 40
0.125
  1

  7
TITLEBLK
 72
     4
 11
7.59375
 21
-1.375
 31
0.0
100
AcDbAttributeDefinition
280
     0
  3
Revision C Drawn By?
  2
DRAWNC
 70
     0
280
     0
  0
ATTDEF
  5
7AB0
330
7A38
100
AcDbEntity
  8
TEXT
100
AcDbText
 10
8.34077380952381
 20
-1.4375
 30
0.0
 40
0.125
  1

  7
TITLEBLK
 72
     4
 11
8.65625
 21
-1.375
 31
0.0
100
AcDbAttributeDefinition
280
     0
  3
Revision C Checked By?
  2
CHKDC
 70
     0
280
     0
  0
ATTDEF
  5
7AB1
330
7A38
100
AcDbEntity
  8
TEXT
100
AcDbText
 10
9.421130952380952
 20
-1.4375
 30
0.0
 40
0.125
  1

  7
TITLEBLK
 72
     4
 11
9.71875
 21
-1.375
 31
0.0
100
AcDbAttributeDefinition
280
     0
  3
Revision C Approved By?
  2
APPRC
 70
     0
280
     0
  0
ATTDEF
  5
7AB2
330
7A38
100
AcDbEntity
  8
TEXT
100
AcDbText
 10
0.1302641369047627
 20
-1.1875
 30
0.0
 40
0.125
  1

  7
TITLEBLK
 72
     4
 11
0.3683593750000007
 21
-1.125
 31
0.0
100
AcDbAttributeDefinition
280
     0
  3
Revision D?
  2
REVD
 70
     0
280
     0
  0
ATTDEF
  5
7AB3
330
7A38
100
AcDbEntity
  8
TEXT
100
AcDbText
 10
1.207645089285715
 20
-1.1875
 30
0.0
 40
0.125
  1

  7
TITLEBLK
 72
     4
 11
1.493359375
 21
-1.125
 31
0.0
100
AcDbAttributeDefinition
280
     0
  3
Revision D Date?
  2
DATED
 70
     0
280
     0
  0
ATTDEF
  5
7AB4
330
7A38
100
AcDbEntity
  8
0
 62
     3
 48
0.2
100
AcDbText
 10
2.368359375
 20
-1.1875
 30
0.0
 40
0.125
  1

100
AcDbAttributeDefinition
280
     0
  3
Revision D Note?
  2
REVISIOND
 70
     0
280
     1
  0
ATTDEF
  5
7AB5
330
7A38
100
AcDbEntity
  8
TEXT
100
AcDbText
 10
7.212797619047618
 20
-1.1875
 30
0.0
 40
0.125
  1

  7
TITLEBLK
 72
     4
 11
7.59375
 21
-1.125
 31
0.0
100
AcDbAttributeDefinition
280
     0
  3
Revision D Drawn By?
  2
DRAWND
 70
     0
280
     0
  0
ATTDEF
  5
7AB6
330
7A38
100
AcDbEntity
  8
TEXT
100
AcDbText
 10
8.34077380952381
 20
-1.1875
 30
0.0
 40
0.125
  1

  7
TITLEBLK
 72
     4
 11
8.65625
 21
-1.125
 31
0.0
100
AcDbAttributeDefinition
280
     0
  3
Revision D Checked By?
  2
CHKDD
 70
     0
280
     0
  0
ATTDEF
  5
7AB7
330
7A38
100
AcDbEntity
  8
TEXT
100
AcDbText
 10
9.421130952380952
 20
-1.1875
 30
0.0
 40
0.125
  1

  7
TITLEBLK
 72
     4
 11
9.71875
 21
-1.125
 31
0.0
100
AcDbAttributeDefinition
280
     0
  3
Revision D Approved By?
  2
APPRD
 70
     0
280
     0
  0
ATTDEF
  5
7AB8
330
7A38
100
AcDbEntity
  8
TEXT
100
AcDbText
 10
0.1332403273809531
 20
-0.9375
 30
0.0
 40
0.125
  1

  7
TITLEBLK
 72
     4
 11
0.3683593750000007
 21
-0.875
 31
0.0
100
AcDbAttributeDefinition
280
     0
  3
Revision E?
  2
REVE
 70
     0
280
     0
  0
ATTDEF
  5
7AB9
330
7A38
100
AcDbEntity
  8
TEXT
100
AcDbText
 10
1.210621279761905
 20
-0.9375
 30
0.0
 40
0.125
  1

  7
TITLEBLK
 72
     4
 11
1.493359375
 21
-0.875
 31
0.0
100
AcDbAttributeDefinition
280
     0
  3
Revision E Date?
  2
DATEE
 70
     0
280
     0
  0
ATTDEF
  5
7ABA
330
7A38
100
AcDbEntity
  8
0
 62
     3
 48
0.2
100
AcDbText
 10
2.368359375
 20
-0.9375
 30
0.0
 40
0.125
  1

100
AcDbAttributeDefinition
280
     0
  3
Revision E Note?
  2
REVISIONE
 70
     0
280
     1
  0
ATTDEF
  5
7ABB
330
7A38
100
AcDbEntity
  8
TEXT
100
AcDbText
 10
7.215773809523809
 20
-0.9375
 30
0.0
 40
0.125
  1

  7
TITLEBLK
 72
     4
 11
7.59375
 21
-0.875
 31
0.0
100
AcDbAttributeDefinition
280
     0
  3
Revision E Drawn By?
  2
DRAWNE
 70
     0
280
     0
  0
ATTDEF
  5
7ABC
330
7A38
100
AcDbEntity
  8
TEXT
100
AcDbText
 10
8.34375
 20
-0.9375
 30
0.0
 40
0.125
  1

  7
TITLEBLK
 72
     4
 11
8.65625
 21
-0.875
 31
0.0
100
AcDbAttributeDefinition
280
     0
  3
Revision E Checked By?
  2
CHKDE
 70
     0
280
     0
  0
ATTDEF
  5
7ABD
330
7A38
100
AcDbEntity
  8
TEXT
100
AcDbText
 10
9.424107142857142
 20
-0.9375
 30
0.0
 40
0.125
  1

  7
TITLEBLK
 72
     4
 11
9.71875
 21
-0.875
 31
0.0
100
AcDbAttributeDefinition
280
     0
  3
Revision E Approved By?
  2
APPRE
 70
     0
280
     0
  0
ATTDEF
  5
7ABE
330
7A38
100
AcDbEntity
  8
TEXT
100
AcDbText
 10
0.1332403273809531
 20
-0.6875
 30
0.0
 40
0.125
  1

  7
TITLEBLK
 72
     4
 11
0.3683593750000007
 21
-0.625
 31
0.0
100
AcDbAttributeDefinition
280
     0
  3
Revision F?
  2
REVF
 70
     0
280
     0
  0
ATTDEF
  5
7ABF
330
7A38
100
AcDbEntity
  8
TEXT
100
AcDbText
 10
1.210621279761905
 20
-0.6875
 30
0.0
 40
0.125
  1

  7
TITLEBLK
 72
     4
 11
1.493359375
 21
-0.625
 31
0.0
100
AcDbAttributeDefinition
280
     0
  3
Revision F Date?
  2
DATEF
 70
     0
280
     0
  0
ATTDEF
  5
7AC0
330
7A38
100
AcDbEntity
  8
0
 62
     3
 48
0.2
100
AcDbText
 10
2.368359375
 20
-0.6875
 30
0.0
 40
0.125
  1

100
AcDbAttributeDefinition
280
     0
  3
Revision F Note?
  2
REVISIONF
 70
     0
280
     1
  0
ATTDEF
  5
7AC1
330
7A38
100
AcDbEntity
  8
TEXT
100
AcDbText
 10
7.215773809523809
 20
-0.6875
 30
0.0
 40
0.125
  1

  7
TITLEBLK
 72
     4
 11
7.59375
 21
-0.625
 31
0.0
100
AcDbAttributeDefinition
280
     0
  3
Revision F Drawn By?
  2
DRAWNF
 70
     0
280
     0
  0
ATTDEF
  5
7AC2
330
7A38
100
AcDbEntity
  8
TEXT
100
AcDbText
 10
8.34375
 20
-0.6875
 30
0.0
 40
0.125
  1

  7
TITLEBLK
 72
     4
 11
8.65625
 21
-0.625
 31
0.0
100
AcDbAttributeDefinition
280
     0
  3
Revision F Checked By?
  2
CHKDF
 70
     0
280
     0
  0
ATTDEF
  5
7AC3
330
7A38
100
AcDbEntity
  8
TEXT
100
AcDbText
 10
9.424107142857142
 20
-0.6875
 30
0.0
 40
0.125
  1

  7
TITLEBLK
 72
     4
 11
9.71875
 21
-0.625
 31
0.0
100
AcDbAttributeDefinition
280
     0
  3
Revision F Approved By?
  2
APPRF
 70
     0
280
     0
  0
ATTDEF
  5
7AC4
330
7A38
100
AcDbEntity
  8
TEXT
100
AcDbText
 10
0.1302641369047626
 20
-0.4375
 30
0.0
 40
0.125
  1

  7
TITLEBLK
 72
     4
 11
0.3683593750000007
 21
-0.375
 31
0.0
100
AcDbAttributeDefinition
280
     0
  3
Revision G?
  2
REVG
 70
     0
280
     0
  0
ATTDEF
  5
7AC5
330
7A38
100
AcDbEntity
  8
TEXT
100
AcDbText
 10
1.207645089285715
 20
-0.4375
 30
0.0
 40
0.125
  1

  7
TITLEBLK
 72
     4
 11
1.493359375
 21
-0.375
 31
0.0
100
AcDbAttributeDefinition
280
     0
  3
Revision G Date?
  2
DATEG
 70
     0
280
     0
  0
ATTDEF
  5
7AC6
330
7A38
100
AcDbEntity
  8
0
 62
     3
 48
0.2
100
AcDbText
 10
2.368359375
 20
-0.4375
 30
0.0
 40
0.125
  1

100
AcDbAttributeDefinition
280
     0
  3
Revision G Note?
  2
REVISIONG
 70
     0
280
     1
  0
ATTDEF
  5
7AC7
330
7A38
100
AcDbEntity
  8
TEXT
100
AcDbText
 10
7.212797619047618
 20
-0.4375
 30
0.0
 40
0.125
  1

  7
TITLEBLK
 72
     4
 11
7.59375
 21
-0.375
 31
0.0
100
AcDbAttributeDefinition
280
     0
  3
Revision G Drawn By?
  2
DRAWNG
 70
     0
280
     0
  0
ATTDEF
  5
7AC8
330
7A38
100
AcDbEntity
  8
TEXT
100
AcDbText
 10
8.34077380952381
 20
-0.4375
 30
0.0
 40
0.125
  1

  7
TITLEBLK
 72
     4
 11
8.65625
 21
-0.375
 31
0.0
100
AcDbAttributeDefinition
280
     0
  3
Revision G Checked By?
  2
CHKDG
 70
     0
280
     0
  0
ATTDEF
  5
7AC9
330
7A38
100
AcDbEntity
  8
TEXT
100
AcDbText
 10
9.421130952380952
 20
-0.4375
 30
0.0
 40
0.125
  1

  7
TITLEBLK
 72
     4
 11
9.71875
 21
-0.375
 31
0.0
100
AcDbAttributeDefinition
280
     0
  3
Revision G Approved By?
  2
APPRG
 70
     0
280
     0
  0
ATTDEF
  5
7ACA
330
7A38
100
AcDbEntity
  8
TEXT
100
AcDbText
 10
0.1302641369047627
 20
-0.1875
 30
0.0
 40
0.125
  1

  7
TITLEBLK
 72
     4
 11
0.3683593750000007
 21
-0.125
 31
0.0
100
AcDbAttributeDefinition
280
     0
  3
Revision H?
  2
REVH
 70
     0
280
     0
  0
ATTDEF
  5
7ACB
330
7A38
100
AcDbEntity
  8
TEXT
100
AcDbText
 10
1.207645089285715
 20
-0.1875
 30
0.0
 40
0.125
  1

  7
TITLEBLK
 72
     4
 11
1.493359375
 21
-0.125
 31
0.0
100
AcDbAttributeDefinition
280
     0
  3
Revision H Date?
  2
DATEH
 70
     0
280
     0
  0
ATTDEF
  5
7ACC
330
7A38
100
AcDbEntity
  8
0
 62
     3
 48
0.2
100
AcDbText
 10
2.368359375
 20
-0.1875
 30
0.0
 40
0.125
  1

100
AcDbAttributeDefinition
280
     0
  3
Revision H Note?
  2
REVISIONH
 70
     0
280
     1
  0
ATTDEF
  5
7ACD
330
7A38
100
AcDbEntity
  8
TEXT
100
AcDbText
 10
7.212797619047618
 20
-0.1875
 30
0.0
 40
0.125
  1

  7
TITLEBLK
 72
     4
 11
7.59375
 21
-0.125
 31
0.0
100
AcDbAttributeDefinition
280
     0
  3
Revision H Drawn By?
  2
DRAWNH
 70
     0
280
     0
  0
ATTDEF
  5
7ACE
330
7A38
100
AcDbEntity
  8
TEXT
100
AcDbText
 10
8.34077380952381
 20
-0.1875
 30
0.0
 40
0.125
  1

  7
TITLEBLK
 72
     4
 11
8.65625
 21
-0.125
 31
0.0
100
AcDbAttributeDefinition
280
     0
  3
Revision H Checked By?
  2
CHKDH
 70
     0
280
     0
  0
ATTDEF
  5
7ACF
330
7A38
100
AcDbEntity
  8
TEXT
100
AcDbText
 10
9.421130952380952
 20
-0.1875
 30
0.0
 40
0.125
  1

  7
TITLEBLK
 72
     4
 11
9.71875
 21
-0.125
 31
0.0
100
AcDbAttributeDefinition
280
     0
  3
Revision H Approved By?
  2
APPRH
 70
     0
280
     0
  0
ENDBLK
  5
7A3A
330
7A38
100
AcDbEntity
  8
0
 62
     8
 48
0.2
100
AcDbBlockEnd
  0
BLOCK
  5
BA9E
330
BA9B
100
AcDbEntity
  8
0
100
AcDbBlockBegin
  2
IOM_TITLE_BLOCK_BORDER
 70
     0
 10
0.0
 20
0.0
 30
0.0
  3
IOM_TITLE_BLOCK_BORDER
  1

  0
LINE
  5
CEBF
330
BA9B
100
AcDbEntity
  8
INFORBORDER
 62
     5
100
AcDbLine
 10
0.0
 20
0.0
 30
0.0
 11
0.0000000000000142
 21
22.0
 31
0.0
  0
LINE
  5
CEC0
330
BA9B
100
AcDbEntity
  8
INFORBORDER
 62
     5
100
AcDbLine
 10
0.0000000000000142
 20
22.0
 30
0.0
 11
34.00000000000001
 21
22.0
 31
0.0
  0
LINE
  5
CEC1
330
BA9B
100
AcDbEntity
  8
INFORBORDER
 62
     5
100
AcDbLine
 10
34.00000000000001
 20
22.0
 30
0.0
 11
34.00000000000001
 21
0.0
 31
0.0
  0
LINE
  5
CEC2
330
BA9B
100
AcDbEntity
  8
INFORBORDER
 62
     5
100
AcDbLine
 10
34.00000000000001
 20
0.0
 30
0.0
 11
0.0
 21
0.0
 31
0.0
  0
LINE
  5
CEC3
330
BA9B
100
AcDbEntity
  8
INFORBORDER
 62
     5
100
AcDbLine
 10
1.000000000000007
 20
22.0
 30
0.0
 11
1.000000000000007
 21
22.25
 31
0.0
  0
LINE
  5
CEC4
330
BA9B
100
AcDbEntity
  8
INFORBORDER
 62
     5
100
AcDbLine
 10
2.000000000000007
 20
22.0
 30
0.0
 11
2.000000000000007
 21
22.25
 31
0.0
  0
LINE
  5
CEC5
330
BA9B
100
AcDbEntity
  8
INFORBORDER
 62
     5
100
AcDbLine
 10
3.000000000000007
 20
22.0
 30
0.0
 11
3.000000000000007
 21
22.25
 31
0.0
  0
LINE
  5
CEC6
330
BA9B
100
AcDbEntity
  8
INFORBORDER
 62
     5
100
AcDbLine
 10
4.000000000000007
 20
22.0
 30
0.0
 11
4.000000000000007
 21
22.25
 31
0.0
  0
LINE
  5
CEC7
330
BA9B
100
AcDbEntity
  8
INFORBORDER
 62
     5
100
AcDbLine
 10
5.000000000000007
 20
22.0
 30
0.0
 11
5.000000000000007
 21
22.25
 31
0.0
  0
LINE
  5
CEC8
330
BA9B
100
AcDbEntity
  8
INFORBORDER
 62
     5
100
AcDbLine
 10
6.000000000000007
 20
22.0
 30
0.0
 11
6.000000000000007
 21
22.25
 31
0.0
  0
LINE
  5
CEC9
330
BA9B
100
AcDbEntity
  8
INFORBORDER
 62
     5
100
AcDbLine
 10
7.000000000000007
 20
22.0
 30
0.0
 11
7.000000000000007
 21
22.25
 31
0.0
  0
LINE
  5
CECA
330
BA9B
100
AcDbEntity
  8
INFORBORDER
 62
     5
100
AcDbLine
 10
8.000000000000007
 20
22.0
 30
0.0
 11
8.000000000000007
 21
22.25
 31
0.0
  0
LINE
  5
CECB
330
BA9B
100
AcDbEntity
  8
INFORBORDER
 62
     5
100
AcDbLine
 10
9.000000000000007
 20
22.0
 30
0.0
 11
9.000000000000007
 21
22.25
 31
0.0
  0
LINE
  5
CECC
330
BA9B
100
AcDbEntity
  8
INFORBORDER
 62
     5
100
AcDbLine
 10
10.0
 20
22.0
 30
0.0
 11
10.0
 21
22.25
 31
0.0
  0
LINE
  5
CECD
330
BA9B
100
AcDbEntity
  8
INFORBORDER
 62
     5
100
AcDbLine
 10
11.0
 20
22.0
 30
0.0
 11
11.0
 21
22.25
 31
0.0
  0
LINE
  5
CECE
330
BA9B
100
AcDbEntity
  8
INFORBORDER
 62
     5
100
AcDbLine
 10
12.00000000000001
 20
22.0
 30
0.0
 11
12.00000000000001
 21
22.25
 31
0.0
  0
LINE
  5
CECF
330
BA9B
100
AcDbEntity
  8
INFORBORDER
 62
     5
100
AcDbLine
 10
13.0
 20
22.0
 30
0.0
 11
13.0
 21
22.25
 31
0.0
  0
LINE
  5
CED0
330
BA9B
100
AcDbEntity
  8
INFORBORDER
 62
     5
100
AcDbLine
 10
14.00000000000001
 20
22.0
 30
0.0
 11
14.00000000000001
 21
22.25
 31
0.0
  0
LINE
  5
CED1
330
BA9B
100
AcDbEntity
  8
INFORBORDER
 62
     5
100
AcDbLine
 10
15.00000000000001
 20
22.0
 30
0.0
 11
15.00000000000001
 21
22.25
 31
0.0
  0
LINE
  5
CED2
330
BA9B
100
AcDbEntity
  8
INFORBORDER
 62
     5
100
AcDbLine
 10
16.0
 20
22.0
 30
0.0
 11
16.0
 21
22.25
 31
0.0
  0
LINE
  5
CED3
330
BA9B
100
AcDbEntity
  8
INFORBORDER
 62
     5
100
AcDbLine
 10
17.00000000000001
 20
22.0
 30
0.0
 11
17.00000000000001
 21
22.5
 31
0.0
  0
LINE
  5
CED4
330
BA9B
100
AcDbEntity
  8
INFORBORDER
 62
     5
100
AcDbLine
 10
18.0
 20
22.0
 30
0.0
 11
18.0
 21
22.25
 31
0.0
  0
LINE
  5
CED5
330
BA9B
100
AcDbEntity
  8
INFORBORDER
 62
     5
100
AcDbLine
 10
19.00000000000001
 20
22.0
 30
0.0
 11
19.00000000000001
 21
22.25
 31
0.0
  0
LINE
  5
CED6
330
BA9B
100
AcDbEntity
  8
INFORBORDER
 62
     5
100
AcDbLine
 10
20.00000000000001
 20
22.0
 30
0.0
 11
20.00000000000001
 21
22.25
 31
0.0
  0
LINE
  5
CED7
330
BA9B
100
AcDbEntity
  8
INFORBORDER
 62
     5
100
AcDbLine
 10
21.00000000000001
 20
22.0
 30
0.0
 11
21.00000000000001
 21
22.25
 31
0.0
  0
LINE
  5
CED8
330
BA9B
100
AcDbEntity
  8
INFORBORDER
 62
     5
100
AcDbLine
 10
22.00000000000001
 20
22.0
 30
0.0
 11
22.00000000000001
 21
22.25
 31
0.0
  0
LINE
  5
CED9
330
BA9B
100
AcDbEntity
  8
INFORBORDER
 62
     5
100
AcDbLine
 10
23.00000000000001
 20
22.0
 30
0.0
 11
23.00000000000001
 21
22.25
 31
0.0
  0
LINE
  5
CEDA
330
BA9B
100
AcDbEntity
  8
INFORBORDER
 62
     5
100
AcDbLine
 10
24.00000000000001
 20
22.0
 30
0.0
 11
24.00000000000001
 21
22.25
 31
0.0
  0
LINE
  5
CEDB
330
BA9B
100
AcDbEntity
  8
INFORBORDER
 62
     5
100
AcDbLine
 10
25.00000000000001
 20
22.0
 30
0.0
 11
25.00000000000001
 21
22.25
 31
0.0
  0
LINE
  5
CEDC
330
BA9B
100
AcDbEntity
  8
INFORBORDER
 62
     5
100
AcDbLine
 10
26.00000000000001
 20
22.0
 30
0.0
 11
26.00000000000001
 21
22.25
 31
0.0
  0
LINE
  5
CEDD
330
BA9B
100
AcDbEntity
  8
INFORBORDER
 62
     5
100
AcDbLine
 10
27.00000000000001
 20
22.0
 30
0.0
 11
27.00000000000001
 21
22.25
 31
0.0
  0
LINE
  5
CEDE
330
BA9B
100
AcDbEntity
  8
INFORBORDER
 62
     5
100
AcDbLine
 10
28.00000000000001
 20
22.0
 30
0.0
 11
28.00000000000001
 21
22.25
 31
0.0
  0
LINE
  5
CEDF
330
BA9B
100
AcDbEntity
  8
INFORBORDER
 62
     5
100
AcDbLine
 10
29.00000000000001
 20
22.0
 30
0.0
 11
29.00000000000001
 21
22.25
 31
0.0
  0
LINE
  5
CEE0
330
BA9B
100
AcDbEntity
  8
INFORBORDER
 62
     5
100
AcDbLine
 10
30.00000000000001
 20
22.0
 30
0.0
 11
30.00000000000001
 21
22.25
 31
0.0
  0
LINE
  5
CEE1
330
BA9B
100
AcDbEntity
  8
INFORBORDER
 62
     5
100
AcDbLine
 10
31.00000000000001
 20
22.0
 30
0.0
 11
31.00000000000001
 21
22.25
 31
0.0
  0
LINE
  5
CEE2
330
BA9B
100
AcDbEntity
  8
INFORBORDER
 62
     5
100
AcDbLine
 10
32.00000000000001
 20
22.0
 30
0.0
 11
32.00000000000001
 21
22.25
 31
0.0
  0
LINE
  5
CEE3
330
BA9B
100
AcDbEntity
  8
INFORBORDER
 62
     5
100
AcDbLine
 10
33.00000000000001
 20
22.0
 30
0.0
 11
33.00000000000001
 21
22.25
 31
0.0
  0
TEXT
  5
CEE4
330
BA9B
100
AcDbEntity
  8
0
 62
     7
 48
0.2
100
AcDbText
 10
0.4464285714285785
 20
22.125
 30
0.0
 40
0.125
  1
A
 72
     1
 11
0.5000000000000071
 21
22.125
 31
0.0
100
AcDbText
  0
TEXT
  5
CEE5
330
BA9B
100
AcDbEntity
  8
0
 62
     7
 48
0.2
100
AcDbText
 10
1.434523809523816
 20
22.125
 30
0.0
 40
0.125
  1
B
 72
     1
 11
1.500000000000007
 21
22.125
 31
0.0
100
AcDbText
  0
TEXT
  5
CEE6
330
BA9B
100
AcDbEntity
  8
0
 62
     7
 48
0.2
100
AcDbText
 10
2.437500000000007
 20
22.125
 30
0.0
 40
0.125
  1
C
 72
     1
 11
2.500000000000007
 21
22.125
 31
0.0
100
AcDbText
  0
TEXT
  5
CEE7
330
BA9B
100
AcDbEntity
  8
0
 62
     7
 48
0.2
100
AcDbText
 10
3.434523809523816
 20
22.125
 30
0.0
 40
0.125
  1
D
 72
     1
 11
3.500000000000007
 21
22.125
 31
0.0
100
AcDbText
  0
TEXT
  5
CEE8
330
BA9B
100
AcDbEntity
  8
0
 62
     7
 48
0.2
100
AcDbText
 10
4.437500000000007
 20
22.125
 30
0.0
 40
0.125
  1
E
 72
     1
 11
4.500000000000007
 21
22.125
 31
0.0
100
AcDbText
  0
TEXT
  5
CEE9
330
BA9B
100
AcDbEntity
  8
0
 62
     7
 48
0.2
100
AcDbText
 10
5.437500000000007
 20
22.125
 30
0.0
 40
0.125
  1
F
 72
     1
 11
5.500000000000007
 21
22.125
 31
0.0
100
AcDbText
  0
TEXT
  5
CEEA
330
BA9B
100
AcDbEntity
  8
0
 62
     7
 48
0.2
100
AcDbText
 10
6.437500000000007
 20
22.125
 30
0.0
 40
0.125
  1
G
 72
     1
 11
6.500000000000007
 21
22.125
 31
0.0
100
AcDbText
  0
TEXT
  5
CEEB
330
BA9B
100
AcDbEntity
  8
0
 62
     7
 48
0.2
100
AcDbText
 10
7.434523809523816
 20
22.125
 30
0.0
 40
0.125
  1
H
 72
     1
 11
7.500000000000007
 21
22.125
 31
0.0
100
AcDbText
  0
TEXT
  5
CEEC
330
BA9B
100
AcDbEntity
  8
0
 62
     7
 48
0.2
100
AcDbText
 10
8.458333333333341
 20
22.125
 30
0.0
 40
0.125
  1
J
 72
     1
 11
8.500000000000007
 21
22.125
 31
0.0
100
AcDbText
  0
TEXT
  5
CEED
330
BA9B
100
AcDbEntity
  8
0
 62
     7
 48
0.2
100
AcDbText
 10
9.434523809523817
 20
22.125
 30
0.0
 40
0.125
  1
K
 72
     1
 11
9.500000000000007
 21
22.125
 31
0.0
100
AcDbText
  0
TEXT
  5
CEEE
330
BA9B
100
AcDbEntity
  8
0
 62
     7
 48
0.2
100
AcDbText
 10
10.4404761904762
 20
22.125
 30
0.0
 40
0.125
  1
L
 72
     1
 11
10.5
 21
22.125
 31
0.0
100
AcDbText
  0
TEXT
  5
CEEF
330
BA9B
100
AcDbEntity
  8
0
 62
     7
 48
0.2
100
AcDbText
 10
11.42857142857143
 20
22.125
 30
0.0
 40
0.125
  1
M
 72
     1
 11
11.50000000000001
 21
22.125
 31
0.0
100
AcDbText
  0
TEXT
  5
CEF0
330
BA9B
100
AcDbEntity
  8
0
 62
     7
 48
0.2
100
AcDbText
 10
12.43452380952382
 20
22.125
 30
0.0
 40
0.125
  1
N
 72
     1
 11
12.50000000000001
 21
22.125
 31
0.0
100
AcDbText
  0
TEXT
  5
CEF1
330
BA9B
100
AcDbEntity
  8
0
 62
     7
 48
0.2
100
AcDbText
 10
13.43452380952381
 20
22.125
 30
0.0
 40
0.125
  1
P
 72
     1
 11
13.5
 21
22.125
 31
0.0
100
AcDbText
  0
TEXT
  5
CEF2
330
BA9B
100
AcDbEntity
  8
0
 62
     7
 48
0.2
100
AcDbText
 10
14.43452380952382
 20
22.125
 30
0.0
 40
0.125
  1
Q
 72
     1
 11
14.50000000000001
 21
22.125
 31
0.0
100
AcDbText
  0
TEXT
  5
CEF3
330
BA9B
100
AcDbEntity
  8
0
 62
     7
 48
0.2
100
AcDbText
 10
15.43452380952382
 20
22.125
 30
0.0
 40
0.125
  1
R
 72
     1
 11
15.5
 21
22.125
 31
0.0
100
AcDbText
  0
TEXT
  5
CEF4
330
BA9B
100
AcDbEntity
  8
0
 62
     7
 48
0.2
100
AcDbText
 10
16.4404761904762
 20
22.125
 30
0.0
 40
0.125
  1
S
 72
     1
 11
16.50000000000001
 21
22.125
 31
0.0
100
AcDbText
  0
TEXT
  5
CEF5
330
BA9B
100
AcDbEntity
  8
0
 62
     7
 48
0.2
100
AcDbText
 10
17.45238095238096
 20
22.125
 30
0.0
 40
0.125
  1
T
 72
     1
 11
17.50000000000001
 21
22.125
 31
0.0
100
AcDbText
  0
TEXT
  5
CEF6
330
BA9B
100
AcDbEntity
  8
0
 62
     7
 48
0.2
100
AcDbText
 10
18.43452380952381
 20
22.125
 30
0.0
 40
0.125
  1
U
 72
     1
 11
18.50000000000001
 21
22.125
 31
0.0
100
AcDbText
  0
TEXT
  5
CEF7
330
BA9B
100
AcDbEntity
  8
0
 62
     7
 48
0.2
100
AcDbText
 10
19.44642857142858
 20
22.125
 30
0.0
 40
0.125
  1
V
 72
     1
 11
19.50000000000001
 21
22.125
 31
0.0
100
AcDbText
  0
TEXT
  5
CEF8
330
BA9B
100
AcDbEntity
  8
0
 62
     7
 48
0.2
100
AcDbText
 10
20.42857142857144
 20
22.125
 30
0.0
 40
0.125
  1
W
 72
     1
 11
20.50000000000001
 21
22.125
 31
0.0
100
AcDbText
  0
TEXT
  5
CEF9
330
BA9B
100
AcDbEntity
  8
0
 62
     7
 48
0.2
100
AcDbText
 10
21.4404761904762
 20
22.125
 30
0.0
 40
0.125
  1
X
 72
     1
 11
21.50000000000001
 21
22.125
 31
0.0
100
AcDbText
  0
TEXT
  5
CEFA
330
BA9B
100
AcDbEntity
  8
0
 62
     7
 48
0.2
100
AcDbText
 10
22.44642857142858
 20
22.125
 30
0.0
 40
0.125
  1
Y
 72
     1
 11
22.50000000000001
 21
22.125
 31
0.0
100
AcDbText
  0
TEXT
  5
CEFB
330
BA9B
100
AcDbEntity
  8
0
 62
     7
 48
0.2
100
AcDbText
 10
23.4404761904762
 20
22.125
 30
0.0
 40
0.125
  1
Z
 72
     1
 11
23.50000000000001
 21
22.125
 31
0.0
100
AcDbText
  0
TEXT
  5
CEFC
330
BA9B
100
AcDbEntity
  8
0
 62
     7
 48
0.2
100
AcDbText
 10
24.39285714285715
 20
22.125
 30
0.0
 40
0.125
  1
AA
 72
     1
 11
24.50000000000001
 21
22.125
 31
0.0
100
AcDbText
  0
TEXT
  5
CEFD
330
BA9B
100
AcDbEntity
  8
0
 62
     7
 48
0.2
100
AcDbText
 10
25.38988095238096
 20
22.125
 30
0.0
 40
0.125
  1
AB
 72
     1
 11
25.50000000000001
 21
22.125
 31
0.0
100
AcDbText
  0
TEXT
  5
CEFE
330
BA9B
100
AcDbEntity
  8
0
 62
     7
 48
0.2
100
AcDbText
 10
26.38988095238096
 20
22.125
 30
0.0
 40
0.125
  1
AC
 72
     1
 11
26.50000000000001
 21
22.125
 31
0.0
100
AcDbText
  0
TEXT
  5
CEFF
330
BA9B
100
AcDbEntity
  8
0
 62
     7
 48
0.2
100
AcDbText
 10
27.38988095238096
 20
22.125
 30
0.0
 40
0.125
  1
AD
 72
     1
 11
27.50000000000001
 21
22.125
 31
0.0
100
AcDbText
  0
TEXT
  5
CF00
330
BA9B
100
AcDbEntity
  8
0
 62
     7
 48
0.2
100
AcDbText
 10
28.39285714285715
 20
22.125
 30
0.0
 40
0.125
  1
AE
 72
     1
 11
28.50000000000001
 21
22.125
 31
0.0
100
AcDbText
  0
TEXT
  5
CF01
330
BA9B
100
AcDbEntity
  8
0
 62
     7
 48
0.2
100
AcDbText
 10
29.39285714285715
 20
22.125
 30
0.0
 40
0.125
  1
AF
 72
     1
 11
29.50000000000001
 21
22.125
 31
0.0
100
AcDbText
  0
TEXT
  5
CF02
330
BA9B
100
AcDbEntity
  8
0
 62
     7
 48
0.2
100
AcDbText
 10
30.38988095238096
 20
22.125
 30
0.0
 40
0.125
  1
AG
 72
     1
 11
30.50000000000001
 21
22.125
 31
0.0
100
AcDbText
  0
TEXT
  5
CF03
330
BA9B
100
AcDbEntity
  8
0
 62
     7
 48
0.2
100
AcDbText
 10
31.38988095238096
 20
22.125
 30
0.0
 40
0.125
  1
AH
 72
     1
 11
31.50000000000001
 21
22.125
 31
0.0
100
AcDbText
  0
TEXT
  5
CF04
330
BA9B
100
AcDbEntity
  8
0
 62
     7
 48
0.2
100
AcDbText
 10
32.4077380952381
 20
22.125
 30
0.0
 40
0.125
  1
AJ
 72
     1
 11
32.50000000000001
 21
22.125
 31
0.0
100
AcDbText
  0
TEXT
  5
CF05
330
BA9B
100
AcDbEntity
  8
0
 62
     7
 48
0.2
100
AcDbText
 10
33.38988095238096
 20
22.125
 30
0.0
 40
0.125
  1
AK
 72
     1
 11
33.50000000000001
 21
22.125
 31
0.0
100
AcDbText
  0
LINE
  5
CF06
330
BA9B
100
AcDbEntity
  8
INFORBORDER
 62
     5
100
AcDbLine
 10
0.0000000000000071
 20
12.25
 30
0.0
 11
-0.4999999999999929
 21
12.25
 31
0.0
  0
LINE
  5
CF07
330
BA9B
100
AcDbEntity
  8
INFORBORDER
 62
     5
100
AcDbLine
 10
34.50000000000001
 20
12.25
 30
0.0
 11
34.00000000000001
 21
12.25
 31
0.0
  0
LINE
  5
CF08
330
BA9B
100
AcDbEntity
  8
INFORBORDER
 62
     5
100
AcDbLine
 10
17.00000000000001
 20
-0.5
 30
0.0
 11
17.00000000000001
 21
0.0
 31
0.0
  0
ENDBLK
  5
BAE6
330
BA9B
100
AcDbEntity
  8
0
100
AcDbBlockEnd
  0
BLOCK
  5
D54A
330
D547
100
AcDbEntity
  8
0
 62
     7
 48
0.2
100
AcDbBlockBegin
  2
A$Cb4c55d7e
 70
     0
 10
0.0
 20
0.0
 30
0.0
  3
A$Cb4c55d7e
  1

  0
HATCH
  5
D54B
330
D547
100
AcDbEntity
  8
0
 62
     2
420
 16770347
430
PANTONE+ CMYK Uncoated$PANTONE Process Yellow U
 48
0.2
100
AcDbHatch
 10
0.0
 20
0.0
 30
0.0
210
0.0
220
0.0
230
1.0
  2
SOLID
 70
     1
 71
     0
 91
        3
 92
        7
 72
     1
 73
     1
 93
       11
 10
0.6061203168160035
 20
1.032159072173667
 42
0.0
 10
0.3600209236355525
 20
1.12244272432185
 42
0.0
 10
0.2715086523201649
 20
0.7882950260588025
 42
0.0
 10
0.2869753672946267
 20
0.7561780614749214
 42
0.0352682384587199
 10
0.2587232081581199
 20
0.7400279702649808
 42
0.0
 10
0.1941102899620546
 20
0.4961040761831846
 42
0.0
 10
0.3978908949182696
 20
0.5126096027855161
 42
0.0
 10
0.2703435125941453
 20
0.0013218999103097
 42
0.0
 10
0.5935327267218007
 20
0.6518470207509433
 42
0.0476632293510713
 10
0.5701514691298151
 20
0.6890430246763879
 42
0.0
 10
0.4441289230067902
 20
0.6962376921151723
 42
0.0
 97
        0
 92
       22
 72
     1
 73
     1
 93
        8
 10
0.4298945591726806
 20
0.9733732319894819
 42
0.0
 10
0.4298945591726806
 20
0.6850053573388939
 42
-0.41421356237309
 10
0.4195852047208036
 20
0.6746960028870164
 42
0.0
 10
0.3547894210005147
 20
0.6746960028870164
 42
-0.4142135623730981
 10
0.3444800665486376
 20
0.6850053573388935
 42
0.0
 10
0.3444800665486483
 20
0.9733732319894823
 42
-0.4142135623730879
 10
0.3547894210005253
 20
0.9836825864413597
 42
0.0
 10
0.4195852047208036
 20
0.9836825864413597
 42
-0.4142135623730962
 97
        0
 92
        6
 72
     1
 73
     1
 93
        8
 10
0.4263756328531017
 20
0.9733732319894814
 42
0.0
 10
0.4263756328531088
 20
0.6850053573388953
 42
-0.4142135623731058
 10
0.4195852047208036
 20
0.6782149292065905
 42
0.0
 10
0.3547894210005147
 20
0.6782149292065931
 42
-0.4142135623730836
 10
0.347998992868213
 20
0.6850053573388939
 42
0.0
 10
0.3479989928682201
 20
0.9733732319894814
 42
-0.4142135623730879
 10
0.3547894210005253
 20
0.9801636601217861
 42
0.0
 10
0.4195852047208036
 20
0.9801636601217861
 42
-0.4142135623727797
 97
        0
 75
     1
 76
     1
 47
0.0044852975400802
 98
        3
 10
0.4930445205446539
 20
0.984599792865942
 10
0.4930445205446539
 20
0.984599792865942
 10
0.4930445205446539
 20
0.984599792865942
450
        0
451
        0
460
0.0
461
0.0
452
        0
462
0.0
453
        2
463
0.0
 63
     5
421
      255
463
1.0
 63
     2
421
 16776960
470
LINEAR
1001
GRADIENTCOLOR1ACI
1070
     5
1001
GRADIENTCOLOR2ACI
1070
     2
1001
ACAD
1010
0.0
1020
0.0
1030
0.0
  0
HATCH
  5
D54C
330
D547
100
AcDbEntity
  8
0
 62
     9
 48
0.2
100
AcDbHatch
 10
0.0
 20
0.0
 30
0.0
210
0.0
220
0.0
230
1.0
  2
SOLID
 70
     1
 71
     0
 91
        2
 92
        7
 72
     1
 73
     1
 93
       49
 10
0.2822895764350228
 20
0.757797908690367
 42
0.0
 10
0.2150110155664926
 20
0.8975032798849857
 42
0.0
 10
0.2030165265069286
 20
0.8917270383889416
 42
0.3394542588743445
 10
0.1992907358332196
 20
0.8843466546344869
 42
0.0
 10
0.2092294452182912
 20
0.8318193123233168
 42
-0.2983468073764682
 10
0.2034278701758154
 20
0.817820206214642
 42
0.0375977986198009
 10
0.1651060461544525
 20
0.787259571344138
 42
-0.2983468073780929
 10
0.150166954966565
 20
0.7847185480664858
 42
0.0
 10
0.1011681536894713
 20
0.8060965065266273
 42
0.3394542588658972
 10
0.0931437451443174
 20
0.8041064190900826
 42
0.0
 10
0.0721548278839777
 20
0.7777871493148259
 42
0.3394542588615627
 10
0.0720002349783542
 20
0.7695210933304551
 42
0.0
 10
0.1037454624093428
 20
0.7265078375844567
 42
-0.2983468073765692
 10
0.1045924084140068
 20
0.7113778697298732
 42
0.0375977986198252
 10
0.083325400536932
 20
0.667216472831993
 42
-0.2983468073737713
 10
0.070968253143004
 20
0.6584452612226031
 42
0.0
 10
0.0175463100764581
 20
0.656446353143267
 42
0.3394542588568067
 10
0.0111800343722202
 20
0.6511716859348753
 42
0.0
 10
0.0036891765300524
 20
0.6183520933406155
 42
0.3394542588671354
 10
0.0071364004131311
 20
0.6108375588903053
 42
0.0
 10
0.0544006142677134
 20
0.5858576925330859
 42
-0.2983468073770215
 10
0.0617283332762284
 20
0.5725935386230799
 42
0.0375977986187054
 10
0.0617283332762284
 20
0.5235780859589139
 42
-0.2983468073770607
 10
0.0544006142677098
 20
0.5103139320489101
 42
0.0
 10
0.0071364004131311
 20
0.4853340656916885
 42
0.3394542588670197
 10
0.0036891765300489
 20
0.4778195312413765
 42
0.0
 10
0.0111800343722095
 20
0.4449999386471193
 42
0.3394542588568916
 10
0.0175463100764581
 20
0.4397252714387184
 42
0.0
 10
0.070968253143004
 20
0.4377263633593893
 42
-0.2983468073737972
 10
0.083325400536932
 20
0.4289551517499986
 42
0.0375977986198249
 10
0.104592408414014
 20
0.3847937548521219
 42
-0.2983468073766709
 10
0.1037454624093428
 20
0.3696637869975339
 42
0.0
 10
0.0720002349783542
 20
0.3266505312515369
 42
0.3394542588615952
 10
0.0721548278839777
 20
0.3183844752671656
 42
0.0
 10
0.0931437451443174
 20
0.2920652054919093
 42
0.339454258865914
 10
0.1011681536894713
 20
0.2900751180553644
 42
0.0
 10
0.150166954966565
 20
0.3114530765155066
 42
-0.2983468073780526
 10
0.1651060461544489
 20
0.3089120532378526
 42
0.0375977986197993
 10
0.2034278701758154
 20
0.2783514183673499
 42
-0.2983468073764397
 10
0.2092294452182912
 20
0.2643523122586764
 42
0.0
 10
0.1992907358332196
 20
0.2118249699475063
 42
0.3394542588742844
 10
0.203016526506925
 20
0.2044445861930502
 42
0.0
 10
0.2333463907110875
 20
0.1898384934019739
 42
0.3394542588420585
 10
0.2414395995712795
 20
0.1915271469609569
 42
0.0
 10
0.2763104455366729
 20
0.2320478051018791
 42
-0.2983468073659977
 10
0.2908726102921832
 20
0.2362402509793307
 42
0.0280175907292954
 10
0.3263429571565801
 20
0.2274268962768438
 42
0.0
 10
0.3375005468670515
 20
0.2721533211453169
 42
0.0
 10
0.3487086477505201
 20
0.3167806225213789
 42
-0.7264153207195818
 97
        0
 92
        7
 72
     1
 73
     1
 93
        8
 10
0.4263756328531088
 20
0.9733732319894814
 42
0.4142135623730951
 10
0.4195852047208036
 20
0.9801636601217861
 42
0.0
 10
0.3547894210005253
 20
0.9801636601217861
 42
0.4142135623730951
 10
0.3479989928682201
 20
0.9733732319894814
 42
0.0
 10
0.347998992868213
 20
0.6850053573388939
 42
0.4142135623730863
 10
0.3547894210005147
 20
0.6782149292065931
 42
0.0
 10
0.4195852047208036
 20
0.6782149292065905
 42
0.4142135623731026
 10
0.4263756328531088
 20
0.6850053573388953
 42
0.0
 97
        0
 75
     1
 76
     1
 47
0.0011351014546283
 98
        2
 10
0.1482904380088392
 20
0.6810653702695993
 10
0.3754549076195239
 20
0.84679022622469
450
        0
451
        0
460
0.0
461
0.0
452
        0
462
0.0
453
        2
463
0.0
 63
     5
421
      255
463
1.0
 63
     2
421
 16776960
470
LINEAR
1001
GRADIENTCOLOR1ACI
1070
     5
1001
GRADIENTCOLOR2ACI
1070
     2
1001
ACAD
1010
0.0
1020
0.0
1030
0.0
  0
LINE
  5
D54D
330
D547
100
AcDbEntity
  8
0
  6
Continuous
 62
     7
370
    25
100
AcDbLine
 10
0.6061203168160035
 20
1.032159072173667
 30
0.0
 11
0.3600209236355525
 21
1.12244272432185
 31
0.0
  0
LINE
  5
D54E
330
D547
100
AcDbEntity
  8
0
  6
Continuous
 62
     7
370
    25
100
AcDbLine
 10
0.4441289230067902
 20
0.6962376921151723
 30
0.0
 11
0.6061203168160035
 21
1.032159072173667
 31
0.0
  0
LINE
  5
D54F
330
D547
100
AcDbEntity
  8
0
  6
Continuous
 62
     7
370
    25
100
AcDbLine
 10
0.5701514691298116
 20
0.6890430246763879
 30
0.0
 11
0.4441289230067902
 21
0.6962376921151723
 31
0.0
  0
LINE
  5
D550
330
D547
100
AcDbEntity
  8
0
  6
Continuous
 62
     7
370
    25
100
AcDbLine
 10
0.2703435125941453
 20
0.0013218999103097
 30
0.0
 11
0.5935327267218007
 21
0.651847020750942
 31
0.0
  0
LINE
  5
D551
330
D547
100
AcDbEntity
  8
0
  6
Continuous
 62
     7
370
    25
100
AcDbLine
 10
0.3978908949182696
 20
0.5126096027855161
 30
0.0
 11
0.2703435125941453
 21
0.0013218999103097
 31
0.0
  0
LINE
  5
D552
330
D547
100
AcDbEntity
  8
0
  6
Continuous
 62
     7
370
    25
100
AcDbLine
 10
0.1941102899620546
 20
0.4961040761831846
 30
0.0
 11
0.3978908949182696
 21
0.5126096027855161
 31
0.0
  0
LINE
  5
D553
330
D547
100
AcDbEntity
  8
0
  6
Continuous
 62
     7
370
    25
100
AcDbLine
 10
0.3600209236355525
 20
1.12244272432185
 30
0.0
 11
0.2715086523201649
 21
0.7882950260588082
 31
0.0
  0
LINE
  5
D554
330
D547
100
AcDbEntity
  8
0
  6
Continuous
 62
     7
370
    25
100
AcDbLine
 10
0.2587232081581199
 20
0.7400279702649782
 30
0.0
 11
0.1941102899620546
 21
0.4961040761831846
 31
0.0
  0
LINE
  5
D555
330
D547
100
AcDbEntity
  8
0
  6
Continuous
 62
     7
370
    25
100
AcDbLine
 10
0.3978908949182696
 20
0.5126096027855161
 30
0.0
 11
0.3966240461687072
 21
0.5091563673314781
 31
0.0
  0
LINE
  5
D556
330
D547
100
AcDbEntity
  8
0
  6
Continuous
 62
     7
370
    25
100
AcDbLine
 10
0.3966240461687072
 20
0.5091563673314781
 30
0.0
 11
0.3494908763488169
 21
0.3202178749271303
 31
0.0
  0
LINE
  5
D557
330
D547
100
AcDbEntity
  8
0
  6
Continuous
 62
     7
370
    25
100
AcDbLine
 10
0.3375005468670515
 20
0.2721533211453169
 30
0.0
 11
0.269608353278791
 21
0.0
 31
0.0
  0
HATCH
  5
D558
330
D547
100
AcDbEntity
  8
0
 62
     9
 48
0.2
100
AcDbHatch
 10
0.0
 20
0.0
 30
0.0
210
0.0
220
0.0
230
1.0
  2
SOLID
 70
     1
 71
     1
 91
        1
 92
        7
 72
     1
 73
     1
 93
       54
 10
0.4275809104132123
 20
0.3171073376244693
 42
0.0
 10
0.3594386635218427
 20
0.1798635034666155
 42
0.0
 10
0.3637964581680289
 20
0.1635999924381756
 42
0.3394542588631126
 10
0.3703555080725884
 20
0.1585670564309112
 42
0.0
 10
0.4040191176423277
 20
0.1585670564309102
 42
0.3394542588630829
 10
0.4105781675468867
 20
0.1635999924381735
 42
0.0
 10
0.4244144594916712
 20
0.2152377369642028
 42
-0.2983468073766593
 10
0.4357154824924838
 20
0.2253332866743884
 42
0.0375977986185246
 10
0.4835020154227267
 20
0.2362402509793265
 42
-0.298346807365896
 10
0.4980641801782317
 20
0.2320478051018793
 42
0.0
 10
0.5329350261436536
 20
0.1915271469609532
 42
0.3394542588422386
 10
0.5410282350038523
 20
0.1898384934019745
 42
0.0
 10
0.5713580992079399
 20
0.2044445861930543
 42
0.339454258873751
 10
0.5750838898816414
 20
0.2118249699474994
 42
0.0
 10
0.5651451804966311
 20
0.2643523122586915
 42
-0.2983468073761363
 10
0.5709467555391095
 20
0.2783514183673497
 42
0.0375977986198004
 10
0.6092685795604728
 20
0.3089120532378549
 42
-0.2983468073780777
 10
0.6242076707483567
 20
0.3114530765155066
 42
0.0
 10
0.6732064720254538
 20
0.2900751180553639
 42
0.3394542588659099
 10
0.681230880570606
 20
0.2920652054919088
 42
0.0
 10
0.7022197978309498
 20
0.3183844752671658
 42
0.3394542588615639
 10
0.7023743907365747
 20
0.3266505312515378
 42
0.0
 10
0.6706291633055839
 20
0.3696637869975341
 42
-0.2983468073766265
 10
0.6697822173009169
 20
0.3847937548521196
 42
0.0375977986198255
 10
0.691049225177996
 20
0.42895515175
 42
-0.2983468073737654
 10
0.7034063725719233
 20
0.4377263633593893
 42
0.0
 10
0.7568283156384816
 20
0.4397252714387262
 42
0.3394542588569247
 10
0.7631945913427227
 20
0.4449999386471223
 42
0.0
 10
0.7706854491848655
 20
0.4778195312413783
 42
0.3394542588669239
 10
0.7672382253017842
 20
0.4853340656916848
 42
0.0
 10
0.7199740114472146
 20
0.5103139320489083
 42
-0.2983468073770215
 10
0.7126462924386967
 20
0.5235780859589139
 42
0.0375977986187043
 10
0.7126462924386954
 20
0.5725935386230789
 42
-0.2983468073770371
 10
0.7199740114472145
 20
0.5858576925330846
 42
0.0
 10
0.7672382253017842
 20
0.6108375588903065
 42
0.3394542588669748
 10
0.7706854491848655
 20
0.6183520933406144
 42
0.0
 10
0.7631945913427228
 20
0.6511716859348705
 42
0.3394542588569479
 10
0.7568283156384814
 20
0.6564463531432672
 42
0.0
 10
0.7034063725719234
 20
0.658445261222603
 42
-0.2983468073737645
 10
0.6910492251779964
 20
0.6672164728319921
 42
0.0375977986198247
 10
0.669782217300913
 20
0.7113778697298701
 42
-0.2983468073766856
 10
0.6706291633055838
 20
0.7265078375844583
 42
0.0
 10
0.702374390736574
 20
0.7695210933304539
 42
0.3394542588615596
 10
0.7022197978309494
 20
0.7777871493148247
 42
0.0
 10
0.6812308805706059
 20
0.8041064190900826
 42
0.3394542588659148
 10
0.6732064720254535
 20
0.8060965065266273
 42
0.0
 10
0.6242076707483573
 20
0.7847185480664862
 42
-0.2983468073780386
 10
0.6092685795604755
 20
0.7872595713441406
 42
0.0375977986198001
 10
0.5709467555391097
 20
0.8178202062146418
 42
-0.2983468073761671
 10
0.5651451804966312
 20
0.8318193123233017
 42
0.0
 10
0.5750838898816414
 20
0.8843466546344933
 42
0.339454258873642
 10
0.5713580992079425
 20
0.8917270383889373
 42
0.0
 10
0.5593636101559909
 20
0.8975032798813389
 42
0.0
 10
0.492085049285105
 20
0.7577979086877655
 42
-0.723256010220429
 97
       54
330
D5DE
330
D582
330
D5E6
330
D5EC
330
D5F2
330
D5F8
330
D5FE
330
D601
330
D608
330
D60E
330
D614
330
D61A
330
D66C
330
D67D
330
D675
330
D67C
330
D621
330
D562
330
D625
330
D61F
330
D67A
330
D681
330
D559
330
D62E
330
D634
330
D63A
330
D640
330
D646
330
D64C
330
D651
330
D626
330
D65C
330
D662
330
D668
330
D655
330
D673
330
D571
330
D578
330
D57E
330
D566
330
D58A
330
D590
330
D596
330
D59C
330
D5A2
330
D5A8
330
D5AE
330
D5B4
330
D5BA
330
D5C0
330
D5C6
330
D5CC
330
D5D2
330
D5D8
 75
     1
 76
     1
 47
0.0013092052051806
 98
        1
 10
0.6575303516725733
 20
0.5412858134244507
450
        0
451
        0
460
0.0
461
0.0
452
        0
462
0.0
453
        2
463
0.0
 63
     5
421
      255
463
1.0
 63
     2
421
 16776960
470
LINEAR
1001
GRADIENTCOLOR1ACI
1070
     5
1001
GRADIENTCOLOR2ACI
1070
     2
1001
ACAD
1010
0.0
1020
0.0
1030
0.0
  0
LINE
  5
D559
102
{ACAD_REACTORS
330
D558
102
}
330
D547
100
AcDbEntity
  8
0
  6
Continuous
 62
     7
370
    25
100
AcDbLine
 10
0.2701355386479634
 20
0.0
 30
0.0
 11
0.4275809104132123
 21
0.3171073376244693
 31
0.0
  0
LINE
  5
D55A
330
D547
100
AcDbEntity
  8
0
  6
Continuous
 62
     7
370
    25
100
AcDbLine
 10
0.4296402379320626
 20
0.3210559302126139
 30
0.0
 11
0.5937581591499495
 21
0.6513974944277199
 31
0.0
  0
LINE
  5
D55B
330
D547
100
AcDbEntity
  8
0
  6
Continuous
 62
     7
370
    25
100
AcDbLine
 10
0.1941102899620546
 20
0.4961040761831846
 30
0.0
 11
0.1928434412124886
 21
0.4926508407291457
 31
0.0
  0
LINE
  5
D55C
330
D547
100
AcDbEntity
  8
0
  6
Continuous
 62
     7
370
    25
100
AcDbLine
 10
0.1928434412124886
 20
0.4926508407291457
 30
0.0
 11
0.3966240461687072
 21
0.5091563673314781
 31
0.0
  0
LINE
  5
D55D
330
D547
100
AcDbEntity
  8
0
  6
Continuous
 62
     7
370
    25
100
AcDbLine
 10
0.3600209236355525
 20
1.12244272432185
 30
0.0
 11
0.3587540748859901
 21
1.118989488867811
 31
0.0
  0
LINE
  5
D55E
330
D547
100
AcDbEntity
  8
0
  6
Continuous
 62
     7
370
    25
100
AcDbLine
 10
0.3587540748859901
 20
1.118989488867811
 30
0.0
 11
0.2712814837852981
 21
0.7887667463821582
 31
0.0
  0
LINE
  5
D55F
330
D547
100
AcDbEntity
  8
0
  6
Continuous
 62
     7
370
    25
100
AcDbLine
 10
0.258294983758045
 20
0.7397406731822356
 30
0.0
 11
0.1928434412124886
 21
0.4926508407291457
 31
0.0
  0
LINE
  5
D560
330
D547
100
AcDbEntity
  8
0
  6
Continuous
 62
     7
370
    25
100
AcDbLine
 10
0.6061203168160035
 20
1.032159072173667
 30
0.0
 11
0.6048534680664411
 21
1.02870583671963
 31
0.0
  0
LINE
  5
D561
330
D547
100
AcDbEntity
  8
0
  6
Continuous
 62
     7
370
    25
100
AcDbLine
 10
0.4445166537771037
 20
0.6962155564415649
 30
0.0
 11
0.6048534680664411
 21
1.02870583671963
 31
0.0
  0
LINE
  5
D562
102
{ACAD_REACTORS
330
D558
102
}
330
D547
100
AcDbEntity
  8
0
  6
Continuous
 62
     7
370
    25
100
AcDbLine
 10
0.5651451804966357
 20
0.8318193123233129
 30
0.0
 11
0.5750838898816469
 21
0.8843466546344828
 31
0.0
  0
LINE
  5
D563
330
D547
100
AcDbEntity
  8
0
  6
Continuous
 62
     7
370
    25
100
AcDbLine
 10
0.578541468905037
 20
0.8836924453869311
 30
0.0
 11
0.5750838898816469
 21
0.8843466546344828
 31
0.0
  0
LINE
  5
D564
330
D547
100
AcDbEntity
  8
0
  6
Continuous
 62
     7
370
    25
100
AcDbLine
 10
0.578541468905037
 20
0.8836924453869311
 30
0.0
 11
0.5686027595200223
 21
0.8311651030757625
 31
0.0
  0
LINE
  5
D565
330
D547
100
AcDbEntity
  8
0
  6
Continuous
 62
     7
370
    25
100
AcDbLine
 10
0.5651451804966357
 20
0.8318193123233129
 30
0.0
 11
0.5686027595200223
 21
0.8311651030757625
 31
0.0
  0
LINE
  5
D566
102
{ACAD_REACTORS
330
D558
102
}
330
D547
100
AcDbEntity
  8
0
  6
Continuous
 62
     7
370
    25
100
AcDbLine
 10
0.624207670748362
 20
0.3114530765155052
 30
0.0
 11
0.6732064720254592
 21
0.2900751180553644
 31
0.0
  0
LINE
  5
D567
330
D547
100
AcDbEntity
  8
0
  6
Continuous
 62
     7
370
    25
100
AcDbLine
 10
0.6717992814560816
 20
0.2868498030096607
 30
0.0
 11
0.6228004801789844
 21
0.3082277614698019
 31
0.0
  0
LINE
  5
D568
330
D547
100
AcDbEntity
  8
0
  6
Continuous
 62
     7
370
    25
100
AcDbLine
 10
0.624207670748362
 20
0.3114530765155052
 30
0.0
 11
0.6228004801789844
 21
0.3082277614698019
 31
0.0
  0
LINE
  5
D569
330
D547
100
AcDbEntity
  8
0
  6
Continuous
 62
     7
370
    25
100
AcDbLine
 10
0.0708366762852961
 20
0.4342098978081426
 30
0.0
 11
0.0174147332187502
 21
0.4362088058874787
 31
0.0
  0
LINE
  5
D56A
330
D547
100
AcDbEntity
  8
0
  6
Continuous
 62
     7
370
    25
100
AcDbLine
 10
0.0174147332187502
 20
0.4362088058874787
 30
0.0
 11
0.0175463100764581
 21
0.4397252714387219
 31
0.0
  0
LINE
  5
D56B
330
D547
100
AcDbEntity
  8
0
  6
Continuous
 62
     7
370
    25
100
AcDbLine
 10
0.0175463100764581
 20
0.4397252714387219
 30
0.0
 11
0.070968253143004
 21
0.4377263633593902
 31
0.0
  0
LINE
  5
D56C
330
D547
100
AcDbEntity
  8
0
  6
Continuous
 62
     7
370
    25
100
AcDbLine
 10
0.0708366762852961
 20
0.4342098978081426
 30
0.0
 11
0.070968253143004
 21
0.4377263633593902
 31
0.0
  0
LINE
  5
D56D
330
D547
100
AcDbEntity
  8
0
  6
Continuous
 62
     7
370
    25
100
AcDbLine
 10
0.0691689146744565
 20
0.3287401407316439
 30
0.0
 11
0.1009141421054451
 21
0.3717533964776405
 31
0.0
  0
LINE
  5
D56E
330
D547
100
AcDbEntity
  8
0
  6
Continuous
 62
     7
370
    25
100
AcDbLine
 10
0.1009141421054451
 20
0.3717533964776405
 30
0.0
 11
0.1037454624093357
 21
0.3696637869975334
 31
0.0
  0
LINE
  5
D56F
330
D547
100
AcDbEntity
  8
0
  6
Continuous
 62
     7
370
    25
100
AcDbLine
 10
0.1037454624093357
 20
0.3696637869975334
 30
0.0
 11
0.0720002349783471
 21
0.3266505312515373
 31
0.0
  0
LINE
  5
D570
330
D547
100
AcDbEntity
  8
0
  6
Continuous
 62
     7
370
    25
100
AcDbLine
 10
0.0691689146744565
 20
0.3287401407316439
 30
0.0
 11
0.0720002349783471
 21
0.3266505312515373
 31
0.0
  0
ARC
  5
D571
102
{ACAD_REACTORS
330
D558
102
}
330
D547
100
AcDbEntity
  8
0
  6
Continuous
 62
     7
370
    25
100
AcDbCircle
 10
0.5787323855651323
 20
0.2669231501611753
 30
0.0
 40
0.0138282807714609
100
AcDbArc
 50
124.2650665971326
 51
190.7142857141908
  0
LINE
  5
D572
330
D547
100
AcDbEntity
  8
0
  6
Continuous
 62
     7
370
    25
100
AcDbLine
 10
0.5709467555391115
 20
0.2783514183673499
 30
0.0
 11
0.5729279894224711
 21
0.2754432308317845
 31
0.0
  0
ARC
  5
D573
330
D547
100
AcDbEntity
  8
0
  6
Continuous
 62
     7
370
    25
100
AcDbCircle
 10
0.5787323855651323
 20
0.2669231501611753
 30
0.0
 40
0.010309354451887
100
AcDbArc
 50
124.2650665971314
 51
190.7142857141903
  0
LINE
  5
D574
330
D547
100
AcDbEntity
  8
0
  6
Continuous
 62
     7
370
    25
100
AcDbLine
 10
0.5651451804966357
 20
0.2643523122586759
 30
0.0
 11
0.5686027595200223
 21
0.2650065215062303
 31
0.0
  0
ARC
  5
D575
330
D547
100
AcDbEntity
  8
0
  6
Continuous
 62
     7
370
    25
100
AcDbCircle
 10
0.0926192584026282
 20
0.3778752992513956
 30
0.0
 40
0.010309354451887
100
AcDbArc
 50
323.571428571479
 51
30.02064768858519
  0
LINE
  5
D576
330
D547
100
AcDbEntity
  8
0
  6
Continuous
 62
     7
370
    25
100
AcDbLine
 10
0.1015455630830822
 20
0.3830331935859341
 30
0.0
 11
0.1045924084140068
 21
0.384793754852121
 31
0.0
  0
ARC
  5
D577
330
D547
100
AcDbEntity
  8
0
  6
Continuous
 62
     7
370
    25
100
AcDbCircle
 10
0.0926192584026282
 20
0.3778752992513956
 30
0.0
 40
0.0138282807714612
100
AcDbArc
 50
323.5714285714791
 51
30.02064768858564
  0
ARC
  5
D578
102
{ACAD_REACTORS
330
D558
102
}
330
D547
100
AcDbEntity
  8
0
  6
Continuous
 62
     7
370
    25
100
AcDbCircle
 10
0.3871873128574634
 20
0.5480858122909958
 30
0.0
 40
0.3263804161404692
100
AcDbArc
 50
304.2650665971322
 51
312.8777905457784
  0
LINE
  5
D579
330
D547
100
AcDbEntity
  8
0
  6
Continuous
 62
     7
370
    25
100
AcDbLine
 10
0.6092685795604745
 20
0.3089120532378544
 30
0.0
 11
0.6116629867486516
 21
0.3063333604178742
 31
0.0
  0
ARC
  5
D57A
330
D547
100
AcDbEntity
  8
0
  6
Continuous
 62
     7
370
    25
100
AcDbCircle
 10
0.3871873128574634
 20
0.5480858122909958
 30
0.0
 40
0.3298993424600431
100
AcDbArc
 50
304.2650665971322
 51
312.8777905457784
  0
ARC
  5
D57B
330
D547
100
AcDbEntity
  8
0
  6
Continuous
 62
     7
370
    25
100
AcDbCircle
 10
0.3871873128574634
 20
0.5480858122909958
 30
0.0
 40
0.3298993424600432
100
AcDbArc
 50
201.4079237399351
 51
210.0206476885864
  0
LINE
  5
D57C
330
D547
100
AcDbEntity
  8
0
  6
Continuous
 62
     7
370
    25
100
AcDbLine
 10
0.0800492613205322
 20
0.4276707241430895
 30
0.0
 11
0.0833254005369249
 21
0.4289551517500004
 31
0.0
  0
ARC
  5
D57D
330
D547
100
AcDbEntity
  8
0
  6
Continuous
 62
     7
370
    25
100
AcDbCircle
 10
0.3871873128574634
 20
0.5480858122909958
 30
0.0
 40
0.3263804161404693
100
AcDbArc
 50
201.4079237399351
 51
210.0206476885864
  0
ARC
  5
D57E
102
{ACAD_REACTORS
330
D558
102
}
330
D547
100
AcDbEntity
  8
0
  6
Continuous
 62
     7
370
    25
100
AcDbCircle
 10
0.6186778515577523
 20
0.2987785962968319
 30
0.0
 40
0.0138282807714609
100
AcDbArc
 50
66.42857142837492
 51
132.8777905457776
  0
ARC
  5
D57F
330
D547
100
AcDbEntity
  8
0
  6
Continuous
 62
     7
370
    25
100
AcDbCircle
 10
0.6186778515577523
 20
0.2987785962968319
 30
0.0
 40
0.010309354451887
100
AcDbArc
 50
66.42857142837517
 51
132.877790545777
  0
ARC
  5
D580
330
D547
100
AcDbEntity
  8
0
  6
Continuous
 62
     7
370
    25
100
AcDbCircle
 10
0.0704511972099979
 20
0.423907752638463
 30
0.0
 40
0.0103093544518869
100
AcDbArc
 50
21.40792373993608
 51
87.85714285642917
  0
ARC
  5
D581
330
D547
100
AcDbEntity
  8
0
  6
Continuous
 62
     7
370
    25
100
AcDbCircle
 10
0.0704511972099979
 20
0.423907752638463
 30
0.0
 40
0.0138282807714611
100
AcDbArc
 50
21.40792373993619
 51
87.85714285642878
  0
LINE
  5
D582
102
{ACAD_REACTORS
330
D558
102
}
330
D547
100
AcDbEntity
  8
0
  6
Continuous
 62
     7
370
    25
100
AcDbLine
 10
0.7199740114472171
 20
0.5858576925330841
 30
0.0
 11
0.7672382253017816
 21
0.6108375588903066
 31
0.0
  0
LINE
  5
D583
330
D547
100
AcDbEntity
  8
0
  6
Continuous
 62
     7
370
    25
100
AcDbLine
 10
0.7672382253017816
 20
0.6108375588903066
 30
0.0
 11
0.768882509176116
 21
0.6077264219625578
 31
0.0
  0
LINE
  5
D584
330
D547
100
AcDbEntity
  8
0
  6
Continuous
 62
     7
370
    25
100
AcDbLine
 10
0.768882509176116
 20
0.6077264219625578
 30
0.0
 11
0.7216182953215516
 21
0.5827465556053367
 31
0.0
  0
LINE
  5
D585
330
D547
100
AcDbEntity
  8
0
  6
Continuous
 62
     7
370
    25
100
AcDbLine
 10
0.7199740114472171
 20
0.5858576925330841
 30
0.0
 11
0.7216182953215516
 21
0.5827465556053367
 31
0.0
  0
LINE
  5
D586
330
D547
100
AcDbEntity
  8
0
  6
Continuous
 62
     7
370
    25
100
AcDbLine
 10
0.1009141421054451
 20
0.7244182281043519
 30
0.0
 11
0.0691689146744565
 21
0.7674314838503485
 31
0.0
  0
LINE
  5
D587
330
D547
100
AcDbEntity
  8
0
  6
Continuous
 62
     7
370
    25
100
AcDbLine
 10
0.0691689146744565
 20
0.7674314838503485
 30
0.0
 11
0.0720002349783471
 21
0.7695210933304542
 31
0.0
  0
LINE
  5
D588
330
D547
100
AcDbEntity
  8
0
  6
Continuous
 62
     7
370
    25
100
AcDbLine
 10
0.0720002349783471
 20
0.7695210933304542
 30
0.0
 11
0.1037454624093357
 21
0.7265078375844581
 31
0.0
  0
LINE
  5
D589
330
D547
100
AcDbEntity
  8
0
  6
Continuous
 62
     7
370
    25
100
AcDbLine
 10
0.1009141421054451
 20
0.7244182281043519
 30
0.0
 11
0.1037454624093357
 21
0.7265078375844581
 31
0.0
  0
ARC
  5
D58A
102
{ACAD_REACTORS
330
D558
102
}
330
D547
100
AcDbEntity
  8
0
  6
Continuous
 62
     7
370
    25
100
AcDbCircle
 10
0.6759219100773031
 20
0.2962989681826302
 30
0.0
 40
0.0067904281323128
100
AcDbArc
 50
246.4285714283754
 51
321.4285714288926
  0
LINE
  5
D58B
330
D547
100
AcDbEntity
  8
0
  6
Continuous
 62
     7
370
    25
100
AcDbLine
 10
0.6812308805706096
 20
0.2920652054919097
 30
0.0
 11
0.6839820879517511
 21
0.2898711908181779
 31
0.0
  0
ARC
  5
D58C
330
D547
100
AcDbEntity
  8
0
  6
Continuous
 62
     7
370
    25
100
AcDbCircle
 10
0.6759219100773031
 20
0.2962989681826302
 30
0.0
 40
0.0103093544518869
100
AcDbArc
 50
246.4285714283758
 51
321.4285714288919
  0
ARC
  5
D58D
330
D547
100
AcDbEntity
  8
0
  6
Continuous
 62
     7
370
    25
100
AcDbCircle
 10
0.0178002122940591
 20
0.4465109510571584
 30
0.0
 40
0.0103093544518909
100
AcDbArc
 50
192.8571428577532
 51
267.8571428564278
  0
LINE
  5
D58E
330
D547
100
AcDbEntity
  8
0
  6
Continuous
 62
     7
370
    25
100
AcDbLine
 10
0.0077493348823587
 20
0.4442169038759296
 30
0.0
 11
0.011180034372206
 21
0.4449999386471198
 31
0.0
  0
ARC
  5
D58F
330
D547
100
AcDbEntity
  8
0
  6
Continuous
 62
     7
370
    25
100
AcDbCircle
 10
0.0178002122940591
 20
0.4465109510571584
 30
0.0
 40
0.0067904281323209
100
AcDbArc
 50
192.8571428577544
 51
267.8571428564288
  0
LINE
  5
D590
102
{ACAD_REACTORS
330
D558
102
}
330
D547
100
AcDbEntity
  8
0
  6
Continuous
 62
     7
370
    25
100
AcDbLine
 10
0.6812308805706096
 20
0.2920652054919097
 30
0.0
 11
0.7022197978309493
 21
0.3183844752671674
 31
0.0
  0
LINE
  5
D591
330
D547
100
AcDbEntity
  8
0
  6
Continuous
 62
     7
370
    25
100
AcDbLine
 10
0.7022197978309493
 20
0.3183844752671674
 30
0.0
 11
0.7049710052120944
 21
0.3161904605934369
 31
0.0
  0
LINE
  5
D592
330
D547
100
AcDbEntity
  8
0
  6
Continuous
 62
     7
370
    25
100
AcDbLine
 10
0.7049710052120944
 20
0.3161904605934369
 30
0.0
 11
0.6839820879517511
 21
0.2898711908181779
 31
0.0
  0
LINE
  5
D593
330
D547
100
AcDbEntity
  8
0
  6
Continuous
 62
     7
370
    25
100
AcDbLine
 10
0.0077493348823587
 20
0.4442169038759296
 30
0.0
 11
0.0002584770401945
 21
0.477036496470185
 31
0.0
  0
LINE
  5
D594
330
D547
100
AcDbEntity
  8
0
  6
Continuous
 62
     7
370
    25
100
AcDbLine
 10
0.0002584770401945
 20
0.477036496470185
 30
0.0
 11
0.0036891765300524
 21
0.4778195312413774
 31
0.0
  0
LINE
  5
D595
330
D547
100
AcDbEntity
  8
0
  6
Continuous
 62
     7
370
    25
100
AcDbLine
 10
0.0036891765300524
 20
0.4778195312413774
 30
0.0
 11
0.011180034372206
 21
0.4449999386471198
 31
0.0
  0
ARC
  5
D596
102
{ACAD_REACTORS
330
D558
102
}
330
D547
100
AcDbEntity
  8
0
  6
Continuous
 62
     7
370
    25
100
AcDbCircle
 10
0.6969108273376463
 20
0.3226182379578883
 30
0.0
 40
0.006790428132314
100
AcDbArc
 50
321.4285714288984
 51
36.42857142851746
  0
LINE
  5
D597
330
D547
100
AcDbEntity
  8
0
  6
Continuous
 62
     7
370
    25
100
AcDbLine
 10
0.7023743907365763
 20
0.3266505312515373
 30
0.0
 11
0.7052057110404668
 21
0.3287401407316439
 31
0.0
  0
ARC
  5
D598
330
D547
100
AcDbEntity
  8
0
  6
Continuous
 62
     7
370
    25
100
AcDbCircle
 10
0.6969108273376463
 20
0.3226182379578883
 30
0.0
 40
0.0103093544518879
100
AcDbArc
 50
321.4285714289013
 51
36.4285714285195
  0
ARC
  5
D599
330
D547
100
AcDbEntity
  8
0
  6
Continuous
 62
     7
370
    25
100
AcDbCircle
 10
0.0103093544518913
 20
0.4793305436514151
 30
0.0
 40
0.0103093544518904
100
AcDbArc
 50
117.857142857027
 51
192.8571428577651
  0
LINE
  5
D59A
330
D547
100
AcDbEntity
  8
0
  6
Continuous
 62
     7
370
    25
100
AcDbLine
 10
0.0054921165388002
 20
0.4884452026194351
 30
0.0
 11
0.0071364004131311
 21
0.4853340656916867
 31
0.0
  0
ARC
  5
D59B
330
D547
100
AcDbEntity
  8
0
  6
Continuous
 62
     7
370
    25
100
AcDbCircle
 10
0.0103093544518913
 20
0.4793305436514151
 30
0.0
 40
0.006790428132315
100
AcDbArc
 50
117.8571428570274
 51
192.8571428577658
  0
LINE
  5
D59C
102
{ACAD_REACTORS
330
D558
102
}
330
D547
100
AcDbEntity
  8
0
  6
Continuous
 62
     7
370
    25
100
AcDbLine
 10
0.7023743907365763
 20
0.3266505312515373
 30
0.0
 11
0.6706291633055877
 21
0.3696637869975334
 31
0.0
  0
LINE
  5
D59D
330
D547
100
AcDbEntity
  8
0
  6
Continuous
 62
     7
370
    25
100
AcDbLine
 10
0.6706291633055877
 20
0.3696637869975334
 30
0.0
 11
0.6734604836094782
 21
0.3717533964776405
 31
0.0
  0
LINE
  5
D59E
330
D547
100
AcDbEntity
  8
0
  6
Continuous
 62
     7
370
    25
100
AcDbLine
 10
0.6734604836094782
 20
0.3717533964776405
 30
0.0
 11
0.7052057110404668
 21
0.3287401407316439
 31
0.0
  0
LINE
  5
D59F
330
D547
100
AcDbEntity
  8
0
  6
Continuous
 62
     7
370
    25
100
AcDbLine
 10
0.0054921165388002
 20
0.4884452026194351
 30
0.0
 11
0.0527563303933718
 21
0.5134250689766567
 31
0.0
  0
LINE
  5
D5A0
330
D547
100
AcDbEntity
  8
0
  6
Continuous
 62
     7
370
    25
100
AcDbLine
 10
0.0527563303933718
 20
0.5134250689766567
 30
0.0
 11
0.0544006142677063
 21
0.5103139320489092
 31
0.0
  0
LINE
  5
D5A1
330
D547
100
AcDbEntity
  8
0
  6
Continuous
 62
     7
370
    25
100
AcDbLine
 10
0.0544006142677063
 20
0.5103139320489092
 30
0.0
 11
0.0071364004131311
 21
0.4853340656916867
 31
0.0
  0
ARC
  5
D5A2
102
{ACAD_REACTORS
330
D558
102
}
330
D547
100
AcDbEntity
  8
0
  6
Continuous
 62
     7
370
    25
100
AcDbCircle
 10
0.6817553673122987
 20
0.3778752992513956
 30
0.0
 40
0.0138282807714608
100
AcDbArc
 50
149.9793523114155
 51
216.4285714285232
  0
LINE
  5
D5A3
330
D547
100
AcDbEntity
  8
0
  6
Continuous
 62
     7
370
    25
100
AcDbLine
 10
0.6697822173009201
 20
0.384793754852121
 30
0.0
 11
0.6728290626318412
 21
0.3830331935859341
 31
0.0
  0
ARC
  5
D5A4
330
D547
100
AcDbEntity
  8
0
  6
Continuous
 62
     7
370
    25
100
AcDbCircle
 10
0.6817553673122987
 20
0.3778752992513956
 30
0.0
 40
0.0103093544518868
100
AcDbArc
 50
149.9793523114143
 51
216.4285714285218
  0
ARC
  5
D5A5
330
D547
100
AcDbEntity
  8
0
  6
Continuous
 62
     7
370
    25
100
AcDbCircle
 10
0.0479390924802843
 20
0.5225397279446762
 30
0.0
 40
0.0103093544518848
100
AcDbArc
 50
297.8571428570051
 51
4.306361974205842
  0
LINE
  5
D5A6
330
D547
100
AcDbEntity
  8
0
  6
Continuous
 62
     7
370
    25
100
AcDbLine
 10
0.0582193415826318
 20
0.5233138517127478
 30
0.0
 11
0.0617283332762284
 21
0.5235780859589166
 31
0.0
  0
ARC
  5
D5A7
330
D547
100
AcDbEntity
  8
0
  6
Continuous
 62
     7
370
    25
100
AcDbCircle
 10
0.0479390924802843
 20
0.5225397279446762
 30
0.0
 40
0.0138282807714589
100
AcDbArc
 50
297.8571428570058
 51
4.306361974205183
  0
ARC
  5
D5A8
102
{ACAD_REACTORS
330
D558
102
}
330
D547
100
AcDbEntity
  8
0
  6
Continuous
 62
     7
370
    25
100
AcDbCircle
 10
0.3871873128574634
 20
0.5480858122909958
 30
0.0
 40
0.3263804161404692
100
AcDbArc
 50
329.9793523114152
 51
338.5920762600665
  0
LINE
  5
D5A9
330
D547
100
AcDbEntity
  8
0
  6
Continuous
 62
     7
370
    25
100
AcDbLine
 10
0.6910492251779985
 20
0.4289551517500004
 30
0.0
 11
0.6943253643943948
 21
0.4276707241430895
 31
0.0
  0
ARC
  5
D5AA
330
D547
100
AcDbEntity
  8
0
  6
Continuous
 62
     7
370
    25
100
AcDbCircle
 10
0.3871873128574634
 20
0.5480858122909958
 30
0.0
 40
0.3298993424600431
100
AcDbArc
 50
329.9793523114152
 51
338.5920762600665
  0
ARC
  5
D5AB
330
D547
100
AcDbEntity
  8
0
  6
Continuous
 62
     7
370
    25
100
AcDbCircle
 10
0.3871873128574634
 20
0.5480858122909958
 30
0.0
 40
0.3298993424600434
100
AcDbArc
 50
175.6936380258028
 51
184.3063619741975
  0
LINE
  5
D5AC
330
D547
100
AcDbEntity
  8
0
  6
Continuous
 62
     7
370
    25
100
AcDbLine
 10
0.0582193415826318
 20
0.5728577728692455
 30
0.0
 11
0.0617283332762284
 21
0.5725935386230785
 31
0.0
  0
ARC
  5
D5AD
330
D547
100
AcDbEntity
  8
0
  6
Continuous
 62
     7
370
    25
100
AcDbCircle
 10
0.3871873128574634
 20
0.5480858122909958
 30
0.0
 40
0.3263804161404694
100
AcDbArc
 50
175.6936380258027
 51
184.3063619741975
  0
ARC
  5
D5AE
102
{ACAD_REACTORS
330
D558
102
}
330
D547
100
AcDbEntity
  8
0
  6
Continuous
 62
     7
370
    25
100
AcDbCircle
 10
0.703923428504929
 20
0.423907752638463
 30
0.0
 40
0.0138282807714609
100
AcDbArc
 50
92.14285714357204
 51
158.5920762600638
  0
LINE
  5
D5AF
330
D547
100
AcDbEntity
  8
0
  6
Continuous
 62
     7
370
    25
100
AcDbLine
 10
0.7034063725719229
 20
0.4377263633593902
 30
0.0
 11
0.7035379494296308
 21
0.4342098978081426
 31
0.0
  0
ARC
  5
D5B0
330
D547
100
AcDbEntity
  8
0
  6
Continuous
 62
     7
370
    25
100
AcDbCircle
 10
0.703923428504929
 20
0.423907752638463
 30
0.0
 40
0.0103093544518869
100
AcDbArc
 50
92.1428571435698
 51
158.5920762600643
  0
ARC
  5
D5B1
330
D547
100
AcDbEntity
  8
0
  6
Continuous
 62
     7
370
    25
100
AcDbCircle
 10
0.0479390924802843
 20
0.573631896637318
 30
0.0
 40
0.0103093544518868
100
AcDbArc
 50
355.6936380258024
 51
62.14285714298959
  0
LINE
  5
D5B2
330
D547
100
AcDbEntity
  8
0
  6
Continuous
 62
     7
370
    25
100
AcDbLine
 10
0.0527563303933718
 20
0.5827465556053367
 30
0.0
 11
0.0544006142677063
 21
0.5858576925330841
 31
0.0
  0
ARC
  5
D5B3
330
D547
100
AcDbEntity
  8
0
  6
Continuous
 62
     7
370
    25
100
AcDbCircle
 10
0.0479390924802843
 20
0.573631896637318
 30
0.0
 40
0.0138282807714609
100
AcDbArc
 50
355.6936380258036
 51
62.14285714298823
  0
LINE
  5
D5B4
102
{ACAD_REACTORS
330
D558
102
}
330
D547
100
AcDbEntity
  8
0
  6
Continuous
 62
     7
370
    25
100
AcDbLine
 10
0.7034063725719229
 20
0.4377263633593902
 30
0.0
 11
0.7568283156384759
 21
0.4397252714387259
 31
0.0
  0
LINE
  5
D5B5
330
D547
100
AcDbEntity
  8
0
  6
Continuous
 62
     7
370
    25
100
AcDbLine
 10
0.7568283156384759
 20
0.4397252714387259
 30
0.0
 11
0.7569598924961838
 21
0.4362088058874787
 31
0.0
  0
LINE
  5
D5B6
330
D547
100
AcDbEntity
  8
0
  6
Continuous
 62
     7
370
    25
100
AcDbLine
 10
0.7569598924961838
 20
0.4362088058874787
 30
0.0
 11
0.7035379494296308
 21
0.4342098978081426
 31
0.0
  0
LINE
  5
D5B7
330
D547
100
AcDbEntity
  8
0
  6
Continuous
 62
     7
370
    25
100
AcDbLine
 10
0.0527563303933718
 20
0.5827465556053367
 30
0.0
 11
0.0054921165388002
 21
0.6077264219625578
 31
0.0
  0
LINE
  5
D5B8
330
D547
100
AcDbEntity
  8
0
  6
Continuous
 62
     7
370
    25
100
AcDbLine
 10
0.0054921165388002
 20
0.6077264219625578
 30
0.0
 11
0.0071364004131311
 21
0.6108375588903066
 31
0.0
  0
LINE
  5
D5B9
330
D547
100
AcDbEntity
  8
0
  6
Continuous
 62
     7
370
    25
100
AcDbLine
 10
0.0071364004131311
 20
0.6108375588903066
 30
0.0
 11
0.0544006142677063
 21
0.5858576925330841
 31
0.0
  0
ARC
  5
D5BA
102
{ACAD_REACTORS
330
D558
102
}
330
D547
100
AcDbEntity
  8
0
  6
Continuous
 62
     7
370
    25
100
AcDbCircle
 10
0.7565744134208821
 20
0.4465109510571584
 30
0.0
 40
0.006790428132313
100
AcDbArc
 50
272.1428571435757
 51
347.1428571422267
  0
LINE
  5
D5BB
330
D547
100
AcDbEntity
  8
0
  6
Continuous
 62
     7
370
    25
100
AcDbLine
 10
0.7631945913427174
 20
0.4449999386471193
 30
0.0
 11
0.7666252908325753
 21
0.4442169038759283
 31
0.0
  0
ARC
  5
D5BC
330
D547
100
AcDbEntity
  8
0
  6
Continuous
 62
     7
370
    25
100
AcDbCircle
 10
0.7565744134208821
 20
0.4465109510571584
 30
0.0
 40
0.0103093544518869
100
AcDbArc
 50
272.1428571435726
 51
347.1428571422374
  0
ARC
  5
D5BD
330
D547
100
AcDbEntity
  8
0
  6
Continuous
 62
     7
370
    25
100
AcDbCircle
 10
0.0103093544518913
 20
0.6168410809305783
 30
0.0
 40
0.010309354451887
100
AcDbArc
 50
167.1428571422358
 51
242.142857142993
  0
LINE
  5
D5BE
330
D547
100
AcDbEntity
  8
0
  6
Continuous
 62
     7
370
    25
100
AcDbLine
 10
0.0002584770401945
 20
0.6191351281118079
 30
0.0
 11
0.0036891765300524
 21
0.618352093340616
 31
0.0
  0
ARC
  5
D5BF
330
D547
100
AcDbEntity
  8
0
  6
Continuous
 62
     7
370
    25
100
AcDbCircle
 10
0.0103093544518913
 20
0.6168410809305783
 30
0.0
 40
0.0067904281323129
100
AcDbArc
 50
167.142857142236
 51
242.1428571429917
  0
LINE
  5
D5C0
102
{ACAD_REACTORS
330
D558
102
}
330
D547
100
AcDbEntity
  8
0
  6
Continuous
 62
     7
370
    25
100
AcDbLine
 10
0.7631945913427174
 20
0.4449999386471193
 30
0.0
 11
0.7706854491848674
 21
0.4778195312413765
 31
0.0
  0
LINE
  5
D5C1
330
D547
100
AcDbEntity
  8
0
  6
Continuous
 62
     7
370
    25
100
AcDbLine
 10
0.7706854491848674
 20
0.4778195312413765
 30
0.0
 11
0.7741161486747182
 21
0.477036496470185
 31
0.0
  0
LINE
  5
D5C2
330
D547
100
AcDbEntity
  8
0
  6
Continuous
 62
     7
370
    25
100
AcDbLine
 10
0.7741161486747182
 20
0.477036496470185
 30
0.0
 11
0.7666252908325753
 21
0.4442169038759283
 31
0.0
  0
LINE
  5
D5C3
330
D547
100
AcDbEntity
  8
0
  6
Continuous
 62
     7
370
    25
100
AcDbLine
 10
0.0002584770401945
 20
0.6191351281118079
 30
0.0
 11
0.0077493348823587
 21
0.6519547207060637
 31
0.0
  0
LINE
  5
D5C4
330
D547
100
AcDbEntity
  8
0
  6
Continuous
 62
     7
370
    25
100
AcDbLine
 10
0.0077493348823587
 20
0.6519547207060637
 30
0.0
 11
0.0111800343722166
 21
0.6511716859348713
 31
0.0
  0
LINE
  5
D5C5
330
D547
100
AcDbEntity
  8
0
  6
Continuous
 62
     7
370
    25
100
AcDbLine
 10
0.0111800343722166
 20
0.6511716859348713
 30
0.0
 11
0.0036891765300524
 21
0.618352093340616
 31
0.0
  0
ARC
  5
D5C6
102
{ACAD_REACTORS
330
D558
102
}
330
D547
100
AcDbEntity
  8
0
  6
Continuous
 62
     7
370
    25
100
AcDbCircle
 10
0.764065271263025
 20
0.4793305436514133
 30
0.0
 40
0.0067904281323128
100
AcDbArc
 50
347.1428571422364
 51
62.14285714299603
  0
LINE
  5
D5C7
330
D547
100
AcDbEntity
  8
0
  6
Continuous
 62
     7
370
    25
100
AcDbLine
 10
0.7672382253017816
 20
0.4853340656916854
 30
0.0
 11
0.768882509176116
 21
0.4884452026194337
 31
0.0
  0
ARC
  5
D5C8
330
D547
100
AcDbEntity
  8
0
  6
Continuous
 62
     7
370
    25
100
AcDbCircle
 10
0.764065271263025
 20
0.4793305436514133
 30
0.0
 40
0.0103093544518872
100
AcDbArc
 50
347.1428571422367
 51
62.14285714299307
  0
ARC
  5
D5C9
330
D547
100
AcDbEntity
  8
0
  6
Continuous
 62
     7
370
    25
100
AcDbCircle
 10
0.0178002122940591
 20
0.649660673524835
 30
0.0
 40
0.0103093544518869
100
AcDbArc
 50
92.14285714357307
 51
167.1428571422374
  0
LINE
  5
D5CA
330
D547
100
AcDbEntity
  8
0
  6
Continuous
 62
     7
370
    25
100
AcDbLine
 10
0.0174147332187502
 20
0.6599628186945142
 30
0.0
 11
0.0175463100764581
 21
0.656446353143267
 31
0.0
  0
ARC
  5
D5CB
330
D547
100
AcDbEntity
  8
0
  6
Continuous
 62
     7
370
    25
100
AcDbCircle
 10
0.0178002122940591
 20
0.649660673524835
 30
0.0
 40
0.0067904281323129
100
AcDbArc
 50
92.14285714357165
 51
167.1428571422461
  0
LINE
  5
D5CC
102
{ACAD_REACTORS
330
D558
102
}
330
D547
100
AcDbEntity
  8
0
  6
Continuous
 62
     7
370
    25
100
AcDbLine
 10
0.7672382253017816
 20
0.4853340656916854
 30
0.0
 11
0.7199740114472171
 21
0.5103139320489083
 31
0.0
  0
LINE
  5
D5CD
330
D547
100
AcDbEntity
  8
0
  6
Continuous
 62
     7
370
    25
100
AcDbLine
 10
0.7199740114472171
 20
0.5103139320489083
 30
0.0
 11
0.7216182953215516
 21
0.5134250689766553
 31
0.0
  0
LINE
  5
D5CE
330
D547
100
AcDbEntity
  8
0
  6
Continuous
 62
     7
370
    25
100
AcDbLine
 10
0.7216182953215516
 20
0.5134250689766553
 30
0.0
 11
0.768882509176116
 21
0.4884452026194337
 31
0.0
  0
LINE
  5
D5CF
330
D547
100
AcDbEntity
  8
0
  6
Continuous
 62
     7
370
    25
100
AcDbLine
 10
0.0174147332187502
 20
0.6599628186945142
 30
0.0
 11
0.0708366762852961
 21
0.6619617267738498
 31
0.0
  0
LINE
  5
D5D0
330
D547
100
AcDbEntity
  8
0
  6
Continuous
 62
     7
370
    25
100
AcDbLine
 10
0.0708366762852961
 20
0.6619617267738498
 30
0.0
 11
0.070968253143004
 21
0.6584452612226022
 31
0.0
  0
LINE
  5
D5D1
330
D547
100
AcDbEntity
  8
0
  6
Continuous
 62
     7
370
    25
100
AcDbLine
 10
0.070968253143004
 20
0.6584452612226022
 30
0.0
 11
0.0175463100764581
 21
0.656446353143267
 31
0.0
  0
ARC
  5
D5D2
102
{ACAD_REACTORS
330
D558
102
}
330
D547
100
AcDbEntity
  8
0
  6
Continuous
 62
     7
370
    25
100
AcDbCircle
 10
0.7264355332346426
 20
0.5225397279446749
 30
0.0
 40
0.0138282807714607
100
AcDbArc
 50
175.6936380258036
 51
242.1428571429905
  0
LINE
  5
D5D3
330
D547
100
AcDbEntity
  8
0
  6
Continuous
 62
     7
370
    25
100
AcDbLine
 10
0.7126462924386985
 20
0.5235780859589135
 30
0.0
 11
0.7161552841322952
 21
0.5233138517127461
 31
0.0
  0
ARC
  5
D5D4
330
D547
100
AcDbEntity
  8
0
  6
Continuous
 62
     7
370
    25
100
AcDbCircle
 10
0.7264355332346426
 20
0.5225397279446749
 30
0.0
 40
0.0103093544518867
100
AcDbArc
 50
175.6936380258036
 51
242.1428571429914
  0
ARC
  5
D5D5
330
D547
100
AcDbEntity
  8
0
  6
Continuous
 62
     7
370
    25
100
AcDbCircle
 10
0.0704511972099979
 20
0.672263871943529
 30
0.0
 40
0.0103093544518867
100
AcDbArc
 50
272.1428571435716
 51
338.5920762600672
  0
LINE
  5
D5D6
330
D547
100
AcDbEntity
  8
0
  6
Continuous
 62
     7
370
    25
100
AcDbLine
 10
0.0800492613205322
 20
0.6685009004389025
 30
0.0
 11
0.0833254005369249
 21
0.6672164728319916
 31
0.0
  0
ARC
  5
D5D7
330
D547
100
AcDbEntity
  8
0
  6
Continuous
 62
     7
370
    25
100
AcDbCircle
 10
0.0704511972099979
 20
0.672263871943529
 30
0.0
 40
0.0138282807714607
100
AcDbArc
 50
272.1428571435729
 51
338.5920762600661
  0
ARC
  5
D5D8
102
{ACAD_REACTORS
330
D558
102
}
330
D547
100
AcDbEntity
  8
0
  6
Continuous
 62
     7
370
    25
100
AcDbCircle
 10
0.3871873128574634
 20
0.5480858122909958
 30
0.0
 40
0.326380416140469
100
AcDbArc
 50
355.6936380258036
 51
4.306361974197323
  0
LINE
  5
D5D9
330
D547
100
AcDbEntity
  8
0
  6
Continuous
 62
     7
370
    25
100
AcDbLine
 10
0.7126462924386985
 20
0.5725935386230785
 30
0.0
 11
0.7161552841322952
 21
0.5728577728692455
 31
0.0
  0
ARC
  5
D5DA
330
D547
100
AcDbEntity
  8
0
  6
Continuous
 62
     7
370
    25
100
AcDbCircle
 10
0.3871873128574634
 20
0.5480858122909958
 30
0.0
 40
0.3298993424600433
100
AcDbArc
 50
355.6936380258036
 51
4.306361974197272
  0
ARC
  5
D5DB
330
D547
100
AcDbEntity
  8
0
  6
Continuous
 62
     7
370
    25
100
AcDbCircle
 10
0.3871873128574634
 20
0.5480858122909953
 30
0.0
 40
0.3298993424600439
100
AcDbArc
 50
149.9793523114143
 51
158.5920762600655
  0
LINE
  5
D5DC
330
D547
100
AcDbEntity
  8
0
  6
Continuous
 62
     7
370
    25
100
AcDbLine
 10
0.1015455630830822
 20
0.7131384309960574
 30
0.0
 11
0.1045924084140068
 21
0.711377869729871
 31
0.0
  0
ARC
  5
D5DD
330
D547
100
AcDbEntity
  8
0
  6
Continuous
 62
     7
370
    25
100
AcDbCircle
 10
0.3871873128574634
 20
0.5480858122909953
 30
0.0
 40
0.32638041614047
100
AcDbArc
 50
149.9793523114143
 51
158.5920762600656
  0
ARC
  5
D5DE
102
{ACAD_REACTORS
330
D558
102
}
330
D547
100
AcDbEntity
  8
0
  6
Continuous
 62
     7
370
    25
100
AcDbCircle
 10
0.7264355332346426
 20
0.573631896637318
 30
0.0
 40
0.0138282807714607
100
AcDbArc
 50
117.8571428570103
 51
184.3063619741979
  0
ARC
  5
D5DF
330
D547
100
AcDbEntity
  8
0
  6
Continuous
 62
     7
370
    25
100
AcDbCircle
 10
0.7264355332346426
 20
0.573631896637318
 30
0.0
 40
0.0103093544518867
100
AcDbArc
 50
117.8571428570095
 51
184.3063619741993
  0
ARC
  5
D5E0
330
D547
100
AcDbEntity
  8
0
  6
Continuous
 62
     7
370
    25
100
AcDbCircle
 10
0.0926192584026282
 20
0.7182963253305963
 30
0.0
 40
0.010309354451887
100
AcDbArc
 50
329.9793523114156
 51
36.42857142852092
  0
ARC
  5
D5E1
330
D547
100
AcDbEntity
  8
0
  6
Continuous
 62
     7
370
    25
100
AcDbCircle
 10
0.0926192584026282
 20
0.7182963253305963
 30
0.0
 40
0.0138282807714612
100
AcDbArc
 50
329.9793523114152
 51
36.42857142852155
  0
ARC
  5
D5E2
330
D547
100
AcDbEntity
  8
0
  6
Continuous
 62
     7
370
    25
100
AcDbCircle
 10
0.2867918913408367
 20
0.2230277916346637
 30
0.0
 40
0.0103093544518868
100
AcDbArc
 50
72.8364951688208
 51
139.2857142837907
  0
LINE
  5
D5E3
330
D547
100
AcDbEntity
  8
0
  6
Continuous
 62
     7
370
    25
100
AcDbLine
 10
0.2789776921826466
 20
0.2297524537622952
 30
0.0
 11
0.2763104455366552
 21
0.2320478051018573
 31
0.0
  0
ARC
  5
D5E4
330
D547
100
AcDbEntity
  8
0
  6
Continuous
 62
     7
370
    25
100
AcDbCircle
 10
0.2867918913408367
 20
0.2230277916346637
 30
0.0
 40
0.0138282807714602
100
AcDbArc
 50
72.83649516881803
 51
139.285714283791
  0
LINE
  5
D5E5
330
D547
100
AcDbEntity
  8
0
  6
Continuous
 62
     7
370
    25
100
AcDbLine
 10
0.2898341768413459
 20
0.232878034684866
 30
0.0
 11
0.2908726102921797
 21
0.2362402509793307
 31
0.0
  0
ARC
  5
D5E6
102
{ACAD_REACTORS
330
D558
102
}
330
D547
100
AcDbEntity
  8
0
  6
Continuous
 62
     7
370
    25
100
AcDbCircle
 10
0.764065271263025
 20
0.6168410809305783
 30
0.0
 40
0.006790428132313
100
AcDbArc
 50
297.8571428570083
 51
12.85714285777401
  0
LINE
  5
D5E7
330
D547
100
AcDbEntity
  8
0
  6
Continuous
 62
     7
370
    25
100
AcDbLine
 10
0.7706854491848674
 20
0.6183520933406164
 30
0.0
 11
0.7741161486747182
 21
0.6191351281118079
 31
0.0
  0
ARC
  5
D5E8
330
D547
100
AcDbEntity
  8
0
  6
Continuous
 62
     7
370
    25
100
AcDbCircle
 10
0.764065271263025
 20
0.6168410809305783
 30
0.0
 40
0.0103093544518872
100
AcDbArc
 50
297.8571428570072
 51
12.85714285776401
  0
ARC
  5
D5E9
330
D547
100
AcDbEntity
  8
0
  6
Continuous
 62
     7
370
    25
100
AcDbCircle
 10
0.0774637983772806
 20
0.7735533866241032
 30
0.0
 40
0.010309354451887
100
AcDbArc
 50
141.4285714288929
 51
216.4285714285211
  0
LINE
  5
D5EA
330
D547
100
AcDbEntity
  8
0
  6
Continuous
 62
     7
370
    25
100
AcDbLine
 10
0.0694036205028326
 20
0.7799811639885568
 30
0.0
 11
0.0721548278839741
 21
0.7777871493148245
 31
0.0
  0
ARC
  5
D5EB
330
D547
100
AcDbEntity
  8
0
  6
Continuous
 62
     7
370
    25
100
AcDbCircle
 10
0.0774637983772806
 20
0.7735533866241032
 30
0.0
 40
0.0067904281323129
100
AcDbArc
 50
141.4285714288938
 51
216.4285714285218
  0
LINE
  5
D5EC
102
{ACAD_REACTORS
330
D558
102
}
330
D547
100
AcDbEntity
  8
0
  6
Continuous
 62
     7
370
    25
100
AcDbLine
 10
0.7706854491848674
 20
0.6183520933406164
 30
0.0
 11
0.7631945913427174
 21
0.6511716859348713
 31
0.0
  0
LINE
  5
D5ED
330
D547
100
AcDbEntity
  8
0
  6
Continuous
 62
     7
370
    25
100
AcDbLine
 10
0.7631945913427174
 20
0.6511716859348713
 30
0.0
 11
0.7666252908325753
 21
0.6519547207060637
 31
0.0
  0
LINE
  5
D5EE
330
D547
100
AcDbEntity
  8
0
  6
Continuous
 62
     7
370
    25
100
AcDbLine
 10
0.7666252908325753
 20
0.6519547207060637
 30
0.0
 11
0.7741161486747182
 21
0.6191351281118079
 31
0.0
  0
LINE
  5
D5EF
330
D547
100
AcDbEntity
  8
0
  6
Continuous
 62
     7
370
    25
100
AcDbLine
 10
0.0694036205028326
 20
0.7799811639885568
 30
0.0
 11
0.0903925377631758
 21
0.8063004337638147
 31
0.0
  0
LINE
  5
D5F0
330
D547
100
AcDbEntity
  8
0
  6
Continuous
 62
     7
370
    25
100
AcDbLine
 10
0.0903925377631758
 20
0.8063004337638147
 30
0.0
 11
0.0931437451443174
 21
0.8041064190900826
 31
0.0
  0
LINE
  5
D5F1
330
D547
100
AcDbEntity
  8
0
  6
Continuous
 62
     7
370
    25
100
AcDbLine
 10
0.0931437451443174
 20
0.8041064190900826
 30
0.0
 11
0.0721548278839741
 21
0.7777871493148245
 31
0.0
  0
ARC
  5
D5F2
102
{ACAD_REACTORS
330
D558
102
}
330
D547
100
AcDbEntity
  8
0
  6
Continuous
 62
     7
370
    25
100
AcDbCircle
 10
0.7565744134208821
 20
0.649660673524835
 30
0.0
 40
0.0067904281323131
100
AcDbArc
 50
12.85714285776206
 51
87.85714285642511
  0
LINE
  5
D5F3
330
D547
100
AcDbEntity
  8
0
  6
Continuous
 62
     7
370
    25
100
AcDbLine
 10
0.7568283156384759
 20
0.656446353143267
 30
0.0
 11
0.7569598924961838
 21
0.6599628186945142
 31
0.0
  0
ARC
  5
D5F4
330
D547
100
AcDbEntity
  8
0
  6
Continuous
 62
     7
370
    25
100
AcDbCircle
 10
0.7565744134208821
 20
0.649660673524835
 30
0.0
 40
0.0103093544518869
100
AcDbArc
 50
12.85714285776238
 51
87.85714285642816
  0
ARC
  5
D5F5
330
D547
100
AcDbEntity
  8
0
  6
Continuous
 62
     7
370
    25
100
AcDbCircle
 10
0.0984527156376203
 20
0.7998726563993613
 30
0.0
 40
0.010309354451887
100
AcDbArc
 50
66.4285714283747
 51
141.4285714288925
  0
LINE
  5
D5F6
330
D547
100
AcDbEntity
  8
0
  6
Continuous
 62
     7
370
    25
100
AcDbLine
 10
0.1025753442588453
 20
0.8093218215723316
 30
0.0
 11
0.1011681536894677
 21
0.8060965065266273
 31
0.0
  0
ARC
  5
D5F7
330
D547
100
AcDbEntity
  8
0
  6
Continuous
 62
     7
370
    25
100
AcDbCircle
 10
0.0984527156376203
 20
0.7998726563993613
 30
0.0
 40
0.0067904281323127
100
AcDbArc
 50
66.42857142837759
 51
141.4285714288929
  0
LINE
  5
D5F8
102
{ACAD_REACTORS
330
D558
102
}
330
D547
100
AcDbEntity
  8
0
  6
Continuous
 62
     7
370
    25
100
AcDbLine
 10
0.7568283156384759
 20
0.656446353143267
 30
0.0
 11
0.7034063725719229
 21
0.6584452612226022
 31
0.0
  0
LINE
  5
D5F9
330
D547
100
AcDbEntity
  8
0
  6
Continuous
 62
     7
370
    25
100
AcDbLine
 10
0.7034063725719229
 20
0.6584452612226022
 30
0.0
 11
0.7035379494296308
 21
0.6619617267738498
 31
0.0
  0
LINE
  5
D5FA
330
D547
100
AcDbEntity
  8
0
  6
Continuous
 62
     7
370
    25
100
AcDbLine
 10
0.7035379494296308
 20
0.6619617267738498
 30
0.0
 11
0.7569598924961838
 21
0.6599628186945142
 31
0.0
  0
LINE
  5
D5FB
330
D547
100
AcDbEntity
  8
0
  6
Continuous
 62
     7
370
    25
100
AcDbLine
 10
0.1025753442588453
 20
0.8093218215723316
 30
0.0
 11
0.1515741455359425
 21
0.7879438631121909
 31
0.0
  0
LINE
  5
D5FC
330
D547
100
AcDbEntity
  8
0
  6
Continuous
 62
     7
370
    25
100
AcDbLine
 10
0.1515741455359425
 20
0.7879438631121909
 30
0.0
 11
0.1501669549665614
 21
0.7847185480664863
 31
0.0
  0
LINE
  5
D5FD
330
D547
100
AcDbEntity
  8
0
  6
Continuous
 62
     7
370
    25
100
AcDbLine
 10
0.1501669549665614
 20
0.7847185480664863
 30
0.0
 11
0.1011681536894677
 21
0.8060965065266273
 31
0.0
  0
ARC
  5
D5FE
102
{ACAD_REACTORS
330
D558
102
}
330
D547
100
AcDbEntity
  8
0
  6
Continuous
 62
     7
370
    25
100
AcDbCircle
 10
0.703923428504929
 20
0.672263871943529
 30
0.0
 40
0.0138282807714607
100
AcDbArc
 50
201.4079237399355
 51
267.8571428564286
  0
LINE
  5
D5FF
330
D547
100
AcDbEntity
  8
0
  6
Continuous
 62
     7
370
    25
100
AcDbLine
 10
0.6910492251779985
 20
0.6672164728319916
 30
0.0
 11
0.6943253643943948
 21
0.6685009004389025
 31
0.0
  0
ARC
  5
D600
330
D547
100
AcDbEntity
  8
0
  6
Continuous
 62
     7
370
    25
100
AcDbCircle
 10
0.703923428504929
 20
0.672263871943529
 30
0.0
 40
0.0103093544518865
100
AcDbArc
 50
201.4079237399349
 51
267.8571428564308
  0
ARC
  5
D601
102
{ACAD_REACTORS
330
D558
102
}
330
D547
100
AcDbEntity
  8
0
  6
Continuous
 62
     7
370
    25
100
AcDbCircle
 10
0.3871873128574599
 20
0.5480858122909913
 30
0.0
 40
0.3263804161404733
100
AcDbArc
 50
21.40792373993507
 51
30.02064768858608
  0
LINE
  5
D602
330
D547
100
AcDbEntity
  8
0
  6
Continuous
 62
     7
370
    25
100
AcDbLine
 10
0.6697822173009201
 20
0.711377869729871
 30
0.0
 11
0.6728290626318412
 21
0.7131384309960574
 31
0.0
  0
ARC
  5
D603
330
D547
100
AcDbEntity
  8
0
  6
Continuous
 62
     7
370
    25
100
AcDbCircle
 10
0.3871873128574599
 20
0.5480858122909913
 30
0.0
 40
0.3298993424600476
100
AcDbArc
 50
21.40792373993507
 51
30.02064768858605
  0
ARC
  5
D604
330
D547
100
AcDbEntity
  8
0
  6
Continuous
 62
     7
370
    25
100
AcDbCircle
 10
0.3871873128574634
 20
0.5480858122909958
 30
0.0
 40
0.3298993424600435
100
AcDbArc
 50
124.2650665971314
 51
132.8777905457776
  0
LINE
  5
D605
330
D547
100
AcDbEntity
  8
0
  6
Continuous
 62
     7
370
    25
100
AcDbLine
 10
0.2014466362924558
 20
0.8207283937502069
 30
0.0
 11
0.2034278701758154
 21
0.8178202062146414
 31
0.0
  0
ARC
  5
D606
330
D547
100
AcDbEntity
  8
0
  6
Continuous
 62
     7
370
    25
100
AcDbCircle
 10
0.3871873128574634
 20
0.5480858122909958
 30
0.0
 40
0.3263804161404693
100
AcDbArc
 50
124.2650665971314
 51
132.8777905457776
  0
LINE
  5
D607
330
D547
100
AcDbEntity
  8
0
  6
Continuous
 62
     7
370
    25
100
AcDbLine
 10
0.1627116389662717
 20
0.7898382641641178
 30
0.0
 11
0.1651060461544489
 21
0.7872595713441371
 31
0.0
  0
ARC
  5
D608
102
{ACAD_REACTORS
330
D558
102
}
330
D547
100
AcDbEntity
  8
0
  6
Continuous
 62
     7
370
    25
100
AcDbCircle
 10
0.6817553673122987
 20
0.7182963253305963
 30
0.0
 40
0.0138282807714613
100
AcDbArc
 50
143.5714285714784
 51
210.020647688586
  0
LINE
  5
D609
330
D547
100
AcDbEntity
  8
0
  6
Continuous
 62
     7
370
    25
100
AcDbLine
 10
0.6706291633055877
 20
0.7265078375844581
 30
0.0
 11
0.6734604836094782
 21
0.7244182281043519
 31
0.0
  0
ARC
  5
D60A
330
D547
100
AcDbEntity
  8
0
  6
Continuous
 62
     7
370
    25
100
AcDbCircle
 10
0.6817553673122987
 20
0.7182963253305963
 30
0.0
 40
0.0103093544518868
100
AcDbArc
 50
143.5714285714791
 51
210.0206476885864
  0
ARC
  5
D60B
330
D547
100
AcDbEntity
  8
0
  6
Continuous
 62
     7
370
    25
100
AcDbCircle
 10
0.195642240149791
 20
0.8292484744208161
 30
0.0
 40
0.010309354451887
100
AcDbArc
 50
304.2650665971322
 51
10.71428571418953
  0
LINE
  5
D60C
330
D547
100
AcDbEntity
  8
0
  6
Continuous
 62
     7
370
    25
100
AcDbLine
 10
0.2057718661949011
 20
0.8311651030757625
 30
0.0
 11
0.2092294452182912
 21
0.8318193123233164
 31
0.0
  0
ARC
  5
D60D
330
D547
100
AcDbEntity
  8
0
  6
Continuous
 62
     7
370
    25
100
AcDbCircle
 10
0.195642240149791
 20
0.8292484744208161
 30
0.0
 40
0.0138282807714614
100
AcDbArc
 50
304.2650665971327
 51
10.71428571419052
  0
LINE
  5
D60E
102
{ACAD_REACTORS
330
D558
102
}
330
D547
100
AcDbEntity
  8
0
  6
Continuous
 62
     7
370
    25
100
AcDbLine
 10
0.6706291633055877
 20
0.7265078375844581
 30
0.0
 11
0.7023743907365763
 21
0.7695210933304542
 31
0.0
  0
LINE
  5
D60F
330
D547
100
AcDbEntity
  8
0
  6
Continuous
 62
     7
370
    25
100
AcDbLine
 10
0.7023743907365763
 20
0.7695210933304542
 30
0.0
 11
0.7052057110404668
 21
0.7674314838503485
 31
0.0
  0
LINE
  5
D610
330
D547
100
AcDbEntity
  8
0
  6
Continuous
 62
     7
370
    25
100
AcDbLine
 10
0.7052057110404668
 20
0.7674314838503485
 30
0.0
 11
0.6734604836094782
 21
0.7244182281043519
 31
0.0
  0
LINE
  5
D611
330
D547
100
AcDbEntity
  8
0
  6
Continuous
 62
     7
370
    25
100
AcDbLine
 10
0.2057718661949011
 20
0.8311651030757625
 30
0.0
 11
0.195833156809833
 21
0.8836924453869311
 31
0.0
  0
LINE
  5
D612
330
D547
100
AcDbEntity
  8
0
  6
Continuous
 62
     7
370
    25
100
AcDbLine
 10
0.195833156809833
 20
0.8836924453869311
 30
0.0
 11
0.1992907358332267
 21
0.884346654634486
 31
0.0
  0
LINE
  5
D613
330
D547
100
AcDbEntity
  8
0
  6
Continuous
 62
     7
370
    25
100
AcDbLine
 10
0.1992907358332267
 20
0.884346654634486
 30
0.0
 11
0.2092294452182912
 21
0.8318193123233164
 31
0.0
  0
ARC
  5
D614
102
{ACAD_REACTORS
330
D558
102
}
330
D547
100
AcDbEntity
  8
0
  6
Continuous
 62
     7
370
    25
100
AcDbCircle
 10
0.6969108273376463
 20
0.7735533866241032
 30
0.0
 40
0.0067904281323131
100
AcDbArc
 50
323.5714285714805
 51
38.57142857110387
  0
LINE
  5
D615
330
D547
100
AcDbEntity
  8
0
  6
Continuous
 62
     7
370
    25
100
AcDbLine
 10
0.7022197978309493
 20
0.7777871493148245
 30
0.0
 11
0.7049710052120944
 21
0.7799811639885568
 31
0.0
  0
ARC
  5
D616
330
D547
100
AcDbEntity
  8
0
  6
Continuous
 62
     7
370
    25
100
AcDbCircle
 10
0.6969108273376463
 20
0.7735533866241032
 30
0.0
 40
0.0103093544518872
100
AcDbArc
 50
323.5714285714812
 51
38.57142857110647
  0
ARC
  5
D617
330
D547
100
AcDbEntity
  8
0
  6
Continuous
 62
     7
370
    25
100
AcDbCircle
 10
0.2059627828549324
 20
0.885609074041878
 30
0.0
 40
0.0103093544518868
100
AcDbArc
 50
115.7142857119521
 51
190.7142857141915
  0
LINE
  5
D618
330
D547
100
AcDbEntity
  8
0
  6
Continuous
 62
     7
370
    25
100
AcDbLine
 10
0.2014897215978415
 20
0.8948974814513817
 30
0.0
 11
0.203016526506925
 21
0.8917270383889404
 31
0.0
  0
ARC
  5
D619
330
D547
100
AcDbEntity
  8
0
  6
Continuous
 62
     7
370
    25
100
AcDbCircle
 10
0.2059627828549324
 20
0.885609074041878
 30
0.0
 40
0.0067904281323128
100
AcDbArc
 50
115.7142857119505
 51
190.7142857141927
  0
LINE
  5
D61A
102
{ACAD_REACTORS
330
D558
102
}
330
D547
100
AcDbEntity
  8
0
  6
Continuous
 62
     7
370
    25
100
AcDbLine
 10
0.7022197978309493
 20
0.7777871493148245
 30
0.0
 11
0.6812308805706096
 21
0.8041064190900826
 31
0.0
  0
LINE
  5
D61B
330
D547
100
AcDbEntity
  8
0
  6
Continuous
 62
     7
370
    25
100
AcDbLine
 10
0.6812308805706096
 20
0.8041064190900826
 30
0.0
 11
0.6839820879517511
 21
0.8063004337638147
 31
0.0
  0
LINE
  5
D61C
330
D547
100
AcDbEntity
  8
0
  6
Continuous
 62
     7
370
    25
100
AcDbLine
 10
0.6839820879517511
 20
0.8063004337638147
 30
0.0
 11
0.7049710052120944
 21
0.7799811639885568
 31
0.0
  0
LINE
  5
D61D
330
D547
100
AcDbEntity
  8
0
  6
Continuous
 62
     7
370
    25
100
AcDbLine
 10
0.5577199720026407
 20
0.9022005278528709
 30
0.0
 11
0.572884904117025
 21
0.8948974814513817
 31
0.0
  0
LINE
  5
D61E
330
D547
100
AcDbEntity
  8
0
  6
Continuous
 62
     7
370
    25
100
AcDbLine
 10
0.572884904117025
 20
0.8948974814513817
 30
0.0
 11
0.5713580992079344
 21
0.8917270383889416
 31
0.0
  0
LINE
  5
D61F
102
{ACAD_REACTORS
330
D558
102
}
330
D547
100
AcDbEntity
  8
0
  6
Continuous
 62
     7
370
    25
100
AcDbLine
 10
0.5713580992079344
 20
0.8917270383889416
 30
0.0
 11
0.5593636101559909
 21
0.8975032798813389
 31
0.0
  0
LINE
  5
D620
330
D547
100
AcDbEntity
  8
0
  6
Continuous
 62
     7
370
    25
100
AcDbLine
 10
0.5577199720026407
 20
0.9022005278528709
 30
0.0
 11
0.5593636101559909
 21
0.8975032798813389
 31
0.0
  0
ARC
  5
D621
102
{ACAD_REACTORS
330
D558
102
}
330
D547
100
AcDbEntity
  8
0
  6
Continuous
 62
     7
370
    25
100
AcDbCircle
 10
0.5787323855651323
 20
0.8292484744208161
 30
0.0
 40
0.013828280771461
100
AcDbArc
 50
169.2857142858255
 51
235.7349334028703
  0
ARC
  5
D622
330
D547
100
AcDbEntity
  8
0
  6
Continuous
 62
     7
370
    25
100
AcDbCircle
 10
0.5787323855651323
 20
0.8292484744208161
 30
0.0
 40
0.010309354451887
100
AcDbArc
 50
169.2857142858105
 51
235.7349334028693
  0
LINE
  5
D623
330
D547
100
AcDbEntity
  8
0
  6
Continuous
 62
     7
370
    25
100
AcDbLine
 10
0.5709467555391115
 20
0.8178202062146414
 30
0.0
 11
0.5729279894224711
 21
0.8207283937502069
 31
0.0
  0
ARC
  5
D624
330
D547
100
AcDbEntity
  8
0
  6
Continuous
 62
     7
370
    25
100
AcDbCircle
 10
0.568411842859927
 20
0.885609074041878
 30
0.0
 40
0.010309354451887
100
AcDbArc
 50
349.2857142858101
 51
64.28571428804701
  0
ARC
  5
D625
102
{ACAD_REACTORS
330
D558
102
}
330
D547
100
AcDbEntity
  8
0
  6
Continuous
 62
     7
370
    25
100
AcDbCircle
 10
0.568411842859927
 20
0.885609074041878
 30
0.0
 40
0.0067904281323131
100
AcDbArc
 50
349.2857142857787
 51
64.28571428808407
  0
ARC
  5
D626
102
{ACAD_REACTORS
330
D558
102
}
330
D547
100
AcDbEntity
  8
0
  6
Continuous
 62
     7
370
    25
100
AcDbCircle
 10
0.4875827343740724
 20
0.2230277916346592
 30
0.0
 40
0.013828280771461
100
AcDbArc
 50
40.71428571627926
 51
107.1635048310963
  0
LINE
  5
D627
330
D547
100
AcDbEntity
  8
0
  6
Continuous
 62
     7
370
    25
100
AcDbLine
 10
0.4980641801782433
 20
0.2320478051018653
 30
0.0
 11
0.4953969335322519
 21
0.2297524537622952
 31
0.0
  0
ARC
  5
D628
330
D547
100
AcDbEntity
  8
0
  6
Continuous
 62
     7
370
    25
100
AcDbCircle
 10
0.4875827343740724
 20
0.2230277916346592
 30
0.0
 40
0.010309354451885
100
AcDbArc
 50
40.71428571625583
 51
107.1635048310938
  0
LINE
  5
D629
330
D547
100
AcDbEntity
  8
0
  6
Continuous
 62
     7
370
    25
100
AcDbLine
 10
0.4835020154227437
 20
0.2362402509793315
 30
0.0
 11
0.484540448873581
 21
0.2328780346848633
 31
0.0
  0
ARC
  5
D62A
330
D547
100
AcDbEntity
  8
0
  6
Continuous
 62
     7
370
    25
100
AcDbCircle
 10
0.1556967741571711
 20
0.2987785962968319
 30
0.0
 40
0.010309354451887
100
AcDbArc
 50
47.12220945422298
 51
113.5714285716259
  0
LINE
  5
D62B
330
D547
100
AcDbEntity
  8
0
  6
Continuous
 62
     7
370
    25
100
AcDbLine
 10
0.1515741455359425
 20
0.3082277614698019
 30
0.0
 11
0.1501669549665614
 21
0.3114530765155061
 31
0.0
  0
ARC
  5
D62C
330
D547
100
AcDbEntity
  8
0
  6
Continuous
 62
     7
370
    25
100
AcDbCircle
 10
0.1556967741571711
 20
0.2987785962968319
 30
0.0
 40
0.0138282807714609
100
AcDbArc
 50
47.1222094542224
 51
113.5714285716246
  0
LINE
  5
D62D
330
D547
100
AcDbEntity
  8
0
  6
Continuous
 62
     7
370
    25
100
AcDbLine
 10
0.1627116389662717
 20
0.3063333604178742
 30
0.0
 11
0.1651060461544489
 21
0.3089120532378544
 31
0.0
  0
LINE
  5
D62E
102
{ACAD_REACTORS
330
D558
102
}
330
D547
100
AcDbEntity
  8
0
  6
Continuous
 62
     7
370
    25
100
AcDbLine
 10
0.3594386635218427
 20
0.1798635034666156
 30
0.0
 11
0.3637964581680251
 21
0.163599992438173
 31
0.0
  0
LINE
  5
D62F
330
D547
100
AcDbEntity
  8
0
  6
Continuous
 62
     7
370
    25
100
AcDbLine
 10
0.3637964581680251
 20
0.163599992438173
 30
0.0
 11
0.3603974363551465
 21
0.1626892272883507
 31
0.0
  0
LINE
  5
D630
330
D547
100
AcDbEntity
  8
0
  6
Continuous
 62
     7
370
    25
100
AcDbLine
 10
0.3603974363551465
 20
0.1626892272883507
 30
0.0
 11
0.3570914190527894
 21
0.1750274518313901
 31
0.0
  0
LINE
  5
D631
330
D547
100
AcDbEntity
  8
0
  6
Continuous
 62
     7
370
    25
100
AcDbLine
 10
0.2789776921826466
 20
0.2297524537622952
 30
0.0
 11
0.2441068462172744
 21
0.1892317956213985
 31
0.0
  0
LINE
  5
D632
330
D547
100
AcDbEntity
  8
0
  6
Continuous
 62
     7
370
    25
100
AcDbLine
 10
0.2441068462172744
 20
0.1892317956213985
 30
0.0
 11
0.2414395995712866
 21
0.1915271469609654
 31
0.0
  0
LINE
  5
D633
330
D547
100
AcDbEntity
  8
0
  6
Continuous
 62
     7
370
    25
100
AcDbLine
 10
0.2414395995712866
 20
0.1915271469609654
 30
0.0
 11
0.2763104455366552
 21
0.2320478051018573
 31
0.0
  0
ARC
  5
D634
102
{ACAD_REACTORS
330
D558
102
}
330
D547
100
AcDbEntity
  8
0
  6
Continuous
 62
     7
370
    25
100
AcDbCircle
 10
0.3703555080725884
 20
0.1653574845632244
 30
0.0
 40
0.0067904281323132
100
AcDbArc
 50
195.0000000000698
 51
270.000000000014
  0
LINE
  5
D635
330
D547
100
AcDbEntity
  8
0
  6
Continuous
 62
     7
370
    25
100
AcDbLine
 10
0.3703555080725884
 20
0.1585670564309107
 30
0.0
 11
0.3703555080725884
 21
0.1550481301113376
 31
0.0
  0
ARC
  5
D636
330
D547
100
AcDbEntity
  8
0
  6
Continuous
 62
     7
370
    25
100
AcDbCircle
 10
0.3703555080725884
 20
0.1653574845632244
 30
0.0
 40
0.0103093544518875
100
AcDbArc
 50
195.0000000000711
 51
270.0000000000094
  0
ARC
  5
D637
330
D547
100
AcDbEntity
  8
0
  6
Continuous
 62
     7
370
    25
100
AcDbCircle
 10
0.2362926470590949
 20
0.1959564577490349
 30
0.0
 40
0.0103093544518827
100
AcDbArc
 50
244.285714288052
 51
319.285714283733
  0
LINE
  5
D638
330
D547
100
AcDbEntity
  8
0
  6
Continuous
 62
     7
370
    25
100
AcDbLine
 10
0.2318195858020076
 20
0.1866680503395344
 30
0.0
 11
0.2333463907110875
 21
0.1898384934019743
 31
0.0
  0
ARC
  5
D639
330
D547
100
AcDbEntity
  8
0
  6
Continuous
 62
     7
370
    25
100
AcDbCircle
 10
0.2362926470590949
 20
0.1959564577490349
 30
0.0
 40
0.0067904281323107
100
AcDbArc
 50
244.2857142880524
 51
319.2857142837653
  0
LINE
  5
D63A
102
{ACAD_REACTORS
330
D558
102
}
330
D547
100
AcDbEntity
  8
0
  6
Continuous
 62
     7
370
    25
100
AcDbLine
 10
0.3703555080725884
 20
0.1585670564309107
 30
0.0
 11
0.4040191176423278
 21
0.1585670564309107
 31
0.0
  0
LINE
  5
D63B
330
D547
100
AcDbEntity
  8
0
  6
Continuous
 62
     7
370
    25
100
AcDbLine
 10
0.4040191176423278
 20
0.1585670564309107
 30
0.0
 11
0.4040191176423278
 21
0.1550481301113376
 31
0.0
  0
LINE
  5
D63C
330
D547
100
AcDbEntity
  8
0
  6
Continuous
 62
     7
370
    25
100
AcDbLine
 10
0.4040191176423278
 20
0.1550481301113376
 30
0.0
 11
0.3703555080725884
 21
0.1550481301113376
 31
0.0
  0
LINE
  5
D63D
330
D547
100
AcDbEntity
  8
0
  6
Continuous
 62
     7
370
    25
100
AcDbLine
 10
0.2318195858020076
 20
0.1866680503395344
 30
0.0
 11
0.2014897215978415
 21
0.2012741431306111
 31
0.0
  0
LINE
  5
D63E
330
D547
100
AcDbEntity
  8
0
  6
Continuous
 62
     7
370
    25
100
AcDbLine
 10
0.2014897215978415
 20
0.2012741431306111
 30
0.0
 11
0.203016526506925
 21
0.2044445861930515
 31
0.0
  0
LINE
  5
D63F
330
D547
100
AcDbEntity
  8
0
  6
Continuous
 62
     7
370
    25
100
AcDbLine
 10
0.203016526506925
 20
0.2044445861930515
 30
0.0
 11
0.2333463907110875
 21
0.1898384934019743
 31
0.0
  0
ARC
  5
D640
102
{ACAD_REACTORS
330
D558
102
}
330
D547
100
AcDbEntity
  8
0
  6
Continuous
 62
     7
370
    25
100
AcDbCircle
 10
0.4040191176423278
 20
0.1653574845632231
 30
0.0
 40
0.0067904281323128
100
AcDbArc
 50
270.0000000000008
 51
344.9999999999324
  0
LINE
  5
D641
330
D547
100
AcDbEntity
  8
0
  6
Continuous
 62
     7
370
    25
100
AcDbLine
 10
0.4105781675468947
 20
0.163599992438173
 30
0.0
 11
0.4139771893597733
 21
0.1626892272883507
 31
0.0
  0
ARC
  5
D642
330
D547
100
AcDbEntity
  8
0
  6
Continuous
 62
     7
370
    25
100
AcDbCircle
 10
0.4040191176423278
 20
0.1653574845632231
 30
0.0
 40
0.0103093544518867
100
AcDbArc
 50
270.0000000000008
 51
344.9999999999313
  0
ARC
  5
D643
330
D547
100
AcDbEntity
  8
0
  6
Continuous
 62
     7
370
    25
100
AcDbCircle
 10
0.2059627828549324
 20
0.2105625505401147
 30
0.0
 40
0.0103093544518877
100
AcDbArc
 50
169.2857142857825
 51
244.2857142880491
  0
LINE
  5
D644
330
D547
100
AcDbEntity
  8
0
  6
Continuous
 62
     7
370
    25
100
AcDbLine
 10
0.195833156809833
 20
0.2124791791950651
 30
0.0
 11
0.1992907358332267
 21
0.2118249699475085
 31
0.0
  0
ARC
  5
D645
330
D547
100
AcDbEntity
  8
0
  6
Continuous
 62
     7
370
    25
100
AcDbCircle
 10
0.2059627828549324
 20
0.2105625505401147
 30
0.0
 40
0.0067904281323146
100
AcDbArc
 50
169.2857142857822
 51
244.285714288047
  0
LINE
  5
D646
102
{ACAD_REACTORS
330
D558
102
}
330
D547
100
AcDbEntity
  8
0
  6
Continuous
 62
     7
370
    25
100
AcDbLine
 10
0.4105781675468947
 20
0.163599992438173
 30
0.0
 11
0.4244144594916648
 21
0.2152377369641902
 31
0.0
  0
LINE
  5
D647
330
D547
100
AcDbEntity
  8
0
  6
Continuous
 62
     7
370
    25
100
AcDbLine
 10
0.4244144594916648
 20
0.2152377369641902
 30
0.0
 11
0.427813481304554
 21
0.214326971814371
 31
0.0
  0
LINE
  5
D648
330
D547
100
AcDbEntity
  8
0
  6
Continuous
 62
     7
370
    25
100
AcDbLine
 10
0.427813481304554
 20
0.214326971814371
 30
0.0
 11
0.4139771893597733
 21
0.1626892272883507
 31
0.0
  0
LINE
  5
D649
330
D547
100
AcDbEntity
  8
0
  6
Continuous
 62
     7
370
    25
100
AcDbLine
 10
0.195833156809833
 20
0.2124791791950651
 30
0.0
 11
0.2057718661949011
 21
0.2650065215062303
 31
0.0
  0
LINE
  5
D64A
330
D547
100
AcDbEntity
  8
0
  6
Continuous
 62
     7
370
    25
100
AcDbLine
 10
0.2057718661949011
 20
0.2650065215062303
 30
0.0
 11
0.2092294452182912
 21
0.2643523122586759
 31
0.0
  0
LINE
  5
D64B
330
D547
100
AcDbEntity
  8
0
  6
Continuous
 62
     7
370
    25
100
AcDbLine
 10
0.2092294452182912
 20
0.2643523122586759
 30
0.0
 11
0.1992907358332267
 21
0.2118249699475085
 31
0.0
  0
ARC
  5
D64C
102
{ACAD_REACTORS
330
D558
102
}
330
D547
100
AcDbEntity
  8
0
  6
Continuous
 62
     7
370
    25
100
AcDbCircle
 10
0.4377715530219995
 20
0.211658714539507
 30
0.0
 40
0.013828280771463
100
AcDbArc
 50
98.55078088283757
 51
164.999999999984
  0
ARC
  5
D64D
330
D547
100
AcDbEntity
  8
0
  6
Continuous
 62
     7
370
    25
100
AcDbCircle
 10
0.4377715530219995
 20
0.211658714539507
 30
0.0
 40
0.0103093544518881
100
AcDbArc
 50
98.5507808828386
 51
164.9999999999845
  0
ARC
  5
D64E
330
D547
100
AcDbEntity
  8
0
  6
Continuous
 62
     7
370
    25
100
AcDbCircle
 10
0.195642240149791
 20
0.2669231501611753
 30
0.0
 40
0.010309354451887
100
AcDbArc
 50
349.2857142858113
 51
55.73493340286855
  0
LINE
  5
D64F
330
D547
100
AcDbEntity
  8
0
  6
Continuous
 62
     7
370
    25
100
AcDbLine
 10
0.2014466362924558
 20
0.2754432308317845
 30
0.0
 11
0.2034278701758154
 21
0.2783514183673499
 31
0.0
  0
ARC
  5
D650
330
D547
100
AcDbEntity
  8
0
  6
Continuous
 62
     7
370
    25
100
AcDbCircle
 10
0.195642240149791
 20
0.2669231501611753
 30
0.0
 40
0.0138282807714612
100
AcDbArc
 50
349.2857142858097
 51
55.73493340286884
  0
ARC
  5
D651
102
{ACAD_REACTORS
330
D558
102
}
330
D547
100
AcDbEntity
  8
0
  6
Continuous
 62
     7
370
    25
100
AcDbCircle
 10
0.3871873128575949
 20
0.5480858122904895
 30
0.0
 40
0.3263804161399463
100
AcDbArc
 50
278.5507808828281
 51
287.1635048311867
  0
ARC
  5
D652
330
D547
100
AcDbEntity
  8
0
  6
Continuous
 62
     7
370
    25
100
AcDbCircle
 10
0.3871873128574634
 20
0.5480858122909958
 30
0.0
 40
0.329899342460045
100
AcDbArc
 50
278.550780882839
 51
287.163504831182
  0
ARC
  5
D653
330
D547
100
AcDbEntity
  8
0
  6
Continuous
 62
     7
370
    25
100
AcDbCircle
 10
0.3871873128574634
 20
0.5480858122909958
 30
0.0
 40
0.3298993424600432
100
AcDbArc
 50
227.1222094542232
 51
235.7349334028693
  0
ARC
  5
D654
330
D547
100
AcDbEntity
  8
0
  6
Continuous
 62
     7
370
    25
100
AcDbCircle
 10
0.3871873128574634
 20
0.5480858122909958
 30
0.0
 40
0.3263804161404691
100
AcDbArc
 50
227.1222094542232
 51
235.7349334028693
  0
ARC
  5
D655
102
{ACAD_REACTORS
330
D558
102
}
330
D547
100
AcDbEntity
  8
0
  6
Continuous
 62
     7
370
    25
100
AcDbCircle
 10
0.568411842859927
 20
0.2105625505401147
 30
0.0
 40
0.0067904281323131
100
AcDbArc
 50
295.7142857119498
 51
10.71428571422351
  0
LINE
  5
D656
330
D547
100
AcDbEntity
  8
0
  6
Continuous
 62
     7
370
    25
100
AcDbLine
 10
0.5750838898816469
 20
0.2118249699475103
 30
0.0
 11
0.578541468905037
 21
0.2124791791950602
 31
0.0
  0
ARC
  5
D657
330
D547
100
AcDbEntity
  8
0
  6
Continuous
 62
     7
370
    25
100
AcDbCircle
 10
0.568411842859927
 20
0.2105625505401147
 30
0.0
 40
0.010309354451887
100
AcDbArc
 50
295.7142857119537
 51
10.71428571419062
  0
LINE
  5
D658
330
D547
100
AcDbEntity
  8
0
  6
Continuous
 62
     7
370
    25
100
AcDbLine
 10
0.5713580992079415
 20
0.2044445861930515
 30
0.0
 11
0.572884904117025
 21
0.2012741431306115
 31
0.0
  0
ARC
  5
D659
330
D547
100
AcDbEntity
  8
0
  6
Continuous
 62
     7
370
    25
100
AcDbCircle
 10
0.0774637983772806
 20
0.3226182379578883
 30
0.0
 40
0.010309354451887
100
AcDbArc
 50
143.5714285714797
 51
218.571428571108
  0
ARC
  5
D65A
330
D547
100
AcDbEntity
  8
0
  6
Continuous
 62
     7
370
    25
100
AcDbCircle
 10
0.0774637983772806
 20
0.3226182379578883
 30
0.0
 40
0.0067904281323129
100
AcDbArc
 50
143.5714285714787
 51
218.5714285711068
  0
LINE
  5
D65B
330
D547
100
AcDbEntity
  8
0
  6
Continuous
 62
     7
370
    25
100
AcDbLine
 10
0.0694036205028326
 20
0.3161904605934356
 30
0.0
 11
0.0721548278839741
 21
0.3183844752671674
 31
0.0
  0
LINE
  5
D65C
102
{ACAD_REACTORS
330
D558
102
}
330
D547
100
AcDbEntity
  8
0
  6
Continuous
 62
     7
370
    25
100
AcDbLine
 10
0.4980641801782433
 20
0.2320478051018653
 30
0.0
 11
0.5329350261436474
 21
0.1915271469609623
 31
0.0
  0
LINE
  5
D65D
330
D547
100
AcDbEntity
  8
0
  6
Continuous
 62
     7
370
    25
100
AcDbLine
 10
0.5329350261436474
 20
0.1915271469609623
 30
0.0
 11
0.5302677794976525
 21
0.1892317956213958
 31
0.0
  0
LINE
  5
D65E
330
D547
100
AcDbEntity
  8
0
  6
Continuous
 62
     7
370
    25
100
AcDbLine
 10
0.5302677794976525
 20
0.1892317956213958
 30
0.0
 11
0.4953969335322519
 21
0.2297524537622952
 31
0.0
  0
LINE
  5
D65F
330
D547
100
AcDbEntity
  8
0
  6
Continuous
 62
     7
370
    25
100
AcDbLine
 10
0.1515741455359425
 20
0.3082277614698019
 30
0.0
 11
0.1025753442588453
 21
0.2868498030096615
 31
0.0
  0
LINE
  5
D660
330
D547
100
AcDbEntity
  8
0
  6
Continuous
 62
     7
370
    25
100
AcDbLine
 10
0.1025753442588453
 20
0.2868498030096615
 30
0.0
 11
0.1011681536894677
 21
0.2900751180553658
 31
0.0
  0
LINE
  5
D661
330
D547
100
AcDbEntity
  8
0
  6
Continuous
 62
     7
370
    25
100
AcDbLine
 10
0.1011681536894677
 20
0.2900751180553658
 30
0.0
 11
0.1501669549665614
 21
0.3114530765155061
 31
0.0
  0
ARC
  5
D662
102
{ACAD_REACTORS
330
D558
102
}
330
D547
100
AcDbEntity
  8
0
  6
Continuous
 62
     7
370
    25
100
AcDbCircle
 10
0.5380819786558391
 20
0.1959564577490349
 30
0.0
 40
0.0067904281323132
100
AcDbArc
 50
220.7142857162537
 51
295.7142857120798
  0
LINE
  5
D663
330
D547
100
AcDbEntity
  8
0
  6
Continuous
 62
     7
370
    25
100
AcDbLine
 10
0.5410282350038642
 20
0.1898384934019783
 30
0.0
 11
0.5425550399129513
 21
0.1866680503395379
 31
0.0
  0
ARC
  5
D664
330
D547
100
AcDbEntity
  8
0
  6
Continuous
 62
     7
370
    25
100
AcDbCircle
 10
0.5380819786558391
 20
0.1959564577490349
 30
0.0
 40
0.0103093544518881
100
AcDbArc
 50
220.7142857162527
 51
295.7142857120544
  0
ARC
  5
D665
330
D547
100
AcDbEntity
  8
0
  6
Continuous
 62
     7
370
    25
100
AcDbCircle
 10
0.0984527156376203
 20
0.2962989681826302
 30
0.0
 40
0.0103093544518867
100
AcDbArc
 50
218.57142857111
 51
293.5714285716262
  0
LINE
  5
D666
330
D547
100
AcDbEntity
  8
0
  6
Continuous
 62
     7
370
    25
100
AcDbLine
 10
0.0903925377631794
 20
0.2898711908181779
 30
0.0
 11
0.0931437451443174
 21
0.2920652054919097
 31
0.0
  0
ARC
  5
D667
330
D547
100
AcDbEntity
  8
0
  6
Continuous
 62
     7
370
    25
100
AcDbCircle
 10
0.0984527156376203
 20
0.2962989681826302
 30
0.0
 40
0.0067904281323123
100
AcDbArc
 50
218.5714285711086
 51
293.5714285716246
  0
LINE
  5
D668
102
{ACAD_REACTORS
330
D558
102
}
330
D547
100
AcDbEntity
  8
0
  6
Continuous
 62
     7
370
    25
100
AcDbLine
 10
0.5410282350038642
 20
0.1898384934019783
 30
0.0
 11
0.5713580992079415
 21
0.2044445861930515
 31
0.0
  0
LINE
  5
D669
330
D547
100
AcDbEntity
  8
0
  6
Continuous
 62
     7
370
    25
100
AcDbLine
 10
0.572884904117025
 20
0.2012741431306115
 30
0.0
 11
0.5425550399129513
 21
0.1866680503395379
 31
0.0
  0
LINE
  5
D66A
330
D547
100
AcDbEntity
  8
0
  6
Continuous
 62
     7
370
    25
100
AcDbLine
 10
0.0903925377631794
 20
0.2898711908181779
 30
0.0
 11
0.0694036205028326
 21
0.3161904605934356
 31
0.0
  0
LINE
  5
D66B
330
D547
100
AcDbEntity
  8
0
  6
Continuous
 62
     7
370
    25
100
AcDbLine
 10
0.0721548278839741
 20
0.3183844752671674
 30
0.0
 11
0.0931437451443174
 21
0.2920652054919097
 31
0.0
  0
ARC
  5
D66C
102
{ACAD_REACTORS
330
D558
102
}
330
D547
100
AcDbEntity
  8
0
  6
Continuous
 62
     7
370
    25
100
AcDbCircle
 10
0.6759219100773031
 20
0.7998726563993613
 30
0.0
 40
0.0067904281323128
100
AcDbArc
 50
38.57142857110807
 51
113.5714285716255
  0
LINE
  5
D66D
330
D547
100
AcDbEntity
  8
0
  6
Continuous
 62
     7
370
    25
100
AcDbLine
 10
0.6732064720254592
 20
0.8060965065266273
 30
0.0
 11
0.6717992814560816
 21
0.8093218215723316
 31
0.0
  0
ARC
  5
D66E
330
D547
100
AcDbEntity
  8
0
  6
Continuous
 62
     7
370
    25
100
AcDbCircle
 10
0.6759219100773031
 20
0.7998726563993613
 30
0.0
 40
0.0103093544518868
100
AcDbArc
 50
38.57142857110874
 51
113.5714285716272
  0
LINE
  5
D66F
330
D547
100
AcDbEntity
  8
0
  6
Continuous
 62
     7
370
    25
100
AcDbLine
 10
0.2166546537198997
 20
0.9022005278565385
 30
0.0
 11
0.2869753672946267
 21
0.7561780614749237
 31
0.0
  0
SPLINE
  5
D670
330
D547
100
AcDbEntity
  8
0
  6
Continuous
 62
     7
370
    25
100
AcDbSpline
210
0.0
220
0.0
230
1.0
 70
     8
 71
     3
 72
     8
 73
     4
 74
     0
 42
0.00000001
 43
0.0000000001
 40
0.0
 40
0.0
 40
0.0
 40
0.0
 40
0.000438843228802
 40
0.000438843228802
 40
0.000438843228802
 40
0.000438843228802
 10
0.2869753672946267
 20
0.7561780614749237
 30
0.0
 10
0.2854135245999316
 20
0.7567245738707445
 30
0.0
 10
0.2838515740880396
 20
0.7572644639653681
 30
0.0
 10
0.2822895764350228
 20
0.757797908690367
 30
0.0
  0
LINE
  5
D671
330
D547
100
AcDbEntity
  8
0
  6
Continuous
 62
     7
370
    25
100
AcDbLine
 10
0.2822895764350228
 20
0.757797908690367
 30
0.0
 11
0.2150110155664926
 21
0.8975032798849857
 31
0.0
  0
LINE
  5
D672
330
D547
100
AcDbEntity
  8
0
  6
Continuous
 62
     7
370
    25
100
AcDbLine
 10
0.2166546537198997
 20
0.9022005278565385
 30
0.0
 11
0.2150110155664926
 21
0.8975032798849857
 31
0.0
  0
LINE
  5
D673
102
{ACAD_REACTORS
330
D558
102
}
330
D547
100
AcDbEntity
  8
0
  6
Continuous
 62
     7
370
    25
100
AcDbLine
 10
0.5750838898816469
 20
0.2118249699475103
 30
0.0
 11
0.5651451804966357
 21
0.2643523122586759
 31
0.0
  0
LINE
  5
D674
330
D547
100
AcDbEntity
  8
0
  6
Continuous
 62
     7
370
    25
100
AcDbLine
 10
0.5686027595200223
 20
0.2650065215062303
 30
0.0
 11
0.578541468905037
 21
0.2124791791950602
 31
0.0
  0
ARC
  5
D675
102
{ACAD_REACTORS
330
D558
102
}
330
D547
100
AcDbEntity
  8
0
  6
Continuous
 62
     7
370
    25
100
AcDbCircle
 10
0.6186778515577523
 20
0.7973930282851605
 30
0.0
 40
0.0138282807714607
100
AcDbArc
 50
227.1222094542226
 51
293.5714285716258
  0
LINE
  5
D676
330
D547
100
AcDbEntity
  8
0
  6
Continuous
 62
     7
370
    25
100
AcDbLine
 10
0.6092685795604745
 20
0.7872595713441371
 30
0.0
 11
0.6116629867486516
 21
0.7898382641641178
 31
0.0
  0
ARC
  5
D677
330
D547
100
AcDbEntity
  8
0
  6
Continuous
 62
     7
370
    25
100
AcDbCircle
 10
0.6186778515577523
 20
0.7973930282851605
 30
0.0
 40
0.0103093544518868
100
AcDbArc
 50
227.1222094542229
 51
293.5714285716262
  0
LINE
  5
D678
330
D547
100
AcDbEntity
  8
0
  6
Continuous
 62
     7
370
    25
100
AcDbLine
 10
0.624207670748362
 20
0.7847185480664863
 30
0.0
 11
0.6228004801789844
 21
0.7879438631121909
 31
0.0
  0
LINE
  5
D679
330
D547
100
AcDbEntity
  8
0
  6
Continuous
 62
     7
370
    25
100
AcDbLine
 10
0.4873992584254765
 20
0.7561780614724256
 30
0.0
 11
0.5577199720026407
 21
0.9022005278528709
 31
0.0
  0
LINE
  5
D67A
102
{ACAD_REACTORS
330
D558
102
}
330
D547
100
AcDbEntity
  8
0
  6
Continuous
 62
     7
370
    25
100
AcDbLine
 10
0.5593636101559909
 20
0.8975032798813389
 30
0.0
 11
0.4920850492851053
 21
0.757797908687766
 31
0.0
  0
SPLINE
  5
D67B
330
D547
100
AcDbEntity
  8
0
  6
Continuous
 62
     7
370
    25
100
AcDbSpline
210
0.0
220
0.0
230
1.0
 70
     8
 71
     3
 72
     8
 73
     4
 74
     0
 42
0.00000001
 43
0.0000000001
 40
0.0
 40
0.0
 40
0.0
 40
0.0
 40
0.0004388432288008
 40
0.0004388432288008
 40
0.0004388432288008
 40
0.0004388432288008
 10
0.4873992584254765
 20
0.7561780614724256
 30
0.0
 10
0.4889611011201858
 20
0.7567245738682118
 30
0.0
 10
0.4905230516320849
 20
0.7572644639628004
 30
0.0
 10
0.4920850492851053
 20
0.757797908687766
 30
0.0
  0
ARC
  5
D67C
102
{ACAD_REACTORS
330
D558
102
}
330
D547
100
AcDbEntity
  8
0
  6
Continuous
 62
     7
370
    25
100
AcDbCircle
 10
0.3871873128574634
 20
0.5480858122909967
 30
0.0
 40
0.3263804161404691
100
AcDbArc
 50
47.1222094542224
 51
55.73493340286855
  0
LINE
  5
D67D
102
{ACAD_REACTORS
330
D558
102
}
330
D547
100
AcDbEntity
  8
0
  6
Continuous
 62
     7
370
    25
100
AcDbLine
 10
0.6732064720254592
 20
0.8060965065266273
 30
0.0
 11
0.624207670748362
 21
0.7847185480664863
 31
0.0
  0
ARC
  5
D67E
330
D547
100
AcDbEntity
  8
0
  6
Continuous
 62
     7
370
    25
100
AcDbCircle
 10
0.3871873128574634
 20
0.5480858122909958
 30
0.0
 40
0.3263804161404696
100
AcDbArc
 50
252.8364951688195
 51
259.2559745914266
  0
ARC
  5
D67F
330
D547
100
AcDbEntity
  8
0
  6
Continuous
 62
     7
370
    25
100
AcDbCircle
 10
0.1556967741571711
 20
0.7973930282851605
 30
0.0
 40
0.0138282807714607
100
AcDbArc
 50
246.4285714283758
 51
312.8777905457789
  0
LINE
  5
D680
330
D547
100
AcDbEntity
  8
0
  6
Continuous
 62
     7
370
    25
100
AcDbLine
 10
0.2150110155664926
 20
0.8975032798849857
 30
0.0
 11
0.203016526506925
 21
0.8917270383889404
 31
0.0
  0
ARC
  5
D681
102
{ACAD_REACTORS
330
D558
102
}
330
D547
100
AcDbEntity
  8
0
  6
Continuous
 62
     7
370
    25
100
AcDbCircle
 10
0.3871873128574634
 20
0.5480858122909958
 30
0.0
 40
0.2344838981311317
100
AcDbArc
 50
279.9195938967782
 51
63.42583778087506
  0
ARC
  5
D682
330
D547
100
AcDbEntity
  8
0
  6
Continuous
 62
     7
370
    25
100
AcDbCircle
 10
0.3871873128574634
 20
0.5480858122909958
 30
0.0
 40
0.2344838981311317
100
AcDbArc
 50
116.574162217704
 51
260.5502891832202
  0
LINE
  5
D683
330
D547
100
AcDbEntity
  8
0
  6
Continuous
 62
     7
370
    25
100
AcDbLine
 10
0.6228004801789844
 20
0.7879438631121909
 30
0.0
 11
0.6717992814560816
 21
0.8093218215723316
 31
0.0
  0
ARC
  5
D684
330
D547
100
AcDbEntity
  8
0
  6
Continuous
 62
     7
370
    25
100
AcDbCircle
 10
0.3871873128574634
 20
0.5480858122909958
 30
0.0
 40
0.3298993424600431
100
AcDbArc
 50
252.8364951688195
 51
259.2211294182955
  0
ARC
  5
D685
330
D547
100
AcDbEntity
  8
0
  6
Continuous
 62
     7
370
    25
100
AcDbCircle
 10
0.1556967741571711
 20
0.7973930282851605
 30
0.0
 40
0.0103093544518868
100
AcDbArc
 50
246.4285714283745
 51
312.8777905457785
  0
ARC
  5
D686
330
D547
100
AcDbEntity
  8
0
  6
Continuous
 62
     7
370
    25
100
AcDbCircle
 10
0.3871873128574634
 20
0.5480858122909958
 30
0.0
 40
0.2309649718115577
100
AcDbArc
 50
115.714285710996
 51
260.6065727191019
  0
ARC
  5
D687
330
D547
100
AcDbEntity
  8
0
  6
Continuous
 62
     7
370
    25
100
AcDbCircle
 10
0.3871873128574634
 20
0.5480858122909958
 30
0.0
 40
0.2309649718115577
100
AcDbArc
 50
280.5915723465353
 51
64.28571428757617
  0
ARC
  5
D688
330
D547
100
AcDbEntity
  8
0
  6
Continuous
 62
     7
370
    25
100
AcDbCircle
 10
0.3871873128574634
 20
0.5480858122909967
 30
0.0
 40
0.3298993424600431
100
AcDbArc
 50
47.1222094542224
 51
55.73493340286855
  0
LINE
  5
D689
330
D547
100
AcDbEntity
  8
0
  6
Continuous
 62
     7
370
    25
100
AcDbLine
 10
0.2014897215978415
 20
0.8948974814513817
 30
0.0
 11
0.2166546537198997
 21
0.9022005278565385
 31
0.0
  0
LINE
  5
D68A
330
D547
100
AcDbEntity
  8
0
  6
Continuous
 62
     7
370
    25
100
AcDbLine
 10
0.3547894210005253
 20
0.6782149292065931
 30
0.0
 11
0.4195852047208036
 21
0.6782149292065914
 31
0.0
  0
ARC
  5
D68B
330
D547
100
AcDbEntity
  8
0
  6
Continuous
 62
     7
370
    25
100
AcDbCircle
 10
0.3547894210005147
 20
0.6850053573388948
 30
0.0
 40
0.0067904281323019
100
AcDbArc
 50
180.0
 51
270.0000000000434
  0
LINE
  5
D68C
330
D547
100
AcDbEntity
  8
0
  6
Continuous
 62
     7
370
    25
100
AcDbLine
 10
0.3479989928682201
 20
0.9733732319894814
 30
0.0
 11
0.3479989928682201
 21
0.6850053573388948
 31
0.0
  0
ARC
  5
D68D
330
D547
100
AcDbEntity
  8
0
  6
Continuous
 62
     7
370
    25
100
AcDbCircle
 10
0.3547894210005253
 20
0.9733732319894814
 30
0.0
 40
0.0067904281323046
100
AcDbArc
 50
90.0
 51
180.0
  0
LINE
  5
D68E
330
D547
100
AcDbEntity
  8
0
  6
Continuous
 62
     7
370
    25
100
AcDbLine
 10
0.4195852047208036
 20
0.9801636601217861
 30
0.0
 11
0.3547894210005253
 21
0.9801636601217861
 31
0.0
  0
ARC
  5
D68F
330
D547
100
AcDbEntity
  8
0
  6
Continuous
 62
     7
370
    25
100
AcDbCircle
 10
0.4195852047208036
 20
0.9733732319894814
 30
0.0
 40
0.0067904281323046
100
AcDbArc
 50
0.0
 51
90.0
  0
LINE
  5
D690
330
D547
100
AcDbEntity
  8
0
  6
Continuous
 62
     7
370
    25
100
AcDbLine
 10
0.4263756328531017
 20
0.6850053573388948
 30
0.0
 11
0.4263756328531017
 21
0.9733732319894814
 31
0.0
  0
ARC
  5
D691
330
D547
100
AcDbEntity
  8
0
  6
Continuous
 62
     7
370
    25
100
AcDbCircle
 10
0.4195852047208036
 20
0.6850053573388948
 30
0.0
 40
0.0067904281323042
100
AcDbArc
 50
270.0000000000008
 51
0.0
  0
LINE
  5
D692
330
D547
100
AcDbEntity
  8
0
  6
Continuous
 62
     7
370
    25
100
AcDbLine
 10
0.3479989928682201
 20
0.6850053573388948
 30
0.0
 11
0.3444800665486412
 21
0.6850053573388948
 31
0.0
  0
LINE
  5
D693
330
D547
100
AcDbEntity
  8
0
  6
Continuous
 62
     7
370
    25
100
AcDbLine
 10
0.3444800665486412
 20
0.6850053573388948
 30
0.0
 11
0.3444800665486447
 21
0.9733732319894814
 31
0.0
  0
LINE
  5
D694
330
D547
100
AcDbEntity
  8
0
  6
Continuous
 62
     7
370
    25
100
AcDbLine
 10
0.3444800665486447
 20
0.9733732319894814
 30
0.0
 11
0.3479989928682201
 21
0.9733732319894814
 31
0.0
  0
LINE
  5
D695
330
D547
100
AcDbEntity
  8
0
  6
Continuous
 62
     7
370
    25
100
AcDbLine
 10
0.3547894210005253
 20
0.6782149292065931
 30
0.0
 11
0.3547894210005253
 21
0.6746960028870164
 31
0.0
  0
ARC
  5
D696
330
D547
100
AcDbEntity
  8
0
  6
Continuous
 62
     7
370
    25
100
AcDbCircle
 10
0.3547894210005147
 20
0.6850053573388948
 30
0.0
 40
0.0103093544518785
100
AcDbArc
 50
180.0
 51
270.0000000000287
  0
ARC
  5
D697
330
D547
100
AcDbEntity
  8
0
  6
Continuous
 62
     7
370
    25
100
AcDbCircle
 10
0.3547894210005253
 20
0.9733732319894814
 30
0.0
 40
0.0103093544518785
100
AcDbArc
 50
90.0
 51
180.0
  0
LINE
  5
D698
330
D547
100
AcDbEntity
  8
0
  6
Continuous
 62
     7
370
    25
100
AcDbLine
 10
0.3547894210005253
 20
0.9836825864413597
 30
0.0
 11
0.3547894210005253
 21
0.9801636601217861
 31
0.0
  0
LINE
  5
D699
330
D547
100
AcDbEntity
  8
0
  6
Continuous
 62
     7
370
    25
100
AcDbLine
 10
0.4195852047208036
 20
0.6782149292065914
 30
0.0
 11
0.4195852047208036
 21
0.6746960028870164
 31
0.0
  0
LINE
  5
D69A
330
D547
100
AcDbEntity
  8
0
  6
Continuous
 62
     7
370
    25
100
AcDbLine
 10
0.4195852047208036
 20
0.6746960028870164
 30
0.0
 11
0.3547894210005253
 21
0.6746960028870164
 31
0.0
  0
LINE
  5
D69B
330
D547
100
AcDbEntity
  8
0
  6
Continuous
 62
     7
370
    25
100
AcDbLine
 10
0.3547894210005253
 20
0.9836825864413597
 30
0.0
 11
0.4195852047208036
 21
0.9836825864413597
 31
0.0
  0
LINE
  5
D69C
330
D547
100
AcDbEntity
  8
0
  6
Continuous
 62
     7
370
    25
100
AcDbLine
 10
0.4195852047208036
 20
0.9836825864413597
 30
0.0
 11
0.4195852047208036
 21
0.9801636601217861
 31
0.0
  0
LINE
  5
D69D
330
D547
100
AcDbEntity
  8
0
  6
Continuous
 62
     7
370
    25
100
AcDbLine
 10
0.4263756328531017
 20
0.6850053573388948
 30
0.0
 11
0.4298945591726771
 21
0.6850053573388948
 31
0.0
  0
ARC
  5
D69E
330
D547
100
AcDbEntity
  8
0
  6
Continuous
 62
     7
370
    25
100
AcDbCircle
 10
0.4195852047208036
 20
0.6850053573388948
 30
0.0
 40
0.0103093544518785
100
AcDbArc
 50
270.0000000000008
 51
0.0
  0
ARC
  5
D69F
330
D547
100
AcDbEntity
  8
0
  6
Continuous
 62
     7
370
    25
100
AcDbCircle
 10
0.4195852047208036
 20
0.9733732319894814
 30
0.0
 40
0.0103093544518785
100
AcDbArc
 50
0.0
 51
90.0
  0
LINE
  5
D6A0
330
D547
100
AcDbEntity
  8
0
  6
Continuous
 62
     7
370
    25
100
AcDbLine
 10
0.4298945591726771
 20
0.9733732319894814
 30
0.0
 11
0.4263756328531017
 21
0.9733732319894814
 31
0.0
  0
LINE
  5
D6A1
330
D547
100
AcDbEntity
  8
0
  6
Continuous
 62
     7
370
    25
100
AcDbLine
 10
0.4298945591726771
 20
0.9733732319894814
 30
0.0
 11
0.4298945591726771
 21
0.6850053573388948
 31
0.0
  0
LINE
  5
D6A2
330
D547
100
AcDbEntity
  8
0
 62
     7
 48
0.2
100
AcDbLine
 10
0.4357154824924799
 20
0.2253332866743878
 30
0.0
 11
0.4362386972594337
 21
0.2218534750774421
 31
0.0
  0
ENDBLK
  5
D6A3
330
D547
100
AcDbEntity
  8
0
 62
     7
 48
0.2
100
AcDbBlockEnd
  0
BLOCK
  5
E55F
330
E55B
100
AcDbEntity
  8
0
 62
     7
 48
0.2
100
AcDbBlockBegin
  2
A$C871e7a8d
 70
     0
 10
0.0
 20
0.0
 30
0.0
  3
A$C871e7a8d
  1

  0
LINE
  5
E55C
330
E55B
100
AcDbEntity
  8
0
 62
     7
 48
0.2
100
AcDbLine
 10
0.0
 20
0.0
 30
0.0
 11
-3.25
 21
0.0
 31
0.0
  0
ENDBLK
  5
E560
330
E55B
100
AcDbEntity
  8
0
 62
     7
 48
0.2
100
AcDbBlockEnd
  0
BLOCK
  5
E59C
330
E59B
100
AcDbEntity
  8
0
100
AcDbBlockBegin
  2
LINEREF_ENCASEMENT
 70
     0
 10
0.0
 20
0.0
 30
0.0
  3
LINEREF_ENCASEMENT
  1

  0
ARC
  5
E59D
330
E59B
100
AcDbEntity
  8
0
100
AcDbCircle
 10
-0.09375
 20
-0.125
 30
0.0
 40
0.125
100
AcDbArc
 50
90.0
 51
270.0
  0
ARC
  5
E59E
330
E59B
100
AcDbEntity
  8
0
100
AcDbCircle
 10
0.09375
 20
-0.125
 30
0.0
 40
0.125
100
AcDbArc
 50
270.0
 51
90.0
  0
LINE
  5
E59F
330
E59B
100
AcDbEntity
  8
0
100
AcDbLine
 10
-0.09375
 20
0.0
 30
0.0
 11
0.09375
 21
0.0
 31
0.0
  0
LINE
  5
E5A0
330
E59B
100
AcDbEntity
  8
0
100
AcDbLine
 10
0.09375
 20
-0.25
 30
0.0
 11
-0.09375
 21
-0.25
 31
0.0
  0
ENDBLK
  5
E5A1
330
E59B
100
AcDbEntity
  8
0
100
AcDbBlockEnd
  0
BLOCK
  5
E5A3
330
E5A2
100
AcDbEntity
  8
0
 62
     8
 48
0.2
100
AcDbBlockBegin
  2
WD_MLRH
 70
     2
 10
0.0
 20
0.0
 30
0.0
  3
WD_MLRH
  1

  0
ATTDEF
  5
E5A4
330
E5A2
100
AcDbEntity
  8
0
100
AcDbText
 10
-0.2666666666666666
 20
-0.1266540011797238
 30
0.0
 40
0.025
  1
H
  7
WD
 72
     2
 11
-0.25
 21
-0.1266540011797238
 31
0.0
100
AcDbAttributeDefinition
280
     0
  3
Rungs (H)oriz or (V)ert
  2
RUNGHORV
 70
     1
280
     0
  0
ATTDEF
  5
E5A5
330
E5A2
100
AcDbEntity
  8
0
100
AcDbText
 10
-0.2958333333333333
 20
-0.4369047619047619
 30
0.0
 40
0.025
  1
0.5
  7
WD
 72
     2
 11
-0.25
 21
-0.4369047619047619
 31
0.0
100
AcDbAttributeDefinition
280
     0
  3
3-ph bus spacing
  2
PH3SPACE
 70
     1
280
     0
  0
ATTDEF
  5
E5A6
330
E5A2
100
AcDbEntity
  8
0
100
AcDbText
 10
-0.2583333333333333
 20
-0.3559523809523809
 30
0.0
 40
0.025
  1
1
  7
WD
 72
     2
 11
-0.25
 21
-0.3559523809523809
 31
0.0
100
AcDbAttributeDefinition
280
     0
  3
Beg wireno (Seq mode only)
  2
WIRE-START
 70
     1
280
     0
  0
ATTDEF
  5
E5A7
330
E5A2
100
AcDbEntity
  8
0
100
AcDbText
 10
-0.5791666666666667
 20
-0.3964285714285714
 30
0.0
 40
0.025
  1
,A,B,C,D,E,F,G,H,J
  7
WD
 72
     2
 11
-0.25
 21
-0.3964285714285714
 31
0.0
100
AcDbAttributeDefinition
280
     0
  3
Wire suffix list-(G)rid only
  2
WIRE-GSUF
 70
     1
280
     0
  0
ATTDEF
  5
E5A8
330
E5A2
100
AcDbEntity
  8
0
100
AcDbText
 10
-0.2916666666666667
 20
-0.3214285714285714
 30
0.0
 40
0.025
  1
%N
  7
WD
 72
     2
 11
-0.25
 21
-0.3214285714285714
 31
0.0
100
AcDbAttributeDefinition
280
     0
  3
Wireno fmt %N=num,%S=sht (ex:W-%N)
  2
WIREFMT
 70
     1
280
     0
  0
ATTDEF
  5
E5A9
330
E5A2
100
AcDbEntity
  8
0
100
AcDbText
 10
-0.2666666666666666
 20
-0.2809523809523809
 30
0.0
 40
0.025
  1
G
  7
WD
 72
     2
 11
-0.25
 21
-0.2809523809523809
 31
0.0
100
AcDbAttributeDefinition
280
     0
  3
Wirenos (R)ef (S)equential
  2
WIREMODE
 70
     1
280
     0
  0
ATTDEF
  5
E5AA
330
E5A2
100
AcDbEntity
  8
0
100
AcDbText
 10
-0.2791666666666667
 20
-0.2375
 30
0.0
 40
0.025
  1
10
  7
WD
 72
     2
 11
-0.25
 21
-0.2375
 31
0.0
100
AcDbAttributeDefinition
280
     0
  3
Rungs per column
  2
RUNGCNT
 70
     1
280
     0
  0
ATTDEF
  5
E5AB
330
E5A2
100
AcDbEntity
  8
0
100
AcDbText
 10
-0.3208333333333333
 20
-0.2
 30
0.0
 40
0.025
  1
0.75
  7
WD
 72
     2
 11
-0.25
 21
-0.2
 31
0.0
100
AcDbAttributeDefinition
280
     0
  3
Rung distance
  2
RUNGDIST
 70
     1
280
     0
  0
ATTDEF
  5
E5AC
330
E5A2
100
AcDbEntity
  8
0
100
AcDbText
 10
-0.2583333333333333
 20
-0.1625
 30
0.0
 40
0.025
  1
1
  7
WD
 72
     2
 11
-0.25
 21
-0.1625
 31
0.0
100
AcDbAttributeDefinition
280
     0
  3
Reference increment
  2
RUNGINC
 70
     1
280
     0
  0
ATTDEF
  5
E5AD
330
E5A2
100
AcDbEntity
  8
0
100
AcDbText
 10
-0.2916666666666667
 20
-0.0625
 30
0.0
 40
0.125
  1
1
  7
WD
 72
     2
 11
-0.25
 21
0.0
 31
0.0
100
AcDbAttributeDefinition
280
     0
  3
Starting number
  2
RUNGFIRST
 70
     0
 74
     2
280
     0
  0
ENDBLK
  5
E5AE
330
E5A2
100
AcDbEntity
  8
0
 62
     8
 48
0.2
100
AcDbBlockEnd
  0
BLOCK
  5
E633
330
E631
100
AcDbEntity
  8
0
 62
     7
 48
0.2
100
AcDbBlockBegin
  2
VCB11TH
 70
     2
 10
0.0
 20
0.0
 30
0.0
  3
VCB11TH
  1

  0
LINE
  5
E634
330
E631
100
AcDbEntity
  8
0
100
AcDbLine
 10
-0.171239330542455
 20
0.0
 30
0.0
 11
-0.125
 21
0.0
 31
0.0
1001
N8STRETCH
1002
{
1000

1002
}
  0
ARC
  5
E635
330
E631
100
AcDbEntity
  8
0
100
AcDbCircle
 10
0.109375
 20
0.0
 30
0.0
 40
0.234375
100
AcDbArc
 50
143.130102354156
 51
216.869897645844
  0
CIRCLE
  5
E636
330
E631
100
AcDbEntity
  8
0
100
AcDbCircle
 10
0.0
 20
0.15625
 30
0.0
 40
0.03125
  0
CIRCLE
  5
E637
330
E631
100
AcDbEntity
  8
0
100
AcDbCircle
 10
0.0
 20
-0.15625
 30
0.0
 40
0.03125
  0
CIRCLE
  5
E638
330
E631
100
AcDbEntity
  8
0
100
AcDbCircle
 10
0.0
 20
-0.6552882372998621
 30
0.0
 40
0.032211762700138
  0
ARC
  5
E639
330
E631
100
AcDbEntity
  8
0
100
AcDbCircle
 10
0.0
 20
-0.4746389745997242
 30
0.0
 40
0.0703125
100
AcDbArc
 50
0.0010070800781303
 51
270.0020141601562
  0
LINE
  5
E63A
330
E631
100
AcDbEntity
  8
0
100
AcDbLine
 10
0.0
 20
-0.6230764745997242
 30
0.0
 11
0.0
 21
-0.5449514745997242
 31
0.0
  0
ARC
  5
E63B
330
E631
100
AcDbEntity
  8
0
100
AcDbCircle
 10
0.0
 20
-0.3340139745997241
 30
0.0
 40
0.0703125
100
AcDbArc
 50
180.0
 51
90.00103759765625
  0
LINE
  5
E63C
330
E631
100
AcDbEntity
  8
0
100
AcDbLine
 10
0.0
 20
-0.2637014745997241
 30
0.0
 11
0.0
 21
-0.1875
 31
0.0
  0
ATTDEF
  5
E63D
330
E631
100
AcDbEntity
  8
0
100
AcDbText
 10
-0.328125
 20
0.40625
 30
0.0
 40
0.125
  1

 41
0.7
  7
WD
 72
     2
 11
-0.328125
 21
0.40625
 31
0.0
100
AcDbAttributeDefinition
280
     0
  3

  2
INST
 70
     0
280
     0
  0
ATTDEF
  5
E63E
330
E631
100
AcDbEntity
  8
0
100
AcDbText
 10
-0.1532796356183921
 20
-0.1061498358372156
 30
0.0
 40
0.01
  1

  7
WD
 72
     1
 11
-0.1532796356183921
 21
-0.1061498358372156
 31
0.0
100
AcDbAttributeDefinition
280
     0
  3

  2
ASSYCODE
 70
     9
280
     0
  0
ATTDEF
  5
E63F
330
E631
100
AcDbEntity
  8
0
100
AcDbText
 10
-0.1421169189930052
 20
-0.0881262091390027
 30
0.0
 40
0.01
  1

  7
WD
 72
     2
 11
-0.1421169189930052
 21
-0.0881262091390027
 31
0.0
100
AcDbAttributeDefinition
280
     0
  3

  2
MFG
 70
     9
280
     0
  0
ATTDEF
  5
E640
330
E631
100
AcDbEntity
  8
0
100
AcDbText
 10
-0.1421169189930052
 20
-0.0731262091390027
 30
0.0
 40
0.01
  1

  7
WD
 72
     2
 11
-0.1421169189930052
 21
-0.0731262091390027
 31
0.0
100
AcDbAttributeDefinition
280
     0
  3

  2
CAT
 70
     9
280
     0
  0
ATTDEF
  5
E641
330
E631
100
AcDbEntity
  8
0
100
AcDbText
 10
-0.25
 20
0.0
 30
0.0
 40
0.01
  1

  7
WD
100
AcDbAttributeDefinition
280
     0
  3

  2
X4LINK
 70
     0
280
     0
  0
ATTDEF
  5
E642
330
E631
100
AcDbEntity
  8
0
100
AcDbText
 10
0.0
 20
0.0
 30
0.0
 40
0.01
  1

  7
WD
100
AcDbAttributeDefinition
280
     0
  3

  2
X1LINK
 70
     0
280
     0
  0
ATTDEF
  5
E643
330
E631
100
AcDbEntity
  8
0
100
AcDbText
 10
-0.328125
 20
-0.15625
 30
0.0
 40
0.125
  1

 41
0.7
  7
WD
 72
     2
 11
-0.328125
 21
-0.15625
 31
0.0
100
AcDbAttributeDefinition
280
     0
  3

  2
RATING1
 70
     0
280
     0
  0
ATTDEF
  5
E644
330
E631
100
AcDbEntity
  8
0
100
AcDbText
 10
-0.3281992211932323
 20
-0.53125
 30
0.0
 40
0.125
  1

 41
0.7
  7
WD
 72
     2
 11
-0.3281992211932323
 21
-0.53125
 31
0.0
100
AcDbAttributeDefinition
280
     0
  3

  2
DESC2
 70
     0
280
     0
  0
ATTDEF
  5
E645
330
E631
100
AcDbEntity
  8
0
100
AcDbText
 10
-0.3281992211932323
 20
-0.34375
 30
0.0
 40
0.125
  1

 41
0.7
  7
WD
 72
     2
 11
-0.3281992211932323
 21
-0.34375
 31
0.0
100
AcDbAttributeDefinition
280
     0
  3

  2
DESC1
 70
     0
280
     0
  0
ATTDEF
  5
E646
330
E631
100
AcDbEntity
  8
0
100
AcDbText
 10
0.1875
 20
-0.0625
 30
0.0
 40
0.125
  1

 41
0.7
  7
WD
100
AcDbAttributeDefinition
280
     0
  3

  2
XREF
 70
     0
280
     0
  0
ATTDEF
  5
E647
330
E631
100
AcDbEntity
  8
0
100
AcDbText
 10
-0.5136835620269303
 20
0.03125
 30
0.0
 40
0.125
  1
CB
 41
0.9
  7
WD
 72
     2
 11
-0.3261835620269302
 21
0.03125
 31
0.0
100
AcDbAttributeDefinition
280
     0
  3

  2
TAG1
 70
     0
280
     0
  0
ATTDEF
  5
E648
330
E631
100
AcDbEntity
  8
0
100
AcDbText
 10
-0.328125
 20
0.21875
 30
0.0
 40
0.125
  1

 41
0.7
  7
WD
 72
     2
 11
-0.328125
 21
0.21875
 31
0.0
100
AcDbAttributeDefinition
280
     0
  3

  2
LOC
 70
     0
280
     0
  0
ATTDEF
  5
E649
330
E631
100
AcDbEntity
  8
0
100
AcDbText
 10
-0.1587835856596718
 20
-0.0364595424723361
 30
0.0
 40
0.01
  1
CB
  7
WD
 72
     2
 11
-0.1421169189930051
 21
-0.0364595424723361
 31
0.0
100
AcDbAttributeDefinition
280
     0
  3

  2
FAMILY
 70
     9
280
     0
  0
ATTDEF
  5
E64A
330
E631
100
AcDbEntity
  8
0
100
AcDbText
 10
0.0
 20
-0.6855764745997242
 30
0.0
 40
0.0125
  1

  7
WD
100
AcDbAttributeDefinition
280
     0
  3

  2
X8TERM02
 70
     1
280
     0
  0
ATTDEF
  5
E64B
330
E631
100
AcDbEntity
  8
0
100
AcDbText
 10
0.0
 20
0.1875
 30
0.0
 40
0.0125
  1

  7
WD
100
AcDbAttributeDefinition
280
     0
  3

  2
X2TERM01
 70
     1
280
     0
  0
ATTDEF
  5
E64C
330
E631
100
AcDbEntity
  8
0
100
AcDbText
 10
-0.0407012216079947
 20
-0.8365235052507202
 30
0.0
 40
0.125
  1

  7
WD
 72
     2
 11
-0.0407012216079947
 21
-0.7115235052507203
 31
0.0
100
AcDbAttributeDefinition
280
     0
  3

  2
TERM02
 70
     8
 74
     3
280
     0
1001
N8SOL-TLINK
1002
{
1000
2,
1002
}
1001
RE-TLINK
1002
{
1000
2,
1002
}
  0
ATTDEF
  5
E64D
330
E631
100
AcDbEntity
  8
0
100
AcDbText
 10
-0.0549703791556545
 20
0.2378766160049203
 30
0.0
 40
0.125
  1

  7
WD
 72
     2
 11
-0.0549703791556545
 21
0.2378766160049203
 31
0.0
100
AcDbAttributeDefinition
280
     0
  3

  2
TERM01
 70
     8
280
     0
1001
N8SOL-TLINK
1002
{
1000
1,
1002
}
1001
RE-TLINK
1002
{
1000
1,
1002
}
  0
ATTDEF
  5
E64E
330
E631
100
AcDbEntity
  8
0
100
AcDbText
 10
-0.1454502523263385
 20
-0.1306803030619905
 30
0.0
 40
0.01
  1
NO
  7
WD
 72
     2
 11
-0.1287835856596718
 21
-0.1306803030619905
 31
0.0
100
AcDbAttributeDefinition
280
     0
  3

  2
CONTACT
 70
     9
280
     0
  0
ENDBLK
  5
E64F
330
E631
100
AcDbEntity
  8
0
 62
     7
 48
0.2
100
AcDbBlockEnd
  0
BLOCK
  5
E653
330
E650
100
AcDbEntity
  8
0
 62
     7
 48
0.2
100
AcDbBlockBegin
  2
HXF1T2_1-
 70
     2
 10
0.0
 20
0.0
 30
0.0
  3
HXF1T2_1-
  1

  0
ATTDEF
  5
E654
330
E650
100
AcDbEntity
  8
0
  6
Continuous
100
AcDbText
 10
0.21875
 20
0.0625
 30
0.0
 40
0.01
  1

  7
WD
 72
     1
 11
0.21875
 21
0.0625
 31
0.0
100
AcDbAttributeDefinition
280
     0
  3

  2
ASSYCODE
 70
     9
280
     0
  0
ATTDEF
  5
E655
330
E650
100
AcDbEntity
  8
0
  6
Continuous
100
AcDbText
 10
0.227797819576856
 20
0.0887266596591497
 30
0.0
 40
0.01
  1

  7
WD
 72
     1
 11
0.227797819576856
 21
0.0887266596591497
 31
0.0
100
AcDbAttributeDefinition
280
     0
  3

  2
MFG
 70
     9
280
     0
  0
ATTDEF
  5
E656
330
E650
100
AcDbEntity
  8
0
  6
Continuous
100
AcDbText
 10
0.2297428652167746
 20
0.1081684133666007
 30
0.0
 40
0.01
  1

  7
WD
 72
     1
 11
0.2297428652167746
 21
0.1081684133666007
 31
0.0
100
AcDbAttributeDefinition
280
     0
  3

  2
CAT
 70
     9
280
     0
  0
ATTDEF
  5
E657
330
E650
100
AcDbEntity
  8
0
100
AcDbText
 10
0.2062459949469165
 20
0.130565050798622
 30
0.0
 40
0.01
  1
XF
  7
WD
100
AcDbAttributeDefinition
280
     0
  3

  2
FAMILY
 70
     9
280
     0
  0
ATTDEF
  5
E658
330
E650
100
AcDbEntity
  8
0
100
AcDbText
 10
-0.2342613780164025
 20
0.0747558932534971
 30
0.0
 40
0.01
  1
1-
  7
WD
 72
     2
 11
-0.2209280446830691
 21
0.0747558932534971
 31
0.0
100
AcDbAttributeDefinition
280
     0
  3

  2
WDTYPE
 70
     9
280
     0
  0
ATTDEF
  5
E659
330
E650
100
AcDbEntity
  8
0
100
AcDbText
 10
-0.0123581012365755
 20
0.5918750014890417
 30
0.0
 40
0.125
  1

 41
0.85
  7
WD
 72
     1
 11
-0.0123581012365755
 21
0.5918750014890417
 31
0.0
100
AcDbAttributeDefinition
280
     0
  3

  2
INST
 70
     0
280
     0
  0
ATTDEF
  5
E65A
330
E650
100
AcDbEntity
  8
0
100
AcDbText
 10
-0.0458333299301723
 20
0.2500000014890915
 30
0.0
 40
0.125
  1
T
 41
0.85
  7
WD
 72
     1
 11
-0.0104166632635057
 21
0.2500000014890915
 31
0.0
100
AcDbAttributeDefinition
280
     0
  3

  2
TAG1
 70
     0
280
     0
  0
ATTDEF
  5
E65B
330
E650
100
AcDbEntity
  8
0
100
AcDbText
 10
-0.0123581012365755
 20
0.4200000014890417
 30
0.0
 40
0.125
  1

 41
0.85
  7
WD
 72
     1
 11
-0.0123581012365755
 21
0.4200000014890417
 31
0.0
100
AcDbAttributeDefinition
280
     0
  3

  2
LOC
 70
     0
280
     0
  0
ATTDEF
  5
E65C
330
E650
100
AcDbEntity
  8
0
100
AcDbText
 10
-0.0104166632635057
 20
-0.8593749985109084
 30
0.0
 40
0.125
  1

 41
0.85
  7
WD
 72
     1
 11
-0.0104166632635057
 21
-0.8593749985109084
 31
0.0
100
AcDbAttributeDefinition
280
     0
  3

  2
DESC2
 70
     0
280
     0
  0
ATTDEF
  5
E65D
330
E650
100
AcDbEntity
  8
0
100
AcDbText
 10
-0.0104166632635057
 20
-0.6874999985109085
 30
0.0
 40
0.125
  1

 41
0.85
  7
WD
 72
     1
 11
-0.0104166632635057
 21
-0.6874999985109085
 31
0.0
100
AcDbAttributeDefinition
280
     0
  3

  2
DESC1
 70
     0
280
     0
  0
ATTDEF
  5
E65E
330
E650
100
AcDbEntity
  8
0
100
AcDbText
 10
-0.0104166632635057
 20
-1.031249998510908
 30
0.0
 40
0.125
  1

 41
0.85
  7
WD
 72
     1
 11
-0.0104166632635057
 21
-1.031249998510908
 31
0.0
100
AcDbAttributeDefinition
280
     0
  3

  2
DESC3
 70
     0
280
     0
  0
ATTDEF
  5
E65F
330
E650
100
AcDbEntity
  8
0
 62
     7
100
AcDbText
 10
0.2500000000000004
 20
0.0
 30
0.0
 40
0.0125
  1

  7
WD
100
AcDbAttributeDefinition
280
     0
  3

  2
X1TERM02
 70
     1
280
     0
  0
ATTDEF
  5
E660
330
E650
100
AcDbEntity
  8
0
 62
     7
100
AcDbText
 10
-0.2499999999999996
 20
0.0
 30
0.0
 40
0.0125
  1

  7
WD
100
AcDbAttributeDefinition
280
     0
  3

  2
X4TERM01
 70
     1
280
     0
  0
ATTDEF
  5
E661
330
E650
100
AcDbEntity
  8
0
  6
Continuous
100
AcDbText
 10
0.2497386248231272
 20
-0.1563749985109085
 30
0.0
 40
0.125
  1

  7
WD
 11
0.2497386248231272
 21
-0.0313749985109085
 31
0.0
100
AcDbAttributeDefinition
280
     0
  3

  2
TERM02
 70
     8
 74
     3
280
     0
1001
N8SOL-TLINK
1002
{
1000
2,
1002
}
  0
ATTDEF
  5
E662
330
E650
100
AcDbEntity
  8
0
  6
Continuous
100
AcDbText
 10
-0.2529886161514803
 20
-0.1563749985109085
 30
0.0
 40
0.125
  1

  7
WD
 72
     2
 11
-0.2529886161514803
 21
-0.0313749985109085
 31
0.0
100
AcDbAttributeDefinition
280
     0
  3

  2
TERM01
 70
     8
 74
     3
280
     0
1001
N8SOL-TLINK
1002
{
1000
1,
1002
}
  0
ATTDEF
  5
E663
330
E650
100
AcDbEntity
  8
0
100
AcDbText
 10
-0.0104166632635057
 20
-0.5156249985109085
 30
0.0
 40
0.125
  1

 41
0.85
  7
WD
 72
     1
 11
-0.0104166632635057
 21
-0.5156249985109085
 31
0.0
100
AcDbAttributeDefinition
280
     0
  3

  2
RATING2
 70
     0
280
     0
  0
ATTDEF
  5
E664
330
E650
100
AcDbEntity
  8
0
100
AcDbText
 10
-0.0104166632635057
 20
-0.3437499985109085
 30
0.0
 40
0.125
  1

 41
0.85
  7
WD
 72
     1
 11
-0.0104166632635057
 21
-0.3437499985109085
 31
0.0
100
AcDbAttributeDefinition
280
     0
  3

  2
RATING1
 70
     0
280
     0
  0
LWPOLYLINE
  5
E665
330
E650
100
AcDbEntity
  8
0
100
AcDbPolyline
 90
        2
 70
     1
 43
0.0125
 10
-0.1499999999999999
 20
0.0
 42
0.9999999999999998
 10
0.0500000000000003
 20
0.0
 42
0.9999999999999998
  0
LWPOLYLINE
  5
E666
330
E650
100
AcDbEntity
  8
0
100
AcDbPolyline
 90
        4
 70
     0
 43
0.0125
 10
0.1499999999999999
 20
0.0
 42
-0.9999999999999998
 10
-0.0500000000000003
 20
0.0
 42
-0.9999999999999998
 10
0.1499999999999999
 20
0.0
 10
0.2500000000000004
 20
0.0
  0
LWPOLYLINE
  5
E667
330
E650
100
AcDbEntity
  8
0
100
AcDbPolyline
 90
        2
 70
     0
 43
0.0125
 10
-0.1499999999999999
 20
0.0
 10
-0.2499999999999996
 20
0.0
  0
ATTDEF
  5
E668
330
E650
100
AcDbEntity
  8
0
  6
Continuous
100
AcDbText
 10
0.21875
 20
0.0378780506995931
 30
0.0
 40
0.01
  1

  7
WD
 72
     1
 11
0.21875
 21
0.0378780506995931
 31
0.0
100
AcDbAttributeDefinition
280
     0
  3

  2
CATDESC
 70
     9
280
     0
  0
ENDBLK
  5
E669
330
E650
100
AcDbEntity
  8
0
 62
     7
 48
0.2
100
AcDbBlockEnd
  0
BLOCK
  5
E66B
330
E66A
100
AcDbEntity
  8
0
 62
     7
 48
0.2
100
AcDbBlockBegin
  2
WDDOT
 70
     0
 10
0.0
 20
0.0
 30
0.0
  3
WDDOT
  1

  0
CIRCLE
  5
E66C
330
E66A
100
AcDbEntity
  8
0
100
AcDbCircle
 10
0.0
 20
0.0
 30
0.0
 40
0.0300000000000003
  0
CIRCLE
  5
E66D
330
E66A
100
AcDbEntity
  8
0
100
AcDbCircle
 10
0.0
 20
0.0
 30
0.0
 40
0.0187012496499282
  0
CIRCLE
  5
E66E
330
E66A
100
AcDbEntity
  8
0
100
AcDbCircle
 10
0.0
 20
0.0
 30
0.0
 40
0.0092948236686489
  0
ENDBLK
  5
E66F
330
E66A
100
AcDbEntity
  8
0
 62
     7
 48
0.2
100
AcDbBlockEnd
  0
BLOCK
  5
E673
330
E670
100
AcDbEntity
  8
0
 62
     7
 48
0.2
100
AcDbBlockBegin
  2
HC01PJ_1-
 70
     2
 10
0.0
 20
0.0
 30
0.0
  3
HC01PJ_1-
  1

  0
ATTDEF
  5
E674
330
E670
100
AcDbEntity
  8
0
  6
Continuous
100
AcDbText
 10
0.21875
 20
0.0625
 30
0.0
 40
0.01
  1

  7
WD
 72
     1
 11
0.21875
 21
0.0625
 31
0.0
100
AcDbAttributeDefinition
280
     0
  3

  2
ASSYCODE
 70
     9
280
     0
  0
ATTDEF
  5
E675
330
E670
100
AcDbEntity
  8
0
100
AcDbText
 10
0.0
 20
0.09375
 30
0.0
 40
0.01
  1

  7
WD
100
AcDbAttributeDefinition
280
     0
  3

  2
X2LINK
 70
     0
280
     0
  0
ATTDEF
  5
E676
330
E670
100
AcDbEntity
  8
0
100
AcDbText
 10
0.0
 20
-0.09375
 30
0.0
 40
0.01
  1

  7
WD
100
AcDbAttributeDefinition
280
     0
  3

  2
X8LINK
 70
     0
280
     0
  0
ATTDEF
  5
E677
330
E670
100
AcDbEntity
  8
0
  6
Continuous
100
AcDbText
 10
0.227797819576856
 20
0.0887266596591497
 30
0.0
 40
0.01
  1

  7
WD
 72
     1
 11
0.227797819576856
 21
0.0887266596591497
 31
0.0
100
AcDbAttributeDefinition
280
     0
  3

  2
MFG
 70
     9
280
     0
  0
ATTDEF
  5
E678
330
E670
100
AcDbEntity
  8
0
  6
Continuous
100
AcDbText
 10
0.2297428652167746
 20
0.1081684133666007
 30
0.0
 40
0.01
  1

  7
WD
 72
     1
 11
0.2297428652167746
 21
0.1081684133666007
 31
0.0
100
AcDbAttributeDefinition
280
     0
  3

  2
CAT
 70
     9
280
     0
  0
ATTDEF
  5
E679
330
E670
100
AcDbEntity
  8
0
100
AcDbText
 10
0.2062459949469165
 20
0.130565050798622
 30
0.0
 40
0.01
  1
PJ
  7
WD
100
AcDbAttributeDefinition
280
     0
  3

  2
FAMILY
 70
     9
280
     0
  0
ATTDEF
  5
E67A
330
E670
100
AcDbEntity
  8
0
100
AcDbText
 10
-0.2342613780164025
 20
0.0747558932534971
 30
0.0
 40
0.01
  1
1-
  7
WD
 72
     2
 11
-0.2209280446830691
 21
0.0747558932534971
 31
0.0
100
AcDbAttributeDefinition
280
     0
  3

  2
WDTYPE
 70
     9
280
     0
  0
ATTDEF
  5
E67B
330
E670
100
AcDbEntity
  8
0
100
AcDbText
 10
-0.0123581012365755
 20
0.4668750014890417
 30
0.0
 40
0.125
  1

 41
0.85
  7
WD
 72
     1
 11
-0.0123581012365755
 21
0.4668750014890417
 31
0.0
100
AcDbAttributeDefinition
280
     0
  3

  2
INST
 70
     0
280
     0
  0
ATTDEF
  5
E67C
330
E670
100
AcDbEntity
  8
0
100
AcDbText
 10
-0.0989583299301723
 20
0.1250000014890915
 30
0.0
 40
0.125
  1
PJ
 41
0.85
  7
WD
 72
     1
 11
-0.0104166632635057
 21
0.1250000014890915
 31
0.0
100
AcDbAttributeDefinition
280
     0
  3

  2
TAG1
 70
     0
280
     0
  0
ATTDEF
  5
E67D
330
E670
100
AcDbEntity
  8
0
100
AcDbText
 10
-0.0123581012365755
 20
0.2950000014890417
 30
0.0
 40
0.125
  1

 41
0.85
  7
WD
 72
     1
 11
-0.0123581012365755
 21
0.2950000014890417
 31
0.0
100
AcDbAttributeDefinition
280
     0
  3

  2
LOC
 70
     0
280
     0
  0
ATTDEF
  5
E67E
330
E670
100
AcDbEntity
  8
0
100
AcDbText
 10
-0.0104166632635057
 20
-0.5156249985109085
 30
0.0
 40
0.125
  1

 41
0.85
  7
WD
 72
     1
 11
-0.0104166632635057
 21
-0.5156249985109085
 31
0.0
100
AcDbAttributeDefinition
280
     0
  3

  2
DESC2
 70
     0
280
     0
  0
ATTDEF
  5
E67F
330
E670
100
AcDbEntity
  8
0
100
AcDbText
 10
-0.0104166632635057
 20
-0.3437499985109085
 30
0.0
 40
0.125
  1

 41
0.85
  7
WD
 72
     1
 11
-0.0104166632635057
 21
-0.3437499985109085
 31
0.0
100
AcDbAttributeDefinition
280
     0
  3

  2
DESC1
 70
     0
280
     0
  0
ATTDEF
  5
E680
330
E670
100
AcDbEntity
  8
0
100
AcDbText
 10
-0.0104166632635057
 20
-0.6874999985109085
 30
0.0
 40
0.125
  1

 41
0.85
  7
WD
 72
     1
 11
-0.0104166632635057
 21
-0.6874999985109085
 31
0.0
100
AcDbAttributeDefinition
280
     0
  3

  2
DESC3
 70
     0
280
     0
  0
ATTDEF
  5
E681
330
E670
100
AcDbEntity
  8
0
 62
     7
100
AcDbText
 10
0.09375
 20
0.0
 30
0.0
 40
0.0125
  1

  7
WD
100
AcDbAttributeDefinition
280
     0
  3

  2
X1TERM02
 70
     1
280
     0
  0
ATTDEF
  5
E682
330
E670
100
AcDbEntity
  8
0
 62
     7
100
AcDbText
 10
-0.0625
 20
0.0
 30
0.0
 40
0.0125
  1

  7
WD
100
AcDbAttributeDefinition
280
     0
  3

  2
X4TERM01
 70
     1
280
     0
  0
ATTDEF
  5
E683
330
E670
100
AcDbEntity
  8
0
  6
Continuous
100
AcDbText
 10
0.1458333367364943
 20
-0.1563749985109085
 30
0.0
 40
0.125
  1

  7
WD
 11
0.1458333367364943
 21
-0.0313749985109085
 31
0.0
100
AcDbAttributeDefinition
280
     0
  3

  2
TERM02
 70
     8
 74
     3
280
     0
1001
N8SOL-TLINK
1002
{
1000
2,
1002
}
  0
ATTDEF
  5
E684
330
E670
100
AcDbEntity
  8
0
  6
Continuous
100
AcDbText
 10
-0.1041666632635057
 20
-0.1563749985109085
 30
0.0
 40
0.125
  1

  7
WD
 72
     2
 11
-0.1041666632635056
 21
-0.0313749985109085
 31
0.0
100
AcDbAttributeDefinition
280
     0
  3

  2
TERM01
 70
     8
 74
     3
280
     0
1001
N8SOL-TLINK
1002
{
1000
1,
1002
}
  0
ATTDEF
  5
E685
330
E670
100
AcDbEntity
  8
0
100
AcDbText
 10
-0.09375
 20
0.03125
 30
0.0
 40
0.01
  1
J
  7
WD
100
AcDbAttributeDefinition
280
     0
  3

  2
X4TERMDESC01
 70
     1
280
     0
  0
ATTDEF
  5
E686
330
E670
100
AcDbEntity
  8
0
100
AcDbText
 10
0.125
 20
0.03125
 30
0.0
 40
0.01
  1
P
  7
WD
100
AcDbAttributeDefinition
280
     0
  3

  2
X1TERMDESC02
 70
     1
280
     0
  0
LWPOLYLINE
  5
E687
330
E670
100
AcDbEntity
  8
0
100
AcDbPolyline
 90
        3
 70
     0
 10
0.0625
 20
-0.09375
 40
0.0125
 41
0.0125
 10
-0.0625
 20
0.0
 40
0.0125
 41
0.0125
 10
0.0625
 20
0.09375
 40
0.0
 41
0.0
  0
LWPOLYLINE
  5
E688
330
E670
100
AcDbEntity
  8
0
100
AcDbPolyline
 90
        3
 70
     0
 10
0.125
 20
0.0625
 40
0.0125
 41
0.0125
 10
0.03125
 20
0.0
 40
0.0125
 41
0.0125
 10
0.125
 20
-0.0625
 40
0.0
 41
0.0
  0
LINE
  5
E689
330
E670
100
AcDbEntity
  8
0
100
AcDbLine
 10
0.03125
 20
0.0
 30
0.0
 11
0.09375
 21
0.0
 31
0.0
  0
ENDBLK
  5
E68A
330
E670
100
AcDbEntity
  8
0
 62
     7
 48
0.2
100
AcDbBlockEnd
  0
BLOCK
  5
E68E
330
E68B
100
AcDbEntity
  8
0
 62
     7
 48
0.2
100
AcDbBlockBegin
  2
VC01PJ_1-
 70
     2
 10
0.0
 20
0.0
 30
0.0
  3
VC01PJ_1-
  1

  0
ATTDEF
  5
E68F
330
E68B
100
AcDbEntity
  8
0
100
AcDbText
 10
0.0130729268949868
 20
-0.1146401272584949
 30
0.0
 40
0.01
  1
P
  7
WD
100
AcDbAttributeDefinition
280
     0
  3

  2
X8TERMDESC02
 70
     1
280
     0
  0
ATTDEF
  5
E690
330
E68B
100
AcDbEntity
  8
0
100
AcDbText
 10
0.0261458644990533
 20
0.0416098677706964
 30
0.0
 40
0.01
  1
J
  7
WD
100
AcDbAttributeDefinition
280
     0
  3

  2
X2TERMDESC01
 70
     1
280
     0
  0
ATTDEF
  5
E691
330
E68B
100
AcDbEntity
  8
0
  6
Continuous
100
AcDbText
 10
-0.1090752636275756
 20
-0.0139434821641545
 30
0.0
 40
0.01
  1

  7
WD
 72
     1
 11
-0.1090752636275756
 21
-0.0139434821641545
 31
0.0
100
AcDbAttributeDefinition
280
     0
  3

  2
ASSYCODE
 70
     9
280
     0
  0
ATTDEF
  5
E692
330
E68B
100
AcDbEntity
  8
0
100
AcDbText
 10
-0.125
 20
-0.0625
 30
0.0
 40
0.01
  1

  7
WD
100
AcDbAttributeDefinition
280
     0
  3

  2
X4LINK
 70
     0
280
     0
  0
ATTDEF
  5
E693
330
E68B
100
AcDbEntity
  8
0
100
AcDbText
 10
0.125
 20
-0.0625
 30
0.0
 40
0.01
  1

  7
WD
100
AcDbAttributeDefinition
280
     0
  3

  2
X1LINK
 70
     0
280
     0
  0
ATTDEF
  5
E694
330
E68B
100
AcDbEntity
  8
0
  6
Continuous
100
AcDbText
 10
-0.1086068915503407
 20
0.0000392832228555
 30
0.0
 40
0.01
  1

  7
WD
 72
     1
 11
-0.1086068915503407
 21
0.0000392832228555
 31
0.0
100
AcDbAttributeDefinition
280
     0
  3

  2
MFG
 70
     9
280
     0
  0
ATTDEF
  5
E695
330
E68B
100
AcDbEntity
  8
0
  6
Continuous
100
AcDbText
 10
-0.1066618459104218
 20
0.0194810369303064
 30
0.0
 40
0.01
  1

  7
WD
 72
     1
 11
-0.1066618459104218
 21
0.0194810369303064
 31
0.0
100
AcDbAttributeDefinition
280
     0
  3

  2
CAT
 70
     9
280
     0
  0
ATTDEF
  5
E696
330
E68B
100
AcDbEntity
  8
0
100
AcDbText
 10
-0.131715111848772
 20
0.0636574527900694
 30
0.0
 40
0.01
  1
PJ
  7
WD
100
AcDbAttributeDefinition
280
     0
  3

  2
FAMILY
 70
     9
280
     0
  0
ATTDEF
  5
E697
330
E68B
100
AcDbEntity
  8
0
100
AcDbText
 10
0.0
 20
-0.09375
 30
0.0
 40
0.0125
  1

  7
WD
100
AcDbAttributeDefinition
280
     0
  3

  2
X8TERM02
 70
     1
280
     0
  0
ATTDEF
  5
E698
330
E68B
100
AcDbEntity
  8
0
100
AcDbText
 10
0.0
 20
0.0625
 30
0.0
 40
0.0125
  1

  7
WD
100
AcDbAttributeDefinition
280
     0
  3

  2
X2TERM01
 70
     1
280
     0
  0
ATTDEF
  5
E699
330
E68B
100
AcDbEntity
  8
0
100
AcDbText
 10
0.21875
 20
-0.609375
 30
0.0
 40
0.125
  1

 41
0.85
  7
WD
100
AcDbAttributeDefinition
280
     0
  3

  2
DESC3
 70
     0
280
     0
  0
ATTDEF
  5
E69A
330
E68B
100
AcDbEntity
  8
0
100
AcDbText
 10
0.21875
 20
0.078125
 30
0.0
 40
0.125
  1

 41
0.85
  7
WD
100
AcDbAttributeDefinition
280
     0
  3

  2
LOC
 70
     0
280
     0
  0
ATTDEF
  5
E69B
330
E68B
100
AcDbEntity
  8
0
100
AcDbText
 10
0.2206914379730698
 20
-0.0918749999999502
 30
0.0
 40
0.125
  1
PJ
 41
0.85
  7
WD
100
AcDbAttributeDefinition
280
     0
  3

  2
TAG1
 70
     0
280
     0
  0
ATTDEF
  5
E69C
330
E68B
100
AcDbEntity
  8
0
100
AcDbText
 10
0.21875
 20
-0.265625
 30
0.0
 40
0.125
  1

 41
0.85
  7
WD
100
AcDbAttributeDefinition
280
     0
  3

  2
DESC1
 70
     0
280
     0
  0
ATTDEF
  5
E69D
330
E68B
100
AcDbEntity
  8
0
100
AcDbText
 10
0.21875
 20
-0.4375
 30
0.0
 40
0.125
  1

 41
0.85
  7
WD
100
AcDbAttributeDefinition
280
     0
  3

  2
DESC2
 70
     0
280
     0
  0
ATTDEF
  5
E69E
330
E68B
100
AcDbEntity
  8
0
100
AcDbText
 10
0.21875
 20
0.25
 30
0.0
 40
0.125
  1

 41
0.85
  7
WD
100
AcDbAttributeDefinition
280
     0
  3

  2
INST
 70
     0
280
     0
  0
ATTDEF
  5
E69F
330
E68B
100
AcDbEntity
  8
0
  6
Continuous
100
AcDbText
 10
-0.0407012216079945
 20
-0.2759470306509962
 30
0.0
 40
0.125
  1

 41
0.85
  7
WD
 72
     2
 11
-0.0407012216079945
 21
-0.1509470306509962
 31
0.0
100
AcDbAttributeDefinition
280
     0
  3

  2
TERM02
 70
     8
 74
     3
280
     0
1001
N8SOL-TLINK
1002
{
1000
2,
1002
}
1001
RE-TLINK
1002
{
1000
2,
1002
}
  0
ATTDEF
  5
E6A0
330
E68B
100
AcDbEntity
  8
0
  6
Continuous
100
AcDbText
 10
-0.0549703791556544
 20
0.1128766160049204
 30
0.0
 40
0.125
  1

 41
0.85
  7
WD
 72
     2
 11
-0.0549703791556544
 21
0.1128766160049204
 31
0.0
100
AcDbAttributeDefinition
280
     0
  3

  2
TERM01
 70
     8
280
     0
1001
N8SOL-TLINK
1002
{
1000
1,
1002
}
1001
RE-TLINK
1002
{
1000
1,
1002
}
  0
ATTDEF
  5
E6A1
330
E68B
100
AcDbEntity
  8
0
100
AcDbText
 10
-0.1600335856596717
 20
-0.1063618827605547
 30
0.0
 40
0.01
  1

  7
WD
 72
     2
 11
-0.1600335856596717
 21
-0.1063618827605547
 31
0.0
100
AcDbAttributeDefinition
280
     0
  3

  2
WDBLKNAM
 70
     9
280
     0
  0
LWPOLYLINE
  5
E6A2
330
E68B
100
AcDbEntity
  8
0
100
AcDbPolyline
 90
        3
 70
     0
 10
-0.09375
 20
-0.0625
 40
0.0125
 41
0.0125
 10
0.0
 20
0.0625
 40
0.0125
 41
0.0125
 10
0.09375
 20
-0.0625
 40
0.0
 41
0.0
  0
LWPOLYLINE
  5
E6A3
330
E68B
100
AcDbEntity
  8
0
100
AcDbPolyline
 90
        3
 70
     0
 10
0.0625
 20
-0.125
 40
0.0125
 41
0.0125
 10
0.0
 20
-0.03125
 40
0.0125
 41
0.0125
 10
-0.0625
 20
-0.125
 40
0.0
 41
0.0
  0
LINE
  5
E6A4
330
E68B
100
AcDbEntity
  8
0
100
AcDbLine
 10
0.0
 20
-0.03125
 30
0.0
 11
0.0
 21
-0.09375
 31
0.0
  0
ATTDEF
  5
E6A5
330
E68B
100
AcDbEntity
  8
0
 62
     7
100
AcDbText
 10
-0.237499341561711
 20
-0.0806278043842039
 30
0.0
 40
0.01
  1
1-
  7
WD
100
AcDbAttributeDefinition
280
     0
  3

  2
WDTYPE
 70
     1
280
     0
  0
ENDBLK
  5
E6A6
330
E68B
100
AcDbEntity
  8
0
 62
     7
 48
0.2
100
AcDbBlockEnd
  0
BLOCK
  5
E6A9
330
E6A7
100
AcDbEntity
  8
0
 62
     7
 48
0.2
100
AcDbBlockBegin
  2
VXF1CT
 70
     2
 10
0.0
 20
0.0
 30
0.0
  3
VXF1CT
  1

  0
ARC
  5
E6AA
330
E6A7
100
AcDbEntity
  8
0
100
AcDbCircle
 10
-0.34375
 20
-0.125
 30
0.0
 40
0.125
100
AcDbArc
 50
90.0
 51
270.0
  0
ARC
  5
E6AB
330
E6A7
100
AcDbEntity
  8
0
100
AcDbCircle
 10
-0.34375
 20
0.125
 30
0.0
 40
0.125
100
AcDbArc
 50
90.0
 51
270.0
  0
LINE
  5
E6AC
330
E6A7
100
AcDbEntity
  8
0
100
AcDbLine
 10
-0.34375
 20
0.0
 30
0.0
 11
-0.28125
 21
0.0
 31
0.0
  0
LINE
  5
E6AD
330
E6A7
100
AcDbEntity
  8
0
100
AcDbLine
 10
-0.34375
 20
-0.25
 30
0.0
 11
-0.0321974015839574
 21
-0.25
 31
0.0
  0
LINE
  5
E6AE
330
E6A7
100
AcDbEntity
  8
0
100
AcDbLine
 10
-0.34375
 20
0.25
 30
0.0
 11
-0.0321974015839574
 21
0.25
 31
0.0
  0
CIRCLE
  5
E6AF
330
E6A7
100
AcDbEntity
  8
0
100
AcDbCircle
 10
0.0
 20
0.2490382372998621
 30
0.0
 40
0.032211762700138
  0
CIRCLE
  5
E6B0
330
E6A7
100
AcDbEntity
  8
0
100
AcDbCircle
 10
0.0
 20
-0.2490382372998621
 30
0.0
 40
0.032211762700138
  0
ATTDEF
  5
E6B1
330
E6A7
100
AcDbEntity
  8
0
100
AcDbText
 10
-0.2270833333333333
 20
-0.421875
 30
0.0
 40
0.125
  1

 41
0.7
  7
WD
 72
     1
 11
-0.2270833333333333
 21
-0.421875
 31
0.0
100
AcDbAttributeDefinition
280
     0
  3

  2
INST
 70
     0
280
     0
  0
ATTDEF
  5
E6B2
330
E6A7
100
AcDbEntity
  8
0
100
AcDbText
 10
0.0
 20
-0.2831735254002758
 30
0.0
 40
0.0125
  1

  7
WD
100
AcDbAttributeDefinition
280
     0
  3

  2
X8TERM01
 70
     1
280
     0
  0
ATTDEF
  5
E6B3
330
E6A7
100
AcDbEntity
  8
0
100
AcDbText
 10
0.0322117627001379
 20
-0.2509617627001379
 30
0.0
 40
0.0125
  1

  7
WD
100
AcDbAttributeDefinition
280
     0
  3

  2
X1TERM01
 70
     1
280
     0
  0
ATTDEF
  5
E6B4
330
E6A7
100
AcDbEntity
  8
0
  6
Continuous
100
AcDbText
 10
-0.0549378303809576
 20
-0.2305439677362169
 30
0.0
 40
0.125
  1

  7
WD
 72
     2
 11
-0.0549378303809576
 21
-0.2305439677362169
 31
0.0
100
AcDbAttributeDefinition
280
     0
  3

  2
TERM01
 70
     8
280
     0
1001
N8SOL-TLINK
1002
{
1000
1,
1002
}
  0
ATTDEF
  5
E6B5
330
E6A7
100
AcDbEntity
  8
0
  6
Continuous
100
AcDbText
 10
-0.0449930830489329
 20
0.2669657848838338
 30
0.0
 40
0.125
  1

  7
WD
 72
     2
 11
-0.0449930830489329
 21
0.2669657848838338
 31
0.0
100
AcDbAttributeDefinition
280
     0
  3

  2
TERM02
 70
     8
280
     0
1001
N8SOL-TLINK
1002
{
1000
2,
1002
}
  0
ATTDEF
  5
E6B6
330
E6A7
100
AcDbEntity
  8
0
100
AcDbText
 10
0.0322117627001379
 20
0.2490382372998621
 30
0.0
 40
0.0125
  1

  7
WD
100
AcDbAttributeDefinition
280
     0
  3

  2
X1TERM02
 70
     1
280
     0
  0
ATTDEF
  5
E6B7
330
E6A7
100
AcDbEntity
  8
0
100
AcDbText
 10
0.0
 20
0.28125
 30
0.0
 40
0.0125
  1

  7
WD
100
AcDbAttributeDefinition
280
     0
  3

  2
X2TERM02
 70
     1
280
     0
  0
ATTDEF
  5
E6B8
330
E6A7
100
AcDbEntity
  8
0
100
AcDbText
 10
0.28125
 20
-0.125
 30
0.0
 40
0.125
  1

 41
0.7
  7
WD
100
AcDbAttributeDefinition
280
     0
  3

  2
RATING1
 70
     0
280
     0
  0
ATTDEF
  5
E6B9
330
E6A7
100
AcDbEntity
  8
0
100
AcDbText
 10
0.28125
 20
0.03125
 30
0.0
 40
0.125
  1
CT
  7
WD
100
AcDbAttributeDefinition
280
     0
  3

  2
TAG1
 70
     0
280
     0
  0
ATTDEF
  5
E6BA
330
E6A7
100
AcDbEntity
  8
0
100
AcDbText
 10
-0.200529377727209
 20
-0.7572946681987807
 30
0.0
 40
0.125
  1

 41
0.7
  7
WD
 72
     1
 11
-0.200529377727209
 21
-0.7572946681987807
 31
0.0
100
AcDbAttributeDefinition
280
     0
  3

  2
DESC1
 70
     0
280
     0
  0
ATTDEF
  5
E6BB
330
E6A7
100
AcDbEntity
  8
0
100
AcDbText
 10
-0.200529377727209
 20
-0.9135410953523358
 30
0.0
 40
0.125
  1

 41
0.7
  7
WD
 72
     1
 11
-0.200529377727209
 21
-0.9135410953523358
 31
0.0
100
AcDbAttributeDefinition
280
     0
  3

  2
DESC2
 70
     0
280
     0
  0
ATTDEF
  5
E6BC
330
E6A7
100
AcDbEntity
  8
0
100
AcDbText
 10
-0.200529377727209
 20
-0.6010482410452259
 30
0.0
 40
0.125
  1

 41
0.7
  7
WD
 72
     1
 11
-0.200529377727209
 21
-0.6010482410452259
 31
0.0
100
AcDbAttributeDefinition
280
     0
  3

  2
LOC
 70
     0
280
     0
  0
ATTDEF
  5
E6BD
330
E6A7
100
AcDbEntity
  8
0
  6
Continuous
100
AcDbText
 10
-0.1709301751010279
 20
0.1189553503863717
 30
0.0
 40
0.01
  1

  7
WD
 72
     1
 11
-0.1709301751010279
 21
0.1189553503863717
 31
0.0
100
AcDbAttributeDefinition
280
     0
  3

  2
ASSYCODE
 70
     9
280
     0
  0
ATTDEF
  5
E6BE
330
E6A7
100
AcDbEntity
  8
0
100
AcDbText
 10
-0.1927083333333333
 20
-0.046875
 30
0.0
 40
0.125
  1
C.T.
  7
WD
 72
     1
 11
-0.046875
 21
-0.046875
 31
0.0
100
AcDbAttributeDefinition
280
     0
  3

  2
TYPE
 70
     0
280
     0
  0
ATTDEF
  5
E6BF
330
E6A7
100
AcDbEntity
  8
0
100
AcDbText
 10
-0.1958072240996325
 20
0.1906902937183689
 30
0.0
 40
0.01
  1
CT
  7
WD
100
AcDbAttributeDefinition
280
     0
  3

  2
FAMILY
 70
     9
280
     0
  0
ATTDEF
  5
E6C0
330
E6A7
100
AcDbEntity
  8
0
  6
Continuous
100
AcDbText
 10
-0.1707539581612827
 20
0.1621388778586058
 30
0.0
 40
0.01
  1

  7
WD
 72
     1
 11
-0.1707539581612827
 21
0.1621388778586058
 31
0.0
100
AcDbAttributeDefinition
280
     0
  3

  2
CAT
 70
     9
280
     0
  0
ATTDEF
  5
E6C1
330
E6A7
100
AcDbEntity
  8
0
  6
Continuous
100
AcDbText
 10
-0.1726990038012013
 20
0.1426971241511551
 30
0.0
 40
0.01
  1

  7
WD
 72
     1
 11
-0.1726990038012013
 21
0.1426971241511551
 31
0.0
100
AcDbAttributeDefinition
280
     0
  3

  2
MFG
 70
     9
280
     0
  0
ENDBLK
  5
E6C2
330
E6A7
100
AcDbEntity
  8
0
 62
     7
 48
0.2
100
AcDbBlockEnd
  0
BLOCK
  5
E6C6
330
E6C3
100
AcDbEntity
  8
0
 62
     7
 48
0.2
100
AcDbBlockBegin
  2
HFU1_1-
 70
     2
 10
0.0
 20
0.0
 30
0.0
  3
HFU1_1-
  1

  0
ATTDEF
  5
E6C7
330
E6C3
100
AcDbEntity
  8
0
100
AcDbText
 10
0.0
 20
-0.125
 30
0.0
 40
0.01
  1

  7
WD
100
AcDbAttributeDefinition
280
     0
  3

  2
X8LINK
 70
     0
280
     0
  0
ATTDEF
  5
E6C8
330
E6C3
100
AcDbEntity
  8
0
100
AcDbText
 10
0.0
 20
0.125
 30
0.0
 40
0.01
  1

  7
WD
100
AcDbAttributeDefinition
280
     0
  3

  2
X2LINK
 70
     0
280
     0
  0
ATTDEF
  5
E6C9
330
E6C3
100
AcDbEntity
  8
0
  6
Continuous
100
AcDbText
 10
0.21875
 20
0.0625
 30
0.0
 40
0.01
  1

  7
WD
 72
     1
 11
0.21875
 21
0.0625
 31
0.0
100
AcDbAttributeDefinition
280
     0
  3

  2
ASSYCODE
 70
     9
280
     0
  0
ATTDEF
  5
E6CA
330
E6C3
100
AcDbEntity
  8
0
  6
Continuous
100
AcDbText
 10
0.3125
 20
-0.156375
 30
0.0
 40
0.125
  1

  7
WD
 11
0.3125
 21
-0.031375
 31
0.0
100
AcDbAttributeDefinition
280
     0
  3

  2
TERM02
 70
     8
 74
     3
280
     0
1001
N8SOL-TLINK
1002
{
1000
2,
1002
}
  0
ATTDEF
  5
E6CB
330
E6C3
100
AcDbEntity
  8
0
100
AcDbText
 10
0.15625
 20
0.0
 30
0.0
 40
0.0125
  1

  7
WD
100
AcDbAttributeDefinition
280
     0
  3

  2
X1TERM02
 70
     1
280
     0
  0
ATTDEF
  5
E6CC
330
E6C3
100
AcDbEntity
  8
0
  6
Continuous
100
AcDbText
 10
-0.3125
 20
-0.156375
 30
0.0
 40
0.125
  1

  7
WD
 72
     2
 11
-0.3125
 21
-0.031375
 31
0.0
100
AcDbAttributeDefinition
280
     0
  3

  2
TERM01
 70
     8
 74
     3
280
     0
1001
N8SOL-TLINK
1002
{
1000
1,
1002
}
  0
ATTDEF
  5
E6CD
330
E6C3
100
AcDbEntity
  8
0
100
AcDbText
 10
-0.15625
 20
0.0
 30
0.0
 40
0.0125
  1

  7
WD
100
AcDbAttributeDefinition
280
     0
  3

  2
X4TERM01
 70
     1
280
     0
  0
ATTDEF
  5
E6CE
330
E6C3
100
AcDbEntity
  8
0
  6
Continuous
100
AcDbText
 10
0.227797819576856
 20
0.0887266596591497
 30
0.0
 40
0.01
  1

  7
WD
 72
     1
 11
0.227797819576856
 21
0.0887266596591497
 31
0.0
100
AcDbAttributeDefinition
280
     0
  3

  2
MFG
 70
     9
280
     0
  0
ATTDEF
  5
E6CF
330
E6C3
100
AcDbEntity
  8
0
  6
Continuous
100
AcDbText
 10
0.2297428652167746
 20
0.1081684133666007
 30
0.0
 40
0.01
  1

  7
WD
 72
     1
 11
0.2297428652167746
 21
0.1081684133666007
 31
0.0
100
AcDbAttributeDefinition
280
     0
  3

  2
CAT
 70
     9
280
     0
  0
ATTDEF
  5
E6D0
330
E6C3
100
AcDbEntity
  8
0
100
AcDbText
 10
0.2046895992784246
 20
0.1523448292263636
 30
0.0
 40
0.01
  1
FU
  7
WD
100
AcDbAttributeDefinition
280
     0
  3

  2
FAMILY
 70
     9
280
     0
  0
ATTDEF
  5
E6D1
330
E6C3
100
AcDbEntity
  8
0
100
AcDbText
 10
0.2516551792282662
 20
0.1282787664109031
 30
0.0
 40
0.01
  1
1-
  7
WD
 72
     2
 11
0.2649885125615995
 21
0.1282787664109031
 31
0.0
100
AcDbAttributeDefinition
280
     0
  3

  2
WDTYPE
 70
     9
280
     0
  0
ATTDEF
  5
E6D2
330
E6C3
100
AcDbEntity
  8
0
100
AcDbText
 10
-0.0019414379730698
 20
0.2949999999999502
 30
0.0
 40
0.125
  1

 41
0.85
  7
WD
 72
     1
 11
-0.0019414379730698
 21
0.2949999999999502
 31
0.0
100
AcDbAttributeDefinition
280
     0
  3

  2
LOC
 70
     0
280
     0
  0
ATTDEF
  5
E6D3
330
E6C3
100
AcDbEntity
  8
0
100
AcDbText
 10
-0.0885416666666667
 20
0.125
 30
0.0
 40
0.125
  1
FU
 41
0.85
  7
WD
 72
     1
 11
0.0
 21
0.125
 31
0.0
100
AcDbAttributeDefinition
280
     0
  3

  2
TAG1
 70
     0
280
     0
  0
ATTDEF
  5
E6D4
330
E6C3
100
AcDbEntity
  8
0
100
AcDbText
 10
-0.0019414379730698
 20
0.4668749999999502
 30
0.0
 40
0.125
  1

 41
0.85
  7
WD
 72
     1
 11
-0.0019414379730698
 21
0.4668749999999502
 31
0.0
100
AcDbAttributeDefinition
280
     0
  3

  2
INST
 70
     0
280
     0
  0
ATTDEF
  5
E6D5
330
E6C3
100
AcDbEntity
  8
0
100
AcDbText
 10
0.0
 20
-0.765625
 30
0.0
 40
0.125
  1

 41
0.85
  7
WD
 72
     1
 11
0.0
 21
-0.765625
 31
0.0
100
AcDbAttributeDefinition
280
     0
  3

  2
DESC3
 70
     0
280
     0
  0
ATTDEF
  5
E6D6
330
E6C3
100
AcDbEntity
  8
0
100
AcDbText
 10
0.0
 20
-0.421875
 30
0.0
 40
0.125
  1

 41
0.85
  7
WD
 72
     1
 11
0.0
 21
-0.421875
 31
0.0
100
AcDbAttributeDefinition
280
     0
  3

  2
DESC1
 70
     0
280
     0
  0
ATTDEF
  5
E6D7
330
E6C3
100
AcDbEntity
  8
0
100
AcDbText
 10
0.0
 20
-0.25
 30
0.0
 40
0.125
  1

 41
0.85
  7
WD
 72
     1
 11
0.0
 21
-0.25
 31
0.0
100
AcDbAttributeDefinition
280
     0
  3

  2
RATING1
 70
     0
280
     0
  0
ATTDEF
  5
E6D8
330
E6C3
100
AcDbEntity
  8
0
100
AcDbText
 10
0.0
 20
-0.59375
 30
0.0
 40
0.125
  1

 41
0.85
  7
WD
 72
     1
 11
0.0
 21
-0.59375
 31
0.0
100
AcDbAttributeDefinition
280
     0
  3

  2
DESC2
 70
     0
280
     0
  0
LWPOLYLINE
  5
E6D9
330
E6C3
100
AcDbEntity
  8
0
100
AcDbPolyline
 90
        4
 70
     1
 43
0.0125
 10
0.15625
 20
0.046875
 10
-0.15625
 20
0.046875
 10
-0.15625
 20
-0.046875
 10
0.15625
 20
-0.046875
  0
LWPOLYLINE
  5
E6DA
330
E6C3
100
AcDbEntity
  8
0
100
AcDbPolyline
 90
        2
 70
     0
 43
0.0125
 10
0.09375
 20
0.046875
 10
0.09375
 20
-0.046875
  0
LWPOLYLINE
  5
E6DB
330
E6C3
100
AcDbEntity
  8
0
100
AcDbPolyline
 90
        2
 70
     0
 43
0.0125
 10
-0.09375
 20
0.046875
 10
-0.09375
 20
-0.046875
  0
ENDBLK
  5
E6DC
330
E6C3
100
AcDbEntity
  8
0
 62
     7
 48
0.2
100
AcDbBlockEnd
  0
BLOCK
  5
EE87
330
EE86
100
AcDbEntity
  8
0
100
AcDbBlockBegin
  2
1LCT1A
 70
     0
 10
0.0
 20
0.0
 30
0.0
  3
1LCT1A
  1

  0
LINE
  5
EE88
330
EE86
100
AcDbEntity
  8
OBJ
100
AcDbLine
 10
-0.0625
 20
0.323320678844766
 30
0.0
 11
0.3125
 21
0.323320678844766
 31
0.0
  0
SOLID
  5
EE89
330
EE86
100
AcDbEntity
  8
OBJ
100
AcDbTrace
 10
0.09375
 20
0.042070678844766
 30
0.0
 11
0.09375
 21
0.104570678844766
 31
0.0
 12
0.15625
 22
0.042070678844766
 32
0.0
 13
0.15625
 23
0.104570678844766
 33
0.0
  0
LINE
  5
EE8A
330
EE86
100
AcDbEntity
  8
OBJ
100
AcDbLine
 10
-0.0625
 20
0.0746913957737903
 30
0.0
 11
0.3125
 21
0.0746913957737903
 31
0.0
  0
ARC
  5
EE8B
330
EE86
100
AcDbEntity
  8
OBJ
100
AcDbCircle
 10
-0.0625
 20
0.260820678844766
 30
0.0
 40
0.0625
100
AcDbArc
 50
90.0
 51
270.0
  0
LINE
  5
EE8C
330
EE86
100
AcDbEntity
  8
OBJ
100
AcDbLine
 10
-0.0625
 20
0.198320678844766
 30
0.0
 11
0.0625
 21
0.198320678844766
 31
0.0
  0
SOLID
  5
EE8D
330
EE86
100
AcDbEntity
  8
OBJ
100
AcDbTrace
 10
-0.03125
 20
-0.03125
 30
0.0
 11
-0.03125
 21
0.03125
 31
0.0
 12
0.03125
 22
-0.03125
 32
0.0
 13
0.03125
 23
0.03125
 33
0.0
  0
ARC
  5
EE8E
330
EE86
100
AcDbEntity
  8
OBJ
100
AcDbCircle
 10
-0.0631816007347155
 20
0.1365060373092781
 30
0.0
 40
0.0618183992652869
100
AcDbArc
 50
89.3682522162987
 51
270.6317477837013
  0
ENDBLK
  5
EE8F
330
EE86
100
AcDbEntity
  8
0
100
AcDbBlockEnd
  0
BLOCK
  5
F034
330
F033
100
AcDbEntity
  8
0
100
AcDbBlockBegin
  2
CSHEXA
 70
     0
 10
0.0
 20
0.0
 30
0.0
  3
CSHEXA
  1

  0
LINE
  5
F035
330
F033
100
AcDbEntity
  8
0
100
AcDbLine
 10
0.071875
 20
0.124491151794013
 30
0.0
 11
-0.071875
 21
0.1244911517940131
 31
0.0
  0
LINE
  5
F036
330
F033
100
AcDbEntity
  8
0
100
AcDbLine
 10
0.14375
 20
0.0
 30
0.0
 11
0.071875
 21
0.124491151794013
 31
0.0
  0
LINE
  5
F037
330
F033
100
AcDbEntity
  8
0
100
AcDbLine
 10
0.071875
 20
-0.1244911517940131
 30
0.0
 11
0.14375
 21
0.0
 31
0.0
  0
LINE
  5
F038
330
F033
100
AcDbEntity
  8
0
100
AcDbLine
 10
-0.071875
 20
-0.124491151794013
 30
0.0
 11
0.071875
 21
-0.1244911517940131
 31
0.0
  0
LINE
  5
F039
330
F033
100
AcDbEntity
  8
0
100
AcDbLine
 10
-0.14375
 20
0.0
 30
0.0
 11
-0.071875
 21
-0.124491151794013
 31
0.0
  0
LINE
  5
F03A
330
F033
100
AcDbEntity
  8
0
100
AcDbLine
 10
-0.071875
 20
0.1244911517940131
 30
0.0
 11
-0.14375
 21
0.0
 31
0.0
  0
ENDBLK
  5
F03B
330
F033
100
AcDbEntity
  8
0
100
AcDbBlockEnd
  0
BLOCK
  5
F049
330
F048
100
AcDbEntity
  8
0
100
AcDbBlockBegin
  2
WD1005
 70
     0
 10
0.0
 20
0.0
 30
0.0
  3
WD1005
  1

  0
LWPOLYLINE
  5
F04A
330
F048
100
AcDbEntity
  8
OBJ
100
AcDbPolyline
 90
        2
 70
     1
 43
0.05
 10
-0.0250000000000004
 20
0.0
 42
1.0
 10
0.0250000000000004
 20
0.0
 42
1.0
  0
ENDBLK
  5
F04B
330
F048
100
AcDbEntity
  8
0
100
AcDbBlockEnd
  0
ENDSEC
  0
SECTION
  2
ENTITIES
  0
LWPOLYLINE
  5
4C40
330
1F
100
AcDbEntity
  8
DEFPOINTS
100
AcDbPolyline
 90
        3
 70
     0
 10
9.933831855607897
 20
4.293822713392277
 40
0.0
 41
0.25
 10
10.23919406965628
 20
3.972102411409782
 40
0.25
 41
0.0
 10
10.79214718991638
 20
4.475306039475047
 40
0.0
 41
0.0
  0
LWPOLYLINE
  5
4C64
330
1F
100
AcDbEntity
  8
DEFPOINTS
100
AcDbPolyline
 90
        3
 70
     0
 10
9.933831855607897
 20
5.543822713392277
 40
0.0
 41
0.25
 10
10.23919406965628
 20
5.222102411409782
 40
0.25
 41
0.0
 10
10.79214718991638
 20
5.725306039475047
 40
0.0
 41
0.0
  0
LWPOLYLINE
  5
4C65
330
1F
100
AcDbEntity
  8
DEFPOINTS
100
AcDbPolyline
 90
        3
 70
     0
 10
9.933831855607897
 20
6.793822713392279
 40
0.0
 41
0.25
 10
10.23919406965628
 20
6.472102411409784
 40
0.25
 41
0.0
 10
10.79214718991638
 20
6.975306039475048
 40
0.0
 41
0.0
  0
LWPOLYLINE
  5
4C66
330
1F
100
AcDbEntity
  8
DEFPOINTS
100
AcDbPolyline
 90
        3
 70
     0
 10
13.39934653851686
 20
6.793822713392277
 40
0.0
 41
0.25
 10
13.70470875256525
 20
6.472102411409782
 40
0.25
 41
0.0
 10
14.25766187282535
 20
6.975306039475047
 40
0.0
 41
0.0
  0
LWPOLYLINE
  5
4C67
330
1F
100
AcDbEntity
  8
DEFPOINTS
100
AcDbPolyline
 90
        3
 70
     0
 10
13.39934653851686
 20
5.543822713392277
 40
0.0
 41
0.25
 10
13.70470875256525
 20
5.222102411409782
 40
0.25
 41
0.0
 10
14.25766187282535
 20
5.725306039475047
 40
0.0
 41
0.0
  0
LWPOLYLINE
  5
4C68
330
1F
100
AcDbEntity
  8
DEFPOINTS
100
AcDbPolyline
 90
        3
 70
     0
 10
13.39934653851686
 20
4.293822713392277
 40
0.0
 41
0.25
 10
13.70470875256525
 20
3.972102411409782
 40
0.25
 41
0.0
 10
14.25766187282535
 20
4.475306039475047
 40
0.0
 41
0.0
  0
LWPOLYLINE
  5
4C69
330
1F
100
AcDbEntity
  8
DEFPOINTS
100
AcDbPolyline
 90
        3
 70
     0
 10
9.933831855607911
 20
8.043822713392275
 40
0.0
 41
0.25
 10
10.2391940696563
 20
7.72210241140978
 40
0.25
 41
0.0
 10
10.79214718991639
 20
8.225306039475045
 40
0.0
 41
0.0
  0
LWPOLYLINE
  5
4C6A
330
1F
100
AcDbEntity
  8
DEFPOINTS
100
AcDbPolyline
 90
        3
 70
     0
 10
9.933831855607911
 20
9.293822713392277
 40
0.0
 41
0.25
 10
10.2391940696563
 20
8.972102411409782
 40
0.25
 41
0.0
 10
10.79214718991639
 20
9.475306039475047
 40
0.0
 41
0.0
  0
LWPOLYLINE
  5
4C6B
330
1F
100
AcDbEntity
  8
DEFPOINTS
100
AcDbPolyline
 90
        3
 70
     0
 10
13.39934653851688
 20
9.293822713392275
 40
0.0
 41
0.25
 10
13.70470875256526
 20
8.97210241140978
 40
0.25
 41
0.0
 10
14.25766187282536
 20
9.475306039475045
 40
0.0
 41
0.0
  0
LWPOLYLINE
  5
4C6C
330
1F
100
AcDbEntity
  8
DEFPOINTS
100
AcDbPolyline
 90
        3
 70
     0
 10
13.39934653851688
 20
8.043822713392275
 40
0.0
 41
0.25
 10
13.70470875256526
 20
7.72210241140978
 40
0.25
 41
0.0
 10
14.25766187282536
 20
8.225306039475045
 40
0.0
 41
0.0
  0
LWPOLYLINE
  5
4C8B
330
1F
100
AcDbEntity
  8
DEFPOINTS
100
AcDbPolyline
 90
        3
 70
     0
 10
16.8860570503296
 20
4.293822713392277
 40
0.0
 41
0.25
 10
17.19141926437798
 20
3.972102411409782
 40
0.25
 41
0.0
 10
17.74437238463808
 20
4.475306039475047
 40
0.0
 41
0.0
  0
LWPOLYLINE
  5
4C8C
330
1F
100
AcDbEntity
  8
DEFPOINTS
100
AcDbPolyline
 90
        3
 70
     0
 10
16.8860570503296
 20
5.543822713392277
 40
0.0
 41
0.25
 10
17.19141926437798
 20
5.222102411409782
 40
0.25
 41
0.0
 10
17.74437238463808
 20
5.725306039475047
 40
0.0
 41
0.0
  0
LWPOLYLINE
  5
4C8D
330
1F
100
AcDbEntity
  8
DEFPOINTS
100
AcDbPolyline
 90
        3
 70
     0
 10
16.8860570503296
 20
6.793822713392279
 40
0.0
 41
0.25
 10
17.19141926437798
 20
6.472102411409784
 40
0.25
 41
0.0
 10
17.74437238463808
 20
6.975306039475048
 40
0.0
 41
0.0
  0
LWPOLYLINE
  5
4C8E
330
1F
100
AcDbEntity
  8
DEFPOINTS
100
AcDbPolyline
 90
        3
 70
     0
 10
20.35157173323856
 20
6.793822713392277
 40
0.0
 41
0.25
 10
20.65693394728695
 20
6.472102411409782
 40
0.25
 41
0.0
 10
21.20988706754705
 20
6.975306039475047
 40
0.0
 41
0.0
  0
LWPOLYLINE
  5
4C8F
330
1F
100
AcDbEntity
  8
DEFPOINTS
100
AcDbPolyline
 90
        3
 70
     0
 10
20.35157173323856
 20
5.543822713392277
 40
0.0
 41
0.25
 10
20.65693394728695
 20
5.222102411409782
 40
0.25
 41
0.0
 10
21.20988706754705
 20
5.725306039475047
 40
0.0
 41
0.0
  0
LWPOLYLINE
  5
4C90
330
1F
100
AcDbEntity
  8
DEFPOINTS
100
AcDbPolyline
 90
        3
 70
     0
 10
20.35157173323856
 20
4.293822713392277
 40
0.0
 41
0.25
 10
20.65693394728695
 20
3.972102411409782
 40
0.25
 41
0.0
 10
21.20988706754705
 20
4.475306039475047
 40
0.0
 41
0.0
  0
LWPOLYLINE
  5
4C91
330
1F
100
AcDbEntity
  8
DEFPOINTS
100
AcDbPolyline
 90
        3
 70
     0
 10
16.88605705032961
 20
8.043822713392275
 40
0.0
 41
0.25
 10
17.191419264378
 20
7.72210241140978
 40
0.25
 41
0.0
 10
17.7443723846381
 20
8.225306039475045
 40
0.0
 41
0.0
  0
LWPOLYLINE
  5
4C92
330
1F
100
AcDbEntity
  8
DEFPOINTS
100
AcDbPolyline
 90
        3
 70
     0
 10
16.88605705032961
 20
9.293822713392277
 40
0.0
 41
0.25
 10
17.191419264378
 20
8.972102411409782
 40
0.25
 41
0.0
 10
17.7443723846381
 20
9.475306039475047
 40
0.0
 41
0.0
  0
LWPOLYLINE
  5
4C93
330
1F
100
AcDbEntity
  8
DEFPOINTS
100
AcDbPolyline
 90
        3
 70
     0
 10
20.35157173323858
 20
9.293822713392275
 40
0.0
 41
0.25
 10
20.65693394728697
 20
8.97210241140978
 40
0.25
 41
0.0
 10
21.20988706754706
 20
9.475306039475045
 40
0.0
 41
0.0
  0
LWPOLYLINE
  5
4C94
330
1F
100
AcDbEntity
  8
DEFPOINTS
100
AcDbPolyline
 90
        3
 70
     0
 10
20.35157173323858
 20
8.043822713392275
 40
0.0
 41
0.25
 10
20.65693394728697
 20
7.72210241140978
 40
0.25
 41
0.0
 10
21.20988706754706
 20
8.225306039475045
 40
0.0
 41
0.0
  0
LWPOLYLINE
  5
4CA4
330
1F
100
AcDbEntity
  8
DEFPOINTS
100
AcDbPolyline
 90
        3
 70
     0
 10
9.933831855607897
 20
10.54382271339228
 40
0.0
 41
0.25
 10
10.23919406965628
 20
10.22210241140978
 40
0.25
 41
0.0
 10
10.79214718991638
 20
10.72530603947505
 40
0.0
 41
0.0
  0
LWPOLYLINE
  5
4CA5
330
1F
100
AcDbEntity
  8
DEFPOINTS
100
AcDbPolyline
 90
        3
 70
     0
 10
16.86486122142582
 20
10.54382271339228
 40
0.0
 41
0.25
 10
17.1702234354742
 20
10.22210241140978
 40
0.25
 41
0.0
 10
17.7231765557343
 20
10.72530603947505
 40
0.0
 41
0.0
  0
INSERT
  5
5D48
330
1F
100
AcDbEntity
  8
0
 48
0.2
100
AcDbBlockReference
 66
     1
  2
WD_M
 10
0.0
 20
0.0
 30
0.0
  0
ATTRIB
  5
5D49
330
5D48
100
AcDbEntity
  8
0
100
AcDbText
 10
0.0786136682252767
 20
-32.89320506023586
 30
0.0
 40
0.32
  1
0.000000,0.031250,0.000000
  7
WD_IEC
100
AcDbAttribute
280
     0
  2
WNUM_GAP
 70
     1
280
     0
  0
ATTRIB
  5
5D4A
330
5D48
100
AcDbEntity
  8
0
100
AcDbText
 10
0.0786136682252767
 20
-32.29368063738266
 30
0.0
 40
0.32
  1
1
  7
WD_IEC
100
AcDbAttribute
280
     0
  2
WNUM_FLAGS
 70
     1
280
     0
  0
ATTRIB
  5
5D4B
330
5D48
100
AcDbEntity
  8
0
100
AcDbText
 10
0.0786136682252767
 20
-31.69415621452946
 30
0.0
 40
0.32
  1
0.0
  7
WD_IEC
100
AcDbAttribute
280
     0
  2
WNUM_OFFSET
 70
     1
280
     0
  0
ATTRIB
  5
5D4C
330
5D48
100
AcDbEntity
  8
0
100
AcDbText
 10
0.0786136682252767
 20
-31.09463179167626
 30
0.0
 40
0.32
  1
MC,MC,MC,MC,MC,MC,MC,MC,L,L
  7
WD_IEC
100
AcDbAttribute
280
     0
  2
XREF_TBLCOLJUST
 70
     1
280
     0
  0
ATTRIB
  5
5D4D
330
5D48
100
AcDbEntity
  8
0
100
AcDbText
 10
0.0786136682252767
 20
-30.49510736882306
 30
0.0
 40
0.32
  1
W1,T1,TYPE,T2,W2,REF,SH,SHDWGNAM,FILENAME,FULLFILENAME
  7
WD_IEC
100
AcDbAttribute
280
     0
  2
XREF_TBLFLDNAMS
 70
     1
280
     0
  0
ATTRIB
  5
5D4E
330
5D48
100
AcDbEntity
  8
0
100
AcDbText
 10
0.0786136682252767
 20
-29.89558294596985
 30
0.0
 40
0.32
  1
1,2,3,5
  7
WD_IEC
100
AcDbAttribute
280
     0
  2
XREF_TBLINDEX
 70
     1
280
     0
  0
ATTRIB
  5
5D4F
330
5D48
100
AcDbEntity
  8
0
100
AcDbText
 10
0.0786136682252767
 20
-29.29605852311666
 30
0.0
 40
0.32
  1
%T
  7
WD_IEC
100
AcDbAttribute
280
     0
  2
XREF_TBLTITLE
 70
     1
280
     0
  0
ATTRIB
  5
5D50
330
5D48
100
AcDbEntity
  8
0
100
AcDbText
 10
0.0786136682252767
 20
-28.69653410026346
 30
0.0
 40
0.32
  1
Standard
  7
WD_IEC
100
AcDbAttribute
280
     0
  2
XREF_TBLSTYLE
 70
     1
280
     0
  0
ATTRIB
  5
5D51
330
5D48
100
AcDbEntity
  8
0
100
AcDbText
 10
0.0786136682252767
 20
-28.09700967741026
 30
0.0
 40
0.32
  1
NO,NC,NONC
  7
WD_IEC
100
AcDbAttribute
280
     0
  2
XREF_CONTACTMAP
 70
     1
280
     0
  0
ATTRIB
  5
5D52
330
5D48
100
AcDbEntity
  8
0
100
AcDbText
 10
0.0786136682252767
 20
-27.49748525455706
 30
0.0
 40
0.32
  1
0
  7
WD_IEC
100
AcDbAttribute
280
     0
  2
XREF_GRAPHICSTYLE
 70
     1
280
     0
  0
ATTRIB
  5
5D53
330
5D48
100
AcDbEntity
  8
0
100
AcDbText
 10
0.0786136682252767
 20
-26.89796083170385
 30
0.0
 40
0.32
  1
1
  7
WD_IEC
100
AcDbAttribute
280
     0
  2
XREF_GRAPHIC
 70
     1
280
     0
  0
ATTRIB
  5
5D54
330
5D48
100
AcDbEntity
  8
0
100
AcDbText
 10
0.0786136682252767
 20
-26.29843640885066
 30
0.0
 40
0.32
  1
,
  7
WD_IEC
100
AcDbAttribute
280
     0
  2
XREF_TXTBTWN
 70
     1
280
     0
  0
ATTRIB
  5
5D55
330
5D48
100
AcDbEntity
  8
0
100
AcDbText
 10
0.0786136682252767
 20
-25.69891198599746
 30
0.0
 40
0.32
  1
0
  7
WD_IEC
100
AcDbAttribute
280
     0
  2
XREF_SORT
 70
     1
280
     0
  0
ATTRIB
  5
5D56
330
5D48
100
AcDbEntity
  8
0
100
AcDbText
 10
0.0786136682252767
 20
-25.09938756314426
 30
0.0
 40
0.32
  1

  7
WD_IEC
100
AcDbAttribute
280
     0
  2
XREF_FILLWITH
 70
     1
280
     0
  0
ATTRIB
  5
5D57
330
5D48
100
AcDbEntity
  8
0
100
AcDbText
 10
0.0786136682252767
 20
-24.49986314029106
 30
0.0
 40
0.32
  1
0
  7
WD_IEC
100
AcDbAttribute
280
     0
  2
XREF_UNUSEDSTYLE
 70
     1
280
     0
  0
ATTRIB
  5
5D58
330
5D48
100
AcDbEntity
  8
0
100
AcDbText
 10
0.0786136682252767
 20
-23.90033871743785
 30
0.0
 40
0.32
  1
0
  7
WD_IEC
100
AcDbAttribute
280
     0
  2
XREF_FLAGS
 70
     1
280
     0
  0
ATTRIB
  5
5D59
330
5D48
100
AcDbEntity
  8
0
100
AcDbText
 10
0.0786136682252767
 20
-23.30081429458465
 30
0.0
 40
0.32
  1
0
  7
WD_IEC
100
AcDbAttribute
280
     0
  2
XREF_STYLE
 70
     1
280
     0
  0
ATTRIB
  5
5D5A
330
5D48
100
AcDbEntity
  8
0
100
AcDbText
 10
0.0786136682252767
 20
-22.70128987173146
 30
0.0
 40
0.32
  1

  7
WD_IEC
100
AcDbAttribute
280
     0
  2
SORTMODE
 70
     1
280
     0
  0
ATTRIB
  5
5D5B
330
5D48
100
AcDbEntity
  8
0
100
AcDbText
 10
0.0786136682252767
 20
-22.10176544887826
 30
0.0
 40
0.32
  1
LOCBOX
  7
WD_IEC
100
AcDbAttribute
280
     0
  2
LOCBOX_LAY
 70
     1
280
     0
  0
ATTRIB
  5
5D5C
330
5D48
100
AcDbEntity
  8
0
100
AcDbText
 10
0.0786136682252767
 20
-21.50224102602505
 30
0.0
 40
0.32
  1
1
  7
WD_IEC
100
AcDbAttribute
280
     0
  2
FAN_INOUT_STYLE
 70
     1
280
     0
  0
ATTRIB
  5
5D5D
330
5D48
100
AcDbEntity
  8
0
100
AcDbText
 10
0.0786136682252767
 20
-20.86224102602505
 30
0.0
 40
0.32
  1
_MULTI_WIRE
  7
WD_IEC
100
AcDbAttribute
280
     0
  2
FAN_INOUT_LAYS
 70
     1
280
     0
  0
ATTRIB
  5
5D5E
330
5D48
100
AcDbEntity
  8
0
100
AcDbText
 10
0.0833236341227668
 20
-20.26211802573552
 30
0.0
 40
0.32
  1

  7
WD_IEC
100
AcDbAttribute
280
     0
  2
MISC_DATA
 70
     1
280
     0
  0
ATTRIB
  5
5D5F
330
5D48
100
AcDbEntity
  8
0
100
AcDbText
 10
0.0833236341227668
 20
-19.62211802573552
 30
0.0
 40
0.32
  1
WIREREF
  7
WD_IEC
100
AcDbAttribute
280
     0
  2
WIREREF_LAY
 70
     1
280
     0
  0
ATTRIB
  5
5D60
330
5D48
100
AcDbEntity
  8
0
100
AcDbText
 10
0.0833236341227668
 20
-17.70211802573552
 30
0.0
 40
0.32
  1

  7
WD_IEC
100
AcDbAttribute
280
     0
  2
IEC_PROJ
 70
     1
280
     0
  0
ATTRIB
  5
5D61
330
5D48
100
AcDbEntity
  8
0
100
AcDbText
 10
0.0833236341227668
 20
-18.34211802573552
 30
0.0
 40
0.32
  1

  7
WD_IEC
100
AcDbAttribute
280
     0
  2
IEC_INST
 70
     1
280
     0
  0
ATTRIB
  5
5D62
330
5D48
100
AcDbEntity
  8
0
100
AcDbText
 10
0.0833236341227668
 20
-18.98211802573552
 30
0.0
 40
0.32
  1
+A01
  7
WD_IEC
100
AcDbAttribute
280
     0
  2
IEC_LOC
 70
     1
280
     0
  0
ATTRIB
  5
5D63
330
5D48
100
AcDbEntity
  8
0
100
AcDbText
 10
0.0833236341227668
 20
-15.78211802573552
 30
0.0
 40
0.32
  1
TAGFIXED
  7
WD_IEC
100
AcDbAttribute
280
     0
  2
TAGFIXED_LAY
 70
     1
280
     0
  0
ATTRIB
  5
5D64
330
5D48
100
AcDbEntity
  8
0
100
AcDbText
 10
0.0833236341227668
 20
-16.42211802573552
 30
0.0
 40
0.32
  1
2
  7
WD_IEC
100
AcDbAttribute
280
     0
  2
GAP_STYLE
 70
     1
280
     0
  0
ATTRIB
  5
5D65
330
5D48
100
AcDbEntity
  8
0
100
AcDbText
 10
0.0833236341227668
 20
-17.06211802573552
 30
0.0
 40
0.32
  1
0
  7
WD_IEC
100
AcDbAttribute
280
     0
  2
MISC_FLAGS
 70
     1
280
     0
  0
ATTRIB
  5
5D66
330
5D48
100
AcDbEntity
  8
0
100
AcDbText
 10
0.1014265040707407
 20
-5.755254026145105
 30
0.0
 40
0.32
  1
%S-%N
  7
WD_IEC
100
AcDbAttribute
280
     0
  2
ALT_XREFFMT
 70
     1
280
     0
  0
ATTRIB
  5
5D67
330
5D48
100
AcDbEntity
  8
0
100
AcDbText
 10
0.0729983351158339
 20
-11.51862058942107
 30
0.0
 40
0.32
  1
8298+A01-051
  7
WD_IEC
100
AcDbAttribute
280
     0
  2
SHEETDWGNAME
 70
     1
280
     0
  0
ATTRIB
  5
5D68
330
5D48
100
AcDbEntity
  8
0
100
AcDbText
 10
0.0833236341227668
 20
-15.14211802573552
 30
0.0
 40
0.32
  1
SYMS
  7
WD_IEC
100
AcDbAttribute
280
     0
  2
COMP_LAY
 70
     1
280
     0
  0
ATTRIB
  5
5D69
330
5D48
100
AcDbEntity
  8
0
100
AcDbText
 10
0.0833236341227668
 20
-14.50211802573552
 30
0.0
 40
0.32
  1
LINK
  7
WD_IEC
100
AcDbAttribute
280
     0
  2
LINK_LAY
 70
     1
280
     0
  0
ATTRIB
  5
5D6A
330
5D48
100
AcDbEntity
  8
0
100
AcDbText
 10
0.0833236341227668
 20
-13.86211802573552
 30
0.0
 40
0.32
  1
1
  7
WD_IEC
100
AcDbAttribute
280
     0
  2
ARROW_STYLE
 70
     1
280
     0
  0
ATTRIB
  5
5D6B
330
5D48
100
AcDbEntity
  8
0
100
AcDbText
 10
0.0833236341227668
 20
-13.22211802573553
 30
0.0
 40
0.32
  1
1
  7
WD_IEC
100
AcDbAttribute
280
     0
  2
PLC_STYLE
 70
     1
280
     0
  0
ATTRIB
  5
5D6C
330
5D48
100
AcDbEntity
  8
0
  6
Continuous
 62
     7
100
AcDbText
 10
0.0744187148578242
 20
-0.9039147551883107
 30
0.0
 40
0.32
  1
MISC
  7
WD_IEC
100
AcDbAttribute
280
     0
  2
MISC_LAY
 70
     1
280
     0
  0
ATTRIB
  5
5D6D
330
5D48
100
AcDbEntity
  8
0
  6
Continuous
 62
     7
100
AcDbText
 10
0.0744187148578242
 20
-2.18391475518831
 30
0.0
 40
0.32
  1
DESCCHILD
  7
WD_IEC
100
AcDbAttribute
280
     0
  2
CDESC_LAY
 70
     1
280
     0
  0
ATTRIB
  5
5D6E
330
5D48
100
AcDbEntity
  8
0
  6
Continuous
 62
     7
100
AcDbText
 10
0.0744187148578242
 20
-1.60791475518831
 30
0.0
 40
0.32
  1
XREFCHILD
  7
WD_IEC
100
AcDbAttribute
280
     0
  2
CXREF_LAY
 70
     1
280
     0
  0
ATTRIB
  5
5D6F
330
5D48
100
AcDbEntity
  8
0
  6
Continuous
 62
     7
100
AcDbText
 10
0.021402616538138
 20
7.509389619574371
 30
0.0
 40
0.32
  1
0
  7
WD_IEC
100
AcDbAttribute
280
     0
  2
WLEADERS
 70
     1
280
     0
  0
ATTRIB
  5
5D70
330
5D48
100
AcDbEntity
  8
0
  6
Continuous
 62
     7
100
AcDbText
 10
0.0744187148578242
 20
-0.2639147551883108
 30
0.0
 40
0.32
  1
POS
  7
WD_IEC
100
AcDbAttribute
280
     0
  2
POS_LAY
 70
     1
280
     0
  0
ATTRIB
  5
5D71
330
5D48
100
AcDbEntity
  8
0
  6
Continuous
 62
     7
100
AcDbText
 10
0.0744187148578242
 20
0.3120852448116897
 30
0.0
 40
0.32
  1
LOC
  7
WD_IEC
100
AcDbAttribute
280
     0
  2
LOC_LAY
 70
     1
280
     0
  0
ATTRIB
  5
5D72
330
5D48
100
AcDbEntity
  8
0
  6
Continuous
 62
     7
100
AcDbText
 10
0.0197661935835356
 20
2.493811931455495
 30
0.0
 40
0.32
  1
TAGS
  7
WD_IEC
100
AcDbAttribute
280
     0
  2
TAG_LAY
 70
     1
280
     0
  0
ATTRIB
  5
5D73
330
5D48
100
AcDbEntity
  8
0
  6
Continuous
 62
     7
100
AcDbText
 10
-0.0253042797622385
 20
1.998258526600745
 30
0.0
 40
0.32
  1
XREF
  7
WD_IEC
100
AcDbAttribute
280
     0
  2
XREF_LAY
 70
     1
280
     0
  0
ATTRIB
  5
5D74
330
5D48
100
AcDbEntity
  8
0
  6
Continuous
 62
     7
100
AcDbText
 10
0.0293482415120465
 20
1.438342969730045
 30
0.0
 40
0.32
  1
DESC
  7
WD_IEC
100
AcDbAttribute
280
     0
  2
DESC_LAY
 70
     1
280
     0
  0
ATTRIB
  5
5D75
330
5D48
100
AcDbEntity
  8
0
  6
Continuous
 62
     7
100
AcDbText
 10
0.0293482415120465
 20
0.8623429697300428
 30
0.0
 40
0.32
  1
TERMS
  7
WD_IEC
100
AcDbAttribute
280
     0
  2
TERM_LAY
 70
     1
280
     0
  0
ATTRIB
  5
5D76
330
5D48
100
AcDbEntity
  8
0
  6
Continuous
 62
     7
100
AcDbText
 10
0.019766301040022
 20
4.295824232418121
 30
0.0
 40
0.32
  1
WIREFIXED
  7
WD_IEC
100
AcDbAttribute
280
     0
  2
WIREFIXED_LAY
 70
     1
280
     0
  0
ATTRIB
  5
5D77
330
5D48
100
AcDbEntity
  8
0
100
AcDbText
 10
0.0833236341227668
 20
-12.58211802573553
 30
0.0
 40
0.32
  1
1.0
  7
WD_IEC
100
AcDbAttribute
280
     0
  2
FEATURE_SCL
 70
     1
280
     0
  0
ATTRIB
  5
5D78
330
5D48
100
AcDbEntity
  8
0
100
AcDbText
 10
0.0833236341227668
 20
-12.00611802573553
 30
0.0
 40
0.32
  1
1.0
  7
WD_IEC
100
AcDbAttribute
280
     0
  2
UNIT_SCL
 70
     1
280
     0
  0
ATTRIB
  5
5D79
330
5D48
100
AcDbEntity
  8
0
  6
Continuous
 62
     7
100
AcDbText
 10
0.0648367743857996
 20
4.791377637272871
 30
0.0
 40
0.32
  1
WIRECOPY
  7
WD_IEC
100
AcDbAttribute
280
     0
  2
WIRECOPY_LAY
 70
     1
280
     0
  0
ATTRIB
  5
5D7A
330
5D48
100
AcDbEntity
  8
0
  6
Continuous
 62
     7
100
AcDbText
 10
0.0648367743857996
 20
5.386262084759143
 30
0.0
 40
0.32
  1
WIRENO
  7
WD_IEC
100
AcDbAttribute
280
     0
  2
WIRENO_LAY
 70
     1
280
     0
  0
ATTRIB
  5
5D7B
330
5D48
100
AcDbEntity
  8
0
  6
Continuous
 62
     7
100
AcDbText
 10
0.0223260389998643
 20
5.853671275639389
 30
0.0
 40
0.32
  1
RED*,BLK*,WHT*,BLU*,YEL*,GRN*,VIO*,TAN*,GRY*,WIR*,WIRES
  7
WD_IEC
100
AcDbAttribute
280
     0
  2
WIRELAYS
 70
     1
280
     0
  0
ATTRIB
  5
5D7C
330
5D48
100
AcDbEntity
  8
0
100
AcDbText
 10
0.0382530533205028
 20
9.114240284777586
 30
0.0
 40
0.32
  1
0
  7
WD_IEC
100
AcDbAttribute
280
     0
  2
DRWRUNG
 70
     1
280
     0
  0
ATTRIB
  5
5D7D
330
5D48
100
AcDbEntity
  8
0
100
AcDbText
 10
0.0382530533205028
 20
9.690240284777587
 30
0.0
 40
0.32
  1
1
  7
WD_IEC
100
AcDbAttribute
280
     0
  2
RUNGINC
 70
     1
280
     0
  0
ATTRIB
  5
5D7E
330
5D48
100
AcDbEntity
  8
0
100
AcDbText
 10
0.4116554170620966
 20
-10.42486329349138
 30
0.0
 40
0.3200000000000001
  1
-
  7
WD_IEC
100
AcDbAttribute
280
     0
  2
XY_DELIM
 70
     1
280
     0
  0
ATTRIB
  5
5D7F
330
5D48
100
AcDbEntity
  8
0
100
AcDbText
 10
0.0729983351158339
 20
-10.87862058942107
 30
0.0
 40
0.32
  1
051
  7
WD_IEC
100
AcDbAttribute
280
     0
  2
SHEET
 70
     1
280
     0
  0
ATTRIB
  5
5D80
330
5D48
100
AcDbEntity
  8
0
100
AcDbText
 10
0.4116554170620966
 20
-9.951275429328426
 30
0.0
 40
0.3200000000000001
  1
1
  7
WD_IEC
100
AcDbAttribute
280
     0
  2
HORIZ_FIRST
 70
     1
280
     0
  0
ATTRIB
  5
5D81
330
5D48
100
AcDbEntity
  8
0
100
AcDbText
 10
0.4116554170620966
 20
-9.417942095995094
 30
0.0
 40
0.3200000000000001
  1
1
  7
WD_IEC
100
AcDbAttribute
280
     0
  2
CHAR_V
 70
     1
280
     0
  0
ATTRIB
  5
5D82
330
5D48
100
AcDbEntity
  8
0
100
AcDbText
 10
0.4116554170620966
 20
-8.991275429328426
 30
0.0
 40
0.3200000000000001
  1
A
  7
WD_IEC
100
AcDbAttribute
280
     0
  2
CHAR_H
 70
     1
280
     0
  0
ATTRIB
  5
5D83
330
5D48
100
AcDbEntity
  8
0
100
AcDbText
 10
0.4116554170620966
 20
-8.457942095995095
 30
0.0
 40
0.3200000000000001
  1
2.0
  7
WD_IEC
100
AcDbAttribute
280
     0
  2
DISTV
 70
     1
280
     0
  0
ATTRIB
  5
5D84
330
5D48
100
AcDbEntity
  8
0
100
AcDbText
 10
0.4116554170620966
 20
-7.92460876266176
 30
0.0
 40
0.3200000000000001
  1
2.0
  7
WD_IEC
100
AcDbAttribute
280
     0
  2
DISTH
 70
     1
280
     0
  0
ATTRIB
  5
5D85
330
5D48
100
AcDbEntity
  8
0
100
AcDbText
 10
0.4116554170620966
 20
-7.391275429328429
 30
0.0
 40
0.3200000000000001
  1

  7
WD_IEC
100
AcDbAttribute
280
     0
  2
DATUMY
 70
     1
280
     0
  0
ATTRIB
  5
5D86
330
5D48
100
AcDbEntity
  8
0
100
AcDbText
 10
0.4116554170620966
 20
-6.857942095995092
 30
0.0
 40
0.3200000000000001
  1

  7
WD_IEC
100
AcDbAttribute
280
     0
  2
DATUMX
 70
     1
280
     0
  0
ATTRIB
  5
5D87
330
5D48
100
AcDbEntity
  8
0
100
AcDbText
 10
0.1014265040707407
 20
-6.331254026145106
 30
0.0
 40
0.32
  1
0.5
  7
WD_IEC
100
AcDbAttribute
280
     0
  2
PH3SPACE
 70
     1
280
     0
  0
ATTRIB
  5
5D88
330
5D48
100
AcDbEntity
  8
0
100
AcDbText
 10
0.1014265040707407
 20
-5.115254026145105
 30
0.0
 40
0.32
  1
%S-%N
  7
WD_IEC
100
AcDbAttribute
280
     0
  2
XREFFMT
 70
     1
280
     0
  0
ATTRIB
  5
5D89
330
5D48
100
AcDbEntity
  8
0
100
AcDbText
 10
0.1014265040707407
 20
-4.539254026145105
 30
0.0
 40
0.32
  1
1,2,3,4,5,6,7,8,9,10
  7
WD_IEC
100
AcDbAttribute
280
     0
  2
TAG-RSUF
 70
     1
280
     0
  0
ATTRIB
  5
5D8A
330
5D48
100
AcDbEntity
  8
0
100
AcDbText
 10
0.1014265040707407
 20
-3.963254026145106
 30
0.0
 40
0.32
  1
1
  7
WD_IEC
100
AcDbAttribute
280
     0
  2
TAG-START
 70
     1
280
     0
  0
ATTRIB
  5
5D8B
330
5D48
100
AcDbEntity
  8
0
100
AcDbText
 10
0.1014265040707407
 20
-3.387254026145106
 30
0.0
 40
0.32
  1
1,2,3,4,5,6,7,8,9,A,B,C,D,E,F,G
  7
WD_IEC
100
AcDbAttribute
280
     0
  2
WIRE-RSUF
 70
     1
280
     0
  0
ATTRIB
  5
5D8C
330
5D48
100
AcDbEntity
  8
0
100
AcDbText
 10
0.1014265040707407
 20
-2.811254026145105
 30
0.0
 40
0.32
  1
1
  7
WD_IEC
100
AcDbAttribute
280
     0
  2
WIRE-START
 70
     1
280
     0
  0
ATTRIB
  5
5D8D
330
5D48
100
AcDbEntity
  8
0
  6
Continuous
 62
     7
100
AcDbText
 10
0.074418822314307
 20
3.159908675547419
 30
0.0
 40
0.32
  1
%S%F%N
  7
WD_IEC
100
AcDbAttribute
280
     0
  2
TAGFMT
 70
     1
280
     0
  0
ATTRIB
  5
5D8E
330
5D48
100
AcDbEntity
  8
0
  6
Continuous
 62
     7
100
AcDbText
 10
0.074418822314307
 20
3.73590867554742
 30
0.0
 40
0.32
  1
R
  7
WD_IEC
100
AcDbAttribute
280
     0
  2
TAGMODE
 70
     1
280
     0
  0
ATTRIB
  5
5D8F
330
5D48
100
AcDbEntity
  8
0
  6
Continuous
 62
     7
100
AcDbText
 10
0.0
 20
6.333459772770912
 30
0.0
 40
0.32
  1
%S%N
  7
WD_IEC
100
AcDbAttribute
280
     0
  2
WIREFMT
 70
     1
280
     0
  0
ATTRIB
  5
5D90
330
5D48
100
AcDbEntity
  8
0
  6
Continuous
 62
     7
100
AcDbText
 10
0.0214025408591034
 20
6.900432208615941
 30
0.0
 40
0.32
  1
R
  7
WD_IEC
100
AcDbAttribute
280
     0
  2
WIREMODE
 70
     1
280
     0
  0
ATTRIB
  5
5D91
330
5D48
100
AcDbEntity
  8
0
  6
Continuous
 62
     7
100
AcDbText
 10
-0.0103395168602272
 20
8.048763166778249
 30
0.0
 40
0.32
  1
1
  7
WD_IEC
100
AcDbAttribute
280
     0
  2
WINC
 70
     1
280
     0
  0
ATTRIB
  5
5D92
330
5D48
100
AcDbEntity
  8
0
  6
Continuous
 62
     7
100
AcDbText
 10
-0.0103395925392631
 20
8.594123915643249
 30
0.0
 40
0.32
  1
4.5
  7
WD_IEC
100
AcDbAttribute
280
     0
  2
DLADW
 70
     1
280
     0
  0
ATTRIB
  5
5D93
330
5D48
100
AcDbEntity
  8
0
  6
Continuous
 62
     7
100
AcDbText
 10
0.0214025408591034
 20
10.19630105159733
 30
0.0
 40
0.32
  1
0.75
  7
WD_IEC
100
AcDbAttribute
280
     0
  2
RUNGDIST
 70
     1
280
     0
  0
ATTRIB
  5
5D94
330
5D48
100
AcDbEntity
  8
0
  6
Continuous
 62
     7
100
AcDbText
 10
0.0214025408591034
 20
10.66150323408018
 30
0.0
 40
0.32
  1
1
  7
WD_IEC
100
AcDbAttribute
280
     0
  2
REFNUMS
 70
     1
280
     0
  0
ATTRIB
  5
5D95
330
5D48
100
AcDbEntity
  8
0
  6
Continuous
 62
     7
100
AcDbText
 10
0.0214025408591034
 20
11.23750323408018
 30
0.0
 40
0.32
  1
H
  7
WD_IEC
100
AcDbAttribute
280
     0
  2
RUNGHORV
 70
     1
280
     0
  0
SEQEND
  5
5D96
330
5D48
100
AcDbEntity
  8
0
 48
0.2
  0
LINE
  5
6697
330
1F
100
AcDbEntity
  8
INFORBORDER
 62
     5
100
AcDbLine
 10
0.0
 20
2.5
 30
0.0
 11
34.00000000000001
 21
2.500000000000001
 31
0.0
  0
LINE
  5
6698
330
1F
100
AcDbEntity
  8
INFORBORDER
 62
    51
100
AcDbLine
 10
10.75
 20
2.5
 30
0.0
 11
10.75
 21
0.0
 31
0.0
  0
LINE
  5
6699
330
1F
100
AcDbEntity
  8
INFORBORDER
 62
     5
100
AcDbLine
 10
10.0
 20
0.0
 30
0.0
 11
10.0
 21
2.5
 31
0.0
  0
LINE
  5
669A
330
1F
100
AcDbEntity
  8
INFORBORDER
 62
    51
100
AcDbLine
 10
12.25
 20
2.5
 30
0.0
 11
12.25
 21
0.0
 31
0.0
  0
TEXT
  5
669B
330
1F
100
AcDbEntity
  8
INFORBORDER
 62
    51
100
AcDbText
 10
27.25703125
 20
2.190234375000001
 30
0.0
 40
0.123046875
  1
TITLE:
  7
TITLEBLK
100
AcDbText
  0
LINE
  5
669D
330
1F
100
AcDbEntity
  8
INFORBORDER
 62
     5
100
AcDbLine
 10
20.243359375
 20
0.0
 30
0.0
 11
20.243359375
 21
2.5
 31
0.0
  0
LINE
  5
669E
330
1F
100
AcDbEntity
  8
INFORBORDER
 62
    51
100
AcDbLine
 10
18.125
 20
2.5
 30
0.0
 11
18.125
 21
0.0
 31
0.0
  0
LINE
  5
669F
330
1F
100
AcDbEntity
  8
INFORBORDER
 62
    51
100
AcDbLine
 10
17.0625
 20
2.5
 30
0.0
 11
17.0625
 21
0.0
 31
0.0
  0
LINE
  5
66A0
330
1F
100
AcDbEntity
  8
INFORBORDER
 62
     5
100
AcDbLine
 10
27.133984375
 20
0.0
 30
0.0
 11
27.133984375
 21
2.5
 31
0.0
  0
LINE
  5
66A1
330
1F
100
AcDbEntity
  8
INFORBORDER
 62
    51
100
AcDbLine
 10
10.0
 20
0.75
 30
0.0
 11
20.243359375
 21
0.75
 31
0.0
  0
LINE
  5
66A2
330
1F
100
AcDbEntity
  8
INFORBORDER
 62
   240
100
AcDbLine
 10
10.0
 20
0.4988281250000015
 30
0.0
 11
20.243359375
 21
0.4988281250000015
 31
0.0
  0
TEXT
  5
66A3
330
1F
100
AcDbEntity
  8
INFORBORDER
 62
    51
100
AcDbText
 10
27.25703125
 20
0.8732927931617357
 30
0.0
 40
0.123046875
  1
ENGINEER:
  7
TITLEBLK
100
AcDbText
  0
TEXT
  5
66A4
330
1F
100
AcDbEntity
  8
INFORBORDER
 62
    51
100
AcDbText
 10
27.25703125
 20
0.5069531250000008
 30
0.0
 40
0.123046875
  1
USED ON:
  7
TITLEBLK
100
AcDbText
  0
LINE
  5
66A5
330
1F
100
AcDbEntity
  8
INFORBORDER
 62
   240
100
AcDbLine
 10
34.0
 20
0.753046875000001
 30
0.0
 11
27.133984375
 21
0.753046875000001
 31
0.0
  0
LINE
  5
66A6
330
1F
100
AcDbEntity
  8
INFORBORDER
 62
   240
100
AcDbLine
 10
34.0
 20
1.122187500000001
 30
0.0
 11
27.133984375
 21
1.122187500000001
 31
0.0
  0
LINE
  5
66A7
330
1F
100
AcDbEntity
  8
INFORBORDER
 62
     5
100
AcDbLine
 10
20.243359375
 20
1.253515625
 30
0.0
 11
27.133984375
 21
1.253515625
 31
0.0
  0
LINE
  5
66A8
330
1F
100
AcDbEntity
  8
INFORBORDER
 62
   240
100
AcDbLine
 10
33.237109375
 20
0.753046875000001
 30
0.0
 11
33.237109375
 21
0.0
 31
0.0
  0
LINE
  5
66A9
330
1F
100
AcDbEntity
  8
INFORBORDER
 62
   240
100
AcDbLine
 10
30.75
 20
0.753046875000001
 30
0.0
 11
30.75
 21
0.0
 31
0.0
  0
TEXT
  5
66AA
330
1F
100
AcDbEntity
  8
INFORBORDER
 62
    51
100
AcDbText
 10
31.13290544724299
 20
0.5069531250000008
 30
0.0
 40
0.123046875
  1
DRAWING NO:
  7
TITLEBLK
100
AcDbText
  0
TEXT
  5
66AB
330
1F
100
AcDbEntity
  8
INFORBORDER
 62
    51
100
AcDbText
 10
33.36015625
 20
0.5069531250000008
 30
0.0
 40
0.123046875
  1
REV:
  7
TITLEBLK
100
AcDbText
  0
TEXT
  5
66AC
330
1F
100
AcDbEntity
  8
INFORBORDER
 62
    51
100
AcDbText
 10
33.12154553178732
 20
0.875161376665858
 30
0.0
 40
0.123046875
  1
OF
  7
TITLEBLK
100
AcDbText
  0
TEXT
  5
66AD
330
1F
100
AcDbEntity
  8
INFORBORDER
 62
    51
100
AcDbText
 10
32.09604019237105
 20
0.875161376665858
 30
0.0
 40
0.123046875
  1
SHT.
  7
TITLEBLK
100
AcDbText
  0
LINE
  5
66AE
330
1F
100
AcDbEntity
  8
INFORBORDER
 62
   240
100
AcDbLine
 10
31.957421875
 20
1.122187500000001
 30
0.0
 11
31.957421875
 21
0.753046875000001
 31
0.0
  0
TEXT
  5
66AF
330
1F
100
AcDbEntity
  8
INFORBORDER
 62
    51
100
AcDbText
 10
30.0521543461396
 20
0.8730601383539246
 30
0.0
 40
0.123046875
  1
SCALE:
  7
TITLEBLK
100
AcDbText
  0
LINE
  5
66B0
330
1F
100
AcDbEntity
  8
INFORBORDER
 62
   240
100
AcDbLine
 10
29.89023437499999
 20
1.122187500000001
 30
0.0
 11
29.89023437499999
 21
0.753046875000001
 31
0.0
  0
TEXT
  5
66B3
330
1F
100
AcDbEntity
  8
INFORBORDER
 62
    51
100
AcDbText
 10
11.16071428571428
 20
0.15625
 30
0.0
 40
0.1875
  1
DATE
  7
TITLEBLK
 72
     4
 11
11.5
 21
0.25
 31
0.0
100
AcDbText
  0
TEXT
  5
66B4
330
1F
100
AcDbEntity
  8
INFORBORDER
 62
    51
100
AcDbText
 10
10.10267857142857
 20
0.15625
 30
0.0
 40
0.1875
  1
REV
  7
TITLEBLK
 72
     4
 11
10.375
 21
0.25
 31
0.0
100
AcDbText
  0
TEXT
  5
66B5
330
1F
100
AcDbEntity
  8
INFORBORDER
 62
    51
100
AcDbText
 10
13.55357142857143
 20
0.15625
 30
0.0
 40
0.1875
  1
REVISION NOTE
  7
TITLEBLK
 72
     4
 11
14.625
 21
0.25
 31
0.0
100
AcDbText
  0
TEXT
  5
66B6
330
1F
100
AcDbEntity
  8
INFORBORDER
 62
    51
100
AcDbText
 10
19.36607142857143
 20
0.15625
 30
0.0
 40
0.1875
  1
APPR
  7
TITLEBLK
 72
     4
 11
19.71875
 21
0.25
 31
0.0
100
AcDbText
  0
TEXT
  5
66B7
330
1F
100
AcDbEntity
  8
INFORBORDER
 62
    51
100
AcDbText
 10
18.27678571428571
 20
0.15625
 30
0.0
 40
0.1875
  1
CHKD
  7
TITLEBLK
 72
     4
 11
18.65625
 21
0.25
 31
0.0
100
AcDbText
  0
TEXT
  5
66B8
330
1F
100
AcDbEntity
  8
INFORBORDER
 62
    51
100
AcDbText
 10
17.12053571428571
 20
0.15625
 30
0.0
 40
0.1875
  1
DRAWN
  7
TITLEBLK
 72
     4
 11
17.59375
 21
0.25
 31
0.0
100
AcDbText
  0
TEXT
  5
66D6
330
1F
100
AcDbEntity
  8
TEXT2
 62
     7
100
AcDbText
 10
4.513392857142857
 20
2.15625
 30
0.0
 40
0.1875
  1
NOTES:
 72
     4
 11
5.0
 21
2.25
 31
0.0
100
AcDbText
  0
INSERT
  5
6734
330
1F
100
AcDbEntity
  8
ASHADE
 62
     1
100
AcDbBlockReference
  2
AVE_RENDER
 10
16.60424893030451
 20
13.23491810367441
 30
0.0
 41
0.04166667
 42
0.04166667
 43
0.037500003
1001
AVE_RENDER
1002
{
1070
     2
1000
Pref
1070
    30
1070
    20
1070
     0
1070
     0
1000

1070
    10
1070
     0
1070
    30
1040
1.0
1070
     1
1040
0.3
1040
0.7
1040
0.0
1040
10.0
1010
-1.0
1020
-1.0
1030
-1.0
1040
0.3
1070
    49
1002
}
  0
INSERT
  5
6735
330
1F
100
AcDbEntity
  8
ASHADE
 62
     3
100
AcDbBlockReference
  2
AVE_RENDER
 10
16.60424893030451
 20
13.23491810367441
 30
0.0
 41
0.04166667
 42
0.04166667
 43
0.037500003
1001
AVE_RENDER
1002
{
1070
     0
1000
Full Opt
1070
     0
1070
     1
1070
     1
1070
     1
1070
     0
1070
     0
1070
     0
1070
     1
1070
     1
1040
0.0001
1040
0.0001
1002
}
  0
INSERT
  5
6736
330
1F
100
AcDbEntity
  8
ASHADE
 62
     4
100
AcDbBlockReference
  2
AVE_RENDER
 10
16.60424893030451
 20
13.23491810367441
 30
0.0
 41
0.04166667
 42
0.04166667
 43
0.037500003
1001
AVE_RENDER
1002
{
1070
     0
1000
Quick Opt
1070
     0
1070
     1
1070
     1
1070
     1
1070
     0
1070
     0
1070
     1
1002
}
  0
INSERT
  5
677B
330
1F
100
AcDbEntity
  8
ASHADE
 62
     1
100
AcDbBlockReference
  2
AVE_RENDER
 10
16.89303438624355
 20
13.49257710654071
 30
0.0
 41
0.04166667
 42
0.04166667
 43
0.037500003
1001
AVE_RENDER
1002
{
1070
     2
1000
Pref
1070
    30
1070
    20
1070
     0
1070
     0
1000

1070
    10
1070
     0
1070
    30
1040
1.0
1070
     1
1040
0.3
1040
0.7
1040
0.0
1040
10.0
1010
-1.0
1020
-1.0
1030
-1.0
1040
0.3
1070
    49
1002
}
  0
INSERT
  5
677C
330
1F
100
AcDbEntity
  8
ASHADE
 62
     3
100
AcDbBlockReference
  2
AVE_RENDER
 10
16.89303438624355
 20
13.49257710654071
 30
0.0
 41
0.04166667
 42
0.04166667
 43
0.037500003
1001
AVE_RENDER
1002
{
1070
     0
1000
Full Opt
1070
     0
1070
     1
1070
     1
1070
     1
1070
     0
1070
     0
1070
     0
1070
     1
1070
     1
1040
0.0001
1040
0.0001
1002
}
  0
INSERT
  5
677D
330
1F
100
AcDbEntity
  8
ASHADE
 62
     4
100
AcDbBlockReference
  2
AVE_RENDER
 10
16.89303438624355
 20
13.49257710654071
 30
0.0
 41
0.04166667
 42
0.04166667
 43
0.037500003
1001
AVE_RENDER
1002
{
1070
     0
1000
Quick Opt
1070
     0
1070
     1
1070
     1
1070
     1
1070
     0
1070
     0
1070
     1
1002
}
  0
INSERT
  5
6791
330
1F
100
AcDbEntity
  8
ASHADE
 62
     1
100
AcDbBlockReference
  2
AVE_RENDER
 10
83.48438560164035
 20
11.21773447489806
 30
0.0
 43
0.9
1001
AVE_RENDER
1002
{
1070
     2
1000
Pref
1070
    30
1070
    20
1070
     0
1070
     0
1000

1070
    10
1070
     0
1070
    30
1040
1.0
1070
     1
1040
0.3
1040
0.7
1040
0.0
1040
10.0
1010
-1.0
1020
-1.0
1030
-1.0
1040
0.3
1070
    49
1002
}
  0
INSERT
  5
6792
330
1F
100
AcDbEntity
  8
ASHADE
 62
     3
100
AcDbBlockReference
  2
AVE_RENDER
 10
83.48438560164035
 20
11.21773447489806
 30
0.0
 43
0.9
1001
AVE_RENDER
1002
{
1070
     0
1000
Full Opt
1070
     0
1070
     1
1070
     1
1070
     1
1070
     0
1070
     0
1070
     0
1070
     1
1070
     1
1040
0.0001
1040
0.0001
1002
}
  0
INSERT
  5
6793
330
1F
100
AcDbEntity
  8
ASHADE
 62
     4
100
AcDbBlockReference
  2
AVE_RENDER
 10
83.48438560164035
 20
11.21773447489806
 30
0.0
 43
0.9
1001
AVE_RENDER
1002
{
1070
     0
1000
Quick Opt
1070
     0
1070
     1
1070
     1
1070
     1
1070
     0
1070
     0
1070
     1
1002
}
  0
INSERT
  5
67CB
330
1F
100
AcDbEntity
  8
ASHADE
 62
     1
100
AcDbBlockReference
  2
AVE_RENDER
 10
32.90198466947602
 20
24.82470720209454
 30
0.0
 41
0.04166667
 42
0.04166667
 43
0.037500003
1001
AVE_RENDER
1002
{
1070
     2
1000
Pref
1070
    30
1070
    20
1070
     0
1070
     0
1000

1070
    10
1070
     0
1070
    30
1040
1.0
1070
     1
1040
0.3
1040
0.7
1040
0.0
1040
10.0
1010
-1.0
1020
-1.0
1030
-1.0
1040
0.3
1070
    49
1002
}
  0
INSERT
  5
67CC
330
1F
100
AcDbEntity
  8
ASHADE
 62
     3
100
AcDbBlockReference
  2
AVE_RENDER
 10
32.90198466947602
 20
24.82470720209454
 30
0.0
 41
0.04166667
 42
0.04166667
 43
0.037500003
1001
AVE_RENDER
1002
{
1070
     0
1000
Full Opt
1070
     0
1070
     1
1070
     1
1070
     1
1070
     0
1070
     0
1070
     0
1070
     1
1070
     1
1040
0.0001
1040
0.0001
1002
}
  0
INSERT
  5
67CD
330
1F
100
AcDbEntity
  8
ASHADE
 62
     4
100
AcDbBlockReference
  2
AVE_RENDER
 10
32.90198466947602
 20
24.82470720209454
 30
0.0
 41
0.04166667
 42
0.04166667
 43
0.037500003
1001
AVE_RENDER
1002
{
1070
     0
1000
Quick Opt
1070
     0
1070
     1
1070
     1
1070
     1
1070
     0
1070
     0
1070
     1
1002
}
  0
INSERT
  5
6812
330
1F
100
AcDbEntity
  8
ASHADE
 62
     1
100
AcDbBlockReference
  2
AVE_RENDER
 10
33.19077012541505
 20
25.08236620496083
 30
0.0
 41
0.04166667
 42
0.04166667
 43
0.037500003
1001
AVE_RENDER
1002
{
1070
     2
1000
Pref
1070
    30
1070
    20
1070
     0
1070
     0
1000

1070
    10
1070
     0
1070
    30
1040
1.0
1070
     1
1040
0.3
1040
0.7
1040
0.0
1040
10.0
1010
-1.0
1020
-1.0
1030
-1.0
1040
0.3
1070
    49
1002
}
  0
INSERT
  5
6813
330
1F
100
AcDbEntity
  8
ASHADE
 62
     3
100
AcDbBlockReference
  2
AVE_RENDER
 10
33.19077012541505
 20
25.08236620496083
 30
0.0
 41
0.04166667
 42
0.04166667
 43
0.037500003
1001
AVE_RENDER
1002
{
1070
     0
1000
Full Opt
1070
     0
1070
     1
1070
     1
1070
     1
1070
     0
1070
     0
1070
     0
1070
     1
1070
     1
1040
0.0001
1040
0.0001
1002
}
  0
INSERT
  5
6814
330
1F
100
AcDbEntity
  8
ASHADE
 62
     4
100
AcDbBlockReference
  2
AVE_RENDER
 10
33.19077012541505
 20
25.08236620496083
 30
0.0
 41
0.04166667
 42
0.04166667
 43
0.037500003
1001
AVE_RENDER
1002
{
1070
     0
1000
Quick Opt
1070
     0
1070
     1
1070
     1
1070
     1
1070
     0
1070
     0
1070
     1
1002
}
  0
INSERT
  5
68E0
330
1F
100
AcDbEntity
  8
0
 62
     7
100
AcDbBlockReference
  2
SSPC
 10
42.94271945224325
 20
26.81719318197566
 30
0.0
 41
0.04166667
 42
0.04166667
 43
0.037500003
  0
INSERT
  5
68E1
330
1F
100
AcDbEntity
  8
0
 62
     7
100
AcDbBlockReference
  2
SSPC
 10
42.93918012290632
 20
26.81542351730719
 30
0.0
 41
0.04166667
 42
0.04166667
 43
0.037500003
  0
INSERT
  5
68E2
330
1F
100
AcDbEntity
  8
0
 62
     7
100
AcDbBlockReference
  2
SSPC
 10
42.6082528299029
 20
26.77295156526397
 30
0.0
 41
0.04166667
 42
0.04166667
 43
0.037500003
  0
INSERT
  5
68E3
330
1F
100
AcDbEntity
  8
0
 62
     7
100
AcDbBlockReference
  2
SSLT
 10
42.66134276995692
 20
27.15696879832141
 30
0.0
 41
0.04166667
 42
0.04166667
 43
0.037500003
  0
INSERT
  5
68F7
330
1F
100
AcDbEntity
  8
0
 62
     7
100
AcDbBlockReference
  2
SSPC
 10
43.08959446399325
 20
26.94427652547565
 30
0.0
 41
0.04166667
 42
0.04166667
 43
0.037500003
  0
INSERT
  5
68F8
330
1F
100
AcDbEntity
  8
0
 62
     7
100
AcDbBlockReference
  2
SSPC
 10
43.08605513465631
 20
26.94250686080719
 30
0.0
 41
0.04166667
 42
0.04166667
 43
0.037500003
  0
INSERT
  5
68F9
330
1F
100
AcDbEntity
  8
0
 62
     7
100
AcDbBlockReference
  2
SSPC
 10
42.7551278416529
 20
26.90003490876397
 30
0.0
 41
0.04166667
 42
0.04166667
 43
0.037500003
  0
INSERT
  5
68FA
330
1F
100
AcDbEntity
  8
0
 62
     7
100
AcDbBlockReference
  2
SSLT
 10
42.80821778170692
 20
27.28405214182141
 30
0.0
 41
0.04166667
 42
0.04166667
 43
0.037500003
  0
INSERT
  5
6935
330
1F
100
AcDbEntity
  8
0
 62
     7
100
AcDbBlockReference
  2
SSPC
 10
43.08959446399325
 20
26.94427652547565
 30
0.0
 41
0.04166667
 42
0.04166667
 43
0.037500003
  0
INSERT
  5
6936
330
1F
100
AcDbEntity
  8
0
 62
     7
100
AcDbBlockReference
  2
SSPC
 10
43.08605513465631
 20
26.94250686080719
 30
0.0
 41
0.04166667
 42
0.04166667
 43
0.037500003
  0
INSERT
  5
6937
330
1F
100
AcDbEntity
  8
0
 62
     7
100
AcDbBlockReference
  2
SSPC
 10
42.7551278416529
 20
26.90003490876397
 30
0.0
 41
0.04166667
 42
0.04166667
 43
0.037500003
  0
INSERT
  5
6938
330
1F
100
AcDbEntity
  8
0
 62
     7
100
AcDbBlockReference
  2
SSLT
 10
42.80821778170692
 20
27.28405214182141
 30
0.0
 41
0.04166667
 42
0.04166667
 43
0.037500003
  0
INSERT
  5
6974
330
1F
100
AcDbEntity
  8
0
 62
     7
100
AcDbBlockReference
  2
SSPC
 10
43.03230279274325
 20
26.87917235360066
 30
0.0
 41
0.04166667
 42
0.04166667
 43
0.037500003
  0
INSERT
  5
6975
330
1F
100
AcDbEntity
  8
0
 62
     7
100
AcDbBlockReference
  2
SSPC
 10
43.02876346340632
 20
26.87740268893219
 30
0.0
 41
0.04166667
 42
0.04166667
 43
0.037500003
  0
INSERT
  5
6976
330
1F
100
AcDbEntity
  8
0
 62
     7
100
AcDbBlockReference
  2
SSPC
 10
42.6978361704029
 20
26.83493073688897
 30
0.0
 41
0.04166667
 42
0.04166667
 43
0.037500003
  0
INSERT
  5
6977
330
1F
100
AcDbEntity
  8
0
 62
     7
100
AcDbBlockReference
  2
SSLT
 10
42.75092611045692
 20
27.21894796994641
 30
0.0
 41
0.04166667
 42
0.04166667
 43
0.037500003
  0
INSERT
  5
69B2
330
1F
100
AcDbEntity
  8
0
 62
     7
100
AcDbBlockReference
  2
SSPC
 10
43.03230279274325
 20
26.87917235360066
 30
0.0
 41
0.04166667
 42
0.04166667
 43
0.037500003
  0
INSERT
  5
69B3
330
1F
100
AcDbEntity
  8
0
 62
     7
100
AcDbBlockReference
  2
SSPC
 10
43.02876346340632
 20
26.87740268893219
 30
0.0
 41
0.04166667
 42
0.04166667
 43
0.037500003
  0
INSERT
  5
69B4
330
1F
100
AcDbEntity
  8
0
 62
     7
100
AcDbBlockReference
  2
SSPC
 10
42.6978361704029
 20
26.83493073688897
 30
0.0
 41
0.04166667
 42
0.04166667
 43
0.037500003
  0
INSERT
  5
69B5
330
1F
100
AcDbEntity
  8
0
 62
     7
100
AcDbBlockReference
  2
SSLT
 10
42.75092611045692
 20
27.21894796994641
 30
0.0
 41
0.04166667
 42
0.04166667
 43
0.037500003
  0
INSERT
  5
69F0
330
1F
100
AcDbEntity
  8
0
 62
     7
100
AcDbBlockReference
  2
SSPC
 10
43.03230279274325
 20
26.87917235360066
 30
0.0
 41
0.04166667
 42
0.04166667
 43
0.037500003
  0
INSERT
  5
69F1
330
1F
100
AcDbEntity
  8
0
 62
     7
100
AcDbBlockReference
  2
SSPC
 10
43.02876346340632
 20
26.87740268893219
 30
0.0
 41
0.04166667
 42
0.04166667
 43
0.037500003
  0
INSERT
  5
69F2
330
1F
100
AcDbEntity
  8
0
 62
     7
100
AcDbBlockReference
  2
SSPC
 10
42.6978361704029
 20
26.83493073688897
 30
0.0
 41
0.04166667
 42
0.04166667
 43
0.037500003
  0
INSERT
  5
69F3
330
1F
100
AcDbEntity
  8
0
 62
     7
100
AcDbBlockReference
  2
SSLT
 10
42.75092611045692
 20
27.21894796994641
 30
0.0
 41
0.04166667
 42
0.04166667
 43
0.037500003
  0
INSERT
  5
6A2E
330
1F
100
AcDbEntity
  8
0
 62
     7
100
AcDbBlockReference
  2
SSPC
 10
43.09146869627496
 20
26.73884730292677
 30
0.0
 41
0.0312500025
 42
0.0312500025
 43
0.02812500225
  0
INSERT
  5
6A2F
330
1F
100
AcDbEntity
  8
0
 62
     7
100
AcDbBlockReference
  2
SSPC
 10
43.08881419927225
 20
26.73752005442542
 30
0.0
 41
0.0312500025
 42
0.0312500025
 43
0.02812500225
  0
INSERT
  5
6A30
330
1F
100
AcDbEntity
  8
0
 62
     7
100
AcDbBlockReference
  2
SSPC
 10
42.84061872951968
 20
26.70566609039301
 30
0.0
 41
0.0312500025
 42
0.0312500025
 43
0.02812500225
  0
INSERT
  5
6A31
330
1F
100
AcDbEntity
  8
0
 62
     7
100
AcDbBlockReference
  2
SSLT
 10
42.88043618456021
 20
26.99367901518609
 30
0.0
 41
0.0312500025
 42
0.0312500025
 43
0.02812500225
  0
INSERT
  5
6A6C
330
1F
100
AcDbEntity
  8
0
 62
     7
100
AcDbBlockReference
  2
SSPC
 10
43.09146869627496
 20
26.73884730292677
 30
0.0
 41
0.0312500025
 42
0.0312500025
 43
0.02812500225
  0
INSERT
  5
6A6D
330
1F
100
AcDbEntity
  8
0
 62
     7
100
AcDbBlockReference
  2
SSPC
 10
43.08881419927225
 20
26.73752005442542
 30
0.0
 41
0.0312500025
 42
0.0312500025
 43
0.02812500225
  0
INSERT
  5
6A6E
330
1F
100
AcDbEntity
  8
0
 62
     7
100
AcDbBlockReference
  2
SSPC
 10
42.84061872951968
 20
26.70566609039301
 30
0.0
 41
0.0312500025
 42
0.0312500025
 43
0.02812500225
  0
INSERT
  5
6A6F
330
1F
100
AcDbEntity
  8
0
 62
     7
100
AcDbBlockReference
  2
SSLT
 10
42.88043618456021
 20
26.99367901518609
 30
0.0
 41
0.0312500025
 42
0.0312500025
 43
0.02812500225
  0
INSERT
  5
6AAA
330
1F
100
AcDbEntity
  8
0
 62
     7
100
AcDbBlockReference
  2
SSPC
 10
43.24990069346889
 20
26.69938395065722
 30
0.0
 41
0.0270833355
 42
0.0270833355
 43
0.02437500195
  0
INSERT
  5
6AAB
330
1F
100
AcDbEntity
  8
0
 62
     7
100
AcDbBlockReference
  2
SSPC
 10
43.24760012939989
 20
26.69823366862272
 30
0.0
 41
0.0270833355
 42
0.0270833355
 43
0.02437500195
  0
INSERT
  5
6AAC
330
1F
100
AcDbEntity
  8
0
 62
     7
100
AcDbBlockReference
  2
SSPC
 10
43.03249738894766
 20
26.67062689979462
 30
0.0
 41
0.0270833355
 42
0.0270833355
 43
0.02437500195
  0
INSERT
  5
6AAD
330
1F
100
AcDbEntity
  8
0
 62
     7
100
AcDbBlockReference
  2
SSLT
 10
43.06700584998277
 20
26.92023810128196
 30
0.0
 41
0.0270833355
 42
0.0270833355
 43
0.02437500195
  0
INSERT
  5
6AE8
330
1F
100
AcDbEntity
  8
0
 62
     7
100
AcDbBlockReference
  2
SSPC
 10
43.24990069346889
 20
26.69938395065722
 30
0.0
 41
0.0270833355
 42
0.0270833355
 43
0.02437500195
  0
INSERT
  5
6AE9
330
1F
100
AcDbEntity
  8
0
 62
     7
100
AcDbBlockReference
  2
SSPC
 10
43.24760012939989
 20
26.69823366862272
 30
0.0
 41
0.0270833355
 42
0.0270833355
 43
0.02437500195
  0
INSERT
  5
6AEA
330
1F
100
AcDbEntity
  8
0
 62
     7
100
AcDbBlockReference
  2
SSPC
 10
43.03249738894766
 20
26.67062689979462
 30
0.0
 41
0.0270833355
 42
0.0270833355
 43
0.02437500195
  0
INSERT
  5
6AEB
330
1F
100
AcDbEntity
  8
0
 62
     7
100
AcDbBlockReference
  2
SSLT
 10
43.06700584998277
 20
26.92023810128196
 30
0.0
 41
0.0270833355
 42
0.0270833355
 43
0.02437500195
  0
INSERT
  5
6B26
330
1F
100
AcDbEntity
  8
0
 62
     7
100
AcDbBlockReference
  2
SSPC
 10
43.08959446399325
 20
26.94427652547565
 30
0.0
 41
0.04166667
 42
0.04166667
 43
0.037500003
  0
INSERT
  5
6B27
330
1F
100
AcDbEntity
  8
0
 62
     7
100
AcDbBlockReference
  2
SSPC
 10
43.08605513465631
 20
26.94250686080719
 30
0.0
 41
0.04166667
 42
0.04166667
 43
0.037500003
  0
INSERT
  5
6B28
330
1F
100
AcDbEntity
  8
0
 62
     7
100
AcDbBlockReference
  2
SSPC
 10
42.7551278416529
 20
26.90003490876397
 30
0.0
 41
0.04166667
 42
0.04166667
 43
0.037500003
  0
INSERT
  5
6B29
330
1F
100
AcDbEntity
  8
0
 62
     7
100
AcDbBlockReference
  2
SSLT
 10
42.80821778170692
 20
27.28405214182141
 30
0.0
 41
0.04166667
 42
0.04166667
 43
0.037500003
  0
INSERT
  5
6B64
330
1F
100
AcDbEntity
  8
0
 62
     7
100
AcDbBlockReference
  2
SSPC
 10
43.08959446399325
 20
26.94427652547565
 30
0.0
 41
0.04166667
 42
0.04166667
 43
0.037500003
  0
INSERT
  5
6B65
330
1F
100
AcDbEntity
  8
0
 62
     7
100
AcDbBlockReference
  2
SSPC
 10
43.08605513465631
 20
26.94250686080719
 30
0.0
 41
0.04166667
 42
0.04166667
 43
0.037500003
  0
INSERT
  5
6B66
330
1F
100
AcDbEntity
  8
0
 62
     7
100
AcDbBlockReference
  2
SSPC
 10
42.7551278416529
 20
26.90003490876397
 30
0.0
 41
0.04166667
 42
0.04166667
 43
0.037500003
  0
INSERT
  5
6B67
330
1F
100
AcDbEntity
  8
0
 62
     7
100
AcDbBlockReference
  2
SSLT
 10
42.80821778170692
 20
27.28405214182141
 30
0.0
 41
0.04166667
 42
0.04166667
 43
0.037500003
  0
INSERT
  5
6BA7
330
1F
100
AcDbEntity
  8
ASHADE
 62
     1
100
AcDbBlockReference
  2
AVE_RENDER
 10
82.77553052445698
 20
11.21773446330468
 30
0.0
 43
0.9
1001
AVE_RENDER
1002
{
1070
     2
1000
Pref
1070
    30
1070
    20
1070
     0
1070
     0
1000

1070
    10
1070
     0
1070
    30
1040
1.0
1070
     1
1040
0.3
1040
0.7
1040
0.0
1040
10.0
1010
-1.0
1020
-1.0
1030
-1.0
1040
0.3
1070
    49
1002
}
  0
INSERT
  5
6BA8
330
1F
100
AcDbEntity
  8
ASHADE
 62
     3
100
AcDbBlockReference
  2
AVE_RENDER
 10
82.77553052445698
 20
11.21773446330468
 30
0.0
 43
0.9
1001
AVE_RENDER
1002
{
1070
     0
1000
Full Opt
1070
     0
1070
     1
1070
     1
1070
     1
1070
     0
1070
     0
1070
     0
1070
     1
1070
     1
1040
0.0001
1040
0.0001
1002
}
  0
INSERT
  5
6BA9
330
1F
100
AcDbEntity
  8
ASHADE
 62
     4
100
AcDbBlockReference
  2
AVE_RENDER
 10
82.77553052445698
 20
11.21773446330468
 30
0.0
 43
0.9
1001
AVE_RENDER
1002
{
1070
     0
1000
Quick Opt
1070
     0
1070
     1
1070
     1
1070
     1
1070
     0
1070
     0
1070
     1
1002
}
  0
INSERT
  5
6BE1
330
1F
100
AcDbEntity
  8
ASHADE
 62
     1
100
AcDbBlockReference
  2
AVE_RENDER
 10
59.01192933194256
 20
13.56738942251303
 30
0.0
 41
0.04166667
 42
0.04166667
 43
0.037500003
1001
AVE_RENDER
1002
{
1070
     2
1000
Pref
1070
    30
1070
    20
1070
     0
1070
     0
1000

1070
    10
1070
     0
1070
    30
1040
1.0
1070
     1
1040
0.3
1040
0.7
1040
0.0
1040
10.0
1010
-1.0
1020
-1.0
1030
-1.0
1040
0.3
1070
    49
1002
}
  0
INSERT
  5
6BE2
330
1F
100
AcDbEntity
  8
ASHADE
 62
     3
100
AcDbBlockReference
  2
AVE_RENDER
 10
59.01192933194256
 20
13.56738942251303
 30
0.0
 41
0.04166667
 42
0.04166667
 43
0.037500003
1001
AVE_RENDER
1002
{
1070
     0
1000
Full Opt
1070
     0
1070
     1
1070
     1
1070
     1
1070
     0
1070
     0
1070
     0
1070
     1
1070
     1
1040
0.0001
1040
0.0001
1002
}
  0
INSERT
  5
6BE3
330
1F
100
AcDbEntity
  8
ASHADE
 62
     4
100
AcDbBlockReference
  2
AVE_RENDER
 10
59.01192933194256
 20
13.56738942251303
 30
0.0
 41
0.04166667
 42
0.04166667
 43
0.037500003
1001
AVE_RENDER
1002
{
1070
     0
1000
Quick Opt
1070
     0
1070
     1
1070
     1
1070
     1
1070
     0
1070
     0
1070
     1
1002
}
  0
INSERT
  5
6C28
330
1F
100
AcDbEntity
  8
ASHADE
 62
     1
100
AcDbBlockReference
  2
AVE_RENDER
 10
59.3007147878816
 20
13.82504842537933
 30
0.0
 41
0.04166667
 42
0.04166667
 43
0.037500003
1001
AVE_RENDER
1002
{
1070
     2
1000
Pref
1070
    30
1070
    20
1070
     0
1070
     0
1000

1070
    10
1070
     0
1070
    30
1040
1.0
1070
     1
1040
0.3
1040
0.7
1040
0.0
1040
10.0
1010
-1.0
1020
-1.0
1030
-1.0
1040
0.3
1070
    49
1002
}
  0
INSERT
  5
6C29
330
1F
100
AcDbEntity
  8
ASHADE
 62
     3
100
AcDbBlockReference
  2
AVE_RENDER
 10
59.3007147878816
 20
13.82504842537933
 30
0.0
 41
0.04166667
 42
0.04166667
 43
0.037500003
1001
AVE_RENDER
1002
{
1070
     0
1000
Full Opt
1070
     0
1070
     1
1070
     1
1070
     1
1070
     0
1070
     0
1070
     0
1070
     1
1070
     1
1040
0.0001
1040
0.0001
1002
}
  0
INSERT
  5
6C2A
330
1F
100
AcDbEntity
  8
ASHADE
 62
     4
100
AcDbBlockReference
  2
AVE_RENDER
 10
59.3007147878816
 20
13.82504842537933
 30
0.0
 41
0.04166667
 42
0.04166667
 43
0.037500003
1001
AVE_RENDER
1002
{
1070
     0
1000
Quick Opt
1070
     0
1070
     1
1070
     1
1070
     1
1070
     0
1070
     0
1070
     1
1002
}
  0
INSERT
  5
6C3E
330
1F
100
AcDbEntity
  8
ASHADE
 62
     1
100
AcDbBlockReference
  2
AVE_RENDER
 10
125.8920660032784
 20
11.55020579373668
 30
0.0
 43
0.9
1001
AVE_RENDER
1002
{
1070
     2
1000
Pref
1070
    30
1070
    20
1070
     0
1070
     0
1000

1070
    10
1070
     0
1070
    30
1040
1.0
1070
     1
1040
0.3
1040
0.7
1040
0.0
1040
10.0
1010
-1.0
1020
-1.0
1030
-1.0
1040
0.3
1070
    49
1002
}
  0
INSERT
  5
6C3F
330
1F
100
AcDbEntity
  8
ASHADE
 62
     3
100
AcDbBlockReference
  2
AVE_RENDER
 10
125.8920660032784
 20
11.55020579373668
 30
0.0
 43
0.9
1001
AVE_RENDER
1002
{
1070
     0
1000
Full Opt
1070
     0
1070
     1
1070
     1
1070
     1
1070
     0
1070
     0
1070
     0
1070
     1
1070
     1
1040
0.0001
1040
0.0001
1002
}
  0
INSERT
  5
6C40
330
1F
100
AcDbEntity
  8
ASHADE
 62
     4
100
AcDbBlockReference
  2
AVE_RENDER
 10
125.8920660032784
 20
11.55020579373668
 30
0.0
 43
0.9
1001
AVE_RENDER
1002
{
1070
     0
1000
Quick Opt
1070
     0
1070
     1
1070
     1
1070
     1
1070
     0
1070
     0
1070
     1
1002
}
  0
INSERT
  5
6C78
330
1F
100
AcDbEntity
  8
ASHADE
 62
     1
100
AcDbBlockReference
  2
AVE_RENDER
 10
75.30966507111407
 20
25.15717852093315
 30
0.0
 41
0.04166667
 42
0.04166667
 43
0.037500003
1001
AVE_RENDER
1002
{
1070
     2
1000
Pref
1070
    30
1070
    20
1070
     0
1070
     0
1000

1070
    10
1070
     0
1070
    30
1040
1.0
1070
     1
1040
0.3
1040
0.7
1040
0.0
1040
10.0
1010
-1.0
1020
-1.0
1030
-1.0
1040
0.3
1070
    49
1002
}
  0
INSERT
  5
6C79
330
1F
100
AcDbEntity
  8
ASHADE
 62
     3
100
AcDbBlockReference
  2
AVE_RENDER
 10
75.30966507111407
 20
25.15717852093315
 30
0.0
 41
0.04166667
 42
0.04166667
 43
0.037500003
1001
AVE_RENDER
1002
{
1070
     0
1000
Full Opt
1070
     0
1070
     1
1070
     1
1070
     1
1070
     0
1070
     0
1070
     0
1070
     1
1070
     1
1040
0.0001
1040
0.0001
1002
}
  0
INSERT
  5
6C7A
330
1F
100
AcDbEntity
  8
ASHADE
 62
     4
100
AcDbBlockReference
  2
AVE_RENDER
 10
75.30966507111407
 20
25.15717852093315
 30
0.0
 41
0.04166667
 42
0.04166667
 43
0.037500003
1001
AVE_RENDER
1002
{
1070
     0
1000
Quick Opt
1070
     0
1070
     1
1070
     1
1070
     1
1070
     0
1070
     0
1070
     1
1002
}
  0
INSERT
  5
6CBF
330
1F
100
AcDbEntity
  8
ASHADE
 62
     1
100
AcDbBlockReference
  2
AVE_RENDER
 10
75.5984505270531
 20
25.41483752379946
 30
0.0
 41
0.04166667
 42
0.04166667
 43
0.037500003
1001
AVE_RENDER
1002
{
1070
     2
1000
Pref
1070
    30
1070
    20
1070
     0
1070
     0
1000

1070
    10
1070
     0
1070
    30
1040
1.0
1070
     1
1040
0.3
1040
0.7
1040
0.0
1040
10.0
1010
-1.0
1020
-1.0
1030
-1.0
1040
0.3
1070
    49
1002
}
  0
INSERT
  5
6CC0
330
1F
100
AcDbEntity
  8
ASHADE
 62
     3
100
AcDbBlockReference
  2
AVE_RENDER
 10
75.5984505270531
 20
25.41483752379946
 30
0.0
 41
0.04166667
 42
0.04166667
 43
0.037500003
1001
AVE_RENDER
1002
{
1070
     0
1000
Full Opt
1070
     0
1070
     1
1070
     1
1070
     1
1070
     0
1070
     0
1070
     0
1070
     1
1070
     1
1040
0.0001
1040
0.0001
1002
}
  0
INSERT
  5
6CC1
330
1F
100
AcDbEntity
  8
ASHADE
 62
     4
100
AcDbBlockReference
  2
AVE_RENDER
 10
75.5984505270531
 20
25.41483752379946
 30
0.0
 41
0.04166667
 42
0.04166667
 43
0.037500003
1001
AVE_RENDER
1002
{
1070
     0
1000
Quick Opt
1070
     0
1070
     1
1070
     1
1070
     1
1070
     0
1070
     0
1070
     1
1002
}
  0
INSERT
  5
6D8D
330
1F
100
AcDbEntity
  8
0
 62
     7
100
AcDbBlockReference
  2
SSPC
 10
85.35039985388129
 20
27.14966450081428
 30
0.0
 41
0.04166667
 42
0.04166667
 43
0.037500003
  0
INSERT
  5
6D8E
330
1F
100
AcDbEntity
  8
0
 62
     7
100
AcDbBlockReference
  2
SSPC
 10
85.34686052454437
 20
27.14789483614581
 30
0.0
 41
0.04166667
 42
0.04166667
 43
0.037500003
  0
INSERT
  5
6D8F
330
1F
100
AcDbEntity
  8
0
 62
     7
100
AcDbBlockReference
  2
SSPC
 10
85.01593323154095
 20
27.10542288410259
 30
0.0
 41
0.04166667
 42
0.04166667
 43
0.037500003
  0
INSERT
  5
6D90
330
1F
100
AcDbEntity
  8
0
 62
     7
100
AcDbBlockReference
  2
SSLT
 10
85.06902317159497
 20
27.48944011716003
 30
0.0
 41
0.04166667
 42
0.04166667
 43
0.037500003
  0
INSERT
  5
6DA4
330
1F
100
AcDbEntity
  8
0
 62
     7
100
AcDbBlockReference
  2
SSPC
 10
85.4972748656313
 20
27.27674784431428
 30
0.0
 41
0.04166667
 42
0.04166667
 43
0.037500003
  0
INSERT
  5
6DA5
330
1F
100
AcDbEntity
  8
0
 62
     7
100
AcDbBlockReference
  2
SSPC
 10
85.49373553629436
 20
27.27497817964581
 30
0.0
 41
0.04166667
 42
0.04166667
 43
0.037500003
  0
INSERT
  5
6DA6
330
1F
100
AcDbEntity
  8
0
 62
     7
100
AcDbBlockReference
  2
SSPC
 10
85.16280824329095
 20
27.23250622760259
 30
0.0
 41
0.04166667
 42
0.04166667
 43
0.037500003
  0
INSERT
  5
6DA7
330
1F
100
AcDbEntity
  8
0
 62
     7
100
AcDbBlockReference
  2
SSLT
 10
85.21589818334497
 20
27.61652346066004
 30
0.0
 41
0.04166667
 42
0.04166667
 43
0.037500003
  0
INSERT
  5
6DE2
330
1F
100
AcDbEntity
  8
0
 62
     7
100
AcDbBlockReference
  2
SSPC
 10
85.4972748656313
 20
27.27674784431428
 30
0.0
 41
0.04166667
 42
0.04166667
 43
0.037500003
  0
INSERT
  5
6DE3
330
1F
100
AcDbEntity
  8
0
 62
     7
100
AcDbBlockReference
  2
SSPC
 10
85.49373553629436
 20
27.27497817964581
 30
0.0
 41
0.04166667
 42
0.04166667
 43
0.037500003
  0
INSERT
  5
6DE4
330
1F
100
AcDbEntity
  8
0
 62
     7
100
AcDbBlockReference
  2
SSPC
 10
85.16280824329095
 20
27.23250622760259
 30
0.0
 41
0.04166667
 42
0.04166667
 43
0.037500003
  0
INSERT
  5
6DE5
330
1F
100
AcDbEntity
  8
0
 62
     7
100
AcDbBlockReference
  2
SSLT
 10
85.21589818334497
 20
27.61652346066004
 30
0.0
 41
0.04166667
 42
0.04166667
 43
0.037500003
  0
INSERT
  5
6E21
330
1F
100
AcDbEntity
  8
0
 62
     7
100
AcDbBlockReference
  2
SSPC
 10
85.43998319438129
 20
27.21164367243928
 30
0.0
 41
0.04166667
 42
0.04166667
 43
0.037500003
  0
INSERT
  5
6E22
330
1F
100
AcDbEntity
  8
0
 62
     7
100
AcDbBlockReference
  2
SSPC
 10
85.43644386504437
 20
27.20987400777081
 30
0.0
 41
0.04166667
 42
0.04166667
 43
0.037500003
  0
INSERT
  5
6E23
330
1F
100
AcDbEntity
  8
0
 62
     7
100
AcDbBlockReference
  2
SSPC
 10
85.10551657204095
 20
27.16740205572759
 30
0.0
 41
0.04166667
 42
0.04166667
 43
0.037500003
  0
INSERT
  5
6E24
330
1F
100
AcDbEntity
  8
0
 62
     7
100
AcDbBlockReference
  2
SSLT
 10
85.15860651209498
 20
27.55141928878503
 30
0.0
 41
0.04166667
 42
0.04166667
 43
0.037500003
  0
INSERT
  5
6E5F
330
1F
100
AcDbEntity
  8
0
 62
     7
100
AcDbBlockReference
  2
SSPC
 10
85.43998319438129
 20
27.21164367243928
 30
0.0
 41
0.04166667
 42
0.04166667
 43
0.037500003
  0
INSERT
  5
6E60
330
1F
100
AcDbEntity
  8
0
 62
     7
100
AcDbBlockReference
  2
SSPC
 10
85.43644386504437
 20
27.20987400777081
 30
0.0
 41
0.04166667
 42
0.04166667
 43
0.037500003
  0
INSERT
  5
6E61
330
1F
100
AcDbEntity
  8
0
 62
     7
100
AcDbBlockReference
  2
SSPC
 10
85.10551657204095
 20
27.16740205572759
 30
0.0
 41
0.04166667
 42
0.04166667
 43
0.037500003
  0
INSERT
  5
6E62
330
1F
100
AcDbEntity
  8
0
 62
     7
100
AcDbBlockReference
  2
SSLT
 10
85.15860651209498
 20
27.55141928878503
 30
0.0
 41
0.04166667
 42
0.04166667
 43
0.037500003
  0
INSERT
  5
6E9D
330
1F
100
AcDbEntity
  8
0
 62
     7
100
AcDbBlockReference
  2
SSPC
 10
85.43998319438129
 20
27.21164367243928
 30
0.0
 41
0.04166667
 42
0.04166667
 43
0.037500003
  0
INSERT
  5
6E9E
330
1F
100
AcDbEntity
  8
0
 62
     7
100
AcDbBlockReference
  2
SSPC
 10
85.43644386504437
 20
27.20987400777081
 30
0.0
 41
0.04166667
 42
0.04166667
 43
0.037500003
  0
INSERT
  5
6E9F
330
1F
100
AcDbEntity
  8
0
 62
     7
100
AcDbBlockReference
  2
SSPC
 10
85.10551657204095
 20
27.16740205572759
 30
0.0
 41
0.04166667
 42
0.04166667
 43
0.037500003
  0
INSERT
  5
6EA0
330
1F
100
AcDbEntity
  8
0
 62
     7
100
AcDbBlockReference
  2
SSLT
 10
85.15860651209498
 20
27.55141928878503
 30
0.0
 41
0.04166667
 42
0.04166667
 43
0.037500003
  0
INSERT
  5
6EDB
330
1F
100
AcDbEntity
  8
0
 62
     7
100
AcDbBlockReference
  2
SSPC
 10
85.49914909791301
 20
27.0713186217654
 30
0.0
 41
0.0312500025
 42
0.0312500025
 43
0.02812500225
  0
INSERT
  5
6EDC
330
1F
100
AcDbEntity
  8
0
 62
     7
100
AcDbBlockReference
  2
SSPC
 10
85.4964946009103
 20
27.06999137326405
 30
0.0
 41
0.0312500025
 42
0.0312500025
 43
0.02812500225
  0
INSERT
  5
6EDD
330
1F
100
AcDbEntity
  8
0
 62
     7
100
AcDbBlockReference
  2
SSPC
 10
85.24829913115773
 20
27.03813740923163
 30
0.0
 41
0.0312500025
 42
0.0312500025
 43
0.02812500225
  0
INSERT
  5
6EDE
330
1F
100
AcDbEntity
  8
0
 62
     7
100
AcDbBlockReference
  2
SSLT
 10
85.28811658619828
 20
27.32615033402471
 30
0.0
 41
0.0312500025
 42
0.0312500025
 43
0.02812500225
  0
INSERT
  5
6F19
330
1F
100
AcDbEntity
  8
0
 62
     7
100
AcDbBlockReference
  2
SSPC
 10
85.49914909791301
 20
27.0713186217654
 30
0.0
 41
0.0312500025
 42
0.0312500025
 43
0.02812500225
  0
INSERT
  5
6F1A
330
1F
100
AcDbEntity
  8
0
 62
     7
100
AcDbBlockReference
  2
SSPC
 10
85.4964946009103
 20
27.06999137326405
 30
0.0
 41
0.0312500025
 42
0.0312500025
 43
0.02812500225
  0
INSERT
  5
6F1B
330
1F
100
AcDbEntity
  8
0
 62
     7
100
AcDbBlockReference
  2
SSPC
 10
85.24829913115773
 20
27.03813740923163
 30
0.0
 41
0.0312500025
 42
0.0312500025
 43
0.02812500225
  0
INSERT
  5
6F1C
330
1F
100
AcDbEntity
  8
0
 62
     7
100
AcDbBlockReference
  2
SSLT
 10
85.28811658619828
 20
27.32615033402471
 30
0.0
 41
0.0312500025
 42
0.0312500025
 43
0.02812500225
  0
INSERT
  5
6F57
330
1F
100
AcDbEntity
  8
0
 62
     7
100
AcDbBlockReference
  2
SSPC
 10
85.65758109510694
 20
27.03185526949584
 30
0.0
 41
0.0270833355
 42
0.0270833355
 43
0.02437500195
  0
INSERT
  5
6F58
330
1F
100
AcDbEntity
  8
0
 62
     7
100
AcDbBlockReference
  2
SSPC
 10
85.65528053103793
 20
27.03070498746134
 30
0.0
 41
0.0270833355
 42
0.0270833355
 43
0.02437500195
  0
INSERT
  5
6F59
330
1F
100
AcDbEntity
  8
0
 62
     7
100
AcDbBlockReference
  2
SSPC
 10
85.4401777905857
 20
27.00309821863325
 30
0.0
 41
0.0270833355
 42
0.0270833355
 43
0.02437500195
  0
INSERT
  5
6F5A
330
1F
100
AcDbEntity
  8
0
 62
     7
100
AcDbBlockReference
  2
SSLT
 10
85.47468625162082
 20
27.25270942012058
 30
0.0
 41
0.0270833355
 42
0.0270833355
 43
0.02437500195
  0
INSERT
  5
6F95
330
1F
100
AcDbEntity
  8
0
 62
     7
100
AcDbBlockReference
  2
SSPC
 10
85.65758109510694
 20
27.03185526949584
 30
0.0
 41
0.0270833355
 42
0.0270833355
 43
0.02437500195
  0
INSERT
  5
6F96
330
1F
100
AcDbEntity
  8
0
 62
     7
100
AcDbBlockReference
  2
SSPC
 10
85.65528053103793
 20
27.03070498746134
 30
0.0
 41
0.0270833355
 42
0.0270833355
 43
0.02437500195
  0
INSERT
  5
6F97
330
1F
100
AcDbEntity
  8
0
 62
     7
100
AcDbBlockReference
  2
SSPC
 10
85.4401777905857
 20
27.00309821863325
 30
0.0
 41
0.0270833355
 42
0.0270833355
 43
0.02437500195
  0
INSERT
  5
6F98
330
1F
100
AcDbEntity
  8
0
 62
     7
100
AcDbBlockReference
  2
SSLT
 10
85.47468625162082
 20
27.25270942012058
 30
0.0
 41
0.0270833355
 42
0.0270833355
 43
0.02437500195
  0
INSERT
  5
6FD3
330
1F
100
AcDbEntity
  8
0
 62
     7
100
AcDbBlockReference
  2
SSPC
 10
85.4972748656313
 20
27.27674784431428
 30
0.0
 41
0.04166667
 42
0.04166667
 43
0.037500003
  0
INSERT
  5
6FD4
330
1F
100
AcDbEntity
  8
0
 62
     7
100
AcDbBlockReference
  2
SSPC
 10
85.49373553629436
 20
27.27497817964581
 30
0.0
 41
0.04166667
 42
0.04166667
 43
0.037500003
  0
INSERT
  5
6FD5
330
1F
100
AcDbEntity
  8
0
 62
     7
100
AcDbBlockReference
  2
SSPC
 10
85.16280824329095
 20
27.23250622760259
 30
0.0
 41
0.04166667
 42
0.04166667
 43
0.037500003
  0
INSERT
  5
6FD6
330
1F
100
AcDbEntity
  8
0
 62
     7
100
AcDbBlockReference
  2
SSLT
 10
85.21589818334497
 20
27.61652346066004
 30
0.0
 41
0.04166667
 42
0.04166667
 43
0.037500003
  0
INSERT
  5
7011
330
1F
100
AcDbEntity
  8
0
 62
     7
100
AcDbBlockReference
  2
SSPC
 10
85.4972748656313
 20
27.27674784431428
 30
0.0
 41
0.04166667
 42
0.04166667
 43
0.037500003
  0
INSERT
  5
7012
330
1F
100
AcDbEntity
  8
0
 62
     7
100
AcDbBlockReference
  2
SSPC
 10
85.49373553629436
 20
27.27497817964581
 30
0.0
 41
0.04166667
 42
0.04166667
 43
0.037500003
  0
INSERT
  5
7013
330
1F
100
AcDbEntity
  8
0
 62
     7
100
AcDbBlockReference
  2
SSPC
 10
85.16280824329095
 20
27.23250622760259
 30
0.0
 41
0.04166667
 42
0.04166667
 43
0.037500003
  0
INSERT
  5
7014
330
1F
100
AcDbEntity
  8
0
 62
     7
100
AcDbBlockReference
  2
SSLT
 10
85.21589818334497
 20
27.61652346066004
 30
0.0
 41
0.04166667
 42
0.04166667
 43
0.037500003
  0
INSERT
  5
7054
330
1F
100
AcDbEntity
  8
ASHADE
 62
     1
100
AcDbBlockReference
  2
AVE_RENDER
 10
125.183210926095
 20
11.55020578214331
 30
0.0
 43
0.9
1001
AVE_RENDER
1002
{
1070
     2
1000
Pref
1070
    30
1070
    20
1070
     0
1070
     0
1000

1070
    10
1070
     0
1070
    30
1040
1.0
1070
     1
1040
0.3
1040
0.7
1040
0.0
1040
10.0
1010
-1.0
1020
-1.0
1030
-1.0
1040
0.3
1070
    49
1002
}
  0
INSERT
  5
7055
330
1F
100
AcDbEntity
  8
ASHADE
 62
     3
100
AcDbBlockReference
  2
AVE_RENDER
 10
125.183210926095
 20
11.55020578214331
 30
0.0
 43
0.9
1001
AVE_RENDER
1002
{
1070
     0
1000
Full Opt
1070
     0
1070
     1
1070
     1
1070
     1
1070
     0
1070
     0
1070
     0
1070
     1
1070
     1
1040
0.0001
1040
0.0001
1002
}
  0
INSERT
  5
7056
330
1F
100
AcDbEntity
  8
ASHADE
 62
     4
100
AcDbBlockReference
  2
AVE_RENDER
 10
125.183210926095
 20
11.55020578214331
 30
0.0
 43
0.9
1001
AVE_RENDER
1002
{
1070
     0
1000
Quick Opt
1070
     0
1070
     1
1070
     1
1070
     1
1070
     0
1070
     0
1070
     1
1002
}
  0
TEXT
  5
7057
330
1F
100
AcDbEntity
  8
TEXT2
100
AcDbText
 10
22.4312228434375
 20
1.009007379486838
 30
0.0
 40
0.1236404531249999
  1
PROPRIETARY INFORMATION
  7
TITLEBLK
 72
     4
 11
23.6911779371875
 21
1.070827606049338
 31
0.0
100
AcDbText
  0
TEXT
  5
7058
330
1F
100
AcDbEntity
  8
TEXT2
100
AcDbText
 10
20.36524974812501
 20
0.7591678228811479
 30
0.0
 40
0.0989123625
  1
This document contains Industrial Oilfield & Marine Components proprietary and confidential
 41
0.9250493096646945
  7
TITLEBLK
 72
     5
 11
26.99237803562501
 21
0.7591678228811479
 31
0.0
100
AcDbText
  0
TEXT
  5
7059
330
1F
100
AcDbEntity
  8
TEXT2
100
AcDbText
 10
20.36524974812501
 20
0.5990239978811492
 30
0.0
 40
0.0989123625
  1
information. It is transmitted to the recipient for limited purposes only, and remains the
 41
0.9474747474747463
  7
TITLEBLK
 72
     5
 11
26.99237803562501
 21
0.5990239978811492
 31
0.0
100
AcDbText
  0
TEXT
  5
705A
330
1F
100
AcDbEntity
  8
TEXT2
100
AcDbText
 10
20.36524974812501
 20
0.4388801728811496
 30
0.0
 40
0.0989123625
  1
property of Industrial Oilfield & Marine Components. It may not be reproduced, in whole or in
 41
0.8933333333333321
  7
TITLEBLK
 72
     5
 11
26.99237803562501
 21
0.4388801728811496
 31
0.0
100
AcDbText
  0
TEXT
  5
705B
330
1F
100
AcDbEntity
  8
TEXT2
100
AcDbText
 10
20.36524974812501
 20
0.27873634788115
 30
0.0
 40
0.0989123625
  1
part, without the written consent of Industrial Oilfield & Marine Components and must not be disclosed
 41
0.8128249566724425
  7
TITLEBLK
 72
     5
 11
26.99237803562501
 21
0.27873634788115
 31
0.0
100
AcDbText
  0
TEXT
  5
705C
330
1F
100
AcDbEntity
  8
TEXT2
100
AcDbText
 10
20.36524974812501
 20
0.1185925228811504
 30
0.0
 40
0.0989123625
  1
to persons not having need of such disclosure consistent with the purpose of the transmittal.
 41
0.891070297656743
  7
TITLEBLK
 72
     5
 11
26.99237803562501
 21
0.1185925228811504
 31
0.0
100
AcDbText
  0
TEXT
  5
705D
330
1F
100
AcDbEntity
  8
0
 62
     7
100
AcDbText
 10
22.13551262290408
 20
2.045561425423582
 30
0.0
 40
0.3125000249999998
  1
IOM
  7
LOGO
 72
     1
 11
22.557686087783
 21
2.201811437923582
 31
0.0
100
AcDbText
 73
     2
  0
TEXT
  5
705E
330
1F
100
AcDbEntity
  8
0
 62
     7
100
AcDbText
 10
23.02249257107939
 20
2.033061424423582
 30
0.0
 40
0.3125000249999998
  1
COMPONENTS
  7
LOGO
 72
     1
 11
24.58893625028301
 21
2.189311436923582
 31
0.0
100
AcDbText
 73
     2
  0
TEXT
  5
705F
330
1F
100
AcDbEntity
  8
0
 62
     7
100
AcDbText
 10
22.143308268679
 20
1.78914569351435
 30
0.0
 40
0.1487227311568695
  1
906 South Persimmon Street, Tomball, TX.  77375
  7
IDS
100
AcDbText
  0
TEXT
  5
7060
330
1F
100
AcDbEntity
  8
0
 62
     7
100
AcDbText
 10
22.14209089298059
 20
1.563738275547862
 30
0.0
 40
0.1487227311568695
  1
(713) 266-1900 (Office)
  7
IDS
100
AcDbText
  0
TEXT
  5
7061
330
1F
100
AcDbEntity
  8
0
 62
     7
100
AcDbText
 10
22.1513226586936
 20
1.359242973907419
 30
0.0
 40
0.1487227311568695
  1
www.iomcomponents.com
  7
IDS
100
AcDbText
  0
INSERT
  5
70F5
330
1F
100
AcDbEntity
  8
0
 48
0.2
100
AcDbBlockReference
 66
     1
  2
TITLE
 10
27.133984375
 20
2.436328125
 30
0.0
  0
ATTRIB
  5
70F6
330
70F5
100
AcDbEntity
  8
TEXT
100
AcDbText
 10
27.90302734375
 20
2.065234374999999
 30
0.0
 40
0.14765625
  1
BLACK BAYOU ENERGY HUB GAS STORAGE, LOUSIANA
 41
0.875
  7
TITLEBLK
 72
     4
 11
30.5669921875
 21
2.125
 31
0.0
100
AcDbAttribute
280
     0
  2
LINE1
 70
     0
280
     0
  0
ATTRIB
  5
70F7
330
70F5
100
AcDbEntity
  8
TEXT
100
AcDbText
 10
30.5669921875
 20
1.875
 30
0.0
 40
0.14765625
  1

  7
TITLEBLK
 72
     4
 11
30.5669921875
 21
1.875
 31
0.0
100
AcDbAttribute
280
     0
  2
LINE2
 70
     0
280
     0
  0
ATTRIB
  5
70F8
330
70F5
100
AcDbEntity
  8
TEXT
100
AcDbText
 10
30.5669921875
 20
1.625
 30
0.0
 40
0.14765625
  1

  7
TITLEBLK
 72
     4
 11
30.5669921875
 21
1.625
 31
0.0
100
AcDbAttribute
280
     0
  2
LINE3
 70
     0
280
     0
  0
ATTRIB
  5
70F9
330
70F5
100
AcDbEntity
  8
TEXT
100
AcDbText
 10
29.3541015625
 20
1.301171874999999
 30
0.0
 40
0.14765625
  1
SINGLE LINE DIAGRAM
  7
TITLEBLK
 72
     4
 11
30.5669921875
 21
1.375
 31
0.0
100
AcDbAttribute
280
     0
  2
LINE4
 70
     0
280
     0
  0
ATTRIB
  5
70FA
330
70F5
100
AcDbEntity
  8
TEXT
100
AcDbText
 10
28.19940945020864
 20
0.8618061278285949
 30
0.0
 40
0.14765625
  1
ZAKI H. MOHAMMED
 41
0.725
  7
TITLEBLK
 72
     4
 11
29.00229030958364
 21
0.9356342528285949
 31
0.0
100
AcDbAttribute
280
     0
  2
ENG
 70
     0
280
     0
  0
ATTRIB
  5
70FB
330
70F5
100
AcDbEntity
  8
TEXT
100
AcDbText
 10
31.06487536293878
 20
0.874899522610811
 30
0.0
 40
0.14765625
  1
N/A
  7
TITLEBLK
 72
     4
 11
31.29339098793878
 21
0.938180772610811
 31
0.0
100
AcDbAttribute
280
     0
  2
SCALE
 70
     0
280
     0
  0
ATTRIB
  5
70FC
330
70F5
100
AcDbEntity
  8
TEXT
100
AcDbText
 10
32.59280209181643
 20
0.8632970231471729
 30
0.0
 40
0.14765625
  1
002
  7
TITLEBLK
 72
     4
 11
32.80373959181642
 21
0.9371251481471729
 31
0.0
100
AcDbAttribute
280
     0
  2
SHT
 70
     0
280
     0
  0
ATTRIB
  5
70FD
330
70F5
100
AcDbEntity
  8
TEXT
100
AcDbText
 10
33.45113298739024
 20
0.8632970231471729
 30
0.0
 40
0.14765625
  1
002
  7
TITLEBLK
 72
     4
 11
33.66207048739024
 21
0.9371251481471729
 31
0.0
100
AcDbAttribute
280
     0
  2
OF
 70
     0
280
     0
  0
ATTRIB
  5
70FE
330
70F5
100
AcDbEntity
  8
TEXT
100
AcDbText
 10
28.68396571510013
 20
0.1695703124999999
 30
0.0
 40
0.1875
  1
8372
  7
TITLEBLK
 72
     4
 11
29.04110857224299
 21
0.2633203124999999
 31
0.0
100
AcDbAttribute
280
     0
  2
PROJECT
 70
     0
280
     0
  0
ATTRIB
  5
70FF
330
70F5
100
AcDbEntity
  8
TEXT
100
AcDbText
 10
30.89237212807919
 20
0.1695703124999999
 30
0.0
 40
0.1875
  1
8372+A01-002
  7
TITLEBLK
 72
     4
 11
32.00844355665062
 21
0.2633203124999999
 31
0.0
100
AcDbAttribute
280
     0
  2
DWGNO
 70
     0
280
     0
  0
ATTRIB
  5
7100
330
70F5
100
AcDbEntity
  8
TEXT
100
AcDbText
 10
33.50757812499999
 20
0.1648828124999999
 30
0.0
 40
0.196875
  1
0
  7
TITLEBLK
 72
     4
 11
33.601328125
 21
0.2633203124999999
 31
0.0
100
AcDbAttribute
280
     0
  2
REV
 70
     0
280
     0
  0
SEQEND
  5
7101
330
70F5
100
AcDbEntity
  8
0
 48
0.2
  0
LINE
  5
79D8
330
1F
100
AcDbEntity
  8
INFORBORDER
 62
    51
100
AcDbLine
 10
10.0
 20
1.0
 30
0.0
 11
20.243359375
 21
1.0
 31
0.0
  0
LINE
  5
79D9
330
1F
100
AcDbEntity
  8
INFORBORDER
 62
    51
100
AcDbLine
 10
10.0
 20
1.25
 30
0.0
 11
20.243359375
 21
1.25
 31
0.0
  0
LINE
  5
79E1
330
1F
100
AcDbEntity
  8
INFORBORDER
 62
    51
100
AcDbLine
 10
10.0
 20
1.5
 30
0.0
 11
20.243359375
 21
1.5
 31
0.0
  0
LINE
  5
79EA
330
1F
100
AcDbEntity
  8
INFORBORDER
 62
    51
100
AcDbLine
 10
19.1875
 20
2.5
 30
0.0
 11
19.1875
 21
0.0
 31
0.0
  0
LWPOLYLINE
  5
7A07
330
1F
100
AcDbEntity
  8
0
 62
     5
 48
0.2
100
AcDbPolyline
 90
        4
 70
     0
 43
0.0
 10
0.0
 20
2.5
 10
0.0
 20
2.0
 10
10.0
 20
2.0
 10
10.0
 20
2.5
  0
LINE
  5
7A0F
330
1F
100
AcDbEntity
  8
INFORBORDER
 62
    51
100
AcDbLine
 10
10.0
 20
1.75
 30
0.0
 11
20.243359375
 21
1.75
 31
0.0
  0
LINE
  5
7A10
330
1F
100
AcDbEntity
  8
INFORBORDER
 62
    51
100
AcDbLine
 10
10.0
 20
2.0
 30
0.0
 11
20.243359375
 21
2.0
 31
0.0
  0
LINE
  5
7A11
330
1F
100
AcDbEntity
  8
INFORBORDER
 62
    51
100
AcDbLine
 10
10.0
 20
2.25
 30
0.0
 11
20.243359375
 21
2.25
 31
0.0
  0
INSERT
  5
7A6B
330
1F
100
AcDbEntity
  8
0
 62
     8
100
AcDbBlockReference
 66
     1
  2
REVISION
 10
10.0
 20
2.5
 30
0.0
  0
ATTRIB
  5
7A6D
330
7A6B
100
AcDbEntity
  8
TEXT
100
AcDbText
 10
10.375
 20
0.625
 30
0.0
 40
0.125
  1

  7
TITLEBLK
 72
     4
 11
10.375
 21
0.625
 31
0.0
100
AcDbAttribute
280
     0
  2
REVA
 70
     0
280
     0
  0
ATTRIB
  5
7A6E
330
7A6B
100
AcDbEntity
  8
TEXT
100
AcDbText
 10
11.5
 20
0.625
 30
0.0
 40
0.125
  1

  7
TITLEBLK
 72
     4
 11
11.5
 21
0.625
 31
0.0
100
AcDbAttribute
280
     0
  2
DATEA
 70
     0
280
     0
  0
ATTRIB
  5
7A6F
330
7A6B
100
AcDbEntity
  8
0
 62
     3
 48
0.2
100
AcDbText
 10
12.375
 20
0.5625
 30
0.0
 40
0.125
  1

100
AcDbAttribute
280
     0
  2
REVISIONA
 70
     0
280
     1
  0
ATTRIB
  5
7A70
330
7A6B
100
AcDbEntity
  8
TEXT
100
AcDbText
 10
17.59375
 20
0.625
 30
0.0
 40
0.125
  1

  7
TITLEBLK
 72
     4
 11
17.59375
 21
0.625
 31
0.0
100
AcDbAttribute
280
     0
  2
DRAWNA
 70
     0
280
     0
  0
ATTRIB
  5
7A71
330
7A6B
100
AcDbEntity
  8
TEXT
100
AcDbText
 10
18.65625
 20
0.625
 30
0.0
 40
0.125
  1

  7
TITLEBLK
 72
     4
 11
18.65625
 21
0.625
 31
0.0
100
AcDbAttribute
280
     0
  2
CHKDA
 70
     0
280
     0
  0
ATTRIB
  5
7A72
330
7A6B
100
AcDbEntity
  8
TEXT
100
AcDbText
 10
19.71875
 20
0.625
 30
0.0
 40
0.125
  1

  7
TITLEBLK
 72
     4
 11
19.71875
 21
0.625
 31
0.0
100
AcDbAttribute
280
     0
  2
APPRA
 70
     0
280
     0
  0
ATTRIB
  5
7A73
330
7A6B
100
AcDbEntity
  8
TEXT
100
AcDbText
 10
10.368359375
 20
0.875
 30
0.0
 40
0.125
  1

  7
TITLEBLK
 72
     4
 11
10.368359375
 21
0.875
 31
0.0
100
AcDbAttribute
280
     0
  2
REVB
 70
     0
280
     0
  0
ATTRIB
  5
7A74
330
7A6B
100
AcDbEntity
  8
TEXT
100
AcDbText
 10
11.493359375
 20
0.8609375000000024
 30
0.0
 40
0.125
  1

  7
TITLEBLK
 72
     4
 11
11.493359375
 21
0.8609375000000024
 31
0.0
100
AcDbAttribute
280
     0
  2
DATEB
 70
     0
280
     0
  0
ATTRIB
  5
7A75
330
7A6B
100
AcDbEntity
  8
0
 62
     3
 48
0.2
100
AcDbText
 10
12.368359375
 20
0.8035156250000012
 30
0.0
 40
0.125
  1

100
AcDbAttribute
280
     0
  2
REVISIONB
 70
     0
280
     1
  0
ATTRIB
  5
7A76
330
7A6B
100
AcDbEntity
  8
TEXT
100
AcDbText
 10
17.59375
 20
0.875
 30
0.0
 40
0.125
  1

  7
TITLEBLK
 72
     4
 11
17.59375
 21
0.875
 31
0.0
100
AcDbAttribute
280
     0
  2
DRAWNB
 70
     0
280
     0
  0
ATTRIB
  5
7A77
330
7A6B
100
AcDbEntity
  8
TEXT
100
AcDbText
 10
18.65625
 20
0.8609375000000024
 30
0.0
 40
0.125
  1

  7
TITLEBLK
 72
     4
 11
18.65625
 21
0.8609375000000024
 31
0.0
100
AcDbAttribute
280
     0
  2
CHKDB
 70
     0
280
     0
  0
ATTRIB
  5
7A78
330
7A6B
100
AcDbEntity
  8
TEXT
100
AcDbText
 10
19.71875
 20
0.8609375000000024
 30
0.0
 40
0.125
  1

  7
TITLEBLK
 72
     4
 11
19.71875
 21
0.8609375000000024
 31
0.0
100
AcDbAttribute
280
     0
  2
APPRB
 70
     0
280
     0
  0
ATTRIB
  5
7A79
330
7A6B
100
AcDbEntity
  8
TEXT
100
AcDbText
 10
10.368359375
 20
1.125
 30
0.0
 40
0.125
  1

  7
TITLEBLK
 72
     4
 11
10.368359375
 21
1.125
 31
0.0
100
AcDbAttribute
280
     0
  2
REVC
 70
     0
280
     0
  0
ATTRIB
  5
7A7A
330
7A6B
100
AcDbEntity
  8
TEXT
100
AcDbText
 10
11.493359375
 20
1.125
 30
0.0
 40
0.125
  1

  7
TITLEBLK
 72
     4
 11
11.493359375
 21
1.125
 31
0.0
100
AcDbAttribute
280
     0
  2
DATEC
 70
     0
280
     0
  0
ATTRIB
  5
7A7B
330
7A6B
100
AcDbEntity
  8
0
 62
     3
 48
0.2
100
AcDbText
 10
12.368359375
 20
1.0625
 30
0.0
 40
0.125
  1

100
AcDbAttribute
280
     0
  2
REVISIONC
 70
     0
280
     1
  0
ATTRIB
  5
7A7C
330
7A6B
100
AcDbEntity
  8
TEXT
100
AcDbText
 10
17.59375
 20
1.125
 30
0.0
 40
0.125
  1

  7
TITLEBLK
 72
     4
 11
17.59375
 21
1.125
 31
0.0
100
AcDbAttribute
280
     0
  2
DRAWNC
 70
     0
280
     0
  0
ATTRIB
  5
7A7D
330
7A6B
100
AcDbEntity
  8
TEXT
100
AcDbText
 10
18.65625
 20
1.125
 30
0.0
 40
0.125
  1

  7
TITLEBLK
 72
     4
 11
18.65625
 21
1.125
 31
0.0
100
AcDbAttribute
280
     0
  2
CHKDC
 70
     0
280
     0
  0
ATTRIB
  5
7A7E
330
7A6B
100
AcDbEntity
  8
TEXT
100
AcDbText
 10
19.71875
 20
1.125
 30
0.0
 40
0.125
  1

  7
TITLEBLK
 72
     4
 11
19.71875
 21
1.125
 31
0.0
100
AcDbAttribute
280
     0
  2
APPRC
 70
     0
280
     0
  0
ATTRIB
  5
7A7F
330
7A6B
100
AcDbEntity
  8
TEXT
100
AcDbText
 10
10.368359375
 20
1.375
 30
0.0
 40
0.125
  1

  7
TITLEBLK
 72
     4
 11
10.368359375
 21
1.375
 31
0.0
100
AcDbAttribute
280
     0
  2
REVD
 70
     0
280
     0
  0
ATTRIB
  5
7A80
330
7A6B
100
AcDbEntity
  8
TEXT
100
AcDbText
 10
11.493359375
 20
1.375
 30
0.0
 40
0.125
  1

  7
TITLEBLK
 72
     4
 11
11.493359375
 21
1.375
 31
0.0
100
AcDbAttribute
280
     0
  2
DATED
 70
     0
280
     0
  0
ATTRIB
  5
7A81
330
7A6B
100
AcDbEntity
  8
0
 62
     3
 48
0.2
100
AcDbText
 10
12.368359375
 20
1.3125
 30
0.0
 40
0.125
  1

100
AcDbAttribute
280
     0
  2
REVISIOND
 70
     0
280
     1
  0
ATTRIB
  5
7A82
330
7A6B
100
AcDbEntity
  8
TEXT
100
AcDbText
 10
17.59375
 20
1.375
 30
0.0
 40
0.125
  1

  7
TITLEBLK
 72
     4
 11
17.59375
 21
1.375
 31
0.0
100
AcDbAttribute
280
     0
  2
DRAWND
 70
     0
280
     0
  0
ATTRIB
  5
7A83
330
7A6B
100
AcDbEntity
  8
TEXT
100
AcDbText
 10
18.65625
 20
1.375
 30
0.0
 40
0.125
  1

  7
TITLEBLK
 72
     4
 11
18.65625
 21
1.375
 31
0.0
100
AcDbAttribute
280
     0
  2
CHKDD
 70
     0
280
     0
  0
ATTRIB
  5
7A84
330
7A6B
100
AcDbEntity
  8
TEXT
100
AcDbText
 10
19.71875
 20
1.375
 30
0.0
 40
0.125
  1

  7
TITLEBLK
 72
     4
 11
19.71875
 21
1.375
 31
0.0
100
AcDbAttribute
280
     0
  2
APPRD
 70
     0
280
     0
  0
ATTRIB
  5
7A85
330
7A6B
100
AcDbEntity
  8
TEXT
100
AcDbText
 10
10.368359375
 20
1.625
 30
0.0
 40
0.125
  1

  7
TITLEBLK
 72
     4
 11
10.368359375
 21
1.625
 31
0.0
100
AcDbAttribute
280
     0
  2
REVE
 70
     0
280
     0
  0
ATTRIB
  5
7A86
330
7A6B
100
AcDbEntity
  8
TEXT
100
AcDbText
 10
11.493359375
 20
1.625
 30
0.0
 40
0.125
  1

  7
TITLEBLK
 72
     4
 11
11.493359375
 21
1.625
 31
0.0
100
AcDbAttribute
280
     0
  2
DATEE
 70
     0
280
     0
  0
ATTRIB
  5
7A87
330
7A6B
100
AcDbEntity
  8
0
 62
     3
 48
0.2
100
AcDbText
 10
12.368359375
 20
1.5625
 30
0.0
 40
0.125
  1

100
AcDbAttribute
280
     0
  2
REVISIONE
 70
     0
280
     1
  0
ATTRIB
  5
7A88
330
7A6B
100
AcDbEntity
  8
TEXT
100
AcDbText
 10
17.59375
 20
1.625
 30
0.0
 40
0.125
  1

  7
TITLEBLK
 72
     4
 11
17.59375
 21
1.625
 31
0.0
100
AcDbAttribute
280
     0
  2
DRAWNE
 70
     0
280
     0
  0
ATTRIB
  5
7A89
330
7A6B
100
AcDbEntity
  8
TEXT
100
AcDbText
 10
18.65625
 20
1.625
 30
0.0
 40
0.125
  1

  7
TITLEBLK
 72
     4
 11
18.65625
 21
1.625
 31
0.0
100
AcDbAttribute
280
     0
  2
CHKDE
 70
     0
280
     0
  0
ATTRIB
  5
7A8A
330
7A6B
100
AcDbEntity
  8
TEXT
100
AcDbText
 10
19.71875
 20
1.625
 30
0.0
 40
0.125
  1

  7
TITLEBLK
 72
     4
 11
19.71875
 21
1.625
 31
0.0
100
AcDbAttribute
280
     0
  2
APPRE
 70
     0
280
     0
  0
ATTRIB
  5
7A8B
330
7A6B
100
AcDbEntity
  8
TEXT
100
AcDbText
 10
10.368359375
 20
1.875
 30
0.0
 40
0.125
  1

  7
TITLEBLK
 72
     4
 11
10.368359375
 21
1.875
 31
0.0
100
AcDbAttribute
280
     0
  2
REVF
 70
     0
280
     0
  0
ATTRIB
  5
7A8C
330
7A6B
100
AcDbEntity
  8
TEXT
100
AcDbText
 10
11.493359375
 20
1.875
 30
0.0
 40
0.125
  1

  7
TITLEBLK
 72
     4
 11
11.493359375
 21
1.875
 31
0.0
100
AcDbAttribute
280
     0
  2
DATEF
 70
     0
280
     0
  0
ATTRIB
  5
7A8D
330
7A6B
100
AcDbEntity
  8
0
 62
     3
 48
0.2
100
AcDbText
 10
12.368359375
 20
1.8125
 30
0.0
 40
0.125
  1

100
AcDbAttribute
280
     0
  2
REVISIONF
 70
     0
280
     1
  0
ATTRIB
  5
7A8E
330
7A6B
100
AcDbEntity
  8
TEXT
100
AcDbText
 10
17.59375
 20
1.875
 30
0.0
 40
0.125
  1

  7
TITLEBLK
 72
     4
 11
17.59375
 21
1.875
 31
0.0
100
AcDbAttribute
280
     0
  2
DRAWNF
 70
     0
280
     0
  0
ATTRIB
  5
7A8F
330
7A6B
100
AcDbEntity
  8
TEXT
100
AcDbText
 10
18.65625
 20
1.875
 30
0.0
 40
0.125
  1

  7
TITLEBLK
 72
     4
 11
18.65625
 21
1.875
 31
0.0
100
AcDbAttribute
280
     0
  2
CHKDF
 70
     0
280
     0
  0
ATTRIB
  5
7A90
330
7A6B
100
AcDbEntity
  8
TEXT
100
AcDbText
 10
19.71875
 20
1.875
 30
0.0
 40
0.125
  1

  7
TITLEBLK
 72
     4
 11
19.71875
 21
1.875
 31
0.0
100
AcDbAttribute
280
     0
  2
APPRF
 70
     0
280
     0
  0
ATTRIB
  5
7A91
330
7A6B
100
AcDbEntity
  8
TEXT
100
AcDbText
 10
10.368359375
 20
2.125
 30
0.0
 40
0.125
  1

  7
TITLEBLK
 72
     4
 11
10.368359375
 21
2.125
 31
0.0
100
AcDbAttribute
280
     0
  2
REVG
 70
     0
280
     0
  0
ATTRIB
  5
7A92
330
7A6B
100
AcDbEntity
  8
TEXT
100
AcDbText
 10
11.493359375
 20
2.125
 30
0.0
 40
0.125
  1

  7
TITLEBLK
 72
     4
 11
11.493359375
 21
2.125
 31
0.0
100
AcDbAttribute
280
     0
  2
DATEG
 70
     0
280
     0
  0
ATTRIB
  5
7A93
330
7A6B
100
AcDbEntity
  8
0
 62
     3
 48
0.2
100
AcDbText
 10
12.368359375
 20
2.0625
 30
0.0
 40
0.125
  1

100
AcDbAttribute
280
     0
  2
REVISIONG
 70
     0
280
     1
  0
ATTRIB
  5
7A94
330
7A6B
100
AcDbEntity
  8
TEXT
100
AcDbText
 10
17.59375
 20
2.125
 30
0.0
 40
0.125
  1

  7
TITLEBLK
 72
     4
 11
17.59375
 21
2.125
 31
0.0
100
AcDbAttribute
280
     0
  2
DRAWNG
 70
     0
280
     0
  0
ATTRIB
  5
7A95
330
7A6B
100
AcDbEntity
  8
TEXT
100
AcDbText
 10
18.65625
 20
2.125
 30
0.0
 40
0.125
  1

  7
TITLEBLK
 72
     4
 11
18.65625
 21
2.125
 31
0.0
100
AcDbAttribute
280
     0
  2
CHKDG
 70
     0
280
     0
  0
ATTRIB
  5
7A96
330
7A6B
100
AcDbEntity
  8
TEXT
100
AcDbText
 10
19.71875
 20
2.125
 30
0.0
 40
0.125
  1

  7
TITLEBLK
 72
     4
 11
19.71875
 21
2.125
 31
0.0
100
AcDbAttribute
280
     0
  2
APPRG
 70
     0
280
     0
  0
ATTRIB
  5
7A97
330
7A6B
100
AcDbEntity
  8
TEXT
100
AcDbText
 10
10.368359375
 20
2.375
 30
0.0
 40
0.125
  1

  7
TITLEBLK
 72
     4
 11
10.368359375
 21
2.375
 31
0.0
100
AcDbAttribute
280
     0
  2
REVH
 70
     0
280
     0
  0
ATTRIB
  5
7A98
330
7A6B
100
AcDbEntity
  8
TEXT
100
AcDbText
 10
11.493359375
 20
2.375
 30
0.0
 40
0.125
  1

  7
TITLEBLK
 72
     4
 11
11.493359375
 21
2.375
 31
0.0
100
AcDbAttribute
280
     0
  2
DATEH
 70
     0
280
     0
  0
ATTRIB
  5
7A99
330
7A6B
100
AcDbEntity
  8
0
 62
     3
 48
0.2
100
AcDbText
 10
12.368359375
 20
2.3125
 30
0.0
 40
0.125
  1

100
AcDbAttribute
280
     0
  2
REVISIONH
 70
     0
280
     1
  0
ATTRIB
  5
7A9A
330
7A6B
100
AcDbEntity
  8
TEXT
100
AcDbText
 10
17.59375
 20
2.375
 30
0.0
 40
0.125
  1

  7
TITLEBLK
 72
     4
 11
17.59375
 21
2.375
 31
0.0
100
AcDbAttribute
280
     0
  2
DRAWNH
 70
     0
280
     0
  0
ATTRIB
  5
7A9B
330
7A6B
100
AcDbEntity
  8
TEXT
100
AcDbText
 10
18.65625
 20
2.375
 30
0.0
 40
0.125
  1

  7
TITLEBLK
 72
     4
 11
18.65625
 21
2.375
 31
0.0
100
AcDbAttribute
280
     0
  2
CHKDH
 70
     0
280
     0
  0
ATTRIB
  5
7A9C
330
7A6B
100
AcDbEntity
  8
TEXT
100
AcDbText
 10
19.71875
 20
2.375
 30
0.0
 40
0.125
  1

  7
TITLEBLK
 72
     4
 11
19.71875
 21
2.375
 31
0.0
100
AcDbAttribute
280
     0
  2
APPRH
 70
     0
280
     0
  0
SEQEND
  5
7A6C
330
7A6B
100
AcDbEntity
  8
0
 62
     8
  0
INSERT
  5
CF0A
330
1F
100
AcDbEntity
  8
0
 62
     7
 48
0.2
100
AcDbBlockReference
  2
IOM_TITLE_BLOCK_BORDER
 10
0.0
 20
0.0
 30
0.0
  0
INSERT
  5
D6AC
330
1F
100
AcDbEntity
  8
0
 62
     7
 48
0.2
100
AcDbBlockReference
  2
A$Cb4c55d7e
 10
20.90450418458932
 20
1.303551492974655
 30
0.0
  0
INSERT
  5
E5F4
330
1F
100
AcDbEntity
  8
0
 62
     7
100
AcDbBlockReference
  2
LINEREF_ENCASEMENT
 10
-0.5
 20
4.125
 30
0.0
  0
INSERT
  5
E5F5
330
1F
100
AcDbEntity
  8
0
 62
     7
100
AcDbBlockReference
  2
LINEREF_ENCASEMENT
 10
-0.5
 20
4.875
 30
0.0
  0
INSERT
  5
E5F6
330
1F
100
AcDbEntity
  8
0
 62
     7
100
AcDbBlockReference
  2
LINEREF_ENCASEMENT
 10
-0.5
 20
5.625
 30
0.0
  0
INSERT
  5
E5F7
330
1F
100
AcDbEntity
  8
0
 62
     7
100
AcDbBlockReference
  2
LINEREF_ENCASEMENT
 10
-0.5
 20
6.375
 30
0.0
  0
INSERT
  5
E5F8
330
1F
100
AcDbEntity
  8
0
 62
     7
100
AcDbBlockReference
  2
LINEREF_ENCASEMENT
 10
-0.5
 20
7.125
 30
0.0
  0
INSERT
  5
E5F9
330
1F
100
AcDbEntity
  8
0
 62
     7
100
AcDbBlockReference
  2
LINEREF_ENCASEMENT
 10
-0.5
 20
7.875
 30
0.0
  0
INSERT
  5
E5FA
330
1F
100
AcDbEntity
  8
0
 62
     7
100
AcDbBlockReference
  2
LINEREF_ENCASEMENT
 10
-0.5
 20
8.625
 30
0.0
  0
INSERT
  5
E5FB
330
1F
100
AcDbEntity
  8
0
 62
     7
100
AcDbBlockReference
  2
LINEREF_ENCASEMENT
 10
-0.5
 20
9.375
 30
0.0
  0
INSERT
  5
E5FC
330
1F
100
AcDbEntity
  8
0
 62
     7
100
AcDbBlockReference
  2
LINEREF_ENCASEMENT
 10
-0.5
 20
10.125
 30
0.0
  0
INSERT
  5
E5FD
330
1F
100
AcDbEntity
  8
0
 62
     7
100
AcDbBlockReference
  2
LINEREF_ENCASEMENT
 10
-0.5
 20
10.875
 30
0.0
  0
INSERT
  5
E5FE
330
1F
100
AcDbEntity
  8
0
 62
     7
100
AcDbBlockReference
  2
LINEREF_ENCASEMENT
 10
-0.5
 20
11.625
 30
0.0
  0
INSERT
  5
E5FF
330
1F
100
AcDbEntity
  8
0
 62
     7
100
AcDbBlockReference
  2
LINEREF_ENCASEMENT
 10
-0.5
 20
12.375
 30
0.0
  0
INSERT
  5
E600
330
1F
100
AcDbEntity
  8
0
 62
     7
100
AcDbBlockReference
  2
LINEREF_ENCASEMENT
 10
-0.5
 20
13.125
 30
0.0
  0
INSERT
  5
E601
330
1F
100
AcDbEntity
  8
0
 62
     7
100
AcDbBlockReference
  2
LINEREF_ENCASEMENT
 10
-0.5
 20
13.875
 30
0.0
  0
INSERT
  5
E602
330
1F
100
AcDbEntity
  8
0
 62
     7
100
AcDbBlockReference
  2
LINEREF_ENCASEMENT
 10
-0.5
 20
14.625
 30
0.0
  0
INSERT
  5
E603
330
1F
100
AcDbEntity
  8
0
 62
     7
100
AcDbBlockReference
  2
LINEREF_ENCASEMENT
 10
-0.5
 20
15.375
 30
0.0
  0
INSERT
  5
E604
330
1F
100
AcDbEntity
  8
0
 62
     7
100
AcDbBlockReference
  2
LINEREF_ENCASEMENT
 10
-0.5
 20
16.125
 30
0.0
  0
INSERT
  5
E605
330
1F
100
AcDbEntity
  8
0
 62
     7
100
AcDbBlockReference
  2
LINEREF_ENCASEMENT
 10
-0.5
 20
16.875
 30
0.0
  0
INSERT
  5
E606
330
1F
100
AcDbEntity
  8
0
 62
     7
100
AcDbBlockReference
  2
LINEREF_ENCASEMENT
 10
-0.5
 20
17.625
 30
0.0
  0
INSERT
  5
E607
330
1F
100
AcDbEntity
  8
0
 62
     7
100
AcDbBlockReference
  2
LINEREF_ENCASEMENT
 10
-0.5
 20
18.375
 30
0.0
  0
INSERT
  5
E608
330
1F
100
AcDbEntity
  8
0
 62
     7
100
AcDbBlockReference
  2
LINEREF_ENCASEMENT
 10
-0.5
 20
19.125
 30
0.0
  0
INSERT
  5
E609
330
1F
100
AcDbEntity
  8
0
 62
     7
100
AcDbBlockReference
  2
LINEREF_ENCASEMENT
 10
-0.5
 20
19.875
 30
0.0
  0
INSERT
  5
E60A
330
1F
100
AcDbEntity
  8
0
 62
     7
100
AcDbBlockReference
  2
LINEREF_ENCASEMENT
 10
-0.5
 20
20.625
 30
0.0
  0
INSERT
  5
E60B
330
1F
100
AcDbEntity
  8
0
100
AcDbBlockReference
  2
LINEREF_ENCASEMENT
 10
-0.5
 20
21.375
 30
0.0
  0
INSERT
  5
E60C
330
1F
100
AcDbEntity
  8
0
 62
     8
 48
0.2
100
AcDbBlockReference
 66
     1
  2
WD_MLRH
 10
-0.5
 20
21.1875
 30
0.0
  0
ATTRIB
  5
E60D
330
E60C
100
AcDbEntity
  8
0
100
AcDbText
 10
-0.7666666666666667
 20
21.06084599882028
 30
0.0
 40
0.025
  1
H
  7
WD
 72
     2
 11
-0.75
 21
21.06084599882028
 31
0.0
100
AcDbAttribute
280
     0
  2
RUNGHORV
 70
     1
280
     0
  0
ATTRIB
  5
E60E
330
E60C
100
AcDbEntity
  8
0
100
AcDbText
 10
-0.7958333333333333
 20
20.75059523809524
 30
0.0
 40
0.025
  1
0.5
  7
WD
 72
     2
 11
-0.75
 21
20.75059523809524
 31
0.0
100
AcDbAttribute
280
     0
  2
PH3SPACE
 70
     1
280
     0
  0
ATTRIB
  5
E60F
330
E60C
100
AcDbEntity
  8
0
100
AcDbText
 10
-0.7583333333333333
 20
20.83154761904762
 30
0.0
 40
0.025
  1
1
  7
WD
 72
     2
 11
-0.75
 21
20.83154761904762
 31
0.0
100
AcDbAttribute
280
     0
  2
WIRE-START
 70
     1
280
     0
  0
ATTRIB
  5
E610
330
E60C
100
AcDbEntity
  8
0
100
AcDbText
 10
-1.079166666666666
 20
20.79107142857143
 30
0.0
 40
0.025
  1
,A,B,C,D,E,F,G,H,J
  7
WD
 72
     2
 11
-0.75
 21
20.79107142857143
 31
0.0
100
AcDbAttribute
280
     0
  2
WIRE-GSUF
 70
     1
280
     0
  0
ATTRIB
  5
E611
330
E60C
100
AcDbEntity
  8
0
100
AcDbText
 10
-0.8523809523809525
 20
20.86607142857143
 30
0.0
 40
0.025
  1
%S%N
 72
     2
 11
-0.75
 21
20.86607142857143
 31
0.0
100
AcDbAttribute
280
     0
  2
WIREFMT
 70
     1
280
     0
  0
ATTRIB
  5
E612
330
E60C
100
AcDbEntity
  8
0
100
AcDbText
 10
-0.7666666666666667
 20
20.90654761904762
 30
0.0
 40
0.025
  1
G
  7
WD
 72
     2
 11
-0.75
 21
20.90654761904762
 31
0.0
100
AcDbAttribute
280
     0
  2
WIREMODE
 70
     1
280
     0
  0
ATTRIB
  5
E613
330
E60C
100
AcDbEntity
  8
0
100
AcDbText
 10
-0.7791666666666667
 20
20.95
 30
0.0
 40
0.025
  1
25
100
AcDbAttribute
280
     0
  2
RUNGCNT
 70
     1
280
     0
  0
ATTRIB
  5
E614
330
E60C
100
AcDbEntity
  8
0
100
AcDbText
 10
-0.8208333333333332
 20
20.9875
 30
0.0
 40
0.025
  1
0.7500
100
AcDbAttribute
280
     0
  2
RUNGDIST
 70
     1
280
     0
  0
ATTRIB
  5
E615
330
E60C
100
AcDbEntity
  8
0
100
AcDbText
 10
-0.7583333333333333
 20
21.025
 30
0.0
 40
0.025
  1
1
100
AcDbAttribute
280
     0
  2
RUNGINC
 70
     1
280
     0
  0
ATTRIB
  5
E616
330
E60C
100
AcDbEntity
  8
0
100
AcDbText
 10
-0.5505952380952382
 20
21.1875
 30
0.0
 40
0.125
  1
1
 72
     1
 11
-0.5
 21
21.1875
 31
0.0
100
AcDbAttribute
280
     0
  2
RUNGFIRST
 70
     0
280
     0
  0
SEQEND
  5
E617
330
E60C
100
AcDbEntity
  8
0
 62
     8
 48
0.2
  0
TEXT
  5
E618
330
1F
100
AcDbEntity
  8
0
 62
     7
 48
0.2
100
AcDbText
 10
-0.5595238095238095
 20
20.4375
 30
0.0
 40
0.125
  1
2
 72
     1
 11
-0.5
 21
20.4375
 31
0.0
100
AcDbText
  0
TEXT
  5
E619
330
1F
100
AcDbEntity
  8
0
 62
     7
 48
0.2
100
AcDbText
 10
-0.5595238095238095
 20
19.6875
 30
0.0
 40
0.125
  1
3
 72
     1
 11
-0.5
 21
19.6875
 31
0.0
100
AcDbText
  0
TEXT
  5
E61A
330
1F
100
AcDbEntity
  8
0
 62
     7
 48
0.2
100
AcDbText
 10
-0.5625
 20
18.9375
 30
0.0
 40
0.125
  1
4
 72
     1
 11
-0.5
 21
18.9375
 31
0.0
100
AcDbText
  0
TEXT
  5
E61B
330
1F
100
AcDbEntity
  8
0
 62
     7
 48
0.2
100
AcDbText
 10
-0.5595238095238095
 20
18.1875
 30
0.0
 40
0.125
  1
5
 72
     1
 11
-0.5
 21
18.1875
 31
0.0
100
AcDbText
  0
TEXT
  5
E61C
330
1F
100
AcDbEntity
  8
0
 62
     7
 48
0.2
100
AcDbText
 10
-0.5625
 20
17.4375
 30
0.0
 40
0.125
  1
6
 72
     1
 11
-0.5
 21
17.4375
 31
0.0
100
AcDbText
  0
TEXT
  5
E61D
330
1F
100
AcDbEntity
  8
0
 62
     7
 48
0.2
100
AcDbText
 10
-0.5595238095238095
 20
16.6875
 30
0.0
 40
0.125
  1
7
 72
     1
 11
-0.5
 21
16.6875
 31
0.0
100
AcDbText
  0
TEXT
  5
E61E
330
1F
100
AcDbEntity
  8
0
 62
     7
 48
0.2
100
AcDbText
 10
-0.5595238095238095
 20
15.9375
 30
0.0
 40
0.125
  1
8
 72
     1
 11
-0.5
 21
15.9375
 31
0.0
100
AcDbText
  0
TEXT
  5
E61F
330
1F
100
AcDbEntity
  8
0
 62
     7
 48
0.2
100
AcDbText
 10
-0.5565476190476191
 20
15.1875
 30
0.0
 40
0.125
  1
9
 72
     1
 11
-0.5
 21
15.1875
 31
0.0
100
AcDbText
  0
TEXT
  5
E620
330
1F
100
AcDbEntity
  8
0
 62
     7
 48
0.2
100
AcDbText
 10
-0.6279761904761905
 20
14.4375
 30
0.0
 40
0.125
  1
10
 72
     1
 11
-0.5
 21
14.4375
 31
0.0
100
AcDbText
  0
TEXT
  5
E621
330
1F
100
AcDbEntity
  8
0
 62
     7
 48
0.2
100
AcDbText
 10
-0.6101190476190477
 20
13.6875
 30
0.0
 40
0.125
  1
11
 72
     1
 11
-0.5
 21
13.6875
 31
0.0
100
AcDbText
  0
TEXT
  5
E622
330
1F
100
AcDbEntity
  8
0
 62
     7
 48
0.2
100
AcDbText
 10
-0.6279761904761905
 20
12.9375
 30
0.0
 40
0.125
  1
12
 72
     1
 11
-0.5
 21
12.9375
 31
0.0
100
AcDbText
  0
TEXT
  5
E623
330
1F
100
AcDbEntity
  8
0
 62
     7
 48
0.2
100
AcDbText
 10
-0.6279761904761905
 20
12.1875
 30
0.0
 40
0.125
  1
13
 72
     1
 11
-0.5
 21
12.1875
 31
0.0
100
AcDbText
  0
TEXT
  5
E624
330
1F
100
AcDbEntity
  8
0
 62
     7
 48
0.2
100
AcDbText
 10
-0.630952380952381
 20
11.4375
 30
0.0
 40
0.125
  1
14
 72
     1
 11
-0.5
 21
11.4375
 31
0.0
100
AcDbText
  0
TEXT
  5
E625
330
1F
100
AcDbEntity
  8
0
 62
     7
 48
0.2
100
AcDbText
 10
-0.6279761904761905
 20
10.6875
 30
0.0
 40
0.125
  1
15
 72
     1
 11
-0.5
 21
10.6875
 31
0.0
100
AcDbText
  0
TEXT
  5
E626
330
1F
100
AcDbEntity
  8
0
 62
     7
 48
0.2
100
AcDbText
 10
-0.6279761904761905
 20
9.9375
 30
0.0
 40
0.125
  1
16
 72
     1
 11
-0.5
 21
9.9375
 31
0.0
100
AcDbText
  0
TEXT
  5
E627
330
1F
100
AcDbEntity
  8
0
 62
     7
 48
0.2
100
AcDbText
 10
-0.6279761904761905
 20
9.1875
 30
0.0
 40
0.125
  1
17
 72
     1
 11
-0.5
 21
9.1875
 31
0.0
100
AcDbText
  0
TEXT
  5
E628
330
1F
100
AcDbEntity
  8
0
 62
     7
 48
0.2
100
AcDbText
 10
-0.6279761904761905
 20
8.4375
 30
0.0
 40
0.125
  1
18
 72
     1
 11
-0.5
 21
8.4375
 31
0.0
100
AcDbText
  0
TEXT
  5
E629
330
1F
100
AcDbEntity
  8
0
 62
     7
 48
0.2
100
AcDbText
 10
-0.625
 20
7.6875
 30
0.0
 40
0.125
  1
19
 72
     1
 11
-0.5
 21
7.6875
 31
0.0
100
AcDbText
  0
TEXT
  5
E62A
330
1F
100
AcDbEntity
  8
0
 62
     7
 48
0.2
100
AcDbText
 10
-0.6190476190476191
 20
6.9375
 30
0.0
 40
0.125
  1
20
 72
     1
 11
-0.5
 21
6.9375
 31
0.0
100
AcDbText
  0
TEXT
  5
E62B
330
1F
100
AcDbEntity
  8
0
 62
     7
 48
0.2
100
AcDbText
 10
-0.6011904761904762
 20
6.1875
 30
0.0
 40
0.125
  1
21
 72
     1
 11
-0.5
 21
6.1875
 31
0.0
100
AcDbText
  0
TEXT
  5
E62C
330
1F
100
AcDbEntity
  8
0
 62
     7
 48
0.2
100
AcDbText
 10
-0.6190476190476191
 20
5.4375
 30
0.0
 40
0.125
  1
22
 72
     1
 11
-0.5
 21
5.4375
 31
0.0
100
AcDbText
  0
TEXT
  5
E62D
330
1F
100
AcDbEntity
  8
0
 62
     7
 48
0.2
100
AcDbText
 10
-0.6190476190476191
 20
4.6875
 30
0.0
 40
0.125
  1
23
 72
     1
 11
-0.5
 21
4.6875
 31
0.0
100
AcDbText
  0
TEXT
  5
E62E
330
1F
100
AcDbEntity
  8
0
 62
     7
 48
0.2
100
AcDbText
 10
-0.6220238095238095
 20
3.9375
 30
0.0
 40
0.125
  1
24
 72
     1
 11
-0.5
 21
3.9375
 31
0.0
100
AcDbText
  0
INSERT
  5
E62F
330
1F
100
AcDbEntity
  8
0
 62
     7
100
AcDbBlockReference
  2
LINEREF_ENCASEMENT
 10
-0.5
 20
3.375
 30
0.0
  0
TEXT
  5
E630
330
1F
100
AcDbEntity
  8
0
 62
     7
 48
0.2
100
AcDbText
 10
-0.6190476190476191
 20
3.1875
 30
0.0
 40
0.125
  1
25
 72
     1
 11
-0.5
 21
3.1875
 31
0.0
100
AcDbText
  0
LWPOLYLINE
  5
E9E4
330
1F
100
AcDbEntity
  8
0
 62
     7
 48
0.2
100
AcDbPolyline
 90
        2
 70
     0
 10
1.767775929204105
 20
13.5921508732107
 40
0.0625
 41
0.0625
 10
30.35040468811607
 20
13.59215087321073
 40
0.125
 41
0.125
  0
LWPOLYLINE
  5
E9EA
330
1F
100
AcDbEntity
  8
0
 62
     7
 48
0.2
100
AcDbPolyline
 90
        2
 70
     0
 10
4.424565592850501
 20
6.694633496129323
 40
0.0
 41
0.125
 10
4.424565592850501
 20
6.444633496129323
 40
0.125
 41
0.125
  0
LINE
  5
E9EC
330
1F
100
AcDbEntity
  8
WIRES
 62
     7
 48
0.2
100
AcDbLine
 10
4.42635859589588
 20
13.59272578584529
 30
0.0
 11
4.426626644795494
 21
11.3402445046898
 31
0.0
  0
TEXT
  5
EA5C
330
1F
100
AcDbEntity
  8
0
 62
     7
 48
0.2
100
AcDbText
 10
2.701479757745798
 20
15.00078147264408
 30
0.0
 40
0.125
  1
SEL-751
 72
     1
 11
3.106241662507703
 21
15.00078147264408
 31
0.0
100
AcDbText
  0
LWPOLYLINE
  5
EA5E
330
1F
100
AcDbEntity
  8
0
 62
     7
 48
0.2
100
AcDbPolyline
 90
        5
 70
     0
 43
0.0
 10
2.611986728247889
 20
15.90419033647393
 10
4.899691220149791
 20
15.90419033647393
 10
4.899691220149791
 20
14.89308608847658
 10
2.611986728247889
 20
14.89308608847658
 10
2.611986728247889
 20
15.90419033647393
  0
LINE
  5
EAA6
330
1F
100
AcDbEntity
  8
0
 62
     7
 48
0.2
100
AcDbLine
 10
2.833857111138101
 20
14.89308608847658
 30
0.0
 11
2.833857111138101
 21
9.187422392949551
 31
0.0
  0
MTEXT
  5
EC44
330
1F
100
AcDbEntity
  8
0
 62
     7
 48
0.2
100
AcDbMText
 10
2.60556222188887
 20
21.4234814767536
 30
0.0
 40
0.2030370536618092
 41
3.058103280200933
 46
0.0
 71
     1
 72
     5
  1
\pxqc;UNIT 8
 73
     1
 44
1.0
101
Embedded Object
 70
     1
 10
1.0
 20
0.0
 30
0.0
 11
2.60556222188887
 21
21.4234814767536
 31
0.0
 40
3.058103280200933
 41
0.0
 42
0.9861799749287875
 43
0.2030370536618092
 71
     2
 72
     1
 44
3.058103280200933
 45
1.015185268309045
 73
     0
 74
     0
 46
0.0
  0
LINE
  5
EC76
330
1F
100
AcDbEntity
  8
0
 62
     7
 48
0.2
100
AcDbLine
 10
4.424877907439356
 20
9.614983182970842
 30
0.0
 11
4.424565592850501
 21
7.705979256040077
 31
0.0
  0
MTEXT
  5
EC77
330
1F
100
AcDbEntity
  8
0
 62
     7
 48
0.2
100
AcDbMText
 10
3.626100159256531
 20
6.322837422588563
 30
0.0
 40
0.125
 41
1.601990317115136
 46
0.0
 71
     1
 72
     5
  1
\pxqc;BOTTOM ENTRY\PGEN 06\P4.16kV-1.785MW\PFLA=310A
 73
     1
 44
1.0
101
Embedded Object
 70
     1
 10
1.0
 20
0.0
 30
0.0
 11
3.626100159256531
 21
6.322837422588563
 31
0.0
 40
1.601990317115136
 41
0.0
 42
1.57142857142857
 43
0.75
 71
     2
 72
     1
 44
1.601990317115136
 45
0.625
 73
     0
 74
     0
 46
0.0
  0
LINE
  5
EC78
330
1F
100
AcDbEntity
  8
0
 62
     4
 48
0.2
100
AcDbLine
 10
33.29230475393348
 20
7.133065834671269
 30
0.0
 11
33.29230475393347
 21
21.48524542173098
 31
0.0
  0
LINE
  5
EC79
330
1F
100
AcDbEntity
  8
0
 62
     4
 48
0.2
100
AcDbLine
 10
33.29230475393347
 20
21.48524542173098
 30
0.0
 11
2.092654821970754
 21
21.48524542173098
 31
0.0
  0
LINE
  5
EC7A
330
1F
100
AcDbEntity
  8
0
 62
     4
 48
0.2
100
AcDbLine
 10
2.092654821970757
 20
21.48524542173098
 30
0.0
 11
2.092654821970758
 21
7.13306583467127
 31
0.0
  0
LINE
  5
EC7B
330
1F
100
AcDbEntity
  8
0
 62
     4
 48
0.2
100
AcDbLine
 10
2.092654821970757
 20
21.16293925290143
 30
0.0
 11
33.29230475393347
 21
21.16293925290144
 31
0.0
  0
LINE
  5
EC7E
330
1F
100
AcDbEntity
  8
0
 62
     4
 48
0.2
100
AcDbLine
 10
6.49464665015698
 20
7.13306583467127
 30
0.0
 11
6.49464665015698
 21
21.48524542173098
 31
0.0
  0
LINE
  5
EC7F
330
1F
100
AcDbEntity
  8
0
 62
     4
 48
0.2
100
AcDbLine
 10
2.092654821970757
 20
7.13306583467127
 30
0.0
 11
33.29230475393348
 21
7.133065834671269
 31
0.0
  0
INSERT
  5
EFE9
330
1F
100
AcDbEntity
  8
SYMS
 62
     7
 48
0.2
100
AcDbBlockReference
 66
     1
  2
VC01PJ_1-
 10
4.426626644795494
 20
11.2777445046898
 30
0.0
1001
VIA_WD_MAXTYPE4
1002
{
1000

1002
}
1001
VIA_WD_BASETAG
1002
{
1000
051PJ?2
1002
}
  0
ATTRIB
  5
EFEA
330
EFE9
100
AcDbEntity
  8
MISC
100
AcDbText
 10
4.439699571690479
 20
11.1631043774313
 30
0.0
 40
0.01
  1
P
  7
WD
100
AcDbAttribute
280
     0
  2
X8TERMDESC02
 70
     1
280
     0
  0
ATTRIB
  5
EFEB
330
EFE9
100
AcDbEntity
  8
MISC
100
AcDbText
 10
4.45277250929455
 20
11.3193543724605
 30
0.0
 40
0.01
  1
J
  7
WD
100
AcDbAttribute
280
     0
  2
X2TERMDESC01
 70
     1
280
     0
  0
ATTRIB
  5
EFEC
330
EFE9
100
AcDbEntity
  8
MISC
  6
Continuous
100
AcDbText
 10
4.31755138116792
 20
11.26380102252565
 30
0.0
 40
0.01
  1

  7
WD
 72
     1
 11
4.31755138116792
 21
11.26380102252565
 31
0.0
100
AcDbAttribute
280
     0
  2
ASSYCODE
 70
     9
280
     0
  0
ATTRIB
  5
EFED
330
EFE9
100
AcDbEntity
  8
MISC
100
AcDbText
 10
4.301626644795494
 20
11.2152445046898
 30
0.0
 40
0.01
  1

  7
WD
100
AcDbAttribute
280
     0
  2
X4LINK
 70
     0
280
     0
  0
ATTRIB
  5
EFEE
330
EFE9
100
AcDbEntity
  8
MISC
100
AcDbText
 10
4.551626644795494
 20
11.2152445046898
 30
0.0
 40
0.01
  1

  7
WD
100
AcDbAttribute
280
     0
  2
X1LINK
 70
     0
280
     0
  0
ATTRIB
  5
EFEF
330
EFE9
100
AcDbEntity
  8
MISC
  6
Continuous
100
AcDbText
 10
4.318019753245156
 20
11.27778378791266
 30
0.0
 40
0.01
  1

  7
WD
 72
     1
 11
4.318019753245156
 21
11.27778378791266
 31
0.0
100
AcDbAttribute
280
     0
  2
MFG
 70
     9
280
     0
  0
ATTRIB
  5
EFF0
330
EFE9
100
AcDbEntity
  8
MISC
  6
Continuous
100
AcDbText
 10
4.31996479888507
 20
11.29722554162011
 30
0.0
 40
0.01
  1

  7
WD
 72
     1
 11
4.31996479888507
 21
11.29722554162011
 31
0.0
100
AcDbAttribute
280
     0
  2
CAT
 70
     9
280
     0
  0
ATTRIB
  5
EFF1
330
EFE9
100
AcDbEntity
  8
MISC
100
AcDbText
 10
4.294911532946716
 20
11.34140195747987
 30
0.0
 40
0.01
  1
PJ
  7
WD
100
AcDbAttribute
280
     0
  2
FAMILY
 70
     9
280
     0
  0
ATTRIB
  5
EFF2
330
EFE9
100
AcDbEntity
  8
MISC
100
AcDbText
 10
4.426626644795494
 20
11.1839945046898
 30
0.0
 40
0.0125
  1

  7
WD
100
AcDbAttribute
280
     0
  2
X8TERM02
 70
     1
280
     0
  0
ATTRIB
  5
EFF3
330
EFE9
100
AcDbEntity
  8
MISC
100
AcDbText
 10
4.426626644795494
 20
11.3402445046898
 30
0.0
 40
0.0125
  1

  7
WD
100
AcDbAttribute
280
     0
  2
X2TERM01
 70
     1
280
     0
  0
ATTRIB
  5
EFF4
330
EFE9
100
AcDbEntity
  8
DESC
100
AcDbText
 10
4.645376644795494
 20
10.6683695046898
 30
0.0
 40
0.125
  1

 41
0.85
  7
WD
100
AcDbAttribute
280
     0
  2
DESC3
 70
     0
280
     0
  0
ATTRIB
  5
EFF5
330
EFE9
100
AcDbEntity
  8
LOC
100
AcDbText
 10
4.645376644795494
 20
11.3558695046898
 30
0.0
 40
0.125
  1

 41
0.85
  7
WD
100
AcDbAttribute
280
     0
  2
LOC
 70
     0
280
     0
  0
ATTRIB
  5
EFF6
330
EFE9
100
AcDbEntity
  8
TAGS
100
AcDbText
 10
4.647318082768567
 20
11.18586950468985
 30
0.0
 40
0.125
  1
051PJ?2
 41
0.85
  7
WD
100
AcDbAttribute
280
     0
  2
TAG1
 70
     1
280
     0
  0
ATTRIB
  5
EFF7
330
EFE9
100
AcDbEntity
  8
DESC
100
AcDbText
 10
4.645376644795494
 20
11.0121195046898
 30
0.0
 40
0.125
  1

 41
0.85
  7
WD
100
AcDbAttribute
280
     0
  2
DESC1
 70
     0
280
     0
  0
ATTRIB
  5
EFF8
330
EFE9
100
AcDbEntity
  8
DESC
100
AcDbText
 10
4.645376644795494
 20
10.8402445046898
 30
0.0
 40
0.125
  1

 41
0.85
  7
WD
100
AcDbAttribute
280
     0
  2
DESC2
 70
     0
280
     0
  0
ATTRIB
  5
EFF9
330
EFE9
100
AcDbEntity
  8
LOC
100
AcDbText
 10
4.645376644795494
 20
11.5277445046898
 30
0.0
 40
0.125
  1

 41
0.85
  7
WD
100
AcDbAttribute
280
     0
  2
INST
 70
     0
280
     0
  0
ATTRIB
  5
EFFA
330
EFE9
100
AcDbEntity
  8
TERMS
  6
Continuous
100
AcDbText
 10
4.385925423187497
 20
11.0017974740388
 30
0.0
 40
0.125
  1

 41
0.85
  7
WD
 72
     2
 11
4.385925423187497
 21
11.1267974740388
 31
0.0
100
AcDbAttribute
280
     0
  2
TERM02
 70
     8
 74
     3
280
     0
1001
N8SOL-TLINK
1002
{
1000
2,
1002
}
1001
RE-TLINK
1002
{
1000
2,
1002
}
  0
ATTRIB
  5
EFFB
330
EFE9
100
AcDbEntity
  8
TERMS
  6
Continuous
100
AcDbText
 10
4.371656265639838
 20
11.39062112069472
 30
0.0
 40
0.125
  1

 41
0.85
  7
WD
 72
     2
 11
4.371656265639838
 21
11.39062112069472
 31
0.0
100
AcDbAttribute
280
     0
  2
TERM01
 70
     8
280
     0
1001
N8SOL-TLINK
1002
{
1000
1,
1002
}
1001
RE-TLINK
1002
{
1000
1,
1002
}
  0
ATTRIB
  5
EFFC
330
EFE9
100
AcDbEntity
  8
MISC
100
AcDbText
 10
4.266593059135818
 20
11.17138262192924
 30
0.0
 40
0.01
  1

  7
WD
 72
     2
 11
4.266593059135818
 21
11.17138262192924
 31
0.0
100
AcDbAttribute
280
     0
  2
WDBLKNAM
 70
     9
280
     0
  0
ATTRIB
  5
EFFD
330
EFE9
100
AcDbEntity
  8
MISC
 62
     7
100
AcDbText
 10
4.189127303233778
 20
11.1971167003056
 30
0.0
 40
0.01
  1
1-
  7
WD
100
AcDbAttribute
280
     0
  2
WDTYPE
 70
     1
280
     0
  0
SEQEND
  5
EFFE
330
EFE9
100
AcDbEntity
  8
SYMS
 62
     7
 48
0.2
  0
INSERT
  5
EFFF
330
1F
100
AcDbEntity
  8
SYMS
 62
     7
 48
0.2
100
AcDbBlockReference
 66
     1
  2
VC01PJ_1-
 10
4.426626644795494
 20
9.677483182970842
 30
0.0
 50
180.0
1001
VIA_WD_MAXTYPE4
1002
{
1000

1002
}
1001
VIA_WD_BASETAG
1002
{
1000
051PJ?2
1002
}
  0
ATTRIB
  5
F000
330
EFFF
100
AcDbEntity
  8
MISC
100
AcDbText
 10
4.413553717900509
 20
9.792123310229339
 30
0.0
 40
0.01
  1
P
 50
180.0
  7
WD
100
AcDbAttribute
280
     0
  2
X8TERMDESC02
 70
     1
280
     0
  0
ATTRIB
  5
F001
330
EFFF
100
AcDbEntity
  8
MISC
100
AcDbText
 10
4.400480780296437
 20
9.635873315200147
 30
0.0
 40
0.01
  1
J
 50
180.0
  7
WD
100
AcDbAttribute
280
     0
  2
X2TERMDESC01
 70
     1
280
     0
  0
ATTRIB
  5
F002
330
EFFF
100
AcDbEntity
  8
MISC
  6
Continuous
100
AcDbText
 10
4.535701908423067
 20
9.691426665134997
 30
0.0
 40
0.01
  1

 50
180.0
  7
WD
 72
     1
 11
4.535701908423067
 21
9.691426665134997
 31
0.0
100
AcDbAttribute
280
     0
  2
ASSYCODE
 70
     9
280
     0
  0
ATTRIB
  5
F003
330
EFFF
100
AcDbEntity
  8
MISC
100
AcDbText
 10
4.551626644795494
 20
9.739983182970842
 30
0.0
 40
0.01
  1

 50
180.0
  7
WD
100
AcDbAttribute
280
     0
  2
X4LINK
 70
     0
280
     0
  0
ATTRIB
  5
F004
330
EFFF
100
AcDbEntity
  8
MISC
100
AcDbText
 10
4.301626644795494
 20
9.739983182970842
 30
0.0
 40
0.01
  1

 50
180.0
  7
WD
100
AcDbAttribute
280
     0
  2
X1LINK
 70
     0
280
     0
  0
ATTRIB
  5
F005
330
EFFF
100
AcDbEntity
  8
MISC
  6
Continuous
100
AcDbText
 10
4.535233536345831
 20
9.677443899747988
 30
0.0
 40
0.01
  1

 50
180.0
  7
WD
 72
     1
 11
4.535233536345831
 21
9.677443899747988
 31
0.0
100
AcDbAttribute
280
     0
  2
MFG
 70
     9
280
     0
  0
ATTRIB
  5
F006
330
EFFF
100
AcDbEntity
  8
MISC
  6
Continuous
100
AcDbText
 10
4.533288490705917
 20
9.658002146040537
 30
0.0
 40
0.01
  1

 50
180.0
  7
WD
 72
     1
 11
4.533288490705917
 21
9.658002146040537
 31
0.0
100
AcDbAttribute
280
     0
  2
CAT
 70
     9
280
     0
  0
ATTRIB
  5
F007
330
EFFF
100
AcDbEntity
  8
MISC
100
AcDbText
 10
4.558341756644271
 20
9.613825730180774
 30
0.0
 40
0.01
  1
PJ
 50
180.0
  7
WD
100
AcDbAttribute
280
     0
  2
FAMILY
 70
     9
280
     0
  0
ATTRIB
  5
F008
330
EFFF
100
AcDbEntity
  8
MISC
100
AcDbText
 10
4.426626644795494
 20
9.771233182970842
 30
0.0
 40
0.0125
  1

 50
180.0
  7
WD
100
AcDbAttribute
280
     0
  2
X8TERM02
 70
     1
280
     0
  0
ATTRIB
  5
F009
330
EFFF
100
AcDbEntity
  8
MISC
100
AcDbText
 10
4.426626644795494
 20
9.614983182970842
 30
0.0
 40
0.0125
  1

 50
180.0
  7
WD
100
AcDbAttribute
280
     0
  2
X2TERM01
 70
     1
280
     0
  0
ATTRIB
  5
F00A
330
EFFF
100
AcDbEntity
  8
DESC
100
AcDbText
 10
4.207876644795494
 20
10.28685818297084
 30
0.0
 40
0.125
  1

 50
180.0
 41
0.85
  7
WD
100
AcDbAttribute
280
     0
  2
DESC3
 70
     0
280
     0
  0
ATTRIB
  5
F00B
330
EFFF
100
AcDbEntity
  8
LOC
100
AcDbText
 10
4.207876644795494
 20
9.599358182970842
 30
0.0
 40
0.125
  1

 50
180.0
 41
0.85
  7
WD
100
AcDbAttribute
280
     0
  2
LOC
 70
     0
280
     0
  0
ATTRIB
  5
F00C
330
EFFF
100
AcDbEntity
  8
TAGS
100
AcDbText
 10
4.20593520682242
 20
9.769358182970794
 30
0.0
 40
0.125
  1
051PJ?2
 50
180.0
 41
0.85
  7
WD
100
AcDbAttribute
280
     0
  2
TAG1
 70
     1
280
     0
  0
ATTRIB
  5
F00D
330
EFFF
100
AcDbEntity
  8
DESC
100
AcDbText
 10
4.207876644795494
 20
9.943108182970842
 30
0.0
 40
0.125
  1

 50
180.0
 41
0.85
  7
WD
100
AcDbAttribute
280
     0
  2
DESC1
 70
     0
280
     0
  0
ATTRIB
  5
F00E
330
EFFF
100
AcDbEntity
  8
DESC
100
AcDbText
 10
4.207876644795494
 20
10.11498318297084
 30
0.0
 40
0.125
  1

 50
180.0
 41
0.85
  7
WD
100
AcDbAttribute
280
     0
  2
DESC2
 70
     0
280
     0
  0
ATTRIB
  5
F00F
330
EFFF
100
AcDbEntity
  8
LOC
100
AcDbText
 10
4.207876644795494
 20
9.427483182970842
 30
0.0
 40
0.125
  1

 50
180.0
 41
0.85
  7
WD
100
AcDbAttribute
280
     0
  2
INST
 70
     0
280
     0
  0
ATTRIB
  5
F010
330
EFFF
100
AcDbEntity
  8
TERMS
  6
Continuous
100
AcDbText
 10
4.46732786640349
 20
9.953430213621839
 30
0.0
 40
0.125
  1

 50
180.0
 41
0.85
  7
WD
 72
     2
 11
4.46732786640349
 21
9.828430213621839
 31
0.0
100
AcDbAttribute
280
     0
  2
TERM02
 70
     8
 74
     3
280
     0
1001
N8SOL-TLINK
1002
{
1000
2,
1002
}
1001
RE-TLINK
1002
{
1000
2,
1002
}
  0
ATTRIB
  5
F011
330
EFFF
100
AcDbEntity
  8
TERMS
  6
Continuous
100
AcDbText
 10
4.481597023951149
 20
9.56460656696592
 30
0.0
 40
0.125
  1

 50
180.0
 41
0.85
  7
WD
 72
     2
 11
4.481597023951149
 21
9.56460656696592
 31
0.0
100
AcDbAttribute
280
     0
  2
TERM01
 70
     8
280
     0
1001
N8SOL-TLINK
1002
{
1000
1,
1002
}
1001
RE-TLINK
1002
{
1000
1,
1002
}
  0
ATTRIB
  5
F012
330
EFFF
100
AcDbEntity
  8
MISC
100
AcDbText
 10
4.586660230455169
 20
9.783845065731398
 30
0.0
 40
0.01
  1

 50
180.0
  7
WD
 72
     2
 11
4.586660230455169
 21
9.783845065731398
 31
0.0
100
AcDbAttribute
280
     0
  2
WDBLKNAM
 70
     9
280
     0
  0
ATTRIB
  5
F013
330
EFFF
100
AcDbEntity
  8
MISC
 62
     7
100
AcDbText
 10
4.664125986357209
 20
9.758110987355046
 30
0.0
 40
0.01
  1
1-
 50
180.0
  7
WD
100
AcDbAttribute
280
     0
  2
WDTYPE
 70
     1
280
     0
  0
SEQEND
  5
F014
330
EFFF
100
AcDbEntity
  8
SYMS
 62
     7
 48
0.2
  0
LWPOLYLINE
  5
F015
330
1F
100
AcDbEntity
  8
0
 62
     7
 48
0.2
100
AcDbPolyline
 90
        4
 70
     1
 43
0.0
 10
4.145313068766281
 20
10.98920986278013
 10
4.707940220824706
 20
10.98920986278013
 10
4.707940220824706
 20
9.981458519727668
 10
4.145313068766281
 20
9.981458519727668
  0
LINE
  5
F016
330
1F
100
AcDbEntity
  8
0
 62
     7
 48
0.2
100
AcDbLine
 10
4.426626644795494
 20
10.98920986278013
 30
0.0
 11
4.426626644795494
 21
11.1839945046898
 31
0.0
  0
LINE
  5
F017
330
1F
100
AcDbEntity
  8
0
 62
     7
 48
0.2
100
AcDbLine
 10
4.426626644795494
 20
9.771233182970842
 30
0.0
 11
4.426626644795494
 21
9.981458519727668
 31
0.0
  0
MTEXT
  5
F018
330
1F
100
AcDbEntity
  8
0
 62
     7
 48
0.2
100
AcDbMText
 10
6.961935017761934
 20
11.11210948052647
 30
0.0
 40
0.125
 41
2.03605245080844
 46
0.0
 71
     3
 72
     5
  1
\pxr1,ql;BUS\P\PGEN BREAKER\P52-GEN6\P\PLINE
 73
     1
 44
1.0
101
Embedded Object
 70
     3
 10
1.0
 20
0.0
 30
0.0
 11
6.961935017761934
 21
11.11210948052647
 31
0.0
 40
2.03605245080844
 41
0.0
 42
1.291666666666666
 43
1.166666666666666
 71
     2
 72
     1
 44
2.03605245080844
 45
0.625
 73
     0
 74
     0
 46
0.0
  0
MTEXT
  5
F019
330
1F
100
AcDbEntity
  8
0
 62
     7
 48
0.2
100
AcDbMText
 10
4.161960089225804
 20
10.80465887060848
 30
0.0
 40
0.15
 41
0.8839178222495576
 46
0.0
 71
     3
 72
     5
  1
\pxr1,qc;4.76KV\P1200A\P50KA
 73
     1
 44
1.0
101
Embedded Object
 70
     3
 10
1.0
 20
0.0
 30
0.0
 11
4.161960089225804
 21
10.80465887060848
 31
0.0
 40
0.8839178222495576
 41
0.0
 42
0.75
 43
0.65
 71
     2
 72
     1
 44
0.8839178222495576
 45
0.625
 73
     0
 74
     0
 46
0.0
  0
LINE
  5
F021
330
1F
100
AcDbEntity
  8
0
 62
     7
 48
0.2
100
AcDbLine
 10
5.018526301168101
 20
9.187422392949549
 30
0.0
 11
2.833857111138101
 21
9.187422392949551
 31
0.0
  0
MTEXT
  5
F022
330
1F
100
AcDbEntity
  8
0
 62
     7
 48
0.2
100
AcDbMText
 10
4.456577499917418
 20
8.913042422745064
 30
0.0
 40
0.125
 41
1.233233255170432
 46
0.0
 71
     3
 72
     5
  1
\pxr1,qc;(3) CTS\P1/%%C\P600:5A
 73
     1
 44
1.0
101
Embedded Object
 70
     3
 10
1.0
 20
0.0
 30
0.0
 11
4.456577499917418
 21
8.913042422745064
 31
0.0
 40
1.233233255170432
 41
0.0
 42
0.7083333333333333
 43
0.5892857142857144
 71
     2
 72
     1
 44
1.233233255170432
 45
0.625
 73
     0
 74
     0
 46
0.0
  0
INSERT
  5
F023
330
1F
100
AcDbEntity
  8
0
100
AcDbBlockReference
  2
1LCT1A
 10
4.424767503848823
 20
8.795690759195853
 30
0.0
 41
-0.9996
 42
0.9996
 43
0.9996
 50
180.0
  0
LINE
  5
F024
330
1F
100
AcDbEntity
  8
0
 62
     7
 48
0.2
100
AcDbLine
 10
5.018526301168101
 20
9.187422392949549
 30
0.0
 11
5.018526301168101
 21
8.721029239980373
 31
0.0
  0
LINE
  5
F025
330
1F
100
AcDbEntity
  8
0
 62
     7
 48
0.2
100
AcDbLine
 10
5.018526301168101
 20
8.721029239980373
 30
0.0
 11
4.737142503848822
 21
8.721029239980373
 31
0.0
  0
LWPOLYLINE
  5
F026
330
1F
100
AcDbEntity
  8
0
 62
     7
 48
0.2
100
AcDbPolyline
 90
        2
 70
     0
 10
4.424565592850501
 20
7.705979256040077
 40
0.0
 41
0.125
 10
4.674565592850501
 20
7.705979256040077
 40
0.125
 41
0.125
  0
MTEXT
  5
F027
330
1F
100
AcDbEntity
  8
0
 62
     7
 48
0.2
100
AcDbMText
 10
6.268974493498237
 20
7.867373340029274
 30
0.0
 40
0.125
 41
1.233233255170432
 46
0.0
 71
     3
 72
     5
  1
\pxr1,qc;350kcmil\P(1)/%%C
 73
     1
 44
1.0
101
Embedded Object
 70
     3
 10
1.0
 20
0.0
 30
0.0
 11
6.268974493498237
 21
7.867373340029274
 31
0.0
 40
1.233233255170432
 41
0.0
 42
0.7976190476190479
 43
0.3988095238095238
 71
     2
 72
     1
 44
1.233233255170432
 45
0.625
 73
     0
 74
     0
 46
0.0
  0
LINE
  5
F028
330
1F
100
AcDbEntity
  8
0
 62
     7
 48
0.2
100
AcDbLine
 10
5.16562332574567
 20
7.705979256040077
 30
0.0
 11
4.674565592850501
 21
7.705979256040077
 31
0.0
  0
TEXT
  5
F029
330
1F
100
AcDbEntity
  8
0
 62
     7
 48
0.2
100
AcDbText
 10
3.882174204121805
 20
15.68709049808719
 30
0.0
 40
0.0932
  1
25
 72
     1
 11
3.97093610888371
 21
15.68709049808719
 31
0.0
100
AcDbText
  0
TEXT
  5
F02A
330
1F
100
AcDbEntity
  8
0
 62
     7
 48
0.2
100
AcDbText
 10
4.188117010872055
 20
15.68709049808719
 30
0.0
 40
0.0932
  1
50P
 72
     1
 11
4.32347891563396
 21
15.68709049808719
 31
0.0
100
AcDbText
  0
TEXT
  5
F02B
330
1F
100
AcDbEntity
  8
0
 62
     7
 48
0.2
100
AcDbText
 10
4.578636532029783
 20
15.68709049808719
 30
0.0
 40
0.0932
  1
51P
 72
     1
 11
4.713998436791688
 21
15.68709049808719
 31
0.0
100
AcDbText
  0
CIRCLE
  5
F02C
330
1F
100
AcDbEntity
  8
0
 62
     7
 48
0.2
100
AcDbCircle
 10
3.968443000324968
 20
15.7378912487245
 30
0.0
 40
0.1378642997044182
  0
CIRCLE
  5
F02D
330
1F
100
AcDbEntity
  8
0
 62
     7
 48
0.2
100
AcDbCircle
 10
4.321792484704162
 20
15.7378912487245
 30
0.0
 40
0.1378642997044182
  0
CIRCLE
  5
F02E
330
1F
100
AcDbEntity
  8
0
 62
     7
 48
0.2
100
AcDbCircle
 10
4.713373270023653
 20
15.7378912487245
 30
0.0
 40
0.1378642997044182
  0
TEXT
  5
F02F
330
1F
100
AcDbEntity
  8
0
 62
     7
 48
0.2
100
AcDbText
 10
4.188117010872055
 20
15.31707802959433
 30
0.0
 40
0.0932
  1
50G
 72
     1
 11
4.32347891563396
 21
15.31707802959433
 31
0.0
100
AcDbText
  0
TEXT
  5
F030
330
1F
100
AcDbEntity
  8
0
 62
     7
 48
0.2
100
AcDbText
 10
4.578636532029783
 20
15.31707802959433
 30
0.0
 40
0.0932
  1
51G
 72
     1
 11
4.713998436791688
 21
15.31707802959433
 31
0.0
100
AcDbText
  0
CIRCLE
  5
F031
330
1F
100
AcDbEntity
  8
0
 62
     7
 48
0.2
100
AcDbCircle
 10
4.321792484704162
 20
15.36787878023164
 30
0.0
 40
0.1378642997044182
  0
CIRCLE
  5
F032
330
1F
100
AcDbEntity
  8
0
 62
     7
 48
0.2
100
AcDbCircle
 10
4.713373270023653
 20
15.36787878023164
 30
0.0
 40
0.1378642997044182
  0
INSERT
  5
F045
330
1F
100
AcDbEntity
  8
BM
100
AcDbBlockReference
  2
CSHEXA
 10
2.397931220468152
 20
15.77969918467992
 30
0.0
  0
TEXT
  5
F046
330
1F
100
AcDbEntity
  8
0
 62
     7
 48
0.2
100
AcDbText
 10
2.329153096225983
 20
15.72194301026022
 30
0.0
 40
0.125
  1
N
 72
     1
 11
2.394629286702174
 21
15.72194301026022
 31
0.0
100
AcDbText
  0
INSERT
  5
F058
330
1F
100
AcDbEntity
  8
0
  6
Continuous
 62
     0
100
AcDbBlockReference
  2
WD1005
 10
8.951958401846685
 20
14.40576093548018
 30
0.0
 41
-1.0
 50
180.0
  0
LINE
  5
F05A
330
1F
100
AcDbEntity
  8
0
 62
     7
 48
0.2
100
AcDbLine
 10
4.426197585509573
 20
14.40576093548018
 30
0.0
 11
4.426197585509572
 21
14.89308608847658
 31
0.0
  0
MTEXT
  5
F05B
330
1F
100
AcDbEntity
  8
0
 62
     7
 48
0.2
100
AcDbMText
 10
3.344714036564263
 20
16.71209518050337
 30
0.0
 40
0.0932
 41
2.103997179888109
 46
0.0
 71
     1
 72
     5
  1
\pxqc;LINE VOLTAGE REFERENCE\PFROM INNIO PTs
 73
     1
 44
1.0
101
Embedded Object
 70
     1
 10
1.0
 20
0.0
 30
0.0
 11
3.344714036564263
 21
16.71209518050337
 31
0.0
 40
2.103997179888109
 41
0.0
 42
1.828495238095237
 43
0.2485333333333334
 71
     2
 72
     1
 44
2.103997179888109
 45
0.625
 73
     0
 74
     0
 46
0.0
  0
INSERT
  5
F05C
330
1F
100
AcDbEntity
  8
BM
100
AcDbBlockReference
  2
CSHEXA
 10
31.83233831863495
 20
5.512913186838506
 30
0.0
  0
TEXT
  5
F05D
330
1F
100
AcDbEntity
  8
0
 62
     7
 48
0.2
100
AcDbText
 10
31.70165914795788
 20
5.470117516690322
 30
0.0
 40
0.0932
  1
354
 72
     1
 11
31.83702105271978
 21
5.470117516690322
 31
0.0
100
AcDbText
  0
LINE
  5
F05E
330
1F
100
AcDbEntity
  8
0
 62
     7
 48
0.2
100
AcDbLine
 10
4.426197585509571
 20
15.90419033647393
 30
0.0
 11
4.426197585509571
 21
16.29839842207148
 31
0.0
  0
LWPOLYLINE
  5
F05F
330
1F
100
AcDbEntity
  8
0
 62
     7
 48
0.2
100
AcDbPolyline
 90
        2
 70
     0
 10
8.950326409187614
 20
6.694633496129323
 40
0.0
 41
0.125
 10
8.950326409187614
 20
6.444633496129323
 40
0.125
 41
0.125
  0
LINE
  5
F060
330
1F
100
AcDbEntity
  8
WIRES
 62
     7
 48
0.2
100
AcDbLine
 10
8.952049806413072
 20
13.59370445658206
 30
0.0
 11
8.952387461132605
 21
11.3402445046898
 31
0.0
  0
TEXT
  5
F061
330
1F
100
AcDbEntity
  8
0
 62
     7
 48
0.2
100
AcDbText
 10
7.229725187723684
 20
15.00078147264408
 30
0.0
 40
0.125
  1
SEL-751
 72
     1
 11
7.634487092485589
 21
15.00078147264408
 31
0.0
100
AcDbText
  0
LWPOLYLINE
  5
F062
330
1F
100
AcDbEntity
  8
0
 62
     7
 48
0.2
100
AcDbPolyline
 90
        5
 70
     0
 43
0.0
 10
7.137747544585001
 20
15.90419033647393
 10
9.425452036486902
 20
15.90419033647393
 10
9.425452036486902
 20
14.89308608847658
 10
7.137747544585001
 20
14.89308608847658
 10
7.137747544585001
 20
15.90419033647393
  0
LINE
  5
F063
330
1F
100
AcDbEntity
  8
0
 62
     7
 48
0.2
100
AcDbLine
 10
7.359617927475213
 20
14.89308608847658
 30
0.0
 11
7.359617927475213
 21
9.187422392949551
 31
0.0
  0
LINE
  5
F064
330
1F
100
AcDbEntity
  8
0
 62
     7
 48
0.2
100
AcDbLine
 10
8.950638723776471
 20
9.614983182970842
 30
0.0
 11
8.95045066572753
 21
7.705979256040077
 31
0.0
  0
INSERT
  5
F066
330
1F
100
AcDbEntity
  8
SYMS
 62
     7
 48
0.2
100
AcDbBlockReference
 66
     1
  2
VC01PJ_1-
 10
8.952387461132605
 20
11.2777445046898
 30
0.0
1001
VIA_WD_MAXTYPE4
1002
{
1000

1002
}
1001
VIA_WD_BASETAG
1002
{
1000
051PJ?2
1002
}
  0
ATTRIB
  5
F067
330
F066
100
AcDbEntity
  8
MISC
100
AcDbText
 10
8.96546038802759
 20
11.1631043774313
 30
0.0
 40
0.01
  1
P
  7
WD
100
AcDbAttribute
280
     0
  2
X8TERMDESC02
 70
     1
280
     0
  0
ATTRIB
  5
F068
330
F066
100
AcDbEntity
  8
MISC
100
AcDbText
 10
8.978533325631662
 20
11.3193543724605
 30
0.0
 40
0.01
  1
J
  7
WD
100
AcDbAttribute
280
     0
  2
X2TERMDESC01
 70
     1
280
     0
  0
ATTRIB
  5
F069
330
F066
100
AcDbEntity
  8
MISC
  6
Continuous
100
AcDbText
 10
8.843312197505031
 20
11.26380102252565
 30
0.0
 40
0.01
  1

  7
WD
 72
     1
 11
8.843312197505031
 21
11.26380102252565
 31
0.0
100
AcDbAttribute
280
     0
  2
ASSYCODE
 70
     9
280
     0
  0
ATTRIB
  5
F06A
330
F066
100
AcDbEntity
  8
MISC
100
AcDbText
 10
8.827387461132605
 20
11.2152445046898
 30
0.0
 40
0.01
  1

  7
WD
100
AcDbAttribute
280
     0
  2
X4LINK
 70
     0
280
     0
  0
ATTRIB
  5
F06B
330
F066
100
AcDbEntity
  8
MISC
100
AcDbText
 10
9.077387461132605
 20
11.2152445046898
 30
0.0
 40
0.01
  1

  7
WD
100
AcDbAttribute
280
     0
  2
X1LINK
 70
     0
280
     0
  0
ATTRIB
  5
F06C
330
F066
100
AcDbEntity
  8
MISC
  6
Continuous
100
AcDbText
 10
8.843780569582268
 20
11.27778378791266
 30
0.0
 40
0.01
  1

  7
WD
 72
     1
 11
8.843780569582268
 21
11.27778378791266
 31
0.0
100
AcDbAttribute
280
     0
  2
MFG
 70
     9
280
     0
  0
ATTRIB
  5
F06D
330
F066
100
AcDbEntity
  8
MISC
  6
Continuous
100
AcDbText
 10
8.845725615222182
 20
11.29722554162011
 30
0.0
 40
0.01
  1

  7
WD
 72
     1
 11
8.845725615222182
 21
11.29722554162011
 31
0.0
100
AcDbAttribute
280
     0
  2
CAT
 70
     9
280
     0
  0
ATTRIB
  5
F06E
330
F066
100
AcDbEntity
  8
MISC
100
AcDbText
 10
8.820672349283828
 20
11.34140195747987
 30
0.0
 40
0.01
  1
PJ
  7
WD
100
AcDbAttribute
280
     0
  2
FAMILY
 70
     9
280
     0
  0
ATTRIB
  5
F06F
330
F066
100
AcDbEntity
  8
MISC
100
AcDbText
 10
8.952387461132605
 20
11.1839945046898
 30
0.0
 40
0.0125
  1

  7
WD
100
AcDbAttribute
280
     0
  2
X8TERM02
 70
     1
280
     0
  0
ATTRIB
  5
F070
330
F066
100
AcDbEntity
  8
MISC
100
AcDbText
 10
8.952387461132605
 20
11.3402445046898
 30
0.0
 40
0.0125
  1

  7
WD
100
AcDbAttribute
280
     0
  2
X2TERM01
 70
     1
280
     0
  0
ATTRIB
  5
F071
330
F066
100
AcDbEntity
  8
DESC
100
AcDbText
 10
9.171137461132605
 20
10.6683695046898
 30
0.0
 40
0.125
  1

 41
0.85
  7
WD
100
AcDbAttribute
280
     0
  2
DESC3
 70
     0
280
     0
  0
ATTRIB
  5
F072
330
F066
100
AcDbEntity
  8
LOC
100
AcDbText
 10
9.171137461132605
 20
11.3558695046898
 30
0.0
 40
0.125
  1

 41
0.85
  7
WD
100
AcDbAttribute
280
     0
  2
LOC
 70
     0
280
     0
  0
ATTRIB
  5
F073
330
F066
100
AcDbEntity
  8
TAGS
100
AcDbText
 10
9.173078899105679
 20
11.18586950468985
 30
0.0
 40
0.125
  1
051PJ?2
 41
0.85
  7
WD
100
AcDbAttribute
280
     0
  2
TAG1
 70
     1
280
     0
  0
ATTRIB
  5
F074
330
F066
100
AcDbEntity
  8
DESC
100
AcDbText
 10
9.171137461132605
 20
11.0121195046898
 30
0.0
 40
0.125
  1

 41
0.85
  7
WD
100
AcDbAttribute
280
     0
  2
DESC1
 70
     0
280
     0
  0
ATTRIB
  5
F075
330
F066
100
AcDbEntity
  8
DESC
100
AcDbText
 10
9.171137461132605
 20
10.8402445046898
 30
0.0
 40
0.125
  1

 41
0.85
  7
WD
100
AcDbAttribute
280
     0
  2
DESC2
 70
     0
280
     0
  0
ATTRIB
  5
F076
330
F066
100
AcDbEntity
  8
LOC
100
AcDbText
 10
9.171137461132605
 20
11.5277445046898
 30
0.0
 40
0.125
  1

 41
0.85
  7
WD
100
AcDbAttribute
280
     0
  2
INST
 70
     0
280
     0
  0
ATTRIB
  5
F077
330
F066
100
AcDbEntity
  8
TERMS
  6
Continuous
100
AcDbText
 10
8.911686239524609
 20
11.0017974740388
 30
0.0
 40
0.125
  1

 41
0.85
  7
WD
 72
     2
 11
8.911686239524609
 21
11.1267974740388
 31
0.0
100
AcDbAttribute
280
     0
  2
TERM02
 70
     8
 74
     3
280
     0
1001
N8SOL-TLINK
1002
{
1000
2,
1002
}
1001
RE-TLINK
1002
{
1000
2,
1002
}
  0
ATTRIB
  5
F078
330
F066
100
AcDbEntity
  8
TERMS
  6
Continuous
100
AcDbText
 10
8.89741708197695
 20
11.39062112069472
 30
0.0
 40
0.125
  1

 41
0.85
  7
WD
 72
     2
 11
8.89741708197695
 21
11.39062112069472
 31
0.0
100
AcDbAttribute
280
     0
  2
TERM01
 70
     8
280
     0
1001
N8SOL-TLINK
1002
{
1000
1,
1002
}
1001
RE-TLINK
1002
{
1000
1,
1002
}
  0
ATTRIB
  5
F079
330
F066
100
AcDbEntity
  8
MISC
100
AcDbText
 10
8.79235387547293
 20
11.17138262192924
 30
0.0
 40
0.01
  1

  7
WD
 72
     2
 11
8.79235387547293
 21
11.17138262192924
 31
0.0
100
AcDbAttribute
280
     0
  2
WDBLKNAM
 70
     9
280
     0
  0
ATTRIB
  5
F07A
330
F066
100
AcDbEntity
  8
MISC
 62
     7
100
AcDbText
 10
8.71488811957089
 20
11.1971167003056
 30
0.0
 40
0.01
  1
1-
  7
WD
100
AcDbAttribute
280
     0
  2
WDTYPE
 70
     1
280
     0
  0
SEQEND
  5
F07B
330
F066
100
AcDbEntity
  8
SYMS
 62
     7
 48
0.2
  0
INSERT
  5
F07C
330
1F
100
AcDbEntity
  8
SYMS
 62
     7
 48
0.2
100
AcDbBlockReference
 66
     1
  2
VC01PJ_1-
 10
8.952387461132605
 20
9.677483182970842
 30
0.0
 50
180.0
1001
VIA_WD_MAXTYPE4
1002
{
1000

1002
}
1001
VIA_WD_BASETAG
1002
{
1000
051PJ?2
1002
}
  0
ATTRIB
  5
F07D
330
F07C
100
AcDbEntity
  8
MISC
100
AcDbText
 10
8.93931453423762
 20
9.792123310229339
 30
0.0
 40
0.01
  1
P
 50
180.0
  7
WD
100
AcDbAttribute
280
     0
  2
X8TERMDESC02
 70
     1
280
     0
  0
ATTRIB
  5
F07E
330
F07C
100
AcDbEntity
  8
MISC
100
AcDbText
 10
8.926241596633548
 20
9.635873315200147
 30
0.0
 40
0.01
  1
J
 50
180.0
  7
WD
100
AcDbAttribute
280
     0
  2
X2TERMDESC01
 70
     1
280
     0
  0
ATTRIB
  5
F07F
330
F07C
100
AcDbEntity
  8
MISC
  6
Continuous
100
AcDbText
 10
9.061462724760179
 20
9.691426665134997
 30
0.0
 40
0.01
  1

 50
180.0
  7
WD
 72
     1
 11
9.061462724760179
 21
9.691426665134997
 31
0.0
100
AcDbAttribute
280
     0
  2
ASSYCODE
 70
     9
280
     0
  0
ATTRIB
  5
F080
330
F07C
100
AcDbEntity
  8
MISC
100
AcDbText
 10
9.077387461132605
 20
9.739983182970842
 30
0.0
 40
0.01
  1

 50
180.0
  7
WD
100
AcDbAttribute
280
     0
  2
X4LINK
 70
     0
280
     0
  0
ATTRIB
  5
F081
330
F07C
100
AcDbEntity
  8
MISC
100
AcDbText
 10
8.827387461132605
 20
9.739983182970842
 30
0.0
 40
0.01
  1

 50
180.0
  7
WD
100
AcDbAttribute
280
     0
  2
X1LINK
 70
     0
280
     0
  0
ATTRIB
  5
F082
330
F07C
100
AcDbEntity
  8
MISC
  6
Continuous
100
AcDbText
 10
9.060994352682943
 20
9.677443899747988
 30
0.0
 40
0.01
  1

 50
180.0
  7
WD
 72
     1
 11
9.060994352682943
 21
9.677443899747988
 31
0.0
100
AcDbAttribute
280
     0
  2
MFG
 70
     9
280
     0
  0
ATTRIB
  5
F083
330
F07C
100
AcDbEntity
  8
MISC
  6
Continuous
100
AcDbText
 10
9.059049307043029
 20
9.658002146040537
 30
0.0
 40
0.01
  1

 50
180.0
  7
WD
 72
     1
 11
9.059049307043029
 21
9.658002146040537
 31
0.0
100
AcDbAttribute
280
     0
  2
CAT
 70
     9
280
     0
  0
ATTRIB
  5
F084
330
F07C
100
AcDbEntity
  8
MISC
100
AcDbText
 10
9.084102572981382
 20
9.613825730180774
 30
0.0
 40
0.01
  1
PJ
 50
180.0
  7
WD
100
AcDbAttribute
280
     0
  2
FAMILY
 70
     9
280
     0
  0
ATTRIB
  5
F085
330
F07C
100
AcDbEntity
  8
MISC
100
AcDbText
 10
8.952387461132605
 20
9.771233182970842
 30
0.0
 40
0.0125
  1

 50
180.0
  7
WD
100
AcDbAttribute
280
     0
  2
X8TERM02
 70
     1
280
     0
  0
ATTRIB
  5
F086
330
F07C
100
AcDbEntity
  8
MISC
100
AcDbText
 10
8.952387461132605
 20
9.614983182970842
 30
0.0
 40
0.0125
  1

 50
180.0
  7
WD
100
AcDbAttribute
280
     0
  2
X2TERM01
 70
     1
280
     0
  0
ATTRIB
  5
F087
330
F07C
100
AcDbEntity
  8
DESC
100
AcDbText
 10
8.733637461132605
 20
10.28685818297084
 30
0.0
 40
0.125
  1

 50
180.0
 41
0.85
  7
WD
100
AcDbAttribute
280
     0
  2
DESC3
 70
     0
280
     0
  0
ATTRIB
  5
F088
330
F07C
100
AcDbEntity
  8
LOC
100
AcDbText
 10
8.733637461132605
 20
9.599358182970842
 30
0.0
 40
0.125
  1

 50
180.0
 41
0.85
  7
WD
100
AcDbAttribute
280
     0
  2
LOC
 70
     0
280
     0
  0
ATTRIB
  5
F089
330
F07C
100
AcDbEntity
  8
TAGS
100
AcDbText
 10
8.731696023159532
 20
9.769358182970794
 30
0.0
 40
0.125
  1
051PJ?2
 50
180.0
 41
0.85
  7
WD
100
AcDbAttribute
280
     0
  2
TAG1
 70
     1
280
     0
  0
ATTRIB
  5
F08A
330
F07C
100
AcDbEntity
  8
DESC
100
AcDbText
 10
8.733637461132605
 20
9.943108182970842
 30
0.0
 40
0.125
  1

 50
180.0
 41
0.85
  7
WD
100
AcDbAttribute
280
     0
  2
DESC1
 70
     0
280
     0
  0
ATTRIB
  5
F08B
330
F07C
100
AcDbEntity
  8
DESC
100
AcDbText
 10
8.733637461132605
 20
10.11498318297084
 30
0.0
 40
0.125
  1

 50
180.0
 41
0.85
  7
WD
100
AcDbAttribute
280
     0
  2
DESC2
 70
     0
280
     0
  0
ATTRIB
  5
F08C
330
F07C
100
AcDbEntity
  8
LOC
100
AcDbText
 10
8.733637461132605
 20
9.427483182970842
 30
0.0
 40
0.125
  1

 50
180.0
 41
0.85
  7
WD
100
AcDbAttribute
280
     0
  2
INST
 70
     0
280
     0
  0
ATTRIB
  5
F08D
330
F07C
100
AcDbEntity
  8
TERMS
  6
Continuous
100
AcDbText
 10
8.993088682740602
 20
9.953430213621839
 30
0.0
 40
0.125
  1

 50
180.0
 41
0.85
  7
WD
 72
     2
 11
8.993088682740602
 21
9.828430213621839
 31
0.0
100
AcDbAttribute
280
     0
  2
TERM02
 70
     8
 74
     3
280
     0
1001
N8SOL-TLINK
1002
{
1000
2,
1002
}
1001
RE-TLINK
1002
{
1000
2,
1002
}
  0
ATTRIB
  5
F08E
330
F07C
100
AcDbEntity
  8
TERMS
  6
Continuous
100
AcDbText
 10
9.007357840288261
 20
9.56460656696592
 30
0.0
 40
0.125
  1

 50
180.0
 41
0.85
  7
WD
 72
     2
 11
9.007357840288261
 21
9.56460656696592
 31
0.0
100
AcDbAttribute
280
     0
  2
TERM01
 70
     8
280
     0
1001
N8SOL-TLINK
1002
{
1000
1,
1002
}
1001
RE-TLINK
1002
{
1000
1,
1002
}
  0
ATTRIB
  5
F08F
330
F07C
100
AcDbEntity
  8
MISC
100
AcDbText
 10
9.112421046792281
 20
9.783845065731398
 30
0.0
 40
0.01
  1

 50
180.0
  7
WD
 72
     2
 11
9.112421046792281
 21
9.783845065731398
 31
0.0
100
AcDbAttribute
280
     0
  2
WDBLKNAM
 70
     9
280
     0
  0
ATTRIB
  5
F090
330
F07C
100
AcDbEntity
  8
MISC
 62
     7
100
AcDbText
 10
9.189886802694321
 20
9.758110987355046
 30
0.0
 40
0.01
  1
1-
 50
180.0
  7
WD
100
AcDbAttribute
280
     0
  2
WDTYPE
 70
     1
280
     0
  0
SEQEND
  5
F091
330
F07C
100
AcDbEntity
  8
SYMS
 62
     7
 48
0.2
  0
LWPOLYLINE
  5
F092
330
1F
100
AcDbEntity
  8
0
 62
     7
 48
0.2
100
AcDbPolyline
 90
        4
 70
     1
 43
0.0
 10
8.671073885103393
 20
10.98920986278013
 10
9.233701037161818
 20
10.98920986278013
 10
9.233701037161818
 20
9.981458519727668
 10
8.671073885103393
 20
9.981458519727668
  0
LINE
  5
F093
330
1F
100
AcDbEntity
  8
0
 62
     7
 48
0.2
100
AcDbLine
 10
8.952387461132605
 20
10.98920986278013
 30
0.0
 11
8.952387461132605
 21
11.1839945046898
 31
0.0
  0
LINE
  5
F094
330
1F
100
AcDbEntity
  8
0
 62
     7
 48
0.2
100
AcDbLine
 10
8.952387461132605
 20
9.771233182970842
 30
0.0
 11
8.952387461132605
 21
9.981458519727668
 31
0.0
  0
MTEXT
  5
F095
330
1F
100
AcDbEntity
  8
0
 62
     7
 48
0.2
100
AcDbMText
 10
11.48769583409904
 20
11.11210948052647
 30
0.0
 40
0.125
 41
2.03605245080844
 46
0.0
 71
     3
 72
     5
  1
\pxr1,ql;BUS\P\PGEN BREAKER\P52-GEN7\P\PLINE
 73
     1
 44
1.0
101
Embedded Object
 70
     3
 10
1.0
 20
0.0
 30
0.0
 11
11.48769583409904
 21
11.11210948052647
 31
0.0
 40
2.03605245080844
 41
0.0
 42
1.291666666666666
 43
1.166666666666666
 71
     2
 72
     1
 44
2.03605245080844
 45
0.625
 73
     0
 74
     0
 46
0.0
  0
MTEXT
  5
F096
330
1F
100
AcDbEntity
  8
0
 62
     7
 48
0.2
100
AcDbMText
 10
8.687720905562915
 20
10.80465887060848
 30
0.0
 40
0.15
 41
0.8839178222495576
 46
0.0
 71
     3
 72
     5
  1
\pxr1,qc;4.76KV\P1200A\P50KA
 73
     1
 44
1.0
101
Embedded Object
 70
     3
 10
1.0
 20
0.0
 30
0.0
 11
8.687720905562915
 21
10.80465887060848
 31
0.0
 40
0.8839178222495576
 41
0.0
 42
0.75
 43
0.65
 71
     2
 72
     1
 44
0.8839178222495576
 45
0.625
 73
     0
 74
     0
 46
0.0
  0
LINE
  5
F097
330
1F
100
AcDbEntity
  8
0
 62
     7
 48
0.2
100
AcDbLine
 10
9.544287117505213
 20
9.187422392949549
 30
0.0
 11
7.359617927475213
 21
9.187422392949551
 31
0.0
  0
MTEXT
  5
F098
330
1F
100
AcDbEntity
  8
0
 62
     7
 48
0.2
100
AcDbMText
 10
8.98233831625453
 20
8.913042422745064
 30
0.0
 40
0.125
 41
1.233233255170432
 46
0.0
 71
     3
 72
     5
  1
\pxr1,qc;(3) CTS\P1/%%C\P600:5A
 73
     1
 44
1.0
101
Embedded Object
 70
     3
 10
1.0
 20
0.0
 30
0.0
 11
8.98233831625453
 21
8.913042422745064
 31
0.0
 40
1.233233255170432
 41
0.0
 42
0.7083333333333333
 43
0.5892857142857144
 71
     2
 72
     1
 44
1.233233255170432
 45
0.625
 73
     0
 74
     0
 46
0.0
  0
INSERT
  5
F099
330
1F
100
AcDbEntity
  8
0
100
AcDbBlockReference
  2
1LCT1A
 10
8.950528320185934
 20
8.795690759195853
 30
0.0
 41
-0.9996
 42
0.9996
 43
0.9996
 50
180.0
  0
LINE
  5
F09A
330
1F
100
AcDbEntity
  8
0
 62
     7
 48
0.2
100
AcDbLine
 10
9.544287117505213
 20
9.187422392949549
 30
0.0
 11
9.544287117505213
 21
8.721029239980373
 31
0.0
  0
LINE
  5
F09B
330
1F
100
AcDbEntity
  8
0
 62
     7
 48
0.2
100
AcDbLine
 10
9.544287117505213
 20
8.721029239980373
 30
0.0
 11
9.262903320185934
 21
8.721029239980373
 31
0.0
  0
LWPOLYLINE
  5
F09C
330
1F
100
AcDbEntity
  8
0
 62
     7
 48
0.2
100
AcDbPolyline
 90
        2
 70
     0
 10
8.950326409187614
 20
7.705979256040077
 40
0.0
 41
0.125
 10
9.200326409187614
 20
7.705979256040077
 40
0.125
 41
0.125
  0
MTEXT
  5
F09D
330
1F
100
AcDbEntity
  8
0
 62
     7
 48
0.2
100
AcDbMText
 10
10.79473530983535
 20
7.867373340029274
 30
0.0
 40
0.125
 41
1.233233255170432
 46
0.0
 71
     3
 72
     5
  1
\pxr1,qc;350kcmil\P(1)/%%C
 73
     1
 44
1.0
101
Embedded Object
 70
     3
 10
1.0
 20
0.0
 30
0.0
 11
10.79473530983535
 21
7.867373340029274
 31
0.0
 40
1.233233255170432
 41
0.0
 42
0.7976190476190479
 43
0.3988095238095238
 71
     2
 72
     1
 44
1.233233255170432
 45
0.625
 73
     0
 74
     0
 46
0.0
  0
LINE
  5
F09E
330
1F
100
AcDbEntity
  8
0
 62
     7
 48
0.2
100
AcDbLine
 10
9.691384142082782
 20
7.705979256040077
 30
0.0
 11
9.200326409187614
 21
7.705979256040077
 31
0.0
  0
TEXT
  5
F09F
330
1F
100
AcDbEntity
  8
0
 62
     7
 48
0.2
100
AcDbText
 10
8.407935020458916
 20
15.68709049808719
 30
0.0
 40
0.0932
  1
25
 72
     1
 11
8.49669692522082
 21
15.68709049808719
 31
0.0
100
AcDbText
  0
TEXT
  5
F0A0
330
1F
100
AcDbEntity
  8
0
 62
     7
 48
0.2
100
AcDbText
 10
8.713877827209167
 20
15.68709049808719
 30
0.0
 40
0.0932
  1
50P
 72
     1
 11
8.849239731971071
 21
15.68709049808719
 31
0.0
100
AcDbText
  0
TEXT
  5
F0A1
330
1F
100
AcDbEntity
  8
0
 62
     7
 48
0.2
100
AcDbText
 10
9.104397348366894
 20
15.68709049808719
 30
0.0
 40
0.0932
  1
51P
 72
     1
 11
9.239759253128799
 21
15.68709049808719
 31
0.0
100
AcDbText
  0
CIRCLE
  5
F0A2
330
1F
100
AcDbEntity
  8
0
 62
     7
 48
0.2
100
AcDbCircle
 10
8.494203816662079
 20
15.7378912487245
 30
0.0
 40
0.1378642997044182
  0
CIRCLE
  5
F0A3
330
1F
100
AcDbEntity
  8
0
 62
     7
 48
0.2
100
AcDbCircle
 10
8.847553301041273
 20
15.7378912487245
 30
0.0
 40
0.1378642997044182
  0
CIRCLE
  5
F0A4
330
1F
100
AcDbEntity
  8
0
 62
     7
 48
0.2
100
AcDbCircle
 10
9.239134086360763
 20
15.7378912487245
 30
0.0
 40
0.1378642997044182
  0
TEXT
  5
F0A5
330
1F
100
AcDbEntity
  8
0
 62
     7
 48
0.2
100
AcDbText
 10
8.713877827209167
 20
15.31707802959433
 30
0.0
 40
0.0932
  1
50G
 72
     1
 11
8.849239731971071
 21
15.31707802959433
 31
0.0
100
AcDbText
  0
TEXT
  5
F0A6
330
1F
100
AcDbEntity
  8
0
 62
     7
 48
0.2
100
AcDbText
 10
9.104397348366894
 20
15.31707802959433
 30
0.0
 40
0.0932
  1
51G
 72
     1
 11
9.239759253128799
 21
15.31707802959433
 31
0.0
100
AcDbText
  0
CIRCLE
  5
F0A7
330
1F
100
AcDbEntity
  8
0
 62
     7
 48
0.2
100
AcDbCircle
 10
8.847553301041273
 20
15.36787878023164
 30
0.0
 40
0.1378642997044182
  0
CIRCLE
  5
F0A8
330
1F
100
AcDbEntity
  8
0
 62
     7
 48
0.2
100
AcDbCircle
 10
9.239134086360763
 20
15.36787878023164
 30
0.0
 40
0.1378642997044182
  0
INSERT
  5
F0A9
330
1F
100
AcDbEntity
  8
BM
100
AcDbBlockReference
  2
CSHEXA
 10
6.923692036805264
 20
15.77969918467992
 30
0.0
  0
TEXT
  5
F0AA
330
1F
100
AcDbEntity
  8
0
 62
     7
 48
0.2
100
AcDbText
 10
6.854913912563095
 20
15.72194301026022
 30
0.0
 40
0.125
  1
N
 72
     1
 11
6.920390103039285
 21
15.72194301026022
 31
0.0
100
AcDbText
  0
INSERT
  5
F0AB
330
1F
100
AcDbEntity
  8
0
  6
Continuous
 62
     0
100
AcDbBlockReference
  2
WD1005
 10
8.951958401846685
 20
13.59215087321073
 30
0.0
 41
-1.0
 50
180.0
  0
LINE
  5
F0AC
330
1F
100
AcDbEntity
  8
0
 62
     7
 48
0.2
100
AcDbLine
 10
8.951958401846685
 20
14.40576093548018
 30
0.0
 11
8.951958401846685
 21
14.89308608847658
 31
0.0
  0
LINE
  5
F0AD
330
1F
100
AcDbEntity
  8
0
 62
     7
 48
0.2
100
AcDbLine
 10
8.951958401846683
 20
15.90419033647393
 30
0.0
 11
8.951958401846683
 21
16.29839842207148
 31
0.0
  0
MTEXT
  5
F0AE
330
1F
100
AcDbEntity
  8
0
 62
     7
 48
0.2
100
AcDbMText
 10
7.870474852901375
 20
16.71209518050337
 30
0.0
 40
0.0932
 41
2.103997179888109
 46
0.0
 71
     1
 72
     5
  1
\pxqc;LINE VOLTAGE REFERENCE\PFROM INNIO PTs
 73
     1
 44
1.0
101
Embedded Object
 70
     1
 10
1.0
 20
0.0
 30
0.0
 11
7.870474852901375
 21
16.71209518050337
 31
0.0
 40
2.103997179888109
 41
0.0
 42
1.828495238095237
 43
0.2485333333333334
 71
     2
 72
     1
 44
2.103997179888109
 45
0.625
 73
     0
 74
     0
 46
0.0
  0
MTEXT
  5
F0AF
330
1F
100
AcDbEntity
  8
0
 62
     7
 48
0.2
100
AcDbMText
 10
8.151860975593644
 20
6.322837422588563
 30
0.0
 40
0.125
 41
1.601990317115136
 46
0.0
 71
     1
 72
     5
  1
\pxqc;BOTTOM ENTRY\PGEN 07\P4.16kV-1.785MW\PFLA=310A
 73
     1
 44
1.0
101
Embedded Object
 70
     1
 10
1.0
 20
0.0
 30
0.0
 11
8.151860975593644
 21
6.322837422588563
 31
0.0
 40
1.601990317115136
 41
0.0
 42
1.57142857142857
 43
0.75
 71
     2
 72
     1
 44
1.601990317115136
 45
0.625
 73
     0
 74
     0
 46
0.0
  0
MTEXT
  5
F0B0
330
1F
100
AcDbEntity
  8
0
 62
     7
 48
0.2
100
AcDbMText
 10
7.851032278190253
 20
21.4234814767536
 30
0.0
 40
0.2030370536618092
 41
1.780819473315256
 46
0.0
 71
     1
 72
     5
  1
\pxqc;UNIT 9
 73
     1
 44
1.0
101
Embedded Object
 70
     1
 10
1.0
 20
0.0
 30
0.0
 11
7.851032278190253
 21
21.4234814767536
 31
0.0
 40
1.780819473315256
 41
0.0
 42
0.9765115438020348
 43
0.2030370536618092
 71
     2
 72
     1
 44
1.780819473315256
 45
1.015185268309045
 73
     0
 74
     0
 46
0.0
  0
LINE
  5
F0B1
330
1F
100
AcDbEntity
  8
0
 62
     4
 48
0.2
100
AcDbLine
 10
10.8966384783432
 20
7.13306583467127
 30
0.0
 11
10.8966384783432
 21
21.48524542173098
 31
0.0
  0
LWPOLYLINE
  5
F0B2
330
1F
100
AcDbEntity
  8
0
 62
     7
 48
0.2
100
AcDbPolyline
 90
        2
 70
     0
 10
13.35231823737383
 20
6.694633496129323
 40
0.0
 41
0.125
 10
13.35231823737383
 20
6.444633496129323
 40
0.125
 41
0.125
  0
LINE
  5
F0B3
330
1F
100
AcDbEntity
  8
WIRES
 62
     7
 48
0.2
100
AcDbLine
 10
13.35404149196502
 20
13.59465637756956
 30
0.0
 11
13.35437928931883
 21
11.3402445046898
 31
0.0
  0
TEXT
  5
F0B4
330
1F
100
AcDbEntity
  8
0
 62
     7
 48
0.2
100
AcDbText
 10
11.6317170159099
 20
15.00078147264408
 30
0.0
 40
0.125
  1
SEL-751
 72
     1
 11
12.03647892067181
 21
15.00078147264408
 31
0.0
100
AcDbText
  0
LWPOLYLINE
  5
F0B5
330
1F
100
AcDbEntity
  8
0
 62
     7
 48
0.2
100
AcDbPolyline
 90
        5
 70
     0
 43
0.0
 10
11.53973937277122
 20
15.90419033647393
 10
13.82744386467312
 20
15.90419033647393
 10
13.82744386467312
 20
14.89308608847658
 10
11.53973937277122
 20
14.89308608847658
 10
11.53973937277122
 20
15.90419033647393
  0
LINE
  5
F0B6
330
1F
100
AcDbEntity
  8
0
 62
     7
 48
0.2
100
AcDbLine
 10
11.76160975566143
 20
14.89308608847658
 30
0.0
 11
11.76160975566143
 21
9.187422392949551
 31
0.0
  0
LINE
  5
F0B7
330
1F
100
AcDbEntity
  8
0
 62
     7
 48
0.2
100
AcDbLine
 10
13.35263055196269
 20
9.614983182970842
 30
0.0
 11
13.35244249391375
 21
7.705979256040077
 31
0.0
  0
INSERT
  5
F0B8
330
1F
100
AcDbEntity
  8
SYMS
 62
     7
 48
0.2
100
AcDbBlockReference
 66
     1
  2
VC01PJ_1-
 10
13.35437928931883
 20
11.2777445046898
 30
0.0
1001
VIA_WD_MAXTYPE4
1002
{
1000

1002
}
1001
VIA_WD_BASETAG
1002
{
1000
051PJ?2
1002
}
  0
ATTRIB
  5
F0B9
330
F0B8
100
AcDbEntity
  8
MISC
100
AcDbText
 10
13.36745221621381
 20
11.1631043774313
 30
0.0
 40
0.01
  1
P
  7
WD
100
AcDbAttribute
280
     0
  2
X8TERMDESC02
 70
     1
280
     0
  0
ATTRIB
  5
F0BA
330
F0B8
100
AcDbEntity
  8
MISC
100
AcDbText
 10
13.38052515381788
 20
11.3193543724605
 30
0.0
 40
0.01
  1
J
  7
WD
100
AcDbAttribute
280
     0
  2
X2TERMDESC01
 70
     1
280
     0
  0
ATTRIB
  5
F0BB
330
F0B8
100
AcDbEntity
  8
MISC
  6
Continuous
100
AcDbText
 10
13.24530402569125
 20
11.26380102252565
 30
0.0
 40
0.01
  1

  7
WD
 72
     1
 11
13.24530402569125
 21
11.26380102252565
 31
0.0
100
AcDbAttribute
280
     0
  2
ASSYCODE
 70
     9
280
     0
  0
ATTRIB
  5
F0BC
330
F0B8
100
AcDbEntity
  8
MISC
100
AcDbText
 10
13.22937928931883
 20
11.2152445046898
 30
0.0
 40
0.01
  1

  7
WD
100
AcDbAttribute
280
     0
  2
X4LINK
 70
     0
280
     0
  0
ATTRIB
  5
F0BD
330
F0B8
100
AcDbEntity
  8
MISC
100
AcDbText
 10
13.47937928931883
 20
11.2152445046898
 30
0.0
 40
0.01
  1

  7
WD
100
AcDbAttribute
280
     0
  2
X1LINK
 70
     0
280
     0
  0
ATTRIB
  5
F0BE
330
F0B8
100
AcDbEntity
  8
MISC
  6
Continuous
100
AcDbText
 10
13.24577239776849
 20
11.27778378791266
 30
0.0
 40
0.01
  1

  7
WD
 72
     1
 11
13.24577239776849
 21
11.27778378791266
 31
0.0
100
AcDbAttribute
280
     0
  2
MFG
 70
     9
280
     0
  0
ATTRIB
  5
F0BF
330
F0B8
100
AcDbEntity
  8
MISC
  6
Continuous
100
AcDbText
 10
13.2477174434084
 20
11.29722554162011
 30
0.0
 40
0.01
  1

  7
WD
 72
     1
 11
13.2477174434084
 21
11.29722554162011
 31
0.0
100
AcDbAttribute
280
     0
  2
CAT
 70
     9
280
     0
  0
ATTRIB
  5
F0C0
330
F0B8
100
AcDbEntity
  8
MISC
100
AcDbText
 10
13.22266417747005
 20
11.34140195747987
 30
0.0
 40
0.01
  1
PJ
  7
WD
100
AcDbAttribute
280
     0
  2
FAMILY
 70
     9
280
     0
  0
ATTRIB
  5
F0C1
330
F0B8
100
AcDbEntity
  8
MISC
100
AcDbText
 10
13.35437928931883
 20
11.1839945046898
 30
0.0
 40
0.0125
  1

  7
WD
100
AcDbAttribute
280
     0
  2
X8TERM02
 70
     1
280
     0
  0
ATTRIB
  5
F0C2
330
F0B8
100
AcDbEntity
  8
MISC
100
AcDbText
 10
13.35437928931883
 20
11.3402445046898
 30
0.0
 40
0.0125
  1

  7
WD
100
AcDbAttribute
280
     0
  2
X2TERM01
 70
     1
280
     0
  0
ATTRIB
  5
F0C3
330
F0B8
100
AcDbEntity
  8
DESC
100
AcDbText
 10
13.57312928931883
 20
10.6683695046898
 30
0.0
 40
0.125
  1

 41
0.85
  7
WD
100
AcDbAttribute
280
     0
  2
DESC3
 70
     0
280
     0
  0
ATTRIB
  5
F0C4
330
F0B8
100
AcDbEntity
  8
LOC
100
AcDbText
 10
13.57312928931883
 20
11.3558695046898
 30
0.0
 40
0.125
  1

 41
0.85
  7
WD
100
AcDbAttribute
280
     0
  2
LOC
 70
     0
280
     0
  0
ATTRIB
  5
F0C5
330
F0B8
100
AcDbEntity
  8
TAGS
100
AcDbText
 10
13.5750707272919
 20
11.18586950468985
 30
0.0
 40
0.125
  1
051PJ?2
 41
0.85
  7
WD
100
AcDbAttribute
280
     0
  2
TAG1
 70
     1
280
     0
  0
ATTRIB
  5
F0C6
330
F0B8
100
AcDbEntity
  8
DESC
100
AcDbText
 10
13.57312928931883
 20
11.0121195046898
 30
0.0
 40
0.125
  1

 41
0.85
  7
WD
100
AcDbAttribute
280
     0
  2
DESC1
 70
     0
280
     0
  0
ATTRIB
  5
F0C7
330
F0B8
100
AcDbEntity
  8
DESC
100
AcDbText
 10
13.57312928931883
 20
10.8402445046898
 30
0.0
 40
0.125
  1

 41
0.85
  7
WD
100
AcDbAttribute
280
     0
  2
DESC2
 70
     0
280
     0
  0
ATTRIB
  5
F0C8
330
F0B8
100
AcDbEntity
  8
LOC
100
AcDbText
 10
13.57312928931883
 20
11.5277445046898
 30
0.0
 40
0.125
  1

 41
0.85
  7
WD
100
AcDbAttribute
280
     0
  2
INST
 70
     0
280
     0
  0
ATTRIB
  5
F0C9
330
F0B8
100
AcDbEntity
  8
TERMS
  6
Continuous
100
AcDbText
 10
13.31367806771083
 20
11.0017974740388
 30
0.0
 40
0.125
  1

 41
0.85
  7
WD
 72
     2
 11
13.31367806771083
 21
11.1267974740388
 31
0.0
100
AcDbAttribute
280
     0
  2
TERM02
 70
     8
 74
     3
280
     0
1001
N8SOL-TLINK
1002
{
1000
2,
1002
}
1001
RE-TLINK
1002
{
1000
2,
1002
}
  0
ATTRIB
  5
F0CA
330
F0B8
100
AcDbEntity
  8
TERMS
  6
Continuous
100
AcDbText
 10
13.29940891016317
 20
11.39062112069472
 30
0.0
 40
0.125
  1

 41
0.85
  7
WD
 72
     2
 11
13.29940891016317
 21
11.39062112069472
 31
0.0
100
AcDbAttribute
280
     0
  2
TERM01
 70
     8
280
     0
1001
N8SOL-TLINK
1002
{
1000
1,
1002
}
1001
RE-TLINK
1002
{
1000
1,
1002
}
  0
ATTRIB
  5
F0CB
330
F0B8
100
AcDbEntity
  8
MISC
100
AcDbText
 10
13.19434570365915
 20
11.17138262192924
 30
0.0
 40
0.01
  1

  7
WD
 72
     2
 11
13.19434570365915
 21
11.17138262192924
 31
0.0
100
AcDbAttribute
280
     0
  2
WDBLKNAM
 70
     9
280
     0
  0
ATTRIB
  5
F0CC
330
F0B8
100
AcDbEntity
  8
MISC
 62
     7
100
AcDbText
 10
13.11687994775711
 20
11.1971167003056
 30
0.0
 40
0.01
  1
1-
  7
WD
100
AcDbAttribute
280
     0
  2
WDTYPE
 70
     1
280
     0
  0
SEQEND
  5
F0CD
330
F0B8
100
AcDbEntity
  8
SYMS
 62
     7
 48
0.2
  0
INSERT
  5
F0CE
330
1F
100
AcDbEntity
  8
SYMS
 62
     7
 48
0.2
100
AcDbBlockReference
 66
     1
  2
VC01PJ_1-
 10
13.35437928931883
 20
9.677483182970842
 30
0.0
 50
180.0
1001
VIA_WD_MAXTYPE4
1002
{
1000

1002
}
1001
VIA_WD_BASETAG
1002
{
1000
051PJ?2
1002
}
  0
ATTRIB
  5
F0CF
330
F0CE
100
AcDbEntity
  8
MISC
100
AcDbText
 10
13.34130636242384
 20
9.792123310229339
 30
0.0
 40
0.01
  1
P
 50
180.0
  7
WD
100
AcDbAttribute
280
     0
  2
X8TERMDESC02
 70
     1
280
     0
  0
ATTRIB
  5
F0D0
330
F0CE
100
AcDbEntity
  8
MISC
100
AcDbText
 10
13.32823342481977
 20
9.635873315200147
 30
0.0
 40
0.01
  1
J
 50
180.0
  7
WD
100
AcDbAttribute
280
     0
  2
X2TERMDESC01
 70
     1
280
     0
  0
ATTRIB
  5
F0D1
330
F0CE
100
AcDbEntity
  8
MISC
  6
Continuous
100
AcDbText
 10
13.4634545529464
 20
9.691426665134997
 30
0.0
 40
0.01
  1

 50
180.0
  7
WD
 72
     1
 11
13.4634545529464
 21
9.691426665134997
 31
0.0
100
AcDbAttribute
280
     0
  2
ASSYCODE
 70
     9
280
     0
  0
ATTRIB
  5
F0D2
330
F0CE
100
AcDbEntity
  8
MISC
100
AcDbText
 10
13.47937928931883
 20
9.739983182970842
 30
0.0
 40
0.01
  1

 50
180.0
  7
WD
100
AcDbAttribute
280
     0
  2
X4LINK
 70
     0
280
     0
  0
ATTRIB
  5
F0D3
330
F0CE
100
AcDbEntity
  8
MISC
100
AcDbText
 10
13.22937928931883
 20
9.739983182970842
 30
0.0
 40
0.01
  1

 50
180.0
  7
WD
100
AcDbAttribute
280
     0
  2
X1LINK
 70
     0
280
     0
  0
ATTRIB
  5
F0D4
330
F0CE
100
AcDbEntity
  8
MISC
  6
Continuous
100
AcDbText
 10
13.46298618086916
 20
9.677443899747988
 30
0.0
 40
0.01
  1

 50
180.0
  7
WD
 72
     1
 11
13.46298618086916
 21
9.677443899747988
 31
0.0
100
AcDbAttribute
280
     0
  2
MFG
 70
     9
280
     0
  0
ATTRIB
  5
F0D5
330
F0CE
100
AcDbEntity
  8
MISC
  6
Continuous
100
AcDbText
 10
13.46104113522925
 20
9.658002146040537
 30
0.0
 40
0.01
  1

 50
180.0
  7
WD
 72
     1
 11
13.46104113522925
 21
9.658002146040537
 31
0.0
100
AcDbAttribute
280
     0
  2
CAT
 70
     9
280
     0
  0
ATTRIB
  5
F0D6
330
F0CE
100
AcDbEntity
  8
MISC
100
AcDbText
 10
13.4860944011676
 20
9.613825730180774
 30
0.0
 40
0.01
  1
PJ
 50
180.0
  7
WD
100
AcDbAttribute
280
     0
  2
FAMILY
 70
     9
280
     0
  0
ATTRIB
  5
F0D7
330
F0CE
100
AcDbEntity
  8
MISC
100
AcDbText
 10
13.35437928931883
 20
9.771233182970842
 30
0.0
 40
0.0125
  1

 50
180.0
  7
WD
100
AcDbAttribute
280
     0
  2
X8TERM02
 70
     1
280
     0
  0
ATTRIB
  5
F0D8
330
F0CE
100
AcDbEntity
  8
MISC
100
AcDbText
 10
13.35437928931883
 20
9.614983182970842
 30
0.0
 40
0.0125
  1

 50
180.0
  7
WD
100
AcDbAttribute
280
     0
  2
X2TERM01
 70
     1
280
     0
  0
ATTRIB
  5
F0D9
330
F0CE
100
AcDbEntity
  8
DESC
100
AcDbText
 10
13.13562928931883
 20
10.28685818297084
 30
0.0
 40
0.125
  1

 50
180.0
 41
0.85
  7
WD
100
AcDbAttribute
280
     0
  2
DESC3
 70
     0
280
     0
  0
ATTRIB
  5
F0DA
330
F0CE
100
AcDbEntity
  8
LOC
100
AcDbText
 10
13.13562928931883
 20
9.599358182970842
 30
0.0
 40
0.125
  1

 50
180.0
 41
0.85
  7
WD
100
AcDbAttribute
280
     0
  2
LOC
 70
     0
280
     0
  0
ATTRIB
  5
F0DB
330
F0CE
100
AcDbEntity
  8
TAGS
100
AcDbText
 10
13.13368785134575
 20
9.769358182970794
 30
0.0
 40
0.125
  1
051PJ?2
 50
180.0
 41
0.85
  7
WD
100
AcDbAttribute
280
     0
  2
TAG1
 70
     1
280
     0
  0
ATTRIB
  5
F0DC
330
F0CE
100
AcDbEntity
  8
DESC
100
AcDbText
 10
13.13562928931883
 20
9.943108182970842
 30
0.0
 40
0.125
  1

 50
180.0
 41
0.85
  7
WD
100
AcDbAttribute
280
     0
  2
DESC1
 70
     0
280
     0
  0
ATTRIB
  5
F0DD
330
F0CE
100
AcDbEntity
  8
DESC
100
AcDbText
 10
13.13562928931883
 20
10.11498318297084
 30
0.0
 40
0.125
  1

 50
180.0
 41
0.85
  7
WD
100
AcDbAttribute
280
     0
  2
DESC2
 70
     0
280
     0
  0
ATTRIB
  5
F0DE
330
F0CE
100
AcDbEntity
  8
LOC
100
AcDbText
 10
13.13562928931883
 20
9.427483182970842
 30
0.0
 40
0.125
  1

 50
180.0
 41
0.85
  7
WD
100
AcDbAttribute
280
     0
  2
INST
 70
     0
280
     0
  0
ATTRIB
  5
F0DF
330
F0CE
100
AcDbEntity
  8
TERMS
  6
Continuous
100
AcDbText
 10
13.39508051092682
 20
9.953430213621839
 30
0.0
 40
0.125
  1

 50
180.0
 41
0.85
  7
WD
 72
     2
 11
13.39508051092682
 21
9.828430213621839
 31
0.0
100
AcDbAttribute
280
     0
  2
TERM02
 70
     8
 74
     3
280
     0
1001
N8SOL-TLINK
1002
{
1000
2,
1002
}
1001
RE-TLINK
1002
{
1000
2,
1002
}
  0
ATTRIB
  5
F0E0
330
F0CE
100
AcDbEntity
  8
TERMS
  6
Continuous
100
AcDbText
 10
13.40934966847448
 20
9.56460656696592
 30
0.0
 40
0.125
  1

 50
180.0
 41
0.85
  7
WD
 72
     2
 11
13.40934966847448
 21
9.56460656696592
 31
0.0
100
AcDbAttribute
280
     0
  2
TERM01
 70
     8
280
     0
1001
N8SOL-TLINK
1002
{
1000
1,
1002
}
1001
RE-TLINK
1002
{
1000
1,
1002
}
  0
ATTRIB
  5
F0E1
330
F0CE
100
AcDbEntity
  8
MISC
100
AcDbText
 10
13.5144128749785
 20
9.783845065731398
 30
0.0
 40
0.01
  1

 50
180.0
  7
WD
 72
     2
 11
13.5144128749785
 21
9.783845065731398
 31
0.0
100
AcDbAttribute
280
     0
  2
WDBLKNAM
 70
     9
280
     0
  0
ATTRIB
  5
F0E2
330
F0CE
100
AcDbEntity
  8
MISC
 62
     7
100
AcDbText
 10
13.59187863088054
 20
9.758110987355046
 30
0.0
 40
0.01
  1
1-
 50
180.0
  7
WD
100
AcDbAttribute
280
     0
  2
WDTYPE
 70
     1
280
     0
  0
SEQEND
  5
F0E3
330
F0CE
100
AcDbEntity
  8
SYMS
 62
     7
 48
0.2
  0
LWPOLYLINE
  5
F0E4
330
1F
100
AcDbEntity
  8
0
 62
     7
 48
0.2
100
AcDbPolyline
 90
        4
 70
     1
 43
0.0
 10
13.07306571328961
 20
10.98920986278013
 10
13.63569286534804
 20
10.98920986278013
 10
13.63569286534804
 20
9.981458519727668
 10
13.07306571328961
 20
9.981458519727668
  0
LINE
  5
F0E5
330
1F
100
AcDbEntity
  8
0
 62
     7
 48
0.2
100
AcDbLine
 10
13.35437928931883
 20
10.98920986278013
 30
0.0
 11
13.35437928931883
 21
11.1839945046898
 31
0.0
  0
LINE
  5
F0E6
330
1F
100
AcDbEntity
  8
0
 62
     7
 48
0.2
100
AcDbLine
 10
13.35437928931883
 20
9.771233182970842
 30
0.0
 11
13.35437928931883
 21
9.981458519727668
 31
0.0
  0
MTEXT
  5
F0E7
330
1F
100
AcDbEntity
  8
0
 62
     7
 48
0.2
100
AcDbMText
 10
15.88968766228527
 20
11.11210948052647
 30
0.0
 40
0.125
 41
2.03605245080844
 46
0.0
 71
     3
 72
     5
  1
\pxr1,ql;BUS\P\PGEN BREAKER\P52-GEN8\P\PLINE
 73
     1
 44
1.0
101
Embedded Object
 70
     3
 10
1.0
 20
0.0
 30
0.0
 11
15.88968766228527
 21
11.11210948052647
 31
0.0
 40
2.03605245080844
 41
0.0
 42
1.291666666666666
 43
1.166666666666666
 71
     2
 72
     1
 44
2.03605245080844
 45
0.625
 73
     0
 74
     0
 46
0.0
  0
MTEXT
  5
F0E8
330
1F
100
AcDbEntity
  8
0
 62
     7
 48
0.2
100
AcDbMText
 10
13.08971273374914
 20
10.80465887060848
 30
0.0
 40
0.15
 41
0.8839178222495576
 46
0.0
 71
     3
 72
     5
  1
\pxr1,qc;4.76KV\P1200A\P50KA
 73
     1
 44
1.0
101
Embedded Object
 70
     3
 10
1.0
 20
0.0
 30
0.0
 11
13.08971273374914
 21
10.80465887060848
 31
0.0
 40
0.8839178222495576
 41
0.0
 42
0.75
 43
0.65
 71
     2
 72
     1
 44
0.8839178222495576
 45
0.625
 73
     0
 74
     0
 46
0.0
  0
LINE
  5
F0E9
330
1F
100
AcDbEntity
  8
0
 62
     7
 48
0.2
100
AcDbLine
 10
13.94627894569143
 20
9.187422392949549
 30
0.0
 11
11.76160975566143
 21
9.187422392949551
 31
0.0
  0
MTEXT
  5
F0EA
330
1F
100
AcDbEntity
  8
0
 62
     7
 48
0.2
100
AcDbMText
 10
13.38433014444075
 20
8.913042422745064
 30
0.0
 40
0.125
 41
1.233233255170432
 46
0.0
 71
     3
 72
     5
  1
\pxr1,qc;(3) CTS\P1/%%C\P600:5A
 73
     1
 44
1.0
101
Embedded Object
 70
     3
 10
1.0
 20
0.0
 30
0.0
 11
13.38433014444075
 21
8.913042422745064
 31
0.0
 40
1.233233255170432
 41
0.0
 42
0.7083333333333333
 43
0.5892857142857144
 71
     2
 72
     1
 44
1.233233255170432
 45
0.625
 73
     0
 74
     0
 46
0.0
  0
INSERT
  5
F0EB
330
1F
100
AcDbEntity
  8
0
100
AcDbBlockReference
  2
1LCT1A
 10
13.35252014837216
 20
8.795690759195853
 30
0.0
 41
-0.9996
 42
0.9996
 43
0.9996
 50
180.0
  0
LINE
  5
F0EC
330
1F
100
AcDbEntity
  8
0
 62
     7
 48
0.2
100
AcDbLine
 10
13.94627894569143
 20
9.187422392949549
 30
0.0
 11
13.94627894569143
 21
8.721029239980373
 31
0.0
  0
LINE
  5
F0ED
330
1F
100
AcDbEntity
  8
0
 62
     7
 48
0.2
100
AcDbLine
 10
13.94627894569143
 20
8.721029239980373
 30
0.0
 11
13.66489514837216
 21
8.721029239980373
 31
0.0
  0
LWPOLYLINE
  5
F0EE
330
1F
100
AcDbEntity
  8
0
 62
     7
 48
0.2
100
AcDbPolyline
 90
        2
 70
     0
 10
13.35231823737383
 20
7.705979256040077
 40
0.0
 41
0.125
 10
13.60231823737384
 20
7.705979256040077
 40
0.125
 41
0.125
  0
MTEXT
  5
F0EF
330
1F
100
AcDbEntity
  8
0
 62
     7
 48
0.2
100
AcDbMText
 10
15.19672713802157
 20
7.867373340029274
 30
0.0
 40
0.125
 41
1.233233255170432
 46
0.0
 71
     3
 72
     5
  1
\pxr1,qc;350kcmil\P(1)/%%C
 73
     1
 44
1.0
101
Embedded Object
 70
     3
 10
1.0
 20
0.0
 30
0.0
 11
15.19672713802157
 21
7.867373340029274
 31
0.0
 40
1.233233255170432
 41
0.0
 42
0.7976190476190479
 43
0.3988095238095238
 71
     2
 72
     1
 44
1.233233255170432
 45
0.625
 73
     0
 74
     0
 46
0.0
  0
LINE
  5
F0F0
330
1F
100
AcDbEntity
  8
0
 62
     7
 48
0.2
100
AcDbLine
 10
14.093375970269
 20
7.705979256040077
 30
0.0
 11
13.60231823737384
 21
7.705979256040077
 31
0.0
  0
TEXT
  5
F0F1
330
1F
100
AcDbEntity
  8
0
 62
     7
 48
0.2
100
AcDbText
 10
12.80992684864514
 20
15.68709049808719
 30
0.0
 40
0.0932
  1
25
 72
     1
 11
12.89868875340704
 21
15.68709049808719
 31
0.0
100
AcDbText
  0
TEXT
  5
F0F2
330
1F
100
AcDbEntity
  8
0
 62
     7
 48
0.2
100
AcDbText
 10
13.11586965539539
 20
15.68709049808719
 30
0.0
 40
0.0932
  1
50P
 72
     1
 11
13.25123156015729
 21
15.68709049808719
 31
0.0
100
AcDbText
  0
TEXT
  5
F0F3
330
1F
100
AcDbEntity
  8
0
 62
     7
 48
0.2
100
AcDbText
 10
13.50638917655311
 20
15.68709049808719
 30
0.0
 40
0.0932
  1
51P
 72
     1
 11
13.64175108131502
 21
15.68709049808719
 31
0.0
100
AcDbText
  0
CIRCLE
  5
F0F4
330
1F
100
AcDbEntity
  8
0
 62
     7
 48
0.2
100
AcDbCircle
 10
12.8961956448483
 20
15.7378912487245
 30
0.0
 40
0.1378642997044182
  0
CIRCLE
  5
F0F5
330
1F
100
AcDbEntity
  8
0
 62
     7
 48
0.2
100
AcDbCircle
 10
13.24954512922749
 20
15.7378912487245
 30
0.0
 40
0.1378642997044182
  0
CIRCLE
  5
F0F6
330
1F
100
AcDbEntity
  8
0
 62
     7
 48
0.2
100
AcDbCircle
 10
13.64112591454698
 20
15.7378912487245
 30
0.0
 40
0.1378642997044182
  0
TEXT
  5
F0F7
330
1F
100
AcDbEntity
  8
0
 62
     7
 48
0.2
100
AcDbText
 10
13.11586965539539
 20
15.31707802959433
 30
0.0
 40
0.0932
  1
50G
 72
     1
 11
13.25123156015729
 21
15.31707802959433
 31
0.0
100
AcDbText
  0
TEXT
  5
F0F8
330
1F
100
AcDbEntity
  8
0
 62
     7
 48
0.2
100
AcDbText
 10
13.50638917655311
 20
15.31707802959433
 30
0.0
 40
0.0932
  1
51G
 72
     1
 11
13.64175108131502
 21
15.31707802959433
 31
0.0
100
AcDbText
  0
CIRCLE
  5
F0F9
330
1F
100
AcDbEntity
  8
0
 62
     7
 48
0.2
100
AcDbCircle
 10
13.24954512922749
 20
15.36787878023164
 30
0.0
 40
0.1378642997044182
  0
CIRCLE
  5
F0FA
330
1F
100
AcDbEntity
  8
0
 62
     7
 48
0.2
100
AcDbCircle
 10
13.64112591454698
 20
15.36787878023164
 30
0.0
 40
0.1378642997044182
  0
INSERT
  5
F0FB
330
1F
100
AcDbEntity
  8
BM
100
AcDbBlockReference
  2
CSHEXA
 10
11.32568386499148
 20
15.77969918467992
 30
0.0
  0
TEXT
  5
F0FC
330
1F
100
AcDbEntity
  8
0
 62
     7
 48
0.2
100
AcDbText
 10
11.25690574074932
 20
15.72194301026022
 30
0.0
 40
0.125
  1
N
 72
     1
 11
11.3223819312255
 21
15.72194301026022
 31
0.0
100
AcDbText
  0
INSERT
  5
F0FD
330
1F
100
AcDbEntity
  8
0
  6
Continuous
 62
     0
100
AcDbBlockReference
  2
WD1005
 10
13.35395023003291
 20
13.59215087321073
 30
0.0
 41
-1.0
 50
180.0
  0
LINE
  5
F0FE
330
1F
100
AcDbEntity
  8
0
 62
     7
 48
0.2
100
AcDbLine
 10
13.35395023003291
 20
14.40576093548018
 30
0.0
 11
13.35395023003291
 21
14.89308608847658
 31
0.0
  0
LINE
  5
F0FF
330
1F
100
AcDbEntity
  8
0
 62
     7
 48
0.2
100
AcDbLine
 10
13.3539502300329
 20
15.90419033647393
 30
0.0
 11
13.3539502300329
 21
16.29839842207148
 31
0.0
  0
MTEXT
  5
F100
330
1F
100
AcDbEntity
  8
0
 62
     7
 48
0.2
100
AcDbMText
 10
12.27246668108759
 20
16.71209518050337
 30
0.0
 40
0.0932
 41
2.103997179888109
 46
0.0
 71
     1
 72
     5
  1
\pxqc;LINE VOLTAGE REFERENCE\PFROM INNIO PTs
 73
     1
 44
1.0
101
Embedded Object
 70
     1
 10
1.0
 20
0.0
 30
0.0
 11
12.27246668108759
 21
16.71209518050337
 31
0.0
 40
2.103997179888109
 41
0.0
 42
1.828495238095237
 43
0.2485333333333334
 71
     2
 72
     1
 44
2.103997179888109
 45
0.625
 73
     0
 74
     0
 46
0.0
  0
INSERT
  5
F101
330
1F
100
AcDbEntity
  8
0
  6
Continuous
 62
     0
100
AcDbBlockReference
  2
WD1005
 10
13.35395023003291
 20
14.40576093548018
 30
0.0
 41
-1.0
 50
180.0
  0
MTEXT
  5
F102
330
1F
100
AcDbEntity
  8
0
 62
     7
 48
0.2
100
AcDbMText
 10
12.55385280377987
 20
6.322837422588563
 30
0.0
 40
0.125
 41
1.601990317115136
 46
0.0
 71
     1
 72
     5
  1
\pxqc;BOTTOM ENTRY\PGEN 08\P4.16kV-1.785MW\PFLA=310A
 73
     1
 44
1.0
101
Embedded Object
 70
     1
 10
1.0
 20
0.0
 30
0.0
 11
12.55385280377987
 21
6.322837422588563
 31
0.0
 40
1.601990317115136
 41
0.0
 42
1.57142857142857
 43
0.75
 71
     2
 72
     1
 44
1.601990317115136
 45
0.625
 73
     0
 74
     0
 46
0.0
  0
MTEXT
  5
F103
330
1F
100
AcDbEntity
  8
0
 62
     7
 48
0.2
100
AcDbMText
 10
12.25302410637647
 20
21.4234814767536
 30
0.0
 40
0.2030370536618092
 41
1.780819473315256
 46
0.0
 71
     1
 72
     5
  1
\pxqc;UNIT 10
 73
     1
 44
1.0
101
Embedded Object
 70
     1
 10
1.0
 20
0.0
 30
0.0
 11
12.25302410637647
 21
21.4234814767536
 31
0.0
 40
1.780819473315256
 41
0.0
 42
1.179548597463844
 43
0.2030370536618092
 71
     2
 72
     1
 44
1.780819473315256
 45
1.015185268309045
 73
     0
 74
     0
 46
0.0
  0
LINE
  5
F104
330
1F
100
AcDbEntity
  8
0
 62
     4
 48
0.2
100
AcDbLine
 10
15.29863030652942
 20
7.13306583467127
 30
0.0
 11
15.29863030652942
 21
21.48524542173098
 31
0.0
  0
LWPOLYLINE
  5
F105
330
1F
100
AcDbEntity
  8
0
 62
     7
 48
0.2
100
AcDbPolyline
 90
        2
 70
     0
 10
17.75431006556006
 20
6.694633496129323
 40
0.0
 41
0.125
 10
17.75431006556006
 20
6.444633496129323
 40
0.125
 41
0.125
  0
LINE
  5
F106
330
1F
100
AcDbEntity
  8
WIRES
 62
     7
 48
0.2
100
AcDbLine
 10
17.75603317751698
 20
13.59560829855704
 30
0.0
 11
17.75637111750505
 21
11.3402445046898
 31
0.0
  0
TEXT
  5
F107
330
1F
100
AcDbEntity
  8
0
 62
     7
 48
0.2
100
AcDbText
 10
16.03370884409613
 20
15.00078147264408
 30
0.0
 40
0.125
  1
SEL-751
 72
     1
 11
16.43847074885803
 21
15.00078147264408
 31
0.0
100
AcDbText
  0
LWPOLYLINE
  5
F108
330
1F
100
AcDbEntity
  8
0
 62
     7
 48
0.2
100
AcDbPolyline
 90
        5
 70
     0
 43
0.0
 10
15.94173120095744
 20
15.90419033647393
 10
18.22943569285935
 20
15.90419033647393
 10
18.22943569285935
 20
14.89308608847658
 10
15.94173120095744
 20
14.89308608847658
 10
15.94173120095744
 20
15.90419033647393
  0
LINE
  5
F109
330
1F
100
AcDbEntity
  8
0
 62
     7
 48
0.2
100
AcDbLine
 10
16.16360158384766
 20
14.89308608847658
 30
0.0
 11
16.16360158384766
 21
9.187422392949551
 31
0.0
  0
LINE
  5
F10A
330
1F
100
AcDbEntity
  8
0
 62
     7
 48
0.2
100
AcDbLine
 10
17.75462238014892
 20
9.614983182970842
 30
0.0
 11
17.75431006556006
 21
7.705979256040077
 31
0.0
  0
INSERT
  5
F10B
330
1F
100
AcDbEntity
  8
SYMS
 62
     7
 48
0.2
100
AcDbBlockReference
 66
     1
  2
VC01PJ_1-
 10
17.75637111750505
 20
11.2777445046898
 30
0.0
1001
VIA_WD_MAXTYPE4
1002
{
1000

1002
}
1001
VIA_WD_BASETAG
1002
{
1000
051PJ?2
1002
}
  0
ATTRIB
  5
F10C
330
F10B
100
AcDbEntity
  8
MISC
100
AcDbText
 10
17.76944404440003
 20
11.1631043774313
 30
0.0
 40
0.01
  1
P
  7
WD
100
AcDbAttribute
280
     0
  2
X8TERMDESC02
 70
     1
280
     0
  0
ATTRIB
  5
F10D
330
F10B
100
AcDbEntity
  8
MISC
100
AcDbText
 10
17.78251698200411
 20
11.3193543724605
 30
0.0
 40
0.01
  1
J
  7
WD
100
AcDbAttribute
280
     0
  2
X2TERMDESC01
 70
     1
280
     0
  0
ATTRIB
  5
F10E
330
F10B
100
AcDbEntity
  8
MISC
  6
Continuous
100
AcDbText
 10
17.64729585387748
 20
11.26380102252565
 30
0.0
 40
0.01
  1

  7
WD
 72
     1
 11
17.64729585387748
 21
11.26380102252565
 31
0.0
100
AcDbAttribute
280
     0
  2
ASSYCODE
 70
     9
280
     0
  0
ATTRIB
  5
F10F
330
F10B
100
AcDbEntity
  8
MISC
100
AcDbText
 10
17.63137111750505
 20
11.2152445046898
 30
0.0
 40
0.01
  1

  7
WD
100
AcDbAttribute
280
     0
  2
X4LINK
 70
     0
280
     0
  0
ATTRIB
  5
F110
330
F10B
100
AcDbEntity
  8
MISC
100
AcDbText
 10
17.88137111750505
 20
11.2152445046898
 30
0.0
 40
0.01
  1

  7
WD
100
AcDbAttribute
280
     0
  2
X1LINK
 70
     0
280
     0
  0
ATTRIB
  5
F111
330
F10B
100
AcDbEntity
  8
MISC
  6
Continuous
100
AcDbText
 10
17.64776422595471
 20
11.27778378791266
 30
0.0
 40
0.01
  1

  7
WD
 72
     1
 11
17.64776422595471
 21
11.27778378791266
 31
0.0
100
AcDbAttribute
280
     0
  2
MFG
 70
     9
280
     0
  0
ATTRIB
  5
F112
330
F10B
100
AcDbEntity
  8
MISC
  6
Continuous
100
AcDbText
 10
17.64970927159463
 20
11.29722554162011
 30
0.0
 40
0.01
  1

  7
WD
 72
     1
 11
17.64970927159463
 21
11.29722554162011
 31
0.0
100
AcDbAttribute
280
     0
  2
CAT
 70
     9
280
     0
  0
ATTRIB
  5
F113
330
F10B
100
AcDbEntity
  8
MISC
100
AcDbText
 10
17.62465600565627
 20
11.34140195747987
 30
0.0
 40
0.01
  1
PJ
  7
WD
100
AcDbAttribute
280
     0
  2
FAMILY
 70
     9
280
     0
  0
ATTRIB
  5
F114
330
F10B
100
AcDbEntity
  8
MISC
100
AcDbText
 10
17.75637111750505
 20
11.1839945046898
 30
0.0
 40
0.0125
  1

  7
WD
100
AcDbAttribute
280
     0
  2
X8TERM02
 70
     1
280
     0
  0
ATTRIB
  5
F115
330
F10B
100
AcDbEntity
  8
MISC
100
AcDbText
 10
17.75637111750505
 20
11.3402445046898
 30
0.0
 40
0.0125
  1

  7
WD
100
AcDbAttribute
280
     0
  2
X2TERM01
 70
     1
280
     0
  0
ATTRIB
  5
F116
330
F10B
100
AcDbEntity
  8
DESC
100
AcDbText
 10
17.97512111750505
 20
10.6683695046898
 30
0.0
 40
0.125
  1

 41
0.85
  7
WD
100
AcDbAttribute
280
     0
  2
DESC3
 70
     0
280
     0
  0
ATTRIB
  5
F117
330
F10B
100
AcDbEntity
  8
LOC
100
AcDbText
 10
17.97512111750505
 20
11.3558695046898
 30
0.0
 40
0.125
  1

 41
0.85
  7
WD
100
AcDbAttribute
280
     0
  2
LOC
 70
     0
280
     0
  0
ATTRIB
  5
F118
330
F10B
100
AcDbEntity
  8
TAGS
100
AcDbText
 10
17.97706255547812
 20
11.18586950468985
 30
0.0
 40
0.125
  1
051PJ?2
 41
0.85
  7
WD
100
AcDbAttribute
280
     0
  2
TAG1
 70
     1
280
     0
  0
ATTRIB
  5
F119
330
F10B
100
AcDbEntity
  8
DESC
100
AcDbText
 10
17.97512111750505
 20
11.0121195046898
 30
0.0
 40
0.125
  1

 41
0.85
  7
WD
100
AcDbAttribute
280
     0
  2
DESC1
 70
     0
280
     0
  0
ATTRIB
  5
F11A
330
F10B
100
AcDbEntity
  8
DESC
100
AcDbText
 10
17.97512111750505
 20
10.8402445046898
 30
0.0
 40
0.125
  1

 41
0.85
  7
WD
100
AcDbAttribute
280
     0
  2
DESC2
 70
     0
280
     0
  0
ATTRIB
  5
F11B
330
F10B
100
AcDbEntity
  8
LOC
100
AcDbText
 10
17.97512111750505
 20
11.5277445046898
 30
0.0
 40
0.125
  1

 41
0.85
  7
WD
100
AcDbAttribute
280
     0
  2
INST
 70
     0
280
     0
  0
ATTRIB
  5
F11C
330
F10B
100
AcDbEntity
  8
TERMS
  6
Continuous
100
AcDbText
 10
17.71566989589705
 20
11.0017974740388
 30
0.0
 40
0.125
  1

 41
0.85
  7
WD
 72
     2
 11
17.71566989589705
 21
11.1267974740388
 31
0.0
100
AcDbAttribute
280
     0
  2
TERM02
 70
     8
 74
     3
280
     0
1001
N8SOL-TLINK
1002
{
1000
2,
1002
}
1001
RE-TLINK
1002
{
1000
2,
1002
}
  0
ATTRIB
  5
F11D
330
F10B
100
AcDbEntity
  8
TERMS
  6
Continuous
100
AcDbText
 10
17.70140073834939
 20
11.39062112069472
 30
0.0
 40
0.125
  1

 41
0.85
  7
WD
 72
     2
 11
17.70140073834939
 21
11.39062112069472
 31
0.0
100
AcDbAttribute
280
     0
  2
TERM01
 70
     8
280
     0
1001
N8SOL-TLINK
1002
{
1000
1,
1002
}
1001
RE-TLINK
1002
{
1000
1,
1002
}
  0
ATTRIB
  5
F11E
330
F10B
100
AcDbEntity
  8
MISC
100
AcDbText
 10
17.59633753184537
 20
11.17138262192924
 30
0.0
 40
0.01
  1

  7
WD
 72
     2
 11
17.59633753184537
 21
11.17138262192924
 31
0.0
100
AcDbAttribute
280
     0
  2
WDBLKNAM
 70
     9
280
     0
  0
ATTRIB
  5
F11F
330
F10B
100
AcDbEntity
  8
MISC
 62
     7
100
AcDbText
 10
17.51887177594333
 20
11.1971167003056
 30
0.0
 40
0.01
  1
1-
  7
WD
100
AcDbAttribute
280
     0
  2
WDTYPE
 70
     1
280
     0
  0
SEQEND
  5
F120
330
F10B
100
AcDbEntity
  8
SYMS
 62
     7
 48
0.2
  0
INSERT
  5
F121
330
1F
100
AcDbEntity
  8
SYMS
 62
     7
 48
0.2
100
AcDbBlockReference
 66
     1
  2
VC01PJ_1-
 10
17.75637111750505
 20
9.677483182970842
 30
0.0
 50
180.0
1001
VIA_WD_MAXTYPE4
1002
{
1000

1002
}
1001
VIA_WD_BASETAG
1002
{
1000
051PJ?2
1002
}
  0
ATTRIB
  5
F122
330
F121
100
AcDbEntity
  8
MISC
100
AcDbText
 10
17.74329819061006
 20
9.792123310229339
 30
0.0
 40
0.01
  1
P
 50
180.0
  7
WD
100
AcDbAttribute
280
     0
  2
X8TERMDESC02
 70
     1
280
     0
  0
ATTRIB
  5
F123
330
F121
100
AcDbEntity
  8
MISC
100
AcDbText
 10
17.73022525300599
 20
9.635873315200147
 30
0.0
 40
0.01
  1
J
 50
180.0
  7
WD
100
AcDbAttribute
280
     0
  2
X2TERMDESC01
 70
     1
280
     0
  0
ATTRIB
  5
F124
330
F121
100
AcDbEntity
  8
MISC
  6
Continuous
100
AcDbText
 10
17.86544638113262
 20
9.691426665134997
 30
0.0
 40
0.01
  1

 50
180.0
  7
WD
 72
     1
 11
17.86544638113262
 21
9.691426665134997
 31
0.0
100
AcDbAttribute
280
     0
  2
ASSYCODE
 70
     9
280
     0
  0
ATTRIB
  5
F125
330
F121
100
AcDbEntity
  8
MISC
100
AcDbText
 10
17.88137111750505
 20
9.739983182970842
 30
0.0
 40
0.01
  1

 50
180.0
  7
WD
100
AcDbAttribute
280
     0
  2
X4LINK
 70
     0
280
     0
  0
ATTRIB
  5
F126
330
F121
100
AcDbEntity
  8
MISC
100
AcDbText
 10
17.63137111750505
 20
9.739983182970842
 30
0.0
 40
0.01
  1

 50
180.0
  7
WD
100
AcDbAttribute
280
     0
  2
X1LINK
 70
     0
280
     0
  0
ATTRIB
  5
F127
330
F121
100
AcDbEntity
  8
MISC
  6
Continuous
100
AcDbText
 10
17.86497800905539
 20
9.677443899747988
 30
0.0
 40
0.01
  1

 50
180.0
  7
WD
 72
     1
 11
17.86497800905539
 21
9.677443899747988
 31
0.0
100
AcDbAttribute
280
     0
  2
MFG
 70
     9
280
     0
  0
ATTRIB
  5
F128
330
F121
100
AcDbEntity
  8
MISC
  6
Continuous
100
AcDbText
 10
17.86303296341547
 20
9.658002146040537
 30
0.0
 40
0.01
  1

 50
180.0
  7
WD
 72
     1
 11
17.86303296341547
 21
9.658002146040537
 31
0.0
100
AcDbAttribute
280
     0
  2
CAT
 70
     9
280
     0
  0
ATTRIB
  5
F129
330
F121
100
AcDbEntity
  8
MISC
100
AcDbText
 10
17.88808622935382
 20
9.613825730180774
 30
0.0
 40
0.01
  1
PJ
 50
180.0
  7
WD
100
AcDbAttribute
280
     0
  2
FAMILY
 70
     9
280
     0
  0
ATTRIB
  5
F12A
330
F121
100
AcDbEntity
  8
MISC
100
AcDbText
 10
17.75637111750505
 20
9.771233182970842
 30
0.0
 40
0.0125
  1

 50
180.0
  7
WD
100
AcDbAttribute
280
     0
  2
X8TERM02
 70
     1
280
     0
  0
ATTRIB
  5
F12B
330
F121
100
AcDbEntity
  8
MISC
100
AcDbText
 10
17.75637111750505
 20
9.614983182970842
 30
0.0
 40
0.0125
  1

 50
180.0
  7
WD
100
AcDbAttribute
280
     0
  2
X2TERM01
 70
     1
280
     0
  0
ATTRIB
  5
F12C
330
F121
100
AcDbEntity
  8
DESC
100
AcDbText
 10
17.53762111750505
 20
10.28685818297084
 30
0.0
 40
0.125
  1

 50
180.0
 41
0.85
  7
WD
100
AcDbAttribute
280
     0
  2
DESC3
 70
     0
280
     0
  0
ATTRIB
  5
F12D
330
F121
100
AcDbEntity
  8
LOC
100
AcDbText
 10
17.53762111750505
 20
9.599358182970842
 30
0.0
 40
0.125
  1

 50
180.0
 41
0.85
  7
WD
100
AcDbAttribute
280
     0
  2
LOC
 70
     0
280
     0
  0
ATTRIB
  5
F12E
330
F121
100
AcDbEntity
  8
TAGS
100
AcDbText
 10
17.53567967953198
 20
9.769358182970794
 30
0.0
 40
0.125
  1
051PJ?2
 50
180.0
 41
0.85
  7
WD
100
AcDbAttribute
280
     0
  2
TAG1
 70
     1
280
     0
  0
ATTRIB
  5
F12F
330
F121
100
AcDbEntity
  8
DESC
100
AcDbText
 10
17.53762111750505
 20
9.943108182970842
 30
0.0
 40
0.125
  1

 50
180.0
 41
0.85
  7
WD
100
AcDbAttribute
280
     0
  2
DESC1
 70
     0
280
     0
  0
ATTRIB
  5
F130
330
F121
100
AcDbEntity
  8
DESC
100
AcDbText
 10
17.53762111750505
 20
10.11498318297084
 30
0.0
 40
0.125
  1

 50
180.0
 41
0.85
  7
WD
100
AcDbAttribute
280
     0
  2
DESC2
 70
     0
280
     0
  0
ATTRIB
  5
F131
330
F121
100
AcDbEntity
  8
LOC
100
AcDbText
 10
17.53762111750505
 20
9.427483182970842
 30
0.0
 40
0.125
  1

 50
180.0
 41
0.85
  7
WD
100
AcDbAttribute
280
     0
  2
INST
 70
     0
280
     0
  0
ATTRIB
  5
F132
330
F121
100
AcDbEntity
  8
TERMS
  6
Continuous
100
AcDbText
 10
17.79707233911304
 20
9.953430213621839
 30
0.0
 40
0.125
  1

 50
180.0
 41
0.85
  7
WD
 72
     2
 11
17.79707233911304
 21
9.828430213621839
 31
0.0
100
AcDbAttribute
280
     0
  2
TERM02
 70
     8
 74
     3
280
     0
1001
N8SOL-TLINK
1002
{
1000
2,
1002
}
1001
RE-TLINK
1002
{
1000
2,
1002
}
  0
ATTRIB
  5
F133
330
F121
100
AcDbEntity
  8
TERMS
  6
Continuous
100
AcDbText
 10
17.8113414966607
 20
9.56460656696592
 30
0.0
 40
0.125
  1

 50
180.0
 41
0.85
  7
WD
 72
     2
 11
17.8113414966607
 21
9.56460656696592
 31
0.0
100
AcDbAttribute
280
     0
  2
TERM01
 70
     8
280
     0
1001
N8SOL-TLINK
1002
{
1000
1,
1002
}
1001
RE-TLINK
1002
{
1000
1,
1002
}
  0
ATTRIB
  5
F134
330
F121
100
AcDbEntity
  8
MISC
100
AcDbText
 10
17.91640470316472
 20
9.783845065731398
 30
0.0
 40
0.01
  1

 50
180.0
  7
WD
 72
     2
 11
17.91640470316472
 21
9.783845065731398
 31
0.0
100
AcDbAttribute
280
     0
  2
WDBLKNAM
 70
     9
280
     0
  0
ATTRIB
  5
F135
330
F121
100
AcDbEntity
  8
MISC
 62
     7
100
AcDbText
 10
17.99387045906676
 20
9.758110987355046
 30
0.0
 40
0.01
  1
1-
 50
180.0
  7
WD
100
AcDbAttribute
280
     0
  2
WDTYPE
 70
     1
280
     0
  0
SEQEND
  5
F136
330
F121
100
AcDbEntity
  8
SYMS
 62
     7
 48
0.2
  0
LWPOLYLINE
  5
F137
330
1F
100
AcDbEntity
  8
0
 62
     7
 48
0.2
100
AcDbPolyline
 90
        4
 70
     1
 43
0.0
 10
17.47505754147583
 20
10.98920986278013
 10
18.03768469353426
 20
10.98920986278013
 10
18.03768469353426
 20
9.981458519727668
 10
17.47505754147583
 20
9.981458519727668
  0
LINE
  5
F138
330
1F
100
AcDbEntity
  8
0
 62
     7
 48
0.2
100
AcDbLine
 10
17.75637111750505
 20
10.98920986278013
 30
0.0
 11
17.75637111750505
 21
11.1839945046898
 31
0.0
  0
LINE
  5
F139
330
1F
100
AcDbEntity
  8
0
 62
     7
 48
0.2
100
AcDbLine
 10
17.75637111750505
 20
9.771233182970842
 30
0.0
 11
17.75637111750505
 21
9.981458519727668
 31
0.0
  0
MTEXT
  5
F13A
330
1F
100
AcDbEntity
  8
0
 62
     7
 48
0.2
100
AcDbMText
 10
20.29167949047149
 20
11.11210948052647
 30
0.0
 40
0.125
 41
2.03605245080844
 46
0.0
 71
     3
 72
     5
  1
\pxr1,ql;BUS\P\PGEN BREAKER\P52-GEN9\P\PLINE
 73
     1
 44
1.0
101
Embedded Object
 70
     3
 10
1.0
 20
0.0
 30
0.0
 11
20.29167949047149
 21
11.11210948052647
 31
0.0
 40
2.03605245080844
 41
0.0
 42
1.291666666666666
 43
1.166666666666666
 71
     2
 72
     1
 44
2.03605245080844
 45
0.625
 73
     0
 74
     0
 46
0.0
  0
MTEXT
  5
F13B
330
1F
100
AcDbEntity
  8
0
 62
     7
 48
0.2
100
AcDbMText
 10
17.49170456193536
 20
10.80465887060848
 30
0.0
 40
0.15
 41
0.8839178222495576
 46
0.0
 71
     3
 72
     5
  1
\pxr1,qc;4.76KV\P1200A\P50KA
 73
     1
 44
1.0
101
Embedded Object
 70
     3
 10
1.0
 20
0.0
 30
0.0
 11
17.49170456193536
 21
10.80465887060848
 31
0.0
 40
0.8839178222495576
 41
0.0
 42
0.75
 43
0.65
 71
     2
 72
     1
 44
0.8839178222495576
 45
0.625
 73
     0
 74
     0
 46
0.0
  0
LINE
  5
F13C
330
1F
100
AcDbEntity
  8
0
 62
     7
 48
0.2
100
AcDbLine
 10
18.34827077387766
 20
9.187422392949549
 30
0.0
 11
16.16360158384766
 21
9.187422392949551
 31
0.0
  0
MTEXT
  5
F13D
330
1F
100
AcDbEntity
  8
0
 62
     7
 48
0.2
100
AcDbMText
 10
17.78632197262697
 20
8.913042422745064
 30
0.0
 40
0.125
 41
1.233233255170432
 46
0.0
 71
     3
 72
     5
  1
\pxr1,qc;(3) CTS\P1/%%C\P600:5A
 73
     1
 44
1.0
101
Embedded Object
 70
     3
 10
1.0
 20
0.0
 30
0.0
 11
17.78632197262697
 21
8.913042422745064
 31
0.0
 40
1.233233255170432
 41
0.0
 42
0.7083333333333333
 43
0.5892857142857144
 71
     2
 72
     1
 44
1.233233255170432
 45
0.625
 73
     0
 74
     0
 46
0.0
  0
INSERT
  5
F13E
330
1F
100
AcDbEntity
  8
0
100
AcDbBlockReference
  2
1LCT1A
 10
17.75451197655838
 20
8.795690759195853
 30
0.0
 41
-0.9996
 42
0.9996
 43
0.9996
 50
180.0
  0
LINE
  5
F13F
330
1F
100
AcDbEntity
  8
0
 62
     7
 48
0.2
100
AcDbLine
 10
18.34827077387766
 20
9.187422392949549
 30
0.0
 11
18.34827077387766
 21
8.721029239980373
 31
0.0
  0
LINE
  5
F140
330
1F
100
AcDbEntity
  8
0
 62
     7
 48
0.2
100
AcDbLine
 10
18.34827077387766
 20
8.721029239980373
 30
0.0
 11
18.06688697655838
 21
8.721029239980373
 31
0.0
  0
LWPOLYLINE
  5
F141
330
1F
100
AcDbEntity
  8
0
 62
     7
 48
0.2
100
AcDbPolyline
 90
        2
 70
     0
 10
17.75431006556006
 20
7.705979256040077
 40
0.0
 41
0.125
 10
18.00431006556006
 20
7.705979256040077
 40
0.125
 41
0.125
  0
MTEXT
  5
F142
330
1F
100
AcDbEntity
  8
0
 62
     7
 48
0.2
100
AcDbMText
 10
19.59871896620779
 20
7.867373340029274
 30
0.0
 40
0.125
 41
1.233233255170432
 46
0.0
 71
     3
 72
     5
  1
\pxr1,qc;350kcmil\P(1)/%%C
 73
     1
 44
1.0
101
Embedded Object
 70
     3
 10
1.0
 20
0.0
 30
0.0
 11
19.59871896620779
 21
7.867373340029274
 31
0.0
 40
1.233233255170432
 41
0.0
 42
0.7976190476190479
 43
0.3988095238095238
 71
     2
 72
     1
 44
1.233233255170432
 45
0.625
 73
     0
 74
     0
 46
0.0
  0
LINE
  5
F143
330
1F
100
AcDbEntity
  8
0
 62
     7
 48
0.2
100
AcDbLine
 10
18.49536779845523
 20
7.705979256040077
 30
0.0
 11
18.00431006556006
 21
7.705979256040077
 31
0.0
  0
TEXT
  5
F144
330
1F
100
AcDbEntity
  8
0
 62
     7
 48
0.2
100
AcDbText
 10
17.21191867683136
 20
15.68709049808719
 30
0.0
 40
0.0932
  1
25
 72
     1
 11
17.30068058159326
 21
15.68709049808719
 31
0.0
100
AcDbText
  0
TEXT
  5
F145
330
1F
100
AcDbEntity
  8
0
 62
     7
 48
0.2
100
AcDbText
 10
17.51786148358161
 20
15.68709049808719
 30
0.0
 40
0.0932
  1
50P
 72
     1
 11
17.65322338834351
 21
15.68709049808719
 31
0.0
100
AcDbText
  0
TEXT
  5
F146
330
1F
100
AcDbEntity
  8
0
 62
     7
 48
0.2
100
AcDbText
 10
17.90838100473934
 20
15.68709049808719
 30
0.0
 40
0.0932
  1
51P
 72
     1
 11
18.04374290950124
 21
15.68709049808719
 31
0.0
100
AcDbText
  0
CIRCLE
  5
F147
330
1F
100
AcDbEntity
  8
0
 62
     7
 48
0.2
100
AcDbCircle
 10
17.29818747303452
 20
15.7378912487245
 30
0.0
 40
0.1378642997044182
  0
CIRCLE
  5
F148
330
1F
100
AcDbEntity
  8
0
 62
     7
 48
0.2
100
AcDbCircle
 10
17.65153695741371
 20
15.7378912487245
 30
0.0
 40
0.1378642997044182
  0
CIRCLE
  5
F149
330
1F
100
AcDbEntity
  8
0
 62
     7
 48
0.2
100
AcDbCircle
 10
18.04311774273321
 20
15.7378912487245
 30
0.0
 40
0.1378642997044182
  0
TEXT
  5
F14A
330
1F
100
AcDbEntity
  8
0
 62
     7
 48
0.2
100
AcDbText
 10
17.51786148358161
 20
15.31707802959433
 30
0.0
 40
0.0932
  1
50G
 72
     1
 11
17.65322338834351
 21
15.31707802959433
 31
0.0
100
AcDbText
  0
TEXT
  5
F14B
330
1F
100
AcDbEntity
  8
0
 62
     7
 48
0.2
100
AcDbText
 10
17.90838100473934
 20
15.31707802959433
 30
0.0
 40
0.0932
  1
51G
 72
     1
 11
18.04374290950124
 21
15.31707802959433
 31
0.0
100
AcDbText
  0
CIRCLE
  5
F14C
330
1F
100
AcDbEntity
  8
0
 62
     7
 48
0.2
100
AcDbCircle
 10
17.65153695741371
 20
15.36787878023164
 30
0.0
 40
0.1378642997044182
  0
CIRCLE
  5
F14D
330
1F
100
AcDbEntity
  8
0
 62
     7
 48
0.2
100
AcDbCircle
 10
18.04311774273321
 20
15.36787878023164
 30
0.0
 40
0.1378642997044182
  0
INSERT
  5
F14E
330
1F
100
AcDbEntity
  8
BM
100
AcDbBlockReference
  2
CSHEXA
 10
15.72767569317771
 20
15.77969918467992
 30
0.0
  0
TEXT
  5
F14F
330
1F
100
AcDbEntity
  8
0
 62
     7
 48
0.2
100
AcDbText
 10
15.65889756893554
 20
15.72194301026022
 30
0.0
 40
0.125
  1
N
 72
     1
 11
15.72437375941173
 21
15.72194301026022
 31
0.0
100
AcDbText
  0
INSERT
  5
F150
330
1F
100
AcDbEntity
  8
0
  6
Continuous
 62
     0
100
AcDbBlockReference
  2
WD1005
 10
17.75594205821913
 20
13.59215087321073
 30
0.0
 41
-1.0
 50
180.0
  0
LINE
  5
F151
330
1F
100
AcDbEntity
  8
0
 62
     7
 48
0.2
100
AcDbLine
 10
17.75594205821913
 20
14.40576093548018
 30
0.0
 11
17.75594205821913
 21
14.89308608847658
 31
0.0
  0
LINE
  5
F152
330
1F
100
AcDbEntity
  8
0
 62
     7
 48
0.2
100
AcDbLine
 10
17.75594205821913
 20
15.90419033647393
 30
0.0
 11
17.75594205821913
 21
16.29839842207148
 31
0.0
  0
MTEXT
  5
F153
330
1F
100
AcDbEntity
  8
0
 62
     7
 48
0.2
100
AcDbMText
 10
16.67445850927382
 20
16.71209518050337
 30
0.0
 40
0.0932
 41
2.103997179888109
 46
0.0
 71
     1
 72
     5
  1
\pxqc;LINE VOLTAGE REFERENCE\PFROM INNIO PTs
 73
     1
 44
1.0
101
Embedded Object
 70
     1
 10
1.0
 20
0.0
 30
0.0
 11
16.67445850927382
 21
16.71209518050337
 31
0.0
 40
2.103997179888109
 41
0.0
 42
1.828495238095237
 43
0.2485333333333334
 71
     2
 72
     1
 44
2.103997179888109
 45
0.625
 73
     0
 74
     0
 46
0.0
  0
INSERT
  5
F154
330
1F
100
AcDbEntity
  8
0
  6
Continuous
 62
     0
100
AcDbBlockReference
  2
WD1005
 10
17.75594205821913
 20
14.40576093548018
 30
0.0
 41
-1.0
 50
180.0
  0
MTEXT
  5
F155
330
1F
100
AcDbEntity
  8
0
 62
     7
 48
0.2
100
AcDbMText
 10
16.95584463196609
 20
6.322837422588563
 30
0.0
 40
0.125
 41
1.601990317115136
 46
0.0
 71
     1
 72
     5
  1
\pxqc;BOTTOM ENTRY\PGEN 09\P4.16kV-1.785MW\PFLA=310A
 73
     1
 44
1.0
101
Embedded Object
 70
     1
 10
1.0
 20
0.0
 30
0.0
 11
16.95584463196609
 21
6.322837422588563
 31
0.0
 40
1.601990317115136
 41
0.0
 42
1.57142857142857
 43
0.75
 71
     2
 72
     1
 44
1.601990317115136
 45
0.625
 73
     0
 74
     0
 46
0.0
  0
MTEXT
  5
F156
330
1F
100
AcDbEntity
  8
0
 62
     7
 48
0.2
100
AcDbMText
 10
16.65501593456269
 20
21.4234814767536
 30
0.0
 40
0.2030370536618092
 41
1.780819473315256
 46
0.0
 71
     1
 72
     5
  1
\pxqc;UNIT 11
 73
     1
 44
1.0
101
Embedded Object
 70
     1
 10
1.0
 20
0.0
 30
0.0
 11
16.65501593456269
 21
21.4234814767536
 31
0.0
 40
1.780819473315256
 41
0.0
 42
1.121538010703327
 43
0.2030370536618092
 71
     2
 72
     1
 44
1.780819473315256
 45
1.015185268309045
 73
     0
 74
     0
 46
0.0
  0
LINE
  5
F157
330
1F
100
AcDbEntity
  8
0
 62
     4
 48
0.2
100
AcDbLine
 10
19.70062213471565
 20
7.13306583467127
 30
0.0
 11
19.70062213471565
 21
21.48524542173098
 31
0.0
  0
LWPOLYLINE
  5
F158
330
1F
100
AcDbEntity
  8
0
 62
     7
 48
0.2
100
AcDbPolyline
 90
        2
 70
     0
 10
22.15630189374628
 20
6.444633496129322
 40
0.0
 41
0.125
 10
22.15630189374628
 20
6.694633496129322
 40
0.125
 41
0.125
  0
LINE
  5
F159
330
1F
100
AcDbEntity
  8
WIRES
 62
     7
 48
0.2
100
AcDbLine
 10
22.15793388640535
 20
16.00184861233648
 30
0.0
 11
22.15836294569127
 21
11.3402445046898
 31
0.0
  0
TEXT
  5
F15A
330
1F
100
AcDbEntity
  8
0
 62
     7
 48
0.2
100
AcDbText
 10
22.79443193207027
 20
12.45635425359616
 30
0.0
 40
0.125
  1
SEL-751
 72
     1
 11
23.19919383683218
 21
12.45635425359616
 31
0.0
100
AcDbText
  0
LWPOLYLINE
  5
F15B
330
1F
100
AcDbEntity
  8
0
 62
     7
 48
0.2
100
AcDbPolyline
 90
        5
 70
     0
 43
0.0
 10
22.75026260206388
 20
12.671820429933
 10
23.70536695795045
 20
12.67182042993299
 10
23.70536695795045
 20
11.66071618193565
 10
22.75026260206388
 20
11.66071618193565
 10
22.75026260206388
 20
12.671820429933
  0
LINE
  5
F15C
330
1F
100
AcDbEntity
  8
0
 62
     7
 48
0.2
100
AcDbLine
 10
20.55212328167765
 20
17.24745133117371
 30
0.0
 11
20.55212328167767
 21
15.76865145090256
 31
0.0
  0
LINE
  5
F15D
330
1F
100
AcDbEntity
  8
0
 62
     7
 48
0.2
100
AcDbLine
 10
22.15661420833513
 20
9.614983182970842
 30
0.0
 11
22.15630189374628
 21
7.705979256040077
 31
0.0
  0
INSERT
  5
F15E
330
1F
100
AcDbEntity
  8
SYMS
 62
     7
 48
0.2
100
AcDbBlockReference
 66
     1
  2
VC01PJ_1-
 10
22.15836294569127
 20
11.2777445046898
 30
0.0
1001
VIA_WD_MAXTYPE4
1002
{
1000

1002
}
1001
VIA_WD_BASETAG
1002
{
1000
051PJ?2
1002
}
  0
ATTRIB
  5
F15F
330
F15E
100
AcDbEntity
  8
MISC
100
AcDbText
 10
22.17143587258626
 20
11.1631043774313
 30
0.0
 40
0.01
  1
P
  7
WD
100
AcDbAttribute
280
     0
  2
X8TERMDESC02
 70
     1
280
     0
  0
ATTRIB
  5
F160
330
F15E
100
AcDbEntity
  8
MISC
100
AcDbText
 10
22.18450881019033
 20
11.3193543724605
 30
0.0
 40
0.01
  1
J
  7
WD
100
AcDbAttribute
280
     0
  2
X2TERMDESC01
 70
     1
280
     0
  0
ATTRIB
  5
F161
330
F15E
100
AcDbEntity
  8
MISC
  6
Continuous
100
AcDbText
 10
22.0492876820637
 20
11.26380102252565
 30
0.0
 40
0.01
  1

  7
WD
 72
     1
 11
22.0492876820637
 21
11.26380102252565
 31
0.0
100
AcDbAttribute
280
     0
  2
ASSYCODE
 70
     9
280
     0
  0
ATTRIB
  5
F162
330
F15E
100
AcDbEntity
  8
MISC
100
AcDbText
 10
22.03336294569127
 20
11.2152445046898
 30
0.0
 40
0.01
  1

  7
WD
100
AcDbAttribute
280
     0
  2
X4LINK
 70
     0
280
     0
  0
ATTRIB
  5
F163
330
F15E
100
AcDbEntity
  8
MISC
100
AcDbText
 10
22.28336294569127
 20
11.2152445046898
 30
0.0
 40
0.01
  1

  7
WD
100
AcDbAttribute
280
     0
  2
X1LINK
 70
     0
280
     0
  0
ATTRIB
  5
F164
330
F15E
100
AcDbEntity
  8
MISC
  6
Continuous
100
AcDbText
 10
22.04975605414094
 20
11.27778378791266
 30
0.0
 40
0.01
  1

  7
WD
 72
     1
 11
22.04975605414094
 21
11.27778378791266
 31
0.0
100
AcDbAttribute
280
     0
  2
MFG
 70
     9
280
     0
  0
ATTRIB
  5
F165
330
F15E
100
AcDbEntity
  8
MISC
  6
Continuous
100
AcDbText
 10
22.05170109978085
 20
11.29722554162011
 30
0.0
 40
0.01
  1

  7
WD
 72
     1
 11
22.05170109978085
 21
11.29722554162011
 31
0.0
100
AcDbAttribute
280
     0
  2
CAT
 70
     9
280
     0
  0
ATTRIB
  5
F166
330
F15E
100
AcDbEntity
  8
MISC
100
AcDbText
 10
22.0266478338425
 20
11.34140195747987
 30
0.0
 40
0.01
  1
PJ
  7
WD
100
AcDbAttribute
280
     0
  2
FAMILY
 70
     9
280
     0
  0
ATTRIB
  5
F167
330
F15E
100
AcDbEntity
  8
MISC
100
AcDbText
 10
22.15836294569127
 20
11.1839945046898
 30
0.0
 40
0.0125
  1

  7
WD
100
AcDbAttribute
280
     0
  2
X8TERM02
 70
     1
280
     0
  0
ATTRIB
  5
F168
330
F15E
100
AcDbEntity
  8
MISC
100
AcDbText
 10
22.15836294569127
 20
11.3402445046898
 30
0.0
 40
0.0125
  1

  7
WD
100
AcDbAttribute
280
     0
  2
X2TERM01
 70
     1
280
     0
  0
ATTRIB
  5
F169
330
F15E
100
AcDbEntity
  8
DESC
100
AcDbText
 10
22.37711294569127
 20
10.6683695046898
 30
0.0
 40
0.125
  1

 41
0.85
  7
WD
100
AcDbAttribute
280
     0
  2
DESC3
 70
     0
280
     0
  0
ATTRIB
  5
F16A
330
F15E
100
AcDbEntity
  8
LOC
100
AcDbText
 10
22.37711294569127
 20
11.3558695046898
 30
0.0
 40
0.125
  1

 41
0.85
  7
WD
100
AcDbAttribute
280
     0
  2
LOC
 70
     0
280
     0
  0
ATTRIB
  5
F16B
330
F15E
100
AcDbEntity
  8
TAGS
100
AcDbText
 10
22.37905438366435
 20
11.18586950468985
 30
0.0
 40
0.125
  1
051PJ?2
 41
0.85
  7
WD
100
AcDbAttribute
280
     0
  2
TAG1
 70
     1
280
     0
  0
ATTRIB
  5
F16C
330
F15E
100
AcDbEntity
  8
DESC
100
AcDbText
 10
22.37711294569127
 20
11.0121195046898
 30
0.0
 40
0.125
  1

 41
0.85
  7
WD
100
AcDbAttribute
280
     0
  2
DESC1
 70
     0
280
     0
  0
ATTRIB
  5
F16D
330
F15E
100
AcDbEntity
  8
DESC
100
AcDbText
 10
22.37711294569127
 20
10.8402445046898
 30
0.0
 40
0.125
  1

 41
0.85
  7
WD
100
AcDbAttribute
280
     0
  2
DESC2
 70
     0
280
     0
  0
ATTRIB
  5
F16E
330
F15E
100
AcDbEntity
  8
LOC
100
AcDbText
 10
22.37711294569127
 20
11.5277445046898
 30
0.0
 40
0.125
  1

 41
0.85
  7
WD
100
AcDbAttribute
280
     0
  2
INST
 70
     0
280
     0
  0
ATTRIB
  5
F16F
330
F15E
100
AcDbEntity
  8
TERMS
  6
Continuous
100
AcDbText
 10
22.11766172408328
 20
11.0017974740388
 30
0.0
 40
0.125
  1

 41
0.85
  7
WD
 72
     2
 11
22.11766172408328
 21
11.1267974740388
 31
0.0
100
AcDbAttribute
280
     0
  2
TERM02
 70
     8
 74
     3
280
     0
1001
N8SOL-TLINK
1002
{
1000
2,
1002
}
1001
RE-TLINK
1002
{
1000
2,
1002
}
  0
ATTRIB
  5
F170
330
F15E
100
AcDbEntity
  8
TERMS
  6
Continuous
100
AcDbText
 10
22.10339256653562
 20
11.39062112069472
 30
0.0
 40
0.125
  1

 41
0.85
  7
WD
 72
     2
 11
22.10339256653562
 21
11.39062112069472
 31
0.0
100
AcDbAttribute
280
     0
  2
TERM01
 70
     8
280
     0
1001
N8SOL-TLINK
1002
{
1000
1,
1002
}
1001
RE-TLINK
1002
{
1000
1,
1002
}
  0
ATTRIB
  5
F171
330
F15E
100
AcDbEntity
  8
MISC
100
AcDbText
 10
21.9983293600316
 20
11.17138262192924
 30
0.0
 40
0.01
  1

  7
WD
 72
     2
 11
21.9983293600316
 21
11.17138262192924
 31
0.0
100
AcDbAttribute
280
     0
  2
WDBLKNAM
 70
     9
280
     0
  0
ATTRIB
  5
F172
330
F15E
100
AcDbEntity
  8
MISC
 62
     7
100
AcDbText
 10
21.92086360412956
 20
11.1971167003056
 30
0.0
 40
0.01
  1
1-
  7
WD
100
AcDbAttribute
280
     0
  2
WDTYPE
 70
     1
280
     0
  0
SEQEND
  5
F173
330
F15E
100
AcDbEntity
  8
SYMS
 62
     7
 48
0.2
  0
INSERT
  5
F174
330
1F
100
AcDbEntity
  8
SYMS
 62
     7
 48
0.2
100
AcDbBlockReference
 66
     1
  2
VC01PJ_1-
 10
22.15836294569127
 20
9.677483182970842
 30
0.0
 50
180.0
1001
VIA_WD_MAXTYPE4
1002
{
1000

1002
}
1001
VIA_WD_BASETAG
1002
{
1000
051PJ?2
1002
}
  0
ATTRIB
  5
F175
330
F174
100
AcDbEntity
  8
MISC
100
AcDbText
 10
22.14529001879629
 20
9.792123310229339
 30
0.0
 40
0.01
  1
P
 50
180.0
  7
WD
100
AcDbAttribute
280
     0
  2
X8TERMDESC02
 70
     1
280
     0
  0
ATTRIB
  5
F176
330
F174
100
AcDbEntity
  8
MISC
100
AcDbText
 10
22.13221708119222
 20
9.635873315200147
 30
0.0
 40
0.01
  1
J
 50
180.0
  7
WD
100
AcDbAttribute
280
     0
  2
X2TERMDESC01
 70
     1
280
     0
  0
ATTRIB
  5
F177
330
F174
100
AcDbEntity
  8
MISC
  6
Continuous
100
AcDbText
 10
22.26743820931885
 20
9.691426665134997
 30
0.0
 40
0.01
  1

 50
180.0
  7
WD
 72
     1
 11
22.26743820931885
 21
9.691426665134997
 31
0.0
100
AcDbAttribute
280
     0
  2
ASSYCODE
 70
     9
280
     0
  0
ATTRIB
  5
F178
330
F174
100
AcDbEntity
  8
MISC
100
AcDbText
 10
22.28336294569127
 20
9.739983182970842
 30
0.0
 40
0.01
  1

 50
180.0
  7
WD
100
AcDbAttribute
280
     0
  2
X4LINK
 70
     0
280
     0
  0
ATTRIB
  5
F179
330
F174
100
AcDbEntity
  8
MISC
100
AcDbText
 10
22.03336294569127
 20
9.739983182970842
 30
0.0
 40
0.01
  1

 50
180.0
  7
WD
100
AcDbAttribute
280
     0
  2
X1LINK
 70
     0
280
     0
  0
ATTRIB
  5
F17A
330
F174
100
AcDbEntity
  8
MISC
  6
Continuous
100
AcDbText
 10
22.26696983724161
 20
9.677443899747988
 30
0.0
 40
0.01
  1

 50
180.0
  7
WD
 72
     1
 11
22.26696983724161
 21
9.677443899747988
 31
0.0
100
AcDbAttribute
280
     0
  2
MFG
 70
     9
280
     0
  0
ATTRIB
  5
F17B
330
F174
100
AcDbEntity
  8
MISC
  6
Continuous
100
AcDbText
 10
22.2650247916017
 20
9.658002146040537
 30
0.0
 40
0.01
  1

 50
180.0
  7
WD
 72
     1
 11
22.2650247916017
 21
9.658002146040537
 31
0.0
100
AcDbAttribute
280
     0
  2
CAT
 70
     9
280
     0
  0
ATTRIB
  5
F17C
330
F174
100
AcDbEntity
  8
MISC
100
AcDbText
 10
22.29007805754005
 20
9.613825730180774
 30
0.0
 40
0.01
  1
PJ
 50
180.0
  7
WD
100
AcDbAttribute
280
     0
  2
FAMILY
 70
     9
280
     0
  0
ATTRIB
  5
F17D
330
F174
100
AcDbEntity
  8
MISC
100
AcDbText
 10
22.15836294569127
 20
9.771233182970842
 30
0.0
 40
0.0125
  1

 50
180.0
  7
WD
100
AcDbAttribute
280
     0
  2
X8TERM02
 70
     1
280
     0
  0
ATTRIB
  5
F17E
330
F174
100
AcDbEntity
  8
MISC
100
AcDbText
 10
22.15836294569127
 20
9.614983182970842
 30
0.0
 40
0.0125
  1

 50
180.0
  7
WD
100
AcDbAttribute
280
     0
  2
X2TERM01
 70
     1
280
     0
  0
ATTRIB
  5
F17F
330
F174
100
AcDbEntity
  8
DESC
100
AcDbText
 10
21.93961294569128
 20
10.28685818297084
 30
0.0
 40
0.125
  1

 50
180.0
 41
0.85
  7
WD
100
AcDbAttribute
280
     0
  2
DESC3
 70
     0
280
     0
  0
ATTRIB
  5
F180
330
F174
100
AcDbEntity
  8
LOC
100
AcDbText
 10
21.93961294569128
 20
9.599358182970842
 30
0.0
 40
0.125
  1

 50
180.0
 41
0.85
  7
WD
100
AcDbAttribute
280
     0
  2
LOC
 70
     0
280
     0
  0
ATTRIB
  5
F181
330
F174
100
AcDbEntity
  8
TAGS
100
AcDbText
 10
21.9376715077182
 20
9.769358182970794
 30
0.0
 40
0.125
  1
051PJ?2
 50
180.0
 41
0.85
  7
WD
100
AcDbAttribute
280
     0
  2
TAG1
 70
     1
280
     0
  0
ATTRIB
  5
F182
330
F174
100
AcDbEntity
  8
DESC
100
AcDbText
 10
21.93961294569128
 20
9.943108182970842
 30
0.0
 40
0.125
  1

 50
180.0
 41
0.85
  7
WD
100
AcDbAttribute
280
     0
  2
DESC1
 70
     0
280
     0
  0
ATTRIB
  5
F183
330
F174
100
AcDbEntity
  8
DESC
100
AcDbText
 10
21.93961294569128
 20
10.11498318297084
 30
0.0
 40
0.125
  1

 50
180.0
 41
0.85
  7
WD
100
AcDbAttribute
280
     0
  2
DESC2
 70
     0
280
     0
  0
ATTRIB
  5
F184
330
F174
100
AcDbEntity
  8
LOC
100
AcDbText
 10
21.93961294569128
 20
9.427483182970842
 30
0.0
 40
0.125
  1

 50
180.0
 41
0.85
  7
WD
100
AcDbAttribute
280
     0
  2
INST
 70
     0
280
     0
  0
ATTRIB
  5
F185
330
F174
100
AcDbEntity
  8
TERMS
  6
Continuous
100
AcDbText
 10
22.19906416729927
 20
9.953430213621839
 30
0.0
 40
0.125
  1

 50
180.0
 41
0.85
  7
WD
 72
     2
 11
22.19906416729927
 21
9.828430213621839
 31
0.0
100
AcDbAttribute
280
     0
  2
TERM02
 70
     8
 74
     3
280
     0
1001
N8SOL-TLINK
1002
{
1000
2,
1002
}
1001
RE-TLINK
1002
{
1000
2,
1002
}
  0
ATTRIB
  5
F186
330
F174
100
AcDbEntity
  8
TERMS
  6
Continuous
100
AcDbText
 10
22.21333332484693
 20
9.56460656696592
 30
0.0
 40
0.125
  1

 50
180.0
 41
0.85
  7
WD
 72
     2
 11
22.21333332484693
 21
9.56460656696592
 31
0.0
100
AcDbAttribute
280
     0
  2
TERM01
 70
     8
280
     0
1001
N8SOL-TLINK
1002
{
1000
1,
1002
}
1001
RE-TLINK
1002
{
1000
1,
1002
}
  0
ATTRIB
  5
F187
330
F174
100
AcDbEntity
  8
MISC
100
AcDbText
 10
22.31839653135095
 20
9.783845065731398
 30
0.0
 40
0.01
  1

 50
180.0
  7
WD
 72
     2
 11
22.31839653135095
 21
9.783845065731398
 31
0.0
100
AcDbAttribute
280
     0
  2
WDBLKNAM
 70
     9
280
     0
  0
ATTRIB
  5
F188
330
F174
100
AcDbEntity
  8
MISC
 62
     7
100
AcDbText
 10
22.39586228725299
 20
9.758110987355046
 30
0.0
 40
0.01
  1
1-
 50
180.0
  7
WD
100
AcDbAttribute
280
     0
  2
WDTYPE
 70
     1
280
     0
  0
SEQEND
  5
F189
330
F174
100
AcDbEntity
  8
SYMS
 62
     7
 48
0.2
  0
LWPOLYLINE
  5
F18A
330
1F
100
AcDbEntity
  8
0
 62
     7
 48
0.2
100
AcDbPolyline
 90
        4
 70
     1
 43
0.0
 10
21.87704936966206
 20
10.98920986278013
 10
22.43967652172049
 20
10.98920986278013
 10
22.43967652172049
 20
9.981458519727668
 10
21.87704936966206
 20
9.981458519727668
  0
LINE
  5
F18B
330
1F
100
AcDbEntity
  8
0
 62
     7
 48
0.2
100
AcDbLine
 10
22.15836294569127
 20
10.98920986278013
 30
0.0
 11
22.15836294569127
 21
11.1839945046898
 31
0.0
  0
LINE
  5
F18C
330
1F
100
AcDbEntity
  8
0
 62
     7
 48
0.2
100
AcDbLine
 10
22.15836294569127
 20
9.771233182970842
 30
0.0
 11
22.15836294569127
 21
9.981458519727668
 31
0.0
  0
MTEXT
  5
F18D
330
1F
100
AcDbEntity
  8
0
 62
     7
 48
0.2
100
AcDbMText
 10
24.69367131865772
 20
11.11210948052647
 30
0.0
 40
0.125
 41
2.03605245080844
 46
0.0
 71
     3
 72
     5
  1
\pxr1,ql;BUS\P\PFEEDER\PBREAKER\P52-3\P\PLOAD
 73
     1
 44
1.0
101
Embedded Object
 70
     3
 10
1.0
 20
0.0
 30
0.0
 11
24.69367131865772
 21
11.11210948052647
 31
0.0
 40
2.03605245080844
 41
0.0
 42
0.7916666666666669
 43
1.374999999999999
 71
     2
 72
     1
 44
2.03605245080844
 45
0.625
 73
     0
 74
     0
 46
0.0
  0
MTEXT
  5
F18E
330
1F
100
AcDbEntity
  8
0
 62
     7
 48
0.2
100
AcDbMText
 10
21.89369639012158
 20
10.80465887060848
 30
0.0
 40
0.15
 41
0.8839178222495576
 46
0.0
 71
     3
 72
     5
  1
\pxr1,qc;4.76KV\P1200A\P50KA
 73
     1
 44
1.0
101
Embedded Object
 70
     3
 10
1.0
 20
0.0
 30
0.0
 11
21.89369639012158
 21
10.80465887060848
 31
0.0
 40
0.8839178222495576
 41
0.0
 42
0.75
 43
0.65
 71
     2
 72
     1
 44
0.8839178222495576
 45
0.625
 73
     0
 74
     0
 46
0.0
  0
LINE
  5
F18F
330
1F
100
AcDbEntity
  8
0
 62
     7
 48
0.2
100
AcDbLine
 10
23.22781478000717
 20
15.76865145090256
 30
0.0
 11
20.55212328167767
 21
15.76865145090256
 31
0.0
  0
MTEXT
  5
F190
330
1F
100
AcDbEntity
  8
0
 62
     7
 48
0.2
100
AcDbMText
 10
22.1883138008132
 20
12.35828148869902
 30
0.0
 40
0.125
 41
1.233233255170432
 46
0.0
 71
     3
 72
     5
  1
\pxr1,qc;(3) CT\P1/%%C\P1200:5A
 73
     1
 44
1.0
101
Embedded Object
 70
     3
 10
1.0
 20
0.0
 30
0.0
 11
22.1883138008132
 21
12.35828148869902
 31
0.0
 40
1.233233255170432
 41
0.0
 42
0.7202380952380953
 43
0.5892857142857144
 71
     2
 72
     1
 44
1.233233255170432
 45
0.625
 73
     0
 74
     0
 46
0.0
  0
INSERT
  5
F191
330
1F
100
AcDbEntity
  8
0
100
AcDbBlockReference
  2
1LCT1A
 10
22.1565038047446
 20
12.24092982514981
 30
0.0
 41
-0.9996
 42
0.9996
 43
0.9996
 50
180.0
  0
LINE
  5
F192
330
1F
100
AcDbEntity
  8
0
 62
     7
 48
0.2
100
AcDbLine
 10
23.22781478000717
 20
15.76865145090256
 30
0.0
 11
23.22781478000717
 21
15.65205316266026
 31
0.0
  0
LINE
  5
F193
330
1F
100
AcDbEntity
  8
0
 62
     7
 48
0.2
100
AcDbLine
 10
22.75026260206388
 20
12.16626830593433
 30
0.0
 11
22.4688788047446
 21
12.16626830593433
 31
0.0
  0
LWPOLYLINE
  5
F194
330
1F
100
AcDbEntity
  8
0
 62
     7
 48
0.2
100
AcDbPolyline
 90
        2
 70
     0
 10
22.15630189374628
 20
7.705979256040077
 40
0.0
 41
0.125
 10
22.40630189374628
 20
7.705979256040077
 40
0.125
 41
0.125
  0
MTEXT
  5
F195
330
1F
100
AcDbEntity
  8
0
 62
     7
 48
0.2
100
AcDbMText
 10
24.00071079439402
 20
7.913167674336392
 30
0.0
 40
0.125
 41
1.233233255170432
 46
0.0
 71
     3
 72
     5
  1
\pxr1,qc;4/0 AWG\P(1)/%%C
 73
     1
 44
1.0
101
Embedded Object
 70
     3
 10
1.0
 20
0.0
 30
0.0
 11
24.00071079439402
 21
7.913167674336392
 31
0.0
 40
1.233233255170432
 41
0.0
 42
0.8333333333333332
 43
0.4226190476190476
 71
     2
 72
     1
 44
1.233233255170432
 45
0.625
 73
     0
 74
     0
 46
0.0
  0
LINE
  5
F196
330
1F
100
AcDbEntity
  8
0
 62
     7
 48
0.2
100
AcDbLine
 10
22.89735962664145
 20
7.705979256040077
 30
0.0
 11
22.40630189374628
 21
7.705979256040077
 31
0.0
  0
TEXT
  5
F198
330
1F
100
AcDbEntity
  8
0
 62
     7
 48
0.2
100
AcDbText
 10
22.86857341019628
 20
12.17512887878158
 30
0.0
 40
0.0932
  1
50P
 72
     1
 11
23.00393531495818
 21
12.17512887878158
 31
0.0
100
AcDbText
  0
TEXT
  5
F199
330
1F
100
AcDbEntity
  8
0
 62
     7
 48
0.2
100
AcDbText
 10
23.25909293135401
 20
12.17512887878158
 30
0.0
 40
0.0932
  1
51P
 72
     1
 11
23.39445483611591
 21
12.17512887878158
 31
0.0
100
AcDbText
  0
CIRCLE
  5
F19B
330
1F
100
AcDbEntity
  8
0
 62
     7
 48
0.2
100
AcDbCircle
 10
23.00224888402838
 20
12.2259296294189
 30
0.0
 40
0.1378642997044182
  0
CIRCLE
  5
F19C
330
1F
100
AcDbEntity
  8
0
 62
     7
 48
0.2
100
AcDbCircle
 10
23.39382966934787
 20
12.2259296294189
 30
0.0
 40
0.1378642997044182
  0
TEXT
  5
F19D
330
1F
100
AcDbEntity
  8
0
 62
     7
 48
0.2
100
AcDbText
 10
22.86857341019628
 20
11.80511641028872
 30
0.0
 40
0.0932
  1
50G
 72
     1
 11
23.00393531495818
 21
11.80511641028872
 31
0.0
100
AcDbText
  0
TEXT
  5
F19E
330
1F
100
AcDbEntity
  8
0
 62
     7
 48
0.2
100
AcDbText
 10
23.25909293135401
 20
11.80511641028872
 30
0.0
 40
0.0932
  1
51G
 72
     1
 11
23.39445483611591
 21
11.80511641028872
 31
0.0
100
AcDbText
  0
CIRCLE
  5
F19F
330
1F
100
AcDbEntity
  8
0
 62
     7
 48
0.2
100
AcDbCircle
 10
23.00224888402838
 20
11.85591716092604
 30
0.0
 40
0.1378642997044182
  0
CIRCLE
  5
F1A0
330
1F
100
AcDbEntity
  8
0
 62
     7
 48
0.2
100
AcDbCircle
 10
23.39382966934787
 20
11.85591716092604
 30
0.0
 40
0.1378642997044182
  0
INSERT
  5
F1A1
330
1F
100
AcDbEntity
  8
BM
100
AcDbBlockReference
  2
CSHEXA
 10
22.53620709428414
 20
12.54732927813899
 30
0.0
  0
TEXT
  5
F1A2
330
1F
100
AcDbEntity
  8
0
 62
     7
 48
0.2
100
AcDbText
 10
22.46742897004198
 20
12.48957310371929
 30
0.0
 40
0.125
  1
N
 72
     1
 11
22.53290516051817
 21
12.48957310371929
 31
0.0
100
AcDbText
  0
INSERT
  5
F1A3
330
1F
100
AcDbEntity
  8
0
  6
Continuous
 62
     0
100
AcDbBlockReference
  2
WD1005
 10
22.15793388640535
 20
13.59215087321073
 30
0.0
 41
-1.0
 50
180.0
  0
MTEXT
  5
F1A8
330
1F
100
AcDbEntity
  8
0
 62
     7
 48
0.2
100
AcDbMText
 10
21.35783646015231
 20
6.322837422588563
 30
0.0
 40
0.125
 41
1.601990317115136
 46
0.0
 71
     1
 72
     5
  1
\pxqc;BOTTOM EXIT\PGAS\PPROCESSING\PTR-LV-0003
 73
     1
 44
1.0
101
Embedded Object
 70
     1
 10
1.0
 20
0.0
 30
0.0
 11
21.35783646015231
 21
6.322837422588563
 31
0.0
 40
1.601990317115136
 41
0.0
 42
1.19047619047619
 43
0.75
 71
     2
 72
     1
 44
1.601990317115136
 45
0.625
 73
     0
 74
     0
 46
0.0
  0
MTEXT
  5
F1A9
330
1F
100
AcDbEntity
  8
0
 62
     7
 48
0.2
100
AcDbMText
 10
21.05700776274892
 20
21.4234814767536
 30
0.0
 40
0.2030370536618092
 41
1.780819473315256
 46
0.0
 71
     1
 72
     5
  1
\pxqc;UNIT 12
 73
     1
 44
1.0
101
Embedded Object
 70
     1
 10
1.0
 20
0.0
 30
0.0
 11
21.05700776274892
 21
21.4234814767536
 31
0.0
 40
1.780819473315256
 41
0.0
 42
1.179548597463843
 43
0.2030370536618092
 71
     2
 72
     1
 44
1.780819473315256
 45
1.015185268309045
 73
     0
 74
     0
 46
0.0
  0
LINE
  5
F1AA
330
1F
100
AcDbEntity
  8
0
 62
     4
 48
0.2
100
AcDbLine
 10
24.10261396290187
 20
7.13306583467127
 30
0.0
 11
24.10261396290187
 21
21.48524542173098
 31
0.0
  0
MTEXT
  5
F1FC
330
1F
100
AcDbEntity
  8
0
 62
     7
 48
0.2
100
AcDbMText
 10
25.45899959093514
 20
21.4234814767536
 30
0.0
 40
0.2030370536618092
 41
1.780819473315256
 46
0.0
 71
     1
 72
     5
  1
\pxqc;UNIT 13
 73
     1
 44
1.0
101
Embedded Object
 70
     1
 10
1.0
 20
0.0
 30
0.0
 11
25.45899959093514
 21
21.4234814767536
 31
0.0
 40
1.780819473315256
 41
0.0
 42
1.179548597463843
 43
0.2030370536618092
 71
     2
 72
     1
 44
1.780819473315256
 45
1.015185268309045
 73
     0
 74
     0
 46
0.0
  0
LINE
  5
F1FD
330
1F
100
AcDbEntity
  8
0
 62
     4
 48
0.2
100
AcDbLine
 10
28.50460579108809
 20
7.133065834671269
 30
0.0
 11
28.50460579108809
 21
21.48524542173098
 31
0.0
  0
MTEXT
  5
F1FE
330
1F
100
AcDbEntity
  8
0
 62
     7
 48
0.2
100
AcDbMText
 10
30.01143032432588
 20
21.4234814767536
 30
0.0
 40
0.2030370536618092
 41
1.780819473315256
 46
0.0
 71
     1
 72
     5
  1
\pxqc;UNIT 14
 73
     1
 44
1.0
101
Embedded Object
 70
     1
 10
1.0
 20
0.0
 30
0.0
 11
30.01143032432588
 21
21.4234814767536
 31
0.0
 40
1.780819473315256
 41
0.0
 42
1.189217028590596
 43
0.2030370536618092
 71
     2
 72
     1
 44
1.780819473315256
 45
1.015185268309045
 73
     0
 74
     0
 46
0.0
  0
LINE
  5
F2CA
330
1F
100
AcDbEntity
  8
0
 62
     7
 48
0.2
100
AcDbLine
 10
32.22850297521262
 20
5.124053209305023
 30
0.0
 11
2.092654821970758
 21
5.124053209305023
 31
0.0
  0
INSERT
  5
F2CB
330
1F
100
AcDbEntity
  8
SYMS
 62
     7
 48
0.2
100
AcDbBlockReference
  2
WDDOT
 10
31.82162830805396
 20
5.124053209305021
 30
0.0
 41
-1.0
  0
LINE
  5
F2CC
330
1F
100
AcDbEntity
  8
0
 62
     7
 48
0.2
100
AcDbLine
 10
31.82162830805396
 20
5.124053209305021
 30
0.0
 11
31.82162830805396
 21
4.890856632820432
 31
0.0
  0
LINE
  5
F2CD
330
1F
100
AcDbEntity
  8
0
 62
     7
 48
0.2
100
AcDbLine
 10
31.9623202067136
 20
4.890856632820432
 30
0.0
 11
31.68093640939432
 21
4.890856632820432
 31
0.0
  0
MTEXT
  5
F2CE
330
1F
100
AcDbEntity
  8
0
 62
     7
 48
0.2
100
AcDbMText
 10
30.61767036902145
 20
5.368596932084486
 30
0.0
 40
0.125
 41
1.83750636480593
 46
0.0
 71
     1
 72
     5
  1
\pxqc;2-250 KCMIL LUG
 73
     1
 44
1.0
101
Embedded Object
 70
     1
 10
1.0
 20
0.0
 30
0.0
 11
30.61767036902145
 21
5.368596932084486
 31
0.0
 40
1.83750636480593
 41
0.0
 42
1.744047619047618
 43
0.125
 71
     2
 72
     1
 44
1.83750636480593
 45
0.625
 73
     0
 74
     0
 46
0.0
  0
MTEXT
  5
F2CF
330
1F
100
AcDbEntity
  8
0
 62
     7
 48
0.2
100
AcDbMText
 10
13.93827343799207
 20
5.032822030700955
 30
0.0
 40
0.125
 41
3.431799980394115
 46
0.0
 71
     1
 72
     5
  1
\pxqc;GROUND BUS 1/4" X 2" CU BUS
 73
     1
 44
1.0
101
Embedded Object
 70
     1
 10
1.0
 20
0.0
 30
0.0
 11
13.93827343799207
 21
5.032822030700955
 31
0.0
 40
3.431799980394115
 41
0.0
 42
3.26190476190476
 43
0.1904761904761905
 71
     2
 72
     1
 44
3.431799980394115
 45
0.625
 73
     0
 74
     0
 46
0.0
  0
MTEXT
  5
F2F0
330
1F
100
AcDbEntity
  8
0
 62
     7
 48
0.2
100
AcDbMText
 10
1.87340526882815
 20
14.68086605865323
 30
0.0
 40
0.125
 41
1.18360494676682
 46
0.0
 71
     3
 72
     5
  1
\pxr1,qc;CONTINUED\PTO\PUNIT 7
 73
     1
 44
1.0
101
Embedded Object
 70
     3
 10
1.0
 20
0.0
 30
0.0
 11
1.87340526882815
 21
14.68086605865323
 31
0.0
 40
1.18360494676682
 41
0.0
 42
0.9940476190476189
 43
0.5416666666666666
 71
     2
 72
     1
 44
1.18360494676682
 45
0.625
 73
     0
 74
     0
 46
0.0
  0
MTEXT
  5
F2F1
330
1F
100
AcDbEntity
  8
0
 62
     7
 48
0.2
100
AcDbMText
 10
1.797799100593863
 20
13.97564709512223
 30
0.0
 40
0.125
 41
1.458132416644389
 46
0.0
 71
     3
 72
     5
  1
\pxr1,qc;CONTINUED\PTO UNIT 7\P(DWG. 8372-\PA01-001)
 73
     1
 44
1.0
101
Embedded Object
 70
     3
 10
1.0
 20
0.0
 30
0.0
 11
1.797799100593863
 21
13.97564709512223
 31
0.0
 40
1.458132416644389
 41
0.0
 42
1.244047619047618
 43
0.8392857142857142
 71
     2
 72
     1
 44
1.458132416644389
 45
0.625
 73
     0
 74
     0
 46
0.0
  0
MTEXT
  5
F2F9
330
1F
100
AcDbEntity
  8
0
 62
     7
 48
0.2
100
AcDbMText
 10
11.60809177292449
 20
13.89049897367533
 30
0.0
 40
0.125
 41
3.810401236289351
 46
0.0
 71
     3
 72
     5
  1
\pxr1,qc;4.16kV, 4000A, 3%%C, 3W, 60HZ, 50kA
 73
     1
 44
1.0
101
Embedded Object
 70
     3
 10
1.0
 20
0.0
 30
0.0
 11
11.60809177292449
 21
13.89049897367533
 31
0.0
 40
3.810401236289351
 41
0.0
 42
3.535714285714285
 43
0.1488095238095238
 71
     2
 72
     1
 44
3.810401236289351
 45
0.625
 73
     0
 74
     0
 46
0.0
  0
INSERT
  5
F2FA
330
1F
100
AcDbEntity
  8
0
  6
Continuous
 62
     0
100
AcDbBlockReference
  2
WD1005
 10
4.426285817516333
 20
13.59272577010713
 30
0.0
 41
-1.0
 50
180.0
  0
INSERT
  5
F2FB
330
1F
100
AcDbEntity
  8
0
  6
Continuous
 62
     0
100
AcDbBlockReference
  2
WD1005
 10
4.426197585509573
 20
14.40633581329664
 30
0.0
 41
-1.0
 50
180.0
  0
LINE
  5
F2FC
330
1F
100
AcDbEntity
  8
WIRES
 62
     7
 48
0.2
100
AcDbLine
 10
23.22740621870762
 20
14.41040153317222
 30
0.0
 11
23.22781478000717
 21
12.671820429933
 31
0.0
  0
INSERT
  5
F2FD
330
1F
100
AcDbEntity
  8
0
  6
Continuous
 62
     0
100
AcDbBlockReference
  2
WD1005
 10
23.22740621870762
 20
14.41040153317222
 30
0.0
 41
-1.0
 50
180.0
  0
INSERT
  5
F2FE
330
1F
100
AcDbEntity
  8
SYMS
 62
     7
 48
0.2
100
AcDbBlockReference
 66
     1
  2
VC01PJ_1-
 10
22.15793388640535
 20
17.66460993405544
 30
0.0
1001
VIA_WD_MAXTYPE4
1002
{
1000

1002
}
1001
VIA_WD_BASETAG
1002
{
1000
051PJ?2
1002
}
  0
ATTRIB
  5
F2FF
330
F2FE
100
AcDbEntity
  8
MISC
100
AcDbText
 10
22.17100681330034
 20
17.54996980679694
 30
0.0
 40
0.01
  1
P
  7
WD
100
AcDbAttribute
280
     0
  2
X8TERMDESC02
 70
     1
280
     0
  0
ATTRIB
  5
F300
330
F2FE
100
AcDbEntity
  8
MISC
100
AcDbText
 10
22.18407975090441
 20
17.70621980182613
 30
0.0
 40
0.01
  1
J
  7
WD
100
AcDbAttribute
280
     0
  2
X2TERMDESC01
 70
     1
280
     0
  0
ATTRIB
  5
F301
330
F2FE
100
AcDbEntity
  8
MISC
  6
Continuous
100
AcDbText
 10
22.04885862277778
 20
17.65066645189128
 30
0.0
 40
0.01
  1

  7
WD
 72
     1
 11
22.04885862277778
 21
17.65066645189128
 31
0.0
100
AcDbAttribute
280
     0
  2
ASSYCODE
 70
     9
280
     0
  0
ATTRIB
  5
F302
330
F2FE
100
AcDbEntity
  8
MISC
100
AcDbText
 10
22.03293388640535
 20
17.60210993405544
 30
0.0
 40
0.01
  1

  7
WD
100
AcDbAttribute
280
     0
  2
X4LINK
 70
     0
280
     0
  0
ATTRIB
  5
F303
330
F2FE
100
AcDbEntity
  8
MISC
100
AcDbText
 10
22.28293388640535
 20
17.60210993405544
 30
0.0
 40
0.01
  1

  7
WD
100
AcDbAttribute
280
     0
  2
X1LINK
 70
     0
280
     0
  0
ATTRIB
  5
F304
330
F2FE
100
AcDbEntity
  8
MISC
  6
Continuous
100
AcDbText
 10
22.04932699485501
 20
17.66464921727829
 30
0.0
 40
0.01
  1

  7
WD
 72
     1
 11
22.04932699485501
 21
17.66464921727829
 31
0.0
100
AcDbAttribute
280
     0
  2
MFG
 70
     9
280
     0
  0
ATTRIB
  5
F305
330
F2FE
100
AcDbEntity
  8
MISC
  6
Continuous
100
AcDbText
 10
22.05127204049493
 20
17.68409097098574
 30
0.0
 40
0.01
  1

  7
WD
 72
     1
 11
22.05127204049493
 21
17.68409097098574
 31
0.0
100
AcDbAttribute
280
     0
  2
CAT
 70
     9
280
     0
  0
ATTRIB
  5
F306
330
F2FE
100
AcDbEntity
  8
MISC
100
AcDbText
 10
22.02621877455658
 20
17.72826738684551
 30
0.0
 40
0.01
  1
PJ
  7
WD
100
AcDbAttribute
280
     0
  2
FAMILY
 70
     9
280
     0
  0
ATTRIB
  5
F307
330
F2FE
100
AcDbEntity
  8
MISC
100
AcDbText
 10
22.15793388640535
 20
17.57085993405544
 30
0.0
 40
0.0125
  1

  7
WD
100
AcDbAttribute
280
     0
  2
X8TERM02
 70
     1
280
     0
  0
ATTRIB
  5
F308
330
F2FE
100
AcDbEntity
  8
MISC
100
AcDbText
 10
22.15793388640535
 20
17.72710993405544
 30
0.0
 40
0.0125
  1

  7
WD
100
AcDbAttribute
280
     0
  2
X2TERM01
 70
     1
280
     0
  0
ATTRIB
  5
F309
330
F2FE
100
AcDbEntity
  8
DESC
100
AcDbText
 10
22.37668388640535
 20
17.05523493405544
 30
0.0
 40
0.125
  1

 41
0.85
  7
WD
100
AcDbAttribute
280
     0
  2
DESC3
 70
     0
280
     0
  0
ATTRIB
  5
F30A
330
F2FE
100
AcDbEntity
  8
LOC
100
AcDbText
 10
22.37668388640535
 20
17.74273493405544
 30
0.0
 40
0.125
  1

 41
0.85
  7
WD
100
AcDbAttribute
280
     0
  2
LOC
 70
     0
280
     0
  0
ATTRIB
  5
F30B
330
F2FE
100
AcDbEntity
  8
TAGS
100
AcDbText
 10
22.37862532437842
 20
17.57273493405549
 30
0.0
 40
0.125
  1
051PJ?2
 41
0.85
  7
WD
100
AcDbAttribute
280
     0
  2
TAG1
 70
     1
280
     0
  0
ATTRIB
  5
F30C
330
F2FE
100
AcDbEntity
  8
DESC
100
AcDbText
 10
22.37668388640535
 20
17.39898493405544
 30
0.0
 40
0.125
  1

 41
0.85
  7
WD
100
AcDbAttribute
280
     0
  2
DESC1
 70
     0
280
     0
  0
ATTRIB
  5
F30D
330
F2FE
100
AcDbEntity
  8
DESC
100
AcDbText
 10
22.37668388640535
 20
17.22710993405544
 30
0.0
 40
0.125
  1

 41
0.85
  7
WD
100
AcDbAttribute
280
     0
  2
DESC2
 70
     0
280
     0
  0
ATTRIB
  5
F30E
330
F2FE
100
AcDbEntity
  8
LOC
100
AcDbText
 10
22.37668388640535
 20
17.91460993405544
 30
0.0
 40
0.125
  1

 41
0.85
  7
WD
100
AcDbAttribute
280
     0
  2
INST
 70
     0
280
     0
  0
ATTRIB
  5
F30F
330
F2FE
100
AcDbEntity
  8
TERMS
  6
Continuous
100
AcDbText
 10
22.11723266479736
 20
17.38866290340444
 30
0.0
 40
0.125
  1

 41
0.85
  7
WD
 72
     2
 11
22.11723266479736
 21
17.51366290340444
 31
0.0
100
AcDbAttribute
280
     0
  2
TERM02
 70
     8
 74
     3
280
     0
1001
N8SOL-TLINK
1002
{
1000
2,
1002
}
1001
RE-TLINK
1002
{
1000
2,
1002
}
  0
ATTRIB
  5
F310
330
F2FE
100
AcDbEntity
  8
TERMS
  6
Continuous
100
AcDbText
 10
22.1029635072497
 20
17.77748655006036
 30
0.0
 40
0.125
  1

 41
0.85
  7
WD
 72
     2
 11
22.1029635072497
 21
17.77748655006036
 31
0.0
100
AcDbAttribute
280
     0
  2
TERM01
 70
     8
280
     0
1001
N8SOL-TLINK
1002
{
1000
1,
1002
}
1001
RE-TLINK
1002
{
1000
1,
1002
}
  0
ATTRIB
  5
F311
330
F2FE
100
AcDbEntity
  8
MISC
100
AcDbText
 10
21.99790030074568
 20
17.55824805129488
 30
0.0
 40
0.01
  1

  7
WD
 72
     2
 11
21.99790030074568
 21
17.55824805129488
 31
0.0
100
AcDbAttribute
280
     0
  2
WDBLKNAM
 70
     9
280
     0
  0
ATTRIB
  5
F312
330
F2FE
100
AcDbEntity
  8
MISC
 62
     7
100
AcDbText
 10
21.92043454484364
 20
17.58398212967124
 30
0.0
 40
0.01
  1
1-
  7
WD
100
AcDbAttribute
280
     0
  2
WDTYPE
 70
     1
280
     0
  0
SEQEND
  5
F313
330
F2FE
100
AcDbEntity
  8
SYMS
 62
     7
 48
0.2
  0
INSERT
  5
F314
330
1F
100
AcDbEntity
  8
SYMS
 62
     7
 48
0.2
100
AcDbBlockReference
 66
     1
  2
VC01PJ_1-
 10
22.15793388640535
 20
16.06434861233648
 30
0.0
 50
180.0
1001
VIA_WD_MAXTYPE4
1002
{
1000

1002
}
1001
VIA_WD_BASETAG
1002
{
1000
051PJ?2
1002
}
  0
ATTRIB
  5
F315
330
F314
100
AcDbEntity
  8
MISC
100
AcDbText
 10
22.14486095951037
 20
16.17898873959498
 30
0.0
 40
0.01
  1
P
 50
180.0
  7
WD
100
AcDbAttribute
280
     0
  2
X8TERMDESC02
 70
     1
280
     0
  0
ATTRIB
  5
F316
330
F314
100
AcDbEntity
  8
MISC
100
AcDbText
 10
22.1317880219063
 20
16.02273874456578
 30
0.0
 40
0.01
  1
J
 50
180.0
  7
WD
100
AcDbAttribute
280
     0
  2
X2TERMDESC01
 70
     1
280
     0
  0
ATTRIB
  5
F317
330
F314
100
AcDbEntity
  8
MISC
  6
Continuous
100
AcDbText
 10
22.26700915003293
 20
16.07829209450063
 30
0.0
 40
0.01
  1

 50
180.0
  7
WD
 72
     1
 11
22.26700915003293
 21
16.07829209450063
 31
0.0
100
AcDbAttribute
280
     0
  2
ASSYCODE
 70
     9
280
     0
  0
ATTRIB
  5
F318
330
F314
100
AcDbEntity
  8
MISC
100
AcDbText
 10
22.28293388640535
 20
16.12684861233648
 30
0.0
 40
0.01
  1

 50
180.0
  7
WD
100
AcDbAttribute
280
     0
  2
X4LINK
 70
     0
280
     0
  0
ATTRIB
  5
F319
330
F314
100
AcDbEntity
  8
MISC
100
AcDbText
 10
22.03293388640535
 20
16.12684861233648
 30
0.0
 40
0.01
  1

 50
180.0
  7
WD
100
AcDbAttribute
280
     0
  2
X1LINK
 70
     0
280
     0
  0
ATTRIB
  5
F31A
330
F314
100
AcDbEntity
  8
MISC
  6
Continuous
100
AcDbText
 10
22.26654077795569
 20
16.06430932911363
 30
0.0
 40
0.01
  1

 50
180.0
  7
WD
 72
     1
 11
22.26654077795569
 21
16.06430932911363
 31
0.0
100
AcDbAttribute
280
     0
  2
MFG
 70
     9
280
     0
  0
ATTRIB
  5
F31B
330
F314
100
AcDbEntity
  8
MISC
  6
Continuous
100
AcDbText
 10
22.26459573231577
 20
16.04486757540617
 30
0.0
 40
0.01
  1

 50
180.0
  7
WD
 72
     1
 11
22.26459573231577
 21
16.04486757540617
 31
0.0
100
AcDbAttribute
280
     0
  2
CAT
 70
     9
280
     0
  0
ATTRIB
  5
F31C
330
F314
100
AcDbEntity
  8
MISC
100
AcDbText
 10
22.28964899825413
 20
16.00069115954641
 30
0.0
 40
0.01
  1
PJ
 50
180.0
  7
WD
100
AcDbAttribute
280
     0
  2
FAMILY
 70
     9
280
     0
  0
ATTRIB
  5
F31D
330
F314
100
AcDbEntity
  8
MISC
100
AcDbText
 10
22.15793388640535
 20
16.15809861233648
 30
0.0
 40
0.0125
  1

 50
180.0
  7
WD
100
AcDbAttribute
280
     0
  2
X8TERM02
 70
     1
280
     0
  0
ATTRIB
  5
F31E
330
F314
100
AcDbEntity
  8
MISC
100
AcDbText
 10
22.15793388640535
 20
16.00184861233648
 30
0.0
 40
0.0125
  1

 50
180.0
  7
WD
100
AcDbAttribute
280
     0
  2
X2TERM01
 70
     1
280
     0
  0
ATTRIB
  5
F31F
330
F314
100
AcDbEntity
  8
DESC
100
AcDbText
 10
21.93918388640535
 20
16.67372361233648
 30
0.0
 40
0.125
  1

 50
180.0
 41
0.85
  7
WD
100
AcDbAttribute
280
     0
  2
DESC3
 70
     0
280
     0
  0
ATTRIB
  5
F320
330
F314
100
AcDbEntity
  8
LOC
100
AcDbText
 10
21.93918388640535
 20
15.98622361233648
 30
0.0
 40
0.125
  1

 50
180.0
 41
0.85
  7
WD
100
AcDbAttribute
280
     0
  2
LOC
 70
     0
280
     0
  0
ATTRIB
  5
F321
330
F314
100
AcDbEntity
  8
TAGS
100
AcDbText
 10
21.93724244843228
 20
16.15622361233643
 30
0.0
 40
0.125
  1
051PJ?2
 50
180.0
 41
0.85
  7
WD
100
AcDbAttribute
280
     0
  2
TAG1
 70
     1
280
     0
  0
ATTRIB
  5
F322
330
F314
100
AcDbEntity
  8
DESC
100
AcDbText
 10
21.93918388640535
 20
16.32997361233648
 30
0.0
 40
0.125
  1

 50
180.0
 41
0.85
  7
WD
100
AcDbAttribute
280
     0
  2
DESC1
 70
     0
280
     0
  0
ATTRIB
  5
F323
330
F314
100
AcDbEntity
  8
DESC
100
AcDbText
 10
21.93918388640535
 20
16.50184861233648
 30
0.0
 40
0.125
  1

 50
180.0
 41
0.85
  7
WD
100
AcDbAttribute
280
     0
  2
DESC2
 70
     0
280
     0
  0
ATTRIB
  5
F324
330
F314
100
AcDbEntity
  8
LOC
100
AcDbText
 10
21.93918388640535
 20
15.81434861233648
 30
0.0
 40
0.125
  1

 50
180.0
 41
0.85
  7
WD
100
AcDbAttribute
280
     0
  2
INST
 70
     0
280
     0
  0
ATTRIB
  5
F325
330
F314
100
AcDbEntity
  8
TERMS
  6
Continuous
100
AcDbText
 10
22.19863510801335
 20
16.34029564298748
 30
0.0
 40
0.125
  1

 50
180.0
 41
0.85
  7
WD
 72
     2
 11
22.19863510801335
 21
16.21529564298748
 31
0.0
100
AcDbAttribute
280
     0
  2
TERM02
 70
     8
 74
     3
280
     0
1001
N8SOL-TLINK
1002
{
1000
2,
1002
}
1001
RE-TLINK
1002
{
1000
2,
1002
}
  0
ATTRIB
  5
F326
330
F314
100
AcDbEntity
  8
TERMS
  6
Continuous
100
AcDbText
 10
22.21290426556101
 20
15.95147199633156
 30
0.0
 40
0.125
  1

 50
180.0
 41
0.85
  7
WD
 72
     2
 11
22.21290426556101
 21
15.95147199633156
 31
0.0
100
AcDbAttribute
280
     0
  2
TERM01
 70
     8
280
     0
1001
N8SOL-TLINK
1002
{
1000
1,
1002
}
1001
RE-TLINK
1002
{
1000
1,
1002
}
  0
ATTRIB
  5
F327
330
F314
100
AcDbEntity
  8
MISC
100
AcDbText
 10
22.31796747206503
 20
16.17071049509704
 30
0.0
 40
0.01
  1

 50
180.0
  7
WD
 72
     2
 11
22.31796747206503
 21
16.17071049509704
 31
0.0
100
AcDbAttribute
280
     0
  2
WDBLKNAM
 70
     9
280
     0
  0
ATTRIB
  5
F328
330
F314
100
AcDbEntity
  8
MISC
 62
     7
100
AcDbText
 10
22.39543322796707
 20
16.14497641672068
 30
0.0
 40
0.01
  1
1-
 50
180.0
  7
WD
100
AcDbAttribute
280
     0
  2
WDTYPE
 70
     1
280
     0
  0
SEQEND
  5
F329
330
F314
100
AcDbEntity
  8
SYMS
 62
     7
 48
0.2
  0
LWPOLYLINE
  5
F32A
330
1F
100
AcDbEntity
  8
0
 62
     7
 48
0.2
100
AcDbPolyline
 90
        4
 70
     1
 43
0.0
 10
21.87662031037614
 20
17.37607529214577
 10
22.43924746243457
 20
17.37607529214577
 10
22.43924746243457
 20
16.36832394909331
 10
21.87662031037614
 20
16.36832394909331
  0
LINE
  5
F32B
330
1F
100
AcDbEntity
  8
0
 62
     7
 48
0.2
100
AcDbLine
 10
22.15793388640535
 20
17.37607529214577
 30
0.0
 11
22.15793388640535
 21
17.57085993405544
 31
0.0
  0
LINE
  5
F32C
330
1F
100
AcDbEntity
  8
0
 62
     7
 48
0.2
100
AcDbLine
 10
22.15793388640535
 20
16.15809861233648
 30
0.0
 11
22.15793388640535
 21
16.36832394909331
 31
0.0
  0
MTEXT
  5
F32D
330
1F
100
AcDbEntity
  8
0
 62
     7
 48
0.2
100
AcDbMText
 10
24.58079193723216
 20
17.64874806267978
 30
0.0
 40
0.125
 41
2.03605245080844
 46
0.0
 71
     3
 72
     5
  1
\pxr1,ql;LINE\P\PMAIN\PBREAKER\P52-UTILITY\P\PBUS
 73
     1
 44
1.0
101
Embedded Object
 70
     3
 10
1.0
 20
0.0
 30
0.0
 11
24.58079193723216
 21
17.64874806267978
 31
0.0
 40
2.03605245080844
 41
0.0
 42
0.9940476190476193
 43
1.374999999999999
 71
     2
 72
     1
 44
2.03605245080844
 45
0.625
 73
     0
 74
     0
 46
0.0
  0
MTEXT
  5
F32E
330
1F
100
AcDbEntity
  8
0
 62
     7
 48
0.2
100
AcDbMText
 10
21.89326733083566
 20
17.19152429997412
 30
0.0
 40
0.15
 41
0.8839178222495576
 46
0.0
 71
     3
 72
     5
  1
\pxr1,qc;4.76KV\P1200A\P50KA
 73
     1
 44
1.0
101
Embedded Object
 70
     3
 10
1.0
 20
0.0
 30
0.0
 11
21.89326733083566
 21
17.19152429997412
 31
0.0
 40
0.8839178222495576
 41
0.0
 42
0.75
 43
0.65
 71
     2
 72
     1
 44
0.8839178222495576
 45
0.625
 73
     0
 74
     0
 46
0.0
  0
MTEXT
  5
F32F
330
1F
100
AcDbEntity
  8
0
 62
     7
 48
0.2
100
AcDbMText
 10
22.1883138008132
 20
15.58567388414178
 30
0.0
 40
0.125
 41
1.233233255170432
 46
0.0
 71
     3
 72
     5
  1
\pxr1,qc;(3) CT\P1/%%C\P1200:5A
 73
     1
 44
1.0
101
Embedded Object
 70
     3
 10
1.0
 20
0.0
 30
0.0
 11
22.1883138008132
 21
15.58567388414178
 31
0.0
 40
1.233233255170432
 41
0.0
 42
0.7202380952380953
 43
0.5892857142857144
 71
     2
 72
     1
 44
1.233233255170432
 45
0.625
 73
     0
 74
     0
 46
0.0
  0
INSERT
  5
F330
330
1F
100
AcDbEntity
  8
0
100
AcDbBlockReference
  2
1LCT1A
 10
22.1565038047446
 20
15.07183951944611
 30
0.0
 41
0.9996
 42
0.9996
 43
0.9996
  0
TEXT
  5
F331
330
1F
100
AcDbEntity
  8
0
 62
     7
 48
0.2
100
AcDbText
 10
22.77657478921313
 20
15.43658698632343
 30
0.0
 40
0.125
  1
SEL-787
 72
     1
 11
23.19919383683218
 21
15.43658698632343
 31
0.0
100
AcDbText
  0
LWPOLYLINE
  5
F332
330
1F
100
AcDbEntity
  8
0
 62
     7
 48
0.2
100
AcDbPolyline
 90
        5
 70
     0
 43
0.0
 10
22.75026260206388
 20
15.65205316266027
 10
23.70536695795045
 20
15.65205316266026
 10
23.70536695795045
 20
14.64094891466291
 10
22.75026260206388
 20
14.64094891466292
 10
22.75026260206388
 20
15.65205316266027
  0
LINE
  5
F333
330
1F
100
AcDbEntity
  8
0
 62
     7
 48
0.2
100
AcDbLine
 10
22.75026260206388
 20
15.14650103866159
 30
0.0
 11
22.4688788047446
 21
15.14650103866159
 31
0.0
  0
TEXT
  5
F334
330
1F
100
AcDbEntity
  8
0
 62
     7
 48
0.2
100
AcDbText
 10
22.91517341019627
 20
15.15536161150885
 30
0.0
 40
0.0932
  1
87
 72
     1
 11
23.00393531495818
 21
15.15536161150885
 31
0.0
100
AcDbText
  0
TEXT
  5
F335
330
1F
100
AcDbEntity
  8
0
 62
     7
 48
0.2
100
AcDbText
 10
23.25909293135401
 20
15.15536161150885
 30
0.0
 40
0.0932
  1
51P
 72
     1
 11
23.39445483611591
 21
15.15536161150885
 31
0.0
100
AcDbText
  0
CIRCLE
  5
F336
330
1F
100
AcDbEntity
  8
0
 62
     7
 48
0.2
100
AcDbCircle
 10
23.00224888402838
 20
15.20616236214617
 30
0.0
 40
0.1378642997044182
  0
CIRCLE
  5
F337
330
1F
100
AcDbEntity
  8
0
 62
     7
 48
0.2
100
AcDbCircle
 10
23.39382966934787
 20
15.20616236214617
 30
0.0
 40
0.1378642997044182
  0
TEXT
  5
F338
330
1F
100
AcDbEntity
  8
0
 62
     7
 48
0.2
100
AcDbText
 10
22.86857341019628
 20
14.78534914301599
 30
0.0
 40
0.0932
  1
50P
 72
     1
 11
23.00393531495818
 21
14.78534914301599
 31
0.0
100
AcDbText
  0
TEXT
  5
F339
330
1F
100
AcDbEntity
  8
0
 62
     7
 48
0.2
100
AcDbText
 10
23.25909293135401
 20
14.78534914301599
 30
0.0
 40
0.0932
  1
51G
 72
     1
 11
23.39445483611591
 21
14.78534914301599
 31
0.0
100
AcDbText
  0
CIRCLE
  5
F33A
330
1F
100
AcDbEntity
  8
0
 62
     7
 48
0.2
100
AcDbCircle
 10
23.00224888402838
 20
14.83614989365331
 30
0.0
 40
0.1378642997044182
  0
CIRCLE
  5
F33B
330
1F
100
AcDbEntity
  8
0
 62
     7
 48
0.2
100
AcDbCircle
 10
23.39382966934787
 20
14.83614989365331
 30
0.0
 40
0.1378642997044182
  0
INSERT
  5
F33C
330
1F
100
AcDbEntity
  8
BM
100
AcDbBlockReference
  2
CSHEXA
 10
22.53620709428414
 20
15.52756201086625
 30
0.0
  0
TEXT
  5
F33D
330
1F
100
AcDbEntity
  8
0
 62
     7
 48
0.2
100
AcDbText
 10
22.46742897004198
 20
15.46980583644655
 30
0.0
 40
0.125
  1
N
 72
     1
 11
22.53290516051817
 21
15.46980583644655
 31
0.0
100
AcDbText
  0
TEXT
  5
F33E
330
1F
100
AcDbEntity
  8
0
 62
     7
 48
0.2
100
AcDbText
 10
22.79443193207027
 20
18.87420217822111
 30
0.0
 40
0.125
  1
SEL-751
 72
     1
 11
23.19919383683218
 21
18.87420217822111
 31
0.0
100
AcDbText
  0
LWPOLYLINE
  5
F33F
330
1F
100
AcDbEntity
  8
0
 62
     7
 48
0.2
100
AcDbPolyline
 90
        5
 70
     0
 43
0.0
 10
22.75026260206388
 20
19.08966835455794
 10
23.70536695795045
 20
19.08966835455794
 10
23.70536695795045
 20
18.07856410656059
 10
22.75026260206388
 20
18.0785641065606
 10
22.75026260206388
 20
19.08966835455794
  0
MTEXT
  5
F340
330
1F
100
AcDbEntity
  8
0
 62
     7
 48
0.2
100
AcDbMText
 10
22.1883138008132
 20
18.77612941332396
 30
0.0
 40
0.125
 41
1.233233255170432
 46
0.0
 71
     3
 72
     5
  1
\pxr1,qc;(3) CT\P1/%%C\P1200:5A
 73
     1
 44
1.0
101
Embedded Object
 70
     3
 10
1.0
 20
0.0
 30
0.0
 11
22.1883138008132
 21
18.77612941332396
 31
0.0
 40
1.233233255170432
 41
0.0
 42
0.7202380952380953
 43
0.5892857142857144
 71
     2
 72
     1
 44
1.233233255170432
 45
0.625
 73
     0
 74
     0
 46
0.0
  0
INSERT
  5
F341
330
1F
100
AcDbEntity
  8
0
100
AcDbBlockReference
  2
1LCT1A
 10
22.1565038047446
 20
18.65877774977476
 30
0.0
 41
-0.9996
 42
0.9996
 43
0.9996
 50
180.0
  0
LINE
  5
F342
330
1F
100
AcDbEntity
  8
0
 62
     7
 48
0.2
100
AcDbLine
 10
22.75026260206388
 20
18.58411623055927
 30
0.0
 11
22.4688788047446
 21
18.58411623055927
 31
0.0
  0
TEXT
  5
F343
330
1F
100
AcDbEntity
  8
0
 62
     7
 48
0.2
100
AcDbText
 10
22.91517341019627
 20
18.59297680340653
 30
0.0
 40
0.0932
  1
25
 72
     1
 11
23.00393531495818
 21
18.59297680340653
 31
0.0
100
AcDbText
  0
TEXT
  5
F344
330
1F
100
AcDbEntity
  8
0
 62
     7
 48
0.2
100
AcDbText
 10
23.25909293135401
 20
18.59297680340653
 30
0.0
 40
0.0932
  1
51P
 72
     1
 11
23.39445483611591
 21
18.59297680340653
 31
0.0
100
AcDbText
  0
CIRCLE
  5
F345
330
1F
100
AcDbEntity
  8
0
 62
     7
 48
0.2
100
AcDbCircle
 10
23.00224888402838
 20
18.64377755404385
 30
0.0
 40
0.1378642997044182
  0
CIRCLE
  5
F346
330
1F
100
AcDbEntity
  8
0
 62
     7
 48
0.2
100
AcDbCircle
 10
23.39382966934787
 20
18.64377755404385
 30
0.0
 40
0.1378642997044182
  0
TEXT
  5
F348
330
1F
100
AcDbEntity
  8
0
 62
     7
 48
0.2
100
AcDbText
 10
23.25909293135401
 20
18.22296433491367
 30
0.0
 40
0.0932
  1
51G
 72
     1
 11
23.39445483611591
 21
18.22296433491367
 31
0.0
100
AcDbText
  0
CIRCLE
  5
F34A
330
1F
100
AcDbEntity
  8
0
 62
     7
 48
0.2
100
AcDbCircle
 10
23.39382966934787
 20
18.27376508555099
 30
0.0
 40
0.1378642997044182
  0
INSERT
  5
F34B
330
1F
100
AcDbEntity
  8
BM
100
AcDbBlockReference
  2
CSHEXA
 10
22.53620709428414
 20
18.96517720276393
 30
0.0
  0
TEXT
  5
F34C
330
1F
100
AcDbEntity
  8
0
 62
     7
 48
0.2
100
AcDbText
 10
22.46742897004198
 20
18.90742102834423
 30
0.0
 40
0.125
  1
N
 72
     1
 11
22.53290516051817
 21
18.90742102834423
 31
0.0
100
AcDbText
  0
LINE
  5
F34D
330
1F
100
AcDbEntity
  8
WIRES
 62
     7
 48
0.2
100
AcDbLine
 10
22.15630189374628
 20
19.7740410010189
 30
0.0
 11
22.15793388640535
 21
17.72710993405544
 31
0.0
  0
LINE
  5
F34E
330
1F
100
AcDbEntity
  8
0
 62
     7
 48
0.2
100
AcDbLine
 10
23.22781478000717
 20
18.0785641065606
 30
0.0
 11
23.22781478000717
 21
17.93781180213378
 31
0.0
  0
LINE
  5
F34F
330
1F
100
AcDbEntity
  8
0
 62
     7
 48
0.2
100
AcDbLine
 10
23.22781478000717
 20
17.93781180213378
 30
0.0
 11
18.02783931380509
 21
17.93781180213377
 31
0.0
  0
INSERT
  5
F350
330
1F
100
AcDbEntity
  8
0
  6
Continuous
 62
     0
100
AcDbBlockReference
  2
WD1005
 10
20.31545044911399
 20
14.41040153317222
 30
0.0
 41
-1.0
 50
180.0
  0
LINE
  5
F351
330
1F
100
AcDbEntity
  8
0
 62
     7
 48
0.2
100
AcDbLine
 10
20.31545044911399
 20
17.81198386048047
 30
0.0
 11
20.31545044911399
 21
14.41040153317222
 31
0.0
  0
LINE
  5
F352
330
1F
100
AcDbEntity
  8
0
 62
     7
 48
0.2
100
AcDbLine
 10
23.47699032139889
 20
17.81198386048049
 30
0.0
 11
20.31545044911399
 21
17.81198386048047
 31
0.0
  0
LINE
  5
F353
330
1F
100
AcDbEntity
  8
0
 62
     7
 48
0.2
100
AcDbLine
 10
23.47699032139889
 20
18.07856410656059
 30
0.0
 11
23.47699032139889
 21
17.81198386048049
 31
0.0
  0
LINE
  5
F355
330
1F
100
AcDbEntity
  8
0
 62
     7
 48
0.2
100
AcDbLine
 10
22.15759090742901
 20
19.68455785344736
 30
0.0
 11
18.02783931380509
 21
19.68455785344736
 31
0.0
  0
LWPOLYLINE
  5
F357
330
1F
100
AcDbEntity
  8
0
100
AcDbPolyline
 90
        4
 70
     1
 43
0.0125
 10
18.07471431380509
 20
19.322076262286
 10
18.07471431380509
 20
19.009576262286
 10
17.98096431380509
 20
19.009576262286
 10
17.98096431380509
 20
19.322076262286
  0
LWPOLYLINE
  5
F358
330
1F
100
AcDbEntity
  8
0
100
AcDbPolyline
 90
        2
 70
     0
 43
0.0125
 10
18.07471431380509
 20
19.259576262286
 10
17.98096431380509
 20
19.259576262286
  0
LWPOLYLINE
  5
F359
330
1F
100
AcDbEntity
  8
0
100
AcDbPolyline
 90
        2
 70
     0
 43
0.0125
 10
18.07471431380509
 20
19.072076262286
 10
17.98096431380509
 20
19.072076262286
  0
LINE
  5
F35A
330
1F
100
AcDbEntity
  8
WIRES
 62
     7
 48
0.2
100
AcDbLine
 10
18.02783931380509
 20
19.009576262286
 30
0.0
 11
18.02783931380509
 21
18.68199057782277
 31
0.0
  0
INSERT
  5
F35B
330
1F
100
AcDbEntity
  8
SYMS
 62
     7
 48
0.2
100
AcDbBlockReference
 66
     1
  2
HC01PJ_1-
 10
18.02783931380509
 20
19.53314106092366
 30
0.0
 50
270.0
1001
VIA_WD_MAXTYPE4
1002
{
1000

1002
}
1001
VIA_WD_CNT
1002
{
1000

1002
}
1001
VIA_WD_BASETAG
1002
{
1000
051PJ?3
1002
}
  0
ATTRIB
  5
F35C
330
F35B
100
AcDbEntity
  8
MISC
  6
Continuous
100
AcDbText
 10
18.09033931380509
 20
19.31439106092366
 30
0.0
 40
0.01
  1

 50
270.0
  7
WD
 72
     1
 11
18.09033931380509
 21
19.31439106092366
 31
0.0
100
AcDbAttribute
280
     0
  2
ASSYCODE
 70
     9
280
     0
  0
ATTRIB
  5
F35D
330
F35B
100
AcDbEntity
  8
MISC
100
AcDbText
 10
18.12158931380509
 20
19.53314106092366
 30
0.0
 40
0.01
  1

 50
270.0
  7
WD
100
AcDbAttribute
280
     0
  2
X2LINK
 70
     0
280
     0
  0
ATTRIB
  5
F35E
330
F35B
100
AcDbEntity
  8
MISC
100
AcDbText
 10
17.93408931380509
 20
19.53314106092366
 30
0.0
 40
0.01
  1

 50
270.0
  7
WD
100
AcDbAttribute
280
     0
  2
X8LINK
 70
     0
280
     0
  0
ATTRIB
  5
F35F
330
F35B
100
AcDbEntity
  8
MISC
  6
Continuous
100
AcDbText
 10
18.11656597346424
 20
19.3053432413468
 30
0.0
 40
0.01
  1

 50
270.0
  7
WD
 72
     1
 11
18.11656597346424
 21
19.3053432413468
 31
0.0
100
AcDbAttribute
280
     0
  2
MFG
 70
     9
280
     0
  0
ATTRIB
  5
F360
330
F35B
100
AcDbEntity
  8
MISC
  6
Continuous
100
AcDbText
 10
18.13600772717169
 20
19.30339819570688
 30
0.0
 40
0.01
  1

 50
270.0
  7
WD
 72
     1
 11
18.13600772717169
 21
19.30339819570688
 31
0.0
100
AcDbAttribute
280
     0
  2
CAT
 70
     9
280
     0
  0
ATTRIB
  5
F361
330
F35B
100
AcDbEntity
  8
MISC
100
AcDbText
 10
18.15840436460371
 20
19.32689506597674
 30
0.0
 40
0.01
  1
PJ
 50
270.0
  7
WD
100
AcDbAttribute
280
     0
  2
FAMILY
 70
     9
280
     0
  0
ATTRIB
  5
F362
330
F35B
100
AcDbEntity
  8
MISC
100
AcDbText
 10
18.10259520705859
 20
19.76740243894006
 30
0.0
 40
0.01
  1
1-
 50
270.0
  7
WD
 72
     2
 11
18.10259520705859
 21
19.75406910560673
 31
0.0
100
AcDbAttribute
280
     0
  2
WDTYPE
 70
     9
280
     0
  0
ATTRIB
  5
F363
330
F35B
100
AcDbEntity
  8
LOC
100
AcDbText
 10
18.49471431529413
 20
19.54549916216024
 30
0.0
 40
0.125
  1

 50
270.0
 41
0.85
  7
WD
 72
     1
 11
18.49471431529413
 21
19.54549916216024
 31
0.0
100
AcDbAttribute
280
     0
  2
INST
 70
     0
280
     0
  0
ATTRIB
  5
F364
330
F35B
100
AcDbEntity
  8
TAGS
100
AcDbText
 10
18.15283931529418
 20
19.86230772418717
 30
0.0
 40
0.125
  1
051PJ?3
 50
270.0
 41
0.85
  7
WD
 72
     1
 11
18.15283931529418
 21
19.54355772418717
 31
0.0
100
AcDbAttribute
280
     0
  2
TAG1
 70
     1
280
     0
  0
ATTRIB
  5
F365
330
F35B
100
AcDbEntity
  8
LOC
100
AcDbText
 10
18.32283931529413
 20
19.54549916216024
 30
0.0
 40
0.125
  1

 50
270.0
 41
0.85
  7
WD
 72
     1
 11
18.32283931529413
 21
19.54549916216024
 31
0.0
100
AcDbAttribute
280
     0
  2
LOC
 70
     0
280
     0
  0
ATTRIB
  5
F366
330
F35B
100
AcDbEntity
  8
DESC
100
AcDbText
 10
17.51221431529418
 20
19.54355772418717
 30
0.0
 40
0.125
  1

 50
270.0
 41
0.85
  7
WD
 72
     1
 11
17.51221431529418
 21
19.54355772418717
 31
0.0
100
AcDbAttribute
280
     0
  2
DESC2
 70
     0
280
     0
  0
ATTRIB
  5
F367
330
F35B
100
AcDbEntity
  8
DESC
100
AcDbText
 10
17.68408931529418
 20
19.54355772418717
 30
0.0
 40
0.125
  1

 50
270.0
 41
0.85
  7
WD
 72
     1
 11
17.68408931529418
 21
19.54355772418717
 31
0.0
100
AcDbAttribute
280
     0
  2
DESC1
 70
     0
280
     0
  0
ATTRIB
  5
F368
330
F35B
100
AcDbEntity
  8
DESC
100
AcDbText
 10
17.34033931529418
 20
19.54355772418717
 30
0.0
 40
0.125
  1

 50
270.0
 41
0.85
  7
WD
 72
     1
 11
17.34033931529418
 21
19.54355772418717
 31
0.0
100
AcDbAttribute
280
     0
  2
DESC3
 70
     0
280
     0
  0
ATTRIB
  5
F369
330
F35B
100
AcDbEntity
  8
MISC
 62
     7
100
AcDbText
 10
18.02783931380509
 20
19.43939106092366
 30
0.0
 40
0.0125
  1

 50
270.0
  7
WD
100
AcDbAttribute
280
     0
  2
X1TERM02
 70
     1
280
     0
  0
ATTRIB
  5
F36A
330
F35B
100
AcDbEntity
  8
MISC
 62
     7
100
AcDbText
 10
18.02783931380509
 20
19.59564106092366
 30
0.0
 40
0.0125
  1

 50
270.0
  7
WD
100
AcDbAttribute
280
     0
  2
X4TERM01
 70
     1
280
     0
  0
ATTRIB
  5
F36B
330
F35B
100
AcDbEntity
  8
TERMS
  6
Continuous
100
AcDbText
 10
17.87146431529419
 20
19.38730772418717
 30
0.0
 40
0.125
  1

 50
270.0
  7
WD
 11
17.99646431529418
 21
19.38730772418717
 31
0.0
100
AcDbAttribute
280
     0
  2
TERM02
 70
     8
 74
     3
280
     0
1001
N8SOL-TLINK
1002
{
1000
2,
1002
}
  0
ATTRIB
  5
F36C
330
F35B
100
AcDbEntity
  8
TERMS
  6
Continuous
100
AcDbText
 10
17.87146431529419
 20
19.63730772418717
 30
0.0
 40
0.125
  1

 50
270.0
  7
WD
 72
     2
 11
17.99646431529418
 21
19.63730772418717
 31
0.0
100
AcDbAttribute
280
     0
  2
TERM01
 70
     8
 74
     3
280
     0
1001
N8SOL-TLINK
1002
{
1000
1,
1002
}
  0
ATTRIB
  5
F36D
330
F35B
100
AcDbEntity
  8
MISC
100
AcDbText
 10
18.05908931380509
 20
19.62689106092366
 30
0.0
 40
0.01
  1
J
 50
270.0
  7
WD
100
AcDbAttribute
280
     0
  2
X4TERMDESC01
 70
     1
280
     0
  0
ATTRIB
  5
F36E
330
F35B
100
AcDbEntity
  8
MISC
100
AcDbText
 10
18.05908931380509
 20
19.40814106092366
 30
0.0
 40
0.01
  1
P
 50
270.0
  7
WD
100
AcDbAttribute
280
     0
  2
X1TERMDESC02
 70
     1
280
     0
  0
SEQEND
  5
F36F
330
F35B
100
AcDbEntity
  8
SYMS
 62
     7
 48
0.2
  0
ARC
  5
F373
330
1F
100
AcDbEntity
  8
0
100
AcDbCircle
 10
17.88531769563588
 20
18.68199057782277
 30
0.0
 40
0.1425216181691997
100
AcDbArc
 50
180.0
 51
0.0
  0
ARC
  5
F374
330
1F
100
AcDbEntity
  8
0
100
AcDbCircle
 10
18.17036093197429
 20
18.68199057782277
 30
0.0
 40
0.1425216181691997
100
AcDbArc
 50
180.0
 51
0.0
  0
LINE
  5
F375
330
1F
100
AcDbEntity
  8
0
100
AcDbLine
 10
17.74279607746669
 20
18.68199057782277
 30
0.0
 11
17.74279607746669
 21
18.85960249970706
 31
0.0
  0
LINE
  5
F376
330
1F
100
AcDbEntity
  8
0
100
AcDbLine
 10
18.31288255014349
 20
18.68199057782277
 30
0.0
 11
18.31288255014349
 21
18.85960249970706
 31
0.0
  0
LINE
  5
F377
330
1F
100
AcDbEntity
  8
WIRES
 62
     7
 48
0.2
100
AcDbLine
 10
18.02783931380509
 20
19.43939106092366
 30
0.0
 11
18.02783931380509
 21
19.322076262286
 31
0.0
  0
LINE
  5
F37B
330
1F
100
AcDbEntity
  8
WIRES
 62
     7
 48
0.2
100
AcDbLine
 10
18.02783931380509
 20
17.24745133117371
 30
0.0
 11
18.02783931380509
 21
18.265397486597
 31
0.0
  0
ARC
  5
F37C
330
1F
100
AcDbEntity
  8
0
100
AcDbCircle
 10
17.88531769563588
 20
18.2617356941481
 30
0.0
 40
0.1425216181691997
100
AcDbArc
 50
0.0
 51
180.0
  0
ARC
  5
F37D
330
1F
100
AcDbEntity
  8
0
100
AcDbCircle
 10
18.17036093197429
 20
18.2617356941481
 30
0.0
 40
0.1425216181691997
100
AcDbArc
 50
0.0
 51
180.0
  0
LINE
  5
F37E
330
1F
100
AcDbEntity
  8
0
100
AcDbLine
 10
17.74279607746669
 20
18.2617356941481
 30
0.0
 11
17.74279607746669
 21
18.08412377226381
 31
0.0
  0
LINE
  5
F37F
330
1F
100
AcDbEntity
  8
0
100
AcDbLine
 10
18.31288255014349
 20
18.2617356941481
 30
0.0
 11
18.31288255014349
 21
18.08412377226381
 31
0.0
  0
INSERT
  5
F387
330
1F
100
AcDbEntity
  8
SYMS
 62
     7
 48
0.2
100
AcDbBlockReference
  2
WDDOT
 10
22.15759090742901
 20
19.68455785344736
 30
0.0
 41
-1.0
  0
INSERT
  5
F388
330
1F
100
AcDbEntity
  8
SYMS
 62
     7
 48
0.2
100
AcDbBlockReference
  2
WDDOT
 10
18.02783931380509
 20
17.93781180213377
 30
0.0
 41
-1.0
  0
LWPOLYLINE
  5
F389
330
1F
100
AcDbEntity
  8
0
 62
     7
 48
0.2
100
AcDbPolyline
 90
        2
 70
     0
 10
22.15630189374628
 20
19.7740410010189
 40
0.0
 41
0.125
 10
22.40630189374628
 20
19.7740410010189
 40
0.125
 41
0.125
  0
MTEXT
  5
F38A
330
1F
100
AcDbEntity
  8
0
 62
     7
 48
0.2
100
AcDbMText
 10
24.00071079439402
 20
19.98122941931521
 30
0.0
 40
0.125
 41
1.233233255170432
 46
0.0
 71
     3
 72
     5
  1
\pxr1,qc;750kcmil\P(1)/%%C
 73
     1
 44
1.0
101
Embedded Object
 70
     3
 10
1.0
 20
0.0
 30
0.0
 11
24.00071079439402
 21
19.98122941931521
 31
0.0
 40
1.233233255170432
 41
0.0
 42
0.7976190476190478
 43
0.3988095238095238
 71
     2
 72
     1
 44
1.233233255170432
 45
0.625
 73
     0
 74
     0
 46
0.0
  0
LINE
  5
F38B
330
1F
100
AcDbEntity
  8
0
 62
     7
 48
0.2
100
AcDbLine
 10
22.89735962664145
 20
19.7740410010189
 30
0.0
 11
22.40630189374628
 21
19.7740410010189
 31
0.0
  0
LINE
  5
F393
330
1F
100
AcDbEntity
  8
0
  6
HIDDEN
 62
     7
 48
0.2
100
AcDbLine
 10
22.15630189374628
 20
7.705979256040077
 30
0.0
 11
22.15630189374628
 21
6.444633496129323
 31
0.0
  0
LINE
  5
F394
330
1F
100
AcDbEntity
  8
0
  6
HIDDEN
 62
     7
 48
0.2
100
AcDbLine
 10
17.75431006556006
 20
7.705979256040077
 30
0.0
 11
17.75431006556006
 21
6.444633496129323
 31
0.0
  0
LINE
  5
F395
330
1F
100
AcDbEntity
  8
0
  6
HIDDEN
 62
     7
 48
0.2
100
AcDbLine
 10
13.35244249391375
 20
7.705979256040077
 30
0.0
 11
13.35244249391375
 21
6.444633496129323
 31
0.0
  0
LINE
  5
F396
330
1F
100
AcDbEntity
  8
0
  6
HIDDEN
 62
     7
 48
0.2
100
AcDbLine
 10
8.950326409187614
 20
7.705979256040077
 30
0.0
 11
8.950326409187614
 21
6.444633496129323
 31
0.0
  0
LINE
  5
F397
330
1F
100
AcDbEntity
  8
0
  6
HIDDEN
 62
     7
 48
0.2
100
AcDbLine
 10
4.424565592850502
 20
7.705979256040077
 30
0.0
 11
4.424565592850502
 21
6.444633496129323
 31
0.0
  0
MTEXT
  5
F398
330
1F
100
AcDbEntity
  8
0
 62
     7
 48
0.2
100
AcDbMText
 10
21.35783646015231
 20
20.9963158722626
 30
0.0
 40
0.125
 41
1.601990317115136
 46
0.0
 71
     1
 72
     5
  1
\pxqc;ENTERGY UTLITY\P4.16kV\PBOTTOM ENTRY
 73
     1
 44
1.0
101
Embedded Object
 70
     1
 10
1.0
 20
0.0
 30
0.0
 11
21.35783646015231
 21
20.9963158722626
 31
0.0
 40
1.601990317115136
 41
0.0
 42
1.482142857142856
 43
0.5416666666666666
 71
     2
 72
     1
 44
1.601990317115136
 45
0.625
 73
     0
 74
     0
 46
0.0
  0
LINE
  5
F399
330
1F
100
AcDbEntity
  8
0
  6
HIDDEN
 62
     7
 48
0.2
100
AcDbLine
 10
22.15630189374628
 20
20.20091438786256
 30
0.0
 11
22.15630189374628
 21
19.7740410010189
 31
0.0
  0
LWPOLYLINE
  5
F39A
330
1F
100
AcDbEntity
  8
0
 62
     7
 48
0.2
100
AcDbPolyline
 90
        2
 70
     0
 10
22.15630189374628
 20
20.15243358016101
 40
0.0
 41
0.125
 10
22.15630189374628
 20
20.40243358016102
 40
0.125
 41
0.125
  0
LINE
  5
F39B
330
1F
100
AcDbEntity
  8
0
 62
     7
 48
0.2
100
AcDbLine
 10
18.02783931380509
 20
19.68455785344736
 30
0.0
 11
18.02783931380509
 21
19.59564106092366
 31
0.0
  0
TEXT
  5
F3A5
330
1F
100
AcDbEntity
  8
0
 62
     7
 48
0.2
100
AcDbText
 10
17.44762643803451
 20
19.94710737542806
 30
0.0
 40
0.125
  1
4160/230V
 72
     1
 11
17.98929310470118
 21
19.94710737542806
 31
0.0
100
AcDbText
  0
TEXT
  5
F3A6
330
1F
100
AcDbEntity
  8
0
 62
     7
 48
0.2
100
AcDbText
 10
17.39703119993928
 20
19.74496919347961
 30
0.0
 40
0.125
  1
%%C A-B-C-G
 72
     1
 11
17.98929310470118
 21
19.74496919347961
 31
0.0
100
AcDbText
  0
TEXT
  5
F3A7
330
1F
100
AcDbEntity
  8
0
 62
     7
 48
0.2
100
AcDbText
 10
17.4021772755836
 20
20.21326543892969
 30
0.0
 40
0.125
  1
(3) LINE PT
 72
     1
 11
17.98551060891693
 21
20.21326543892969
 31
0.0
100
AcDbText
  0
LWPOLYLINE
  5
F3A8
330
1F
100
AcDbEntity
  8
0
 62
     7
 48
0.2
100
AcDbPolyline
 90
        2
 70
     0
 10
26.5582937219325
 20
6.444633496129323
 40
0.0
 41
0.125
 10
26.5582937219325
 20
6.694633496129323
 40
0.125
 41
0.125
  0
LINE
  5
F3A9
330
1F
100
AcDbEntity
  8
WIRES
 62
     7
 48
0.2
100
AcDbLine
 10
26.55992571459157
 20
16.00184861233648
 30
0.0
 11
26.56035477387749
 21
11.3402445046898
 31
0.0
  0
TEXT
  5
F3AA
330
1F
100
AcDbEntity
  8
0
 62
     7
 48
0.2
100
AcDbText
 10
27.19642376025649
 20
12.45635425359616
 30
0.0
 40
0.125
  1
SEL-751
 72
     1
 11
27.60118566501839
 21
12.45635425359616
 31
0.0
100
AcDbText
  0
LWPOLYLINE
  5
F3AB
330
1F
100
AcDbEntity
  8
0
 62
     7
 48
0.2
100
AcDbPolyline
 90
        5
 70
     0
 43
0.0
 10
27.1522544302501
 20
12.671820429933
 10
28.10735878613666
 20
12.67182042993299
 10
28.10735878613666
 20
11.66071618193565
 10
27.1522544302501
 20
11.66071618193565
 10
27.1522544302501
 20
12.671820429933
  0
LINE
  5
F3AC
330
1F
100
AcDbEntity
  8
0
 62
     7
 48
0.2
100
AcDbLine
 10
26.55860603652135
 20
9.614983182970842
 30
0.0
 11
26.5582937219325
 21
7.705979256040076
 31
0.0
  0
INSERT
  5
F3AD
330
1F
100
AcDbEntity
  8
SYMS
 62
     7
 48
0.2
100
AcDbBlockReference
 66
     1
  2
VC01PJ_1-
 10
26.56035477387749
 20
11.2777445046898
 30
0.0
1001
VIA_WD_MAXTYPE4
1002
{
1000

1002
}
1001
VIA_WD_BASETAG
1002
{
1000
051PJ?2
1002
}
  0
ATTRIB
  5
F3AE
330
F3AD
100
AcDbEntity
  8
MISC
100
AcDbText
 10
26.57342770077248
 20
11.1631043774313
 30
0.0
 40
0.01
  1
P
  7
WD
100
AcDbAttribute
280
     0
  2
X8TERMDESC02
 70
     1
280
     0
  0
ATTRIB
  5
F3AF
330
F3AD
100
AcDbEntity
  8
MISC
100
AcDbText
 10
26.58650063837655
 20
11.3193543724605
 30
0.0
 40
0.01
  1
J
  7
WD
100
AcDbAttribute
280
     0
  2
X2TERMDESC01
 70
     1
280
     0
  0
ATTRIB
  5
F3B0
330
F3AD
100
AcDbEntity
  8
MISC
  6
Continuous
100
AcDbText
 10
26.45127951024992
 20
11.26380102252565
 30
0.0
 40
0.01
  1

  7
WD
 72
     1
 11
26.45127951024992
 21
11.26380102252565
 31
0.0
100
AcDbAttribute
280
     0
  2
ASSYCODE
 70
     9
280
     0
  0
ATTRIB
  5
F3B1
330
F3AD
100
AcDbEntity
  8
MISC
100
AcDbText
 10
26.43535477387749
 20
11.2152445046898
 30
0.0
 40
0.01
  1

  7
WD
100
AcDbAttribute
280
     0
  2
X4LINK
 70
     0
280
     0
  0
ATTRIB
  5
F3B2
330
F3AD
100
AcDbEntity
  8
MISC
100
AcDbText
 10
26.68535477387749
 20
11.2152445046898
 30
0.0
 40
0.01
  1

  7
WD
100
AcDbAttribute
280
     0
  2
X1LINK
 70
     0
280
     0
  0
ATTRIB
  5
F3B3
330
F3AD
100
AcDbEntity
  8
MISC
  6
Continuous
100
AcDbText
 10
26.45174788232715
 20
11.27778378791266
 30
0.0
 40
0.01
  1

  7
WD
 72
     1
 11
26.45174788232715
 21
11.27778378791266
 31
0.0
100
AcDbAttribute
280
     0
  2
MFG
 70
     9
280
     0
  0
ATTRIB
  5
F3B4
330
F3AD
100
AcDbEntity
  8
MISC
  6
Continuous
100
AcDbText
 10
26.45369292796707
 20
11.29722554162011
 30
0.0
 40
0.01
  1

  7
WD
 72
     1
 11
26.45369292796707
 21
11.29722554162011
 31
0.0
100
AcDbAttribute
280
     0
  2
CAT
 70
     9
280
     0
  0
ATTRIB
  5
F3B5
330
F3AD
100
AcDbEntity
  8
MISC
100
AcDbText
 10
26.42863966202872
 20
11.34140195747987
 30
0.0
 40
0.01
  1
PJ
  7
WD
100
AcDbAttribute
280
     0
  2
FAMILY
 70
     9
280
     0
  0
ATTRIB
  5
F3B6
330
F3AD
100
AcDbEntity
  8
MISC
100
AcDbText
 10
26.56035477387749
 20
11.1839945046898
 30
0.0
 40
0.0125
  1

  7
WD
100
AcDbAttribute
280
     0
  2
X8TERM02
 70
     1
280
     0
  0
ATTRIB
  5
F3B7
330
F3AD
100
AcDbEntity
  8
MISC
100
AcDbText
 10
26.56035477387749
 20
11.3402445046898
 30
0.0
 40
0.0125
  1

  7
WD
100
AcDbAttribute
280
     0
  2
X2TERM01
 70
     1
280
     0
  0
ATTRIB
  5
F3B8
330
F3AD
100
AcDbEntity
  8
DESC
100
AcDbText
 10
26.7791047738775
 20
10.6683695046898
 30
0.0
 40
0.125
  1

 41
0.85
  7
WD
100
AcDbAttribute
280
     0
  2
DESC3
 70
     0
280
     0
  0
ATTRIB
  5
F3B9
330
F3AD
100
AcDbEntity
  8
LOC
100
AcDbText
 10
26.7791047738775
 20
11.3558695046898
 30
0.0
 40
0.125
  1

 41
0.85
  7
WD
100
AcDbAttribute
280
     0
  2
LOC
 70
     0
280
     0
  0
ATTRIB
  5
F3BA
330
F3AD
100
AcDbEntity
  8
TAGS
100
AcDbText
 10
26.78104621185056
 20
11.18586950468985
 30
0.0
 40
0.125
  1
051PJ?2
 41
0.85
  7
WD
100
AcDbAttribute
280
     0
  2
TAG1
 70
     1
280
     0
  0
ATTRIB
  5
F3BB
330
F3AD
100
AcDbEntity
  8
DESC
100
AcDbText
 10
26.7791047738775
 20
11.0121195046898
 30
0.0
 40
0.125
  1

 41
0.85
  7
WD
100
AcDbAttribute
280
     0
  2
DESC1
 70
     0
280
     0
  0
ATTRIB
  5
F3BC
330
F3AD
100
AcDbEntity
  8
DESC
100
AcDbText
 10
26.7791047738775
 20
10.8402445046898
 30
0.0
 40
0.125
  1

 41
0.85
  7
WD
100
AcDbAttribute
280
     0
  2
DESC2
 70
     0
280
     0
  0
ATTRIB
  5
F3BD
330
F3AD
100
AcDbEntity
  8
LOC
100
AcDbText
 10
26.7791047738775
 20
11.5277445046898
 30
0.0
 40
0.125
  1

 41
0.85
  7
WD
100
AcDbAttribute
280
     0
  2
INST
 70
     0
280
     0
  0
ATTRIB
  5
F3BE
330
F3AD
100
AcDbEntity
  8
TERMS
  6
Continuous
100
AcDbText
 10
26.5196535522695
 20
11.0017974740388
 30
0.0
 40
0.125
  1

 41
0.85
  7
WD
 72
     2
 11
26.5196535522695
 21
11.1267974740388
 31
0.0
100
AcDbAttribute
280
     0
  2
TERM02
 70
     8
 74
     3
280
     0
1001
N8SOL-TLINK
1002
{
1000
2,
1002
}
1001
RE-TLINK
1002
{
1000
2,
1002
}
  0
ATTRIB
  5
F3BF
330
F3AD
100
AcDbEntity
  8
TERMS
  6
Continuous
100
AcDbText
 10
26.50538439472184
 20
11.39062112069472
 30
0.0
 40
0.125
  1

 41
0.85
  7
WD
 72
     2
 11
26.50538439472184
 21
11.39062112069472
 31
0.0
100
AcDbAttribute
280
     0
  2
TERM01
 70
     8
280
     0
1001
N8SOL-TLINK
1002
{
1000
1,
1002
}
1001
RE-TLINK
1002
{
1000
1,
1002
}
  0
ATTRIB
  5
F3C0
330
F3AD
100
AcDbEntity
  8
MISC
100
AcDbText
 10
26.40032118821782
 20
11.17138262192924
 30
0.0
 40
0.01
  1

  7
WD
 72
     2
 11
26.40032118821782
 21
11.17138262192924
 31
0.0
100
AcDbAttribute
280
     0
  2
WDBLKNAM
 70
     9
280
     0
  0
ATTRIB
  5
F3C1
330
F3AD
100
AcDbEntity
  8
MISC
 62
     7
100
AcDbText
 10
26.32285543231578
 20
11.1971167003056
 30
0.0
 40
0.01
  1
1-
  7
WD
100
AcDbAttribute
280
     0
  2
WDTYPE
 70
     1
280
     0
  0
SEQEND
  5
F3C2
330
F3AD
100
AcDbEntity
  8
SYMS
 62
     7
 48
0.2
  0
INSERT
  5
F3C3
330
1F
100
AcDbEntity
  8
SYMS
 62
     7
 48
0.2
100
AcDbBlockReference
 66
     1
  2
VC01PJ_1-
 10
26.56035477387749
 20
9.677483182970842
 30
0.0
 50
180.0
1001
VIA_WD_MAXTYPE4
1002
{
1000

1002
}
1001
VIA_WD_BASETAG
1002
{
1000
051PJ?2
1002
}
  0
ATTRIB
  5
F3C4
330
F3C3
100
AcDbEntity
  8
MISC
100
AcDbText
 10
26.54728184698251
 20
9.792123310229339
 30
0.0
 40
0.01
  1
P
 50
180.0
  7
WD
100
AcDbAttribute
280
     0
  2
X8TERMDESC02
 70
     1
280
     0
  0
ATTRIB
  5
F3C5
330
F3C3
100
AcDbEntity
  8
MISC
100
AcDbText
 10
26.53420890937844
 20
9.635873315200147
 30
0.0
 40
0.01
  1
J
 50
180.0
  7
WD
100
AcDbAttribute
280
     0
  2
X2TERMDESC01
 70
     1
280
     0
  0
ATTRIB
  5
F3C6
330
F3C3
100
AcDbEntity
  8
MISC
  6
Continuous
100
AcDbText
 10
26.66943003750507
 20
9.691426665134997
 30
0.0
 40
0.01
  1

 50
180.0
  7
WD
 72
     1
 11
26.66943003750507
 21
9.691426665134997
 31
0.0
100
AcDbAttribute
280
     0
  2
ASSYCODE
 70
     9
280
     0
  0
ATTRIB
  5
F3C7
330
F3C3
100
AcDbEntity
  8
MISC
100
AcDbText
 10
26.68535477387749
 20
9.739983182970842
 30
0.0
 40
0.01
  1

 50
180.0
  7
WD
100
AcDbAttribute
280
     0
  2
X4LINK
 70
     0
280
     0
  0
ATTRIB
  5
F3C8
330
F3C3
100
AcDbEntity
  8
MISC
100
AcDbText
 10
26.43535477387749
 20
9.739983182970842
 30
0.0
 40
0.01
  1

 50
180.0
  7
WD
100
AcDbAttribute
280
     0
  2
X1LINK
 70
     0
280
     0
  0
ATTRIB
  5
F3C9
330
F3C3
100
AcDbEntity
  8
MISC
  6
Continuous
100
AcDbText
 10
26.66896166542783
 20
9.677443899747988
 30
0.0
 40
0.01
  1

 50
180.0
  7
WD
 72
     1
 11
26.66896166542783
 21
9.677443899747988
 31
0.0
100
AcDbAttribute
280
     0
  2
MFG
 70
     9
280
     0
  0
ATTRIB
  5
F3CA
330
F3C3
100
AcDbEntity
  8
MISC
  6
Continuous
100
AcDbText
 10
26.66701661978791
 20
9.658002146040537
 30
0.0
 40
0.01
  1

 50
180.0
  7
WD
 72
     1
 11
26.66701661978791
 21
9.658002146040537
 31
0.0
100
AcDbAttribute
280
     0
  2
CAT
 70
     9
280
     0
  0
ATTRIB
  5
F3CB
330
F3C3
100
AcDbEntity
  8
MISC
100
AcDbText
 10
26.69206988572627
 20
9.613825730180774
 30
0.0
 40
0.01
  1
PJ
 50
180.0
  7
WD
100
AcDbAttribute
280
     0
  2
FAMILY
 70
     9
280
     0
  0
ATTRIB
  5
F3CC
330
F3C3
100
AcDbEntity
  8
MISC
100
AcDbText
 10
26.56035477387749
 20
9.771233182970842
 30
0.0
 40
0.0125
  1

 50
180.0
  7
WD
100
AcDbAttribute
280
     0
  2
X8TERM02
 70
     1
280
     0
  0
ATTRIB
  5
F3CD
330
F3C3
100
AcDbEntity
  8
MISC
100
AcDbText
 10
26.56035477387749
 20
9.614983182970842
 30
0.0
 40
0.0125
  1

 50
180.0
  7
WD
100
AcDbAttribute
280
     0
  2
X2TERM01
 70
     1
280
     0
  0
ATTRIB
  5
F3CE
330
F3C3
100
AcDbEntity
  8
DESC
100
AcDbText
 10
26.34160477387749
 20
10.28685818297084
 30
0.0
 40
0.125
  1

 50
180.0
 41
0.85
  7
WD
100
AcDbAttribute
280
     0
  2
DESC3
 70
     0
280
     0
  0
ATTRIB
  5
F3CF
330
F3C3
100
AcDbEntity
  8
LOC
100
AcDbText
 10
26.34160477387749
 20
9.599358182970842
 30
0.0
 40
0.125
  1

 50
180.0
 41
0.85
  7
WD
100
AcDbAttribute
280
     0
  2
LOC
 70
     0
280
     0
  0
ATTRIB
  5
F3D0
330
F3C3
100
AcDbEntity
  8
TAGS
100
AcDbText
 10
26.33966333590442
 20
9.769358182970794
 30
0.0
 40
0.125
  1
051PJ?2
 50
180.0
 41
0.85
  7
WD
100
AcDbAttribute
280
     0
  2
TAG1
 70
     1
280
     0
  0
ATTRIB
  5
F3D1
330
F3C3
100
AcDbEntity
  8
DESC
100
AcDbText
 10
26.34160477387749
 20
9.943108182970842
 30
0.0
 40
0.125
  1

 50
180.0
 41
0.85
  7
WD
100
AcDbAttribute
280
     0
  2
DESC1
 70
     0
280
     0
  0
ATTRIB
  5
F3D2
330
F3C3
100
AcDbEntity
  8
DESC
100
AcDbText
 10
26.34160477387749
 20
10.11498318297084
 30
0.0
 40
0.125
  1

 50
180.0
 41
0.85
  7
WD
100
AcDbAttribute
280
     0
  2
DESC2
 70
     0
280
     0
  0
ATTRIB
  5
F3D3
330
F3C3
100
AcDbEntity
  8
LOC
100
AcDbText
 10
26.34160477387749
 20
9.427483182970842
 30
0.0
 40
0.125
  1

 50
180.0
 41
0.85
  7
WD
100
AcDbAttribute
280
     0
  2
INST
 70
     0
280
     0
  0
ATTRIB
  5
F3D4
330
F3C3
100
AcDbEntity
  8
TERMS
  6
Continuous
100
AcDbText
 10
26.60105599548549
 20
9.953430213621839
 30
0.0
 40
0.125
  1

 50
180.0
 41
0.85
  7
WD
 72
     2
 11
26.60105599548549
 21
9.828430213621839
 31
0.0
100
AcDbAttribute
280
     0
  2
TERM02
 70
     8
 74
     3
280
     0
1001
N8SOL-TLINK
1002
{
1000
2,
1002
}
1001
RE-TLINK
1002
{
1000
2,
1002
}
  0
ATTRIB
  5
F3D5
330
F3C3
100
AcDbEntity
  8
TERMS
  6
Continuous
100
AcDbText
 10
26.61532515303315
 20
9.56460656696592
 30
0.0
 40
0.125
  1

 50
180.0
 41
0.85
  7
WD
 72
     2
 11
26.61532515303315
 21
9.56460656696592
 31
0.0
100
AcDbAttribute
280
     0
  2
TERM01
 70
     8
280
     0
1001
N8SOL-TLINK
1002
{
1000
1,
1002
}
1001
RE-TLINK
1002
{
1000
1,
1002
}
  0
ATTRIB
  5
F3D6
330
F3C3
100
AcDbEntity
  8
MISC
100
AcDbText
 10
26.72038835953717
 20
9.783845065731398
 30
0.0
 40
0.01
  1

 50
180.0
  7
WD
 72
     2
 11
26.72038835953717
 21
9.783845065731398
 31
0.0
100
AcDbAttribute
280
     0
  2
WDBLKNAM
 70
     9
280
     0
  0
ATTRIB
  5
F3D7
330
F3C3
100
AcDbEntity
  8
MISC
 62
     7
100
AcDbText
 10
26.79785411543921
 20
9.758110987355046
 30
0.0
 40
0.01
  1
1-
 50
180.0
  7
WD
100
AcDbAttribute
280
     0
  2
WDTYPE
 70
     1
280
     0
  0
SEQEND
  5
F3D8
330
F3C3
100
AcDbEntity
  8
SYMS
 62
     7
 48
0.2
  0
LWPOLYLINE
  5
F3D9
330
1F
100
AcDbEntity
  8
0
 62
     7
 48
0.2
100
AcDbPolyline
 90
        4
 70
     1
 43
0.0
 10
26.27904119784828
 20
10.98920986278013
 10
26.84166834990671
 20
10.98920986278013
 10
26.84166834990671
 20
9.981458519727667
 10
26.27904119784828
 20
9.981458519727667
  0
LINE
  5
F3DA
330
1F
100
AcDbEntity
  8
0
 62
     7
 48
0.2
100
AcDbLine
 10
26.56035477387749
 20
10.98920986278013
 30
0.0
 11
26.56035477387749
 21
11.1839945046898
 31
0.0
  0
LINE
  5
F3DB
330
1F
100
AcDbEntity
  8
0
 62
     7
 48
0.2
100
AcDbLine
 10
26.56035477387749
 20
9.771233182970842
 30
0.0
 11
26.56035477387749
 21
9.981458519727667
 31
0.0
  0
MTEXT
  5
F3DC
330
1F
100
AcDbEntity
  8
0
 62
     7
 48
0.2
100
AcDbMText
 10
29.09566314684393
 20
11.11210948052647
 30
0.0
 40
0.125
 41
2.03605245080844
 46
0.0
 71
     3
 72
     5
  1
\pxr1,ql;BUS\P\PFEEDER\PBREAKER\P52-4\P\PLOAD
 73
     1
 44
1.0
101
Embedded Object
 70
     3
 10
1.0
 20
0.0
 30
0.0
 11
29.09566314684393
 21
11.11210948052647
 31
0.0
 40
2.03605245080844
 41
0.0
 42
0.7916666666666669
 43
1.374999999999999
 71
     2
 72
     1
 44
2.03605245080844
 45
0.625
 73
     0
 74
     0
 46
0.0
  0
MTEXT
  5
F3DD
330
1F
100
AcDbEntity
  8
0
 62
     7
 48
0.2
100
AcDbMText
 10
26.2956882183078
 20
10.80465887060848
 30
0.0
 40
0.15
 41
0.8839178222495576
 46
0.0
 71
     3
 72
     5
  1
\pxr1,qc;4.76KV\P1200A\P50KA
 73
     1
 44
1.0
101
Embedded Object
 70
     3
 10
1.0
 20
0.0
 30
0.0
 11
26.2956882183078
 21
10.80465887060848
 31
0.0
 40
0.8839178222495576
 41
0.0
 42
0.75
 43
0.65
 71
     2
 72
     1
 44
0.8839178222495576
 45
0.625
 73
     0
 74
     0
 46
0.0
  0
MTEXT
  5
F3DE
330
1F
100
AcDbEntity
  8
0
 62
     7
 48
0.2
100
AcDbMText
 10
26.59030562899942
 20
12.35828148869902
 30
0.0
 40
0.125
 41
1.233233255170432
 46
0.0
 71
     3
 72
     5
  1
\pxr1,qc;(3) CT\P1/%%C\P1200:5A
 73
     1
 44
1.0
101
Embedded Object
 70
     3
 10
1.0
 20
0.0
 30
0.0
 11
26.59030562899942
 21
12.35828148869902
 31
0.0
 40
1.233233255170432
 41
0.0
 42
0.7202380952380953
 43
0.5892857142857144
 71
     2
 72
     1
 44
1.233233255170432
 45
0.625
 73
     0
 74
     0
 46
0.0
  0
INSERT
  5
F3DF
330
1F
100
AcDbEntity
  8
0
100
AcDbBlockReference
  2
1LCT1A
 10
26.55849563293082
 20
12.24092982514981
 30
0.0
 41
-0.9996
 42
0.9996
 43
0.9996
 50
180.0
  0
LINE
  5
F3E0
330
1F
100
AcDbEntity
  8
0
 62
     7
 48
0.2
100
AcDbLine
 10
27.1522544302501
 20
12.16626830593433
 30
0.0
 11
26.87087063293082
 21
12.16626830593433
 31
0.0
  0
LWPOLYLINE
  5
F3E1
330
1F
100
AcDbEntity
  8
0
 62
     7
 48
0.2
100
AcDbPolyline
 90
        2
 70
     0
 10
26.5582937219325
 20
7.705979256040076
 40
0.0
 41
0.125
 10
26.8082937219325
 20
7.705979256040076
 40
0.125
 41
0.125
  0
MTEXT
  5
F3E2
330
1F
100
AcDbEntity
  8
0
 62
     7
 48
0.2
100
AcDbMText
 10
28.40270262258023
 20
7.913167674336391
 30
0.0
 40
0.125
 41
1.233233255170432
 46
0.0
 71
     3
 72
     5
  1
\pxr1,qc;4/0 AWG\P(1)/%%C
 73
     1
 44
1.0
101
Embedded Object
 70
     3
 10
1.0
 20
0.0
 30
0.0
 11
28.40270262258023
 21
7.913167674336391
 31
0.0
 40
1.233233255170432
 41
0.0
 42
0.8333333333333332
 43
0.4226190476190476
 71
     2
 72
     1
 44
1.233233255170432
 45
0.625
 73
     0
 74
     0
 46
0.0
  0
LINE
  5
F3E3
330
1F
100
AcDbEntity
  8
0
 62
     7
 48
0.2
100
AcDbLine
 10
27.29935145482767
 20
7.705979256040076
 30
0.0
 11
26.8082937219325
 21
7.705979256040076
 31
0.0
  0
TEXT
  5
F3E4
330
1F
100
AcDbEntity
  8
0
 62
     7
 48
0.2
100
AcDbText
 10
27.2705652383825
 20
12.17512887878158
 30
0.0
 40
0.0932
  1
50P
 72
     1
 11
27.4059271431444
 21
12.17512887878158
 31
0.0
100
AcDbText
  0
TEXT
  5
F3E5
330
1F
100
AcDbEntity
  8
0
 62
     7
 48
0.2
100
AcDbText
 10
27.66108475954022
 20
12.17512887878158
 30
0.0
 40
0.0932
  1
51P
 72
     1
 11
27.79644666430213
 21
12.17512887878158
 31
0.0
100
AcDbText
  0
CIRCLE
  5
F3E6
330
1F
100
AcDbEntity
  8
0
 62
     7
 48
0.2
100
AcDbCircle
 10
27.4042407122146
 20
12.2259296294189
 30
0.0
 40
0.1378642997044182
  0
CIRCLE
  5
F3E7
330
1F
100
AcDbEntity
  8
0
 62
     7
 48
0.2
100
AcDbCircle
 10
27.79582149753409
 20
12.2259296294189
 30
0.0
 40
0.1378642997044182
  0
TEXT
  5
F3E8
330
1F
100
AcDbEntity
  8
0
 62
     7
 48
0.2
100
AcDbText
 10
27.2705652383825
 20
11.80511641028872
 30
0.0
 40
0.0932
  1
50G
 72
     1
 11
27.4059271431444
 21
11.80511641028872
 31
0.0
100
AcDbText
  0
TEXT
  5
F3E9
330
1F
100
AcDbEntity
  8
0
 62
     7
 48
0.2
100
AcDbText
 10
27.66108475954022
 20
11.80511641028872
 30
0.0
 40
0.0932
  1
51G
 72
     1
 11
27.79644666430213
 21
11.80511641028872
 31
0.0
100
AcDbText
  0
CIRCLE
  5
F3EA
330
1F
100
AcDbEntity
  8
0
 62
     7
 48
0.2
100
AcDbCircle
 10
27.4042407122146
 20
11.85591716092604
 30
0.0
 40
0.1378642997044182
  0
CIRCLE
  5
F3EB
330
1F
100
AcDbEntity
  8
0
 62
     7
 48
0.2
100
AcDbCircle
 10
27.79582149753409
 20
11.85591716092604
 30
0.0
 40
0.1378642997044182
  0
INSERT
  5
F3EC
330
1F
100
AcDbEntity
  8
BM
100
AcDbBlockReference
  2
CSHEXA
 10
26.93819892247037
 20
12.54732927813898
 30
0.0
  0
TEXT
  5
F3ED
330
1F
100
AcDbEntity
  8
0
 62
     7
 48
0.2
100
AcDbText
 10
26.8694207982282
 20
12.48957310371929
 30
0.0
 40
0.125
  1
N
 72
     1
 11
26.93489698870438
 21
12.48957310371929
 31
0.0
100
AcDbText
  0
INSERT
  5
F3EE
330
1F
100
AcDbEntity
  8
0
  6
Continuous
 62
     0
100
AcDbBlockReference
  2
WD1005
 10
26.55992571459157
 20
13.59215087321073
 30
0.0
 41
-1.0
 50
180.0
  0
MTEXT
  5
F3EF
330
1F
100
AcDbEntity
  8
0
 62
     7
 48
0.2
100
AcDbMText
 10
25.75982828833853
 20
6.322837422588562
 30
0.0
 40
0.125
 41
1.601990317115136
 46
0.0
 71
     1
 72
     5
  1
\pxqc;BOTTOM EXIT\PGAS\PPROCESSING\PTR-LV-0004
 73
     1
 44
1.0
101
Embedded Object
 70
     1
 10
1.0
 20
0.0
 30
0.0
 11
25.75982828833853
 21
6.322837422588562
 31
0.0
 40
1.601990317115136
 41
0.0
 42
1.196428571428571
 43
0.75
 71
     2
 72
     1
 44
1.601990317115136
 45
0.625
 73
     0
 74
     0
 46
0.0
  0
LINE
  5
F3F0
330
1F
100
AcDbEntity
  8
WIRES
 62
     7
 48
0.2
100
AcDbLine
 10
27.62946362921705
 20
14.64094891466292
 30
0.0
 11
27.62980660819339
 21
12.67182042993299
 31
0.0
  0
INSERT
  5
F3F1
330
1F
100
AcDbEntity
  8
0
  6
Continuous
 62
     0
100
AcDbBlockReference
  2
WD1005
 10
27.62939804689385
 20
14.41040153317221
 30
0.0
 41
-1.0
 50
180.0
  0
INSERT
  5
F3F2
330
1F
100
AcDbEntity
  8
SYMS
 62
     7
 48
0.2
100
AcDbBlockReference
 66
     1
  2
VC01PJ_1-
 10
26.55992571459157
 20
17.66460993405544
 30
0.0
1001
VIA_WD_MAXTYPE4
1002
{
1000

1002
}
1001
VIA_WD_BASETAG
1002
{
1000
051PJ?2
1002
}
  0
ATTRIB
  5
F3F3
330
F3F2
100
AcDbEntity
  8
MISC
100
AcDbText
 10
26.57299864148656
 20
17.54996980679694
 30
0.0
 40
0.01
  1
P
  7
WD
100
AcDbAttribute
280
     0
  2
X8TERMDESC02
 70
     1
280
     0
  0
ATTRIB
  5
F3F4
330
F3F2
100
AcDbEntity
  8
MISC
100
AcDbText
 10
26.58607157909063
 20
17.70621980182613
 30
0.0
 40
0.01
  1
J
  7
WD
100
AcDbAttribute
280
     0
  2
X2TERMDESC01
 70
     1
280
     0
  0
ATTRIB
  5
F3F5
330
F3F2
100
AcDbEntity
  8
MISC
  6
Continuous
100
AcDbText
 10
26.450850450964
 20
17.65066645189128
 30
0.0
 40
0.01
  1

  7
WD
 72
     1
 11
26.450850450964
 21
17.65066645189128
 31
0.0
100
AcDbAttribute
280
     0
  2
ASSYCODE
 70
     9
280
     0
  0
ATTRIB
  5
F3F6
330
F3F2
100
AcDbEntity
  8
MISC
100
AcDbText
 10
26.43492571459157
 20
17.60210993405544
 30
0.0
 40
0.01
  1

  7
WD
100
AcDbAttribute
280
     0
  2
X4LINK
 70
     0
280
     0
  0
ATTRIB
  5
F3F7
330
F3F2
100
AcDbEntity
  8
MISC
100
AcDbText
 10
26.68492571459157
 20
17.60210993405544
 30
0.0
 40
0.01
  1

  7
WD
100
AcDbAttribute
280
     0
  2
X1LINK
 70
     0
280
     0
  0
ATTRIB
  5
F3F8
330
F3F2
100
AcDbEntity
  8
MISC
  6
Continuous
100
AcDbText
 10
26.45131882304124
 20
17.66464921727829
 30
0.0
 40
0.01
  1

  7
WD
 72
     1
 11
26.45131882304124
 21
17.66464921727829
 31
0.0
100
AcDbAttribute
280
     0
  2
MFG
 70
     9
280
     0
  0
ATTRIB
  5
F3F9
330
F3F2
100
AcDbEntity
  8
MISC
  6
Continuous
100
AcDbText
 10
26.45326386868115
 20
17.68409097098574
 30
0.0
 40
0.01
  1

  7
WD
 72
     1
 11
26.45326386868115
 21
17.68409097098574
 31
0.0
100
AcDbAttribute
280
     0
  2
CAT
 70
     9
280
     0
  0
ATTRIB
  5
F3FA
330
F3F2
100
AcDbEntity
  8
MISC
100
AcDbText
 10
26.42821060274279
 20
17.72826738684551
 30
0.0
 40
0.01
  1
PJ
  7
WD
100
AcDbAttribute
280
     0
  2
FAMILY
 70
     9
280
     0
  0
ATTRIB
  5
F3FB
330
F3F2
100
AcDbEntity
  8
MISC
100
AcDbText
 10
26.55992571459157
 20
17.57085993405544
 30
0.0
 40
0.0125
  1

  7
WD
100
AcDbAttribute
280
     0
  2
X8TERM02
 70
     1
280
     0
  0
ATTRIB
  5
F3FC
330
F3F2
100
AcDbEntity
  8
MISC
100
AcDbText
 10
26.55992571459157
 20
17.72710993405544
 30
0.0
 40
0.0125
  1

  7
WD
100
AcDbAttribute
280
     0
  2
X2TERM01
 70
     1
280
     0
  0
ATTRIB
  5
F3FD
330
F3F2
100
AcDbEntity
  8
DESC
100
AcDbText
 10
26.77867571459157
 20
17.05523493405544
 30
0.0
 40
0.125
  1

 41
0.85
  7
WD
100
AcDbAttribute
280
     0
  2
DESC3
 70
     0
280
     0
  0
ATTRIB
  5
F3FE
330
F3F2
100
AcDbEntity
  8
LOC
100
AcDbText
 10
26.77867571459157
 20
17.74273493405544
 30
0.0
 40
0.125
  1

 41
0.85
  7
WD
100
AcDbAttribute
280
     0
  2
LOC
 70
     0
280
     0
  0
ATTRIB
  5
F3FF
330
F3F2
100
AcDbEntity
  8
TAGS
100
AcDbText
 10
26.78061715256465
 20
17.57273493405549
 30
0.0
 40
0.125
  1
051PJ?2
 41
0.85
  7
WD
100
AcDbAttribute
280
     0
  2
TAG1
 70
     1
280
     0
  0
ATTRIB
  5
F400
330
F3F2
100
AcDbEntity
  8
DESC
100
AcDbText
 10
26.77867571459157
 20
17.39898493405544
 30
0.0
 40
0.125
  1

 41
0.85
  7
WD
100
AcDbAttribute
280
     0
  2
DESC1
 70
     0
280
     0
  0
ATTRIB
  5
F401
330
F3F2
100
AcDbEntity
  8
DESC
100
AcDbText
 10
26.77867571459157
 20
17.22710993405544
 30
0.0
 40
0.125
  1

 41
0.85
  7
WD
100
AcDbAttribute
280
     0
  2
DESC2
 70
     0
280
     0
  0
ATTRIB
  5
F402
330
F3F2
100
AcDbEntity
  8
LOC
100
AcDbText
 10
26.77867571459157
 20
17.91460993405544
 30
0.0
 40
0.125
  1

 41
0.85
  7
WD
100
AcDbAttribute
280
     0
  2
INST
 70
     0
280
     0
  0
ATTRIB
  5
F403
330
F3F2
100
AcDbEntity
  8
TERMS
  6
Continuous
100
AcDbText
 10
26.51922449298357
 20
17.38866290340444
 30
0.0
 40
0.125
  1

 41
0.85
  7
WD
 72
     2
 11
26.51922449298357
 21
17.51366290340444
 31
0.0
100
AcDbAttribute
280
     0
  2
TERM02
 70
     8
 74
     3
280
     0
1001
N8SOL-TLINK
1002
{
1000
2,
1002
}
1001
RE-TLINK
1002
{
1000
2,
1002
}
  0
ATTRIB
  5
F404
330
F3F2
100
AcDbEntity
  8
TERMS
  6
Continuous
100
AcDbText
 10
26.50495533543592
 20
17.77748655006036
 30
0.0
 40
0.125
  1

 41
0.85
  7
WD
 72
     2
 11
26.50495533543592
 21
17.77748655006036
 31
0.0
100
AcDbAttribute
280
     0
  2
TERM01
 70
     8
280
     0
1001
N8SOL-TLINK
1002
{
1000
1,
1002
}
1001
RE-TLINK
1002
{
1000
1,
1002
}
  0
ATTRIB
  5
F405
330
F3F2
100
AcDbEntity
  8
MISC
100
AcDbText
 10
26.3998921289319
 20
17.55824805129488
 30
0.0
 40
0.01
  1

  7
WD
 72
     2
 11
26.3998921289319
 21
17.55824805129488
 31
0.0
100
AcDbAttribute
280
     0
  2
WDBLKNAM
 70
     9
280
     0
  0
ATTRIB
  5
F406
330
F3F2
100
AcDbEntity
  8
MISC
 62
     7
100
AcDbText
 10
26.32242637302986
 20
17.58398212967124
 30
0.0
 40
0.01
  1
1-
  7
WD
100
AcDbAttribute
280
     0
  2
WDTYPE
 70
     1
280
     0
  0
SEQEND
  5
F407
330
F3F2
100
AcDbEntity
  8
SYMS
 62
     7
 48
0.2
  0
INSERT
  5
F408
330
1F
100
AcDbEntity
  8
SYMS
 62
     7
 48
0.2
100
AcDbBlockReference
 66
     1
  2
VC01PJ_1-
 10
26.55992571459157
 20
16.06434861233648
 30
0.0
 50
180.0
1001
VIA_WD_MAXTYPE4
1002
{
1000

1002
}
1001
VIA_WD_BASETAG
1002
{
1000
051PJ?2
1002
}
  0
ATTRIB
  5
F409
330
F408
100
AcDbEntity
  8
MISC
100
AcDbText
 10
26.54685278769659
 20
16.17898873959498
 30
0.0
 40
0.01
  1
P
 50
180.0
  7
WD
100
AcDbAttribute
280
     0
  2
X8TERMDESC02
 70
     1
280
     0
  0
ATTRIB
  5
F40A
330
F408
100
AcDbEntity
  8
MISC
100
AcDbText
 10
26.53377985009252
 20
16.02273874456578
 30
0.0
 40
0.01
  1
J
 50
180.0
  7
WD
100
AcDbAttribute
280
     0
  2
X2TERMDESC01
 70
     1
280
     0
  0
ATTRIB
  5
F40B
330
F408
100
AcDbEntity
  8
MISC
  6
Continuous
100
AcDbText
 10
26.66900097821915
 20
16.07829209450063
 30
0.0
 40
0.01
  1

 50
180.0
  7
WD
 72
     1
 11
26.66900097821915
 21
16.07829209450063
 31
0.0
100
AcDbAttribute
280
     0
  2
ASSYCODE
 70
     9
280
     0
  0
ATTRIB
  5
F40C
330
F408
100
AcDbEntity
  8
MISC
100
AcDbText
 10
26.68492571459157
 20
16.12684861233648
 30
0.0
 40
0.01
  1

 50
180.0
  7
WD
100
AcDbAttribute
280
     0
  2
X4LINK
 70
     0
280
     0
  0
ATTRIB
  5
F40D
330
F408
100
AcDbEntity
  8
MISC
100
AcDbText
 10
26.43492571459157
 20
16.12684861233648
 30
0.0
 40
0.01
  1

 50
180.0
  7
WD
100
AcDbAttribute
280
     0
  2
X1LINK
 70
     0
280
     0
  0
ATTRIB
  5
F40E
330
F408
100
AcDbEntity
  8
MISC
  6
Continuous
100
AcDbText
 10
26.66853260614191
 20
16.06430932911363
 30
0.0
 40
0.01
  1

 50
180.0
  7
WD
 72
     1
 11
26.66853260614191
 21
16.06430932911363
 31
0.0
100
AcDbAttribute
280
     0
  2
MFG
 70
     9
280
     0
  0
ATTRIB
  5
F40F
330
F408
100
AcDbEntity
  8
MISC
  6
Continuous
100
AcDbText
 10
26.666587560502
 20
16.04486757540617
 30
0.0
 40
0.01
  1

 50
180.0
  7
WD
 72
     1
 11
26.666587560502
 21
16.04486757540617
 31
0.0
100
AcDbAttribute
280
     0
  2
CAT
 70
     9
280
     0
  0
ATTRIB
  5
F410
330
F408
100
AcDbEntity
  8
MISC
100
AcDbText
 10
26.69164082644035
 20
16.00069115954641
 30
0.0
 40
0.01
  1
PJ
 50
180.0
  7
WD
100
AcDbAttribute
280
     0
  2
FAMILY
 70
     9
280
     0
  0
ATTRIB
  5
F411
330
F408
100
AcDbEntity
  8
MISC
100
AcDbText
 10
26.55992571459157
 20
16.15809861233648
 30
0.0
 40
0.0125
  1

 50
180.0
  7
WD
100
AcDbAttribute
280
     0
  2
X8TERM02
 70
     1
280
     0
  0
ATTRIB
  5
F412
330
F408
100
AcDbEntity
  8
MISC
100
AcDbText
 10
26.55992571459157
 20
16.00184861233648
 30
0.0
 40
0.0125
  1

 50
180.0
  7
WD
100
AcDbAttribute
280
     0
  2
X2TERM01
 70
     1
280
     0
  0
ATTRIB
  5
F413
330
F408
100
AcDbEntity
  8
DESC
100
AcDbText
 10
26.34117571459157
 20
16.67372361233648
 30
0.0
 40
0.125
  1

 50
180.0
 41
0.85
  7
WD
100
AcDbAttribute
280
     0
  2
DESC3
 70
     0
280
     0
  0
ATTRIB
  5
F414
330
F408
100
AcDbEntity
  8
LOC
100
AcDbText
 10
26.34117571459157
 20
15.98622361233648
 30
0.0
 40
0.125
  1

 50
180.0
 41
0.85
  7
WD
100
AcDbAttribute
280
     0
  2
LOC
 70
     0
280
     0
  0
ATTRIB
  5
F415
330
F408
100
AcDbEntity
  8
TAGS
100
AcDbText
 10
26.3392342766185
 20
16.15622361233643
 30
0.0
 40
0.125
  1
051PJ?2
 50
180.0
 41
0.85
  7
WD
100
AcDbAttribute
280
     0
  2
TAG1
 70
     1
280
     0
  0
ATTRIB
  5
F416
330
F408
100
AcDbEntity
  8
DESC
100
AcDbText
 10
26.34117571459157
 20
16.32997361233648
 30
0.0
 40
0.125
  1

 50
180.0
 41
0.85
  7
WD
100
AcDbAttribute
280
     0
  2
DESC1
 70
     0
280
     0
  0
ATTRIB
  5
F417
330
F408
100
AcDbEntity
  8
DESC
100
AcDbText
 10
26.34117571459157
 20
16.50184861233648
 30
0.0
 40
0.125
  1

 50
180.0
 41
0.85
  7
WD
100
AcDbAttribute
280
     0
  2
DESC2
 70
     0
280
     0
  0
ATTRIB
  5
F418
330
F408
100
AcDbEntity
  8
LOC
100
AcDbText
 10
26.34117571459157
 20
15.81434861233648
 30
0.0
 40
0.125
  1

 50
180.0
 41
0.85
  7
WD
100
AcDbAttribute
280
     0
  2
INST
 70
     0
280
     0
  0
ATTRIB
  5
F419
330
F408
100
AcDbEntity
  8
TERMS
  6
Continuous
100
AcDbText
 10
26.60062693619957
 20
16.34029564298748
 30
0.0
 40
0.125
  1

 50
180.0
 41
0.85
  7
WD
 72
     2
 11
26.60062693619957
 21
16.21529564298748
 31
0.0
100
AcDbAttribute
280
     0
  2
TERM02
 70
     8
 74
     3
280
     0
1001
N8SOL-TLINK
1002
{
1000
2,
1002
}
1001
RE-TLINK
1002
{
1000
2,
1002
}
  0
ATTRIB
  5
F41A
330
F408
100
AcDbEntity
  8
TERMS
  6
Continuous
100
AcDbText
 10
26.61489609374723
 20
15.95147199633156
 30
0.0
 40
0.125
  1

 50
180.0
 41
0.85
  7
WD
 72
     2
 11
26.61489609374723
 21
15.95147199633156
 31
0.0
100
AcDbAttribute
280
     0
  2
TERM01
 70
     8
280
     0
1001
N8SOL-TLINK
1002
{
1000
1,
1002
}
1001
RE-TLINK
1002
{
1000
1,
1002
}
  0
ATTRIB
  5
F41B
330
F408
100
AcDbEntity
  8
MISC
100
AcDbText
 10
26.71995930025125
 20
16.17071049509704
 30
0.0
 40
0.01
  1

 50
180.0
  7
WD
 72
     2
 11
26.71995930025125
 21
16.17071049509704
 31
0.0
100
AcDbAttribute
280
     0
  2
WDBLKNAM
 70
     9
280
     0
  0
ATTRIB
  5
F41C
330
F408
100
AcDbEntity
  8
MISC
 62
     7
100
AcDbText
 10
26.79742505615329
 20
16.14497641672068
 30
0.0
 40
0.01
  1
1-
 50
180.0
  7
WD
100
AcDbAttribute
280
     0
  2
WDTYPE
 70
     1
280
     0
  0
SEQEND
  5
F41D
330
F408
100
AcDbEntity
  8
SYMS
 62
     7
 48
0.2
  0
LWPOLYLINE
  5
F41E
330
1F
100
AcDbEntity
  8
0
 62
     7
 48
0.2
100
AcDbPolyline
 90
        4
 70
     1
 43
0.0
 10
26.27861213856236
 20
17.37607529214577
 10
26.84123929062078
 20
17.37607529214577
 10
26.84123929062078
 20
16.36832394909331
 10
26.27861213856236
 20
16.36832394909331
  0
LINE
  5
F41F
330
1F
100
AcDbEntity
  8
0
 62
     7
 48
0.2
100
AcDbLine
 10
26.55992571459157
 20
17.37607529214577
 30
0.0
 11
26.55992571459157
 21
17.57085993405544
 31
0.0
  0
LINE
  5
F420
330
1F
100
AcDbEntity
  8
0
 62
     7
 48
0.2
100
AcDbLine
 10
26.55992571459157
 20
16.15809861233648
 30
0.0
 11
26.55992571459157
 21
16.36832394909331
 31
0.0
  0
MTEXT
  5
F421
330
1F
100
AcDbEntity
  8
0
 62
     7
 48
0.2
100
AcDbMText
 10
28.98278376541838
 20
17.64874806267978
 30
0.0
 40
0.125
 41
2.03605245080844
 46
0.0
 71
     3
 72
     5
  1
\pxr1,ql;LINE\P\PFEEDER\PBREAKER\P52-1\P\PBUS
 73
     1
 44
1.0
101
Embedded Object
 70
     3
 10
1.0
 20
0.0
 30
0.0
 11
28.98278376541838
 21
17.64874806267978
 31
0.0
 40
2.03605245080844
 41
0.0
 42
0.7916666666666669
 43
1.374999999999999
 71
     2
 72
     1
 44
2.03605245080844
 45
0.625
 73
     0
 74
     0
 46
0.0
  0
MTEXT
  5
F422
330
1F
100
AcDbEntity
  8
0
 62
     7
 48
0.2
100
AcDbMText
 10
26.29525915902188
 20
17.19152429997412
 30
0.0
 40
0.15
 41
0.8839178222495576
 46
0.0
 71
     3
 72
     5
  1
\pxr1,qc;4.76KV\P1200A\P50KA
 73
     1
 44
1.0
101
Embedded Object
 70
     3
 10
1.0
 20
0.0
 30
0.0
 11
26.29525915902188
 21
17.19152429997412
 31
0.0
 40
0.8839178222495576
 41
0.0
 42
0.75
 43
0.65
 71
     2
 72
     1
 44
0.8839178222495576
 45
0.625
 73
     0
 74
     0
 46
0.0
  0
MTEXT
  5
F423
330
1F
100
AcDbEntity
  8
0
 62
     7
 48
0.2
100
AcDbMText
 10
26.59030562899942
 20
15.58567388414178
 30
0.0
 40
0.125
 41
1.233233255170432
 46
0.0
 71
     3
 72
     5
  1
\pxr1,qc;(3) CT\P1/%%C\P1200:5A
 73
     1
 44
1.0
101
Embedded Object
 70
     3
 10
1.0
 20
0.0
 30
0.0
 11
26.59030562899942
 21
15.58567388414178
 31
0.0
 40
1.233233255170432
 41
0.0
 42
0.7202380952380953
 43
0.5892857142857144
 71
     2
 72
     1
 44
1.233233255170432
 45
0.625
 73
     0
 74
     0
 46
0.0
  0
INSERT
  5
F424
330
1F
100
AcDbEntity
  8
0
100
AcDbBlockReference
  2
1LCT1A
 10
26.55849563293082
 20
15.07183951944611
 30
0.0
 41
0.9996
 42
0.9996
 43
0.9996
  0
LINE
  5
F427
330
1F
100
AcDbEntity
  8
0
 62
     7
 48
0.2
100
AcDbLine
 10
27.1522544302501
 20
15.14650103866159
 30
0.0
 11
26.87087063293082
 21
15.14650103866159
 31
0.0
  0
INSERT
  5
F430
330
1F
100
AcDbEntity
  8
BM
100
AcDbBlockReference
  2
CSHEXA
 10
26.93819892247037
 20
15.52756201086625
 30
0.0
  0
TEXT
  5
F431
330
1F
100
AcDbEntity
  8
0
 62
     7
 48
0.2
100
AcDbText
 10
26.8694207982282
 20
15.46980583644655
 30
0.0
 40
0.125
  1
N
 72
     1
 11
26.93489698870438
 21
15.46980583644655
 31
0.0
100
AcDbText
  0
LINE
  5
F432
330
1F
100
AcDbEntity
  8
WIRES
 62
     7
 48
0.2
100
AcDbLine
 10
26.5582937219325
 20
19.7740410010189
 30
0.0
 11
26.55992571459157
 21
17.72710993405544
 31
0.0
  0
LWPOLYLINE
  5
F433
330
1F
100
AcDbEntity
  8
0
 62
     7
 48
0.2
100
AcDbPolyline
 90
        2
 70
     0
 10
26.5582937219325
 20
19.7740410010189
 40
0.0
 41
0.125
 10
26.8082937219325
 20
19.7740410010189
 40
0.125
 41
0.125
  0
MTEXT
  5
F434
330
1F
100
AcDbEntity
  8
0
 62
     7
 48
0.2
100
AcDbMText
 10
28.40270262258023
 20
19.98122941931521
 30
0.0
 40
0.125
 41
1.233233255170432
 46
0.0
 71
     3
 72
     5
  1
\pxr1,qc;4/0 AWG\P(1)/%%C
 73
     1
 44
1.0
101
Embedded Object
 70
     3
 10
1.0
 20
0.0
 30
0.0
 11
28.40270262258023
 21
19.98122941931521
 31
0.0
 40
1.233233255170432
 41
0.0
 42
0.8333333333333332
 43
0.4226190476190476
 71
     2
 72
     1
 44
1.233233255170432
 45
0.625
 73
     0
 74
     0
 46
0.0
  0
LINE
  5
F435
330
1F
100
AcDbEntity
  8
0
 62
     7
 48
0.2
100
AcDbLine
 10
27.29935145482767
 20
19.7740410010189
 30
0.0
 11
26.8082937219325
 21
19.7740410010189
 31
0.0
  0
LINE
  5
F436
330
1F
100
AcDbEntity
  8
0
  6
HIDDEN
 62
     7
 48
0.2
100
AcDbLine
 10
26.5582937219325
 20
7.705979256040076
 30
0.0
 11
26.5582937219325
 21
6.444633496129323
 31
0.0
  0
MTEXT
  5
F437
330
1F
100
AcDbEntity
  8
0
 62
     7
 48
0.2
100
AcDbMText
 10
25.75982828833853
 20
20.9963158722626
 30
0.0
 40
0.125
 41
1.601990317115136
 46
0.0
 71
     1
 72
     5
  1
\pxqc;500KVA XFMR\PTR-LV-0005\PBOTTOM EXIT
 73
     1
 44
1.0
101
Embedded Object
 70
     1
 10
1.0
 20
0.0
 30
0.0
 11
25.75982828833853
 21
20.9963158722626
 31
0.0
 40
1.601990317115136
 41
0.0
 42
1.279761904761905
 43
0.5416666666666666
 71
     2
 72
     1
 44
1.601990317115136
 45
0.625
 73
     0
 74
     0
 46
0.0
  0
LINE
  5
F438
330
1F
100
AcDbEntity
  8
0
  6
HIDDEN
 62
     7
 48
0.2
100
AcDbLine
 10
26.5582937219325
 20
20.20091438786256
 30
0.0
 11
26.5582937219325
 21
19.7740410010189
 31
0.0
  0
LWPOLYLINE
  5
F439
330
1F
100
AcDbEntity
  8
0
 62
     7
 48
0.2
100
AcDbPolyline
 90
        2
 70
     0
 10
26.5582937219325
 20
20.40243358016102
 40
0.0
 41
0.125
 10
26.5582937219325
 20
20.15243358016101
 40
0.125
 41
0.125
  0
TEXT
  5
F43A
330
1F
100
AcDbEntity
  8
0
 62
     7
 48
0.2
100
AcDbText
 10
27.19642376025649
 20
15.43658698632343
 30
0.0
 40
0.125
  1
SEL-751
 72
     1
 11
27.60118566501839
 21
15.43658698632343
 31
0.0
100
AcDbText
  0
LWPOLYLINE
  5
F43B
330
1F
100
AcDbEntity
  8
0
 62
     7
 48
0.2
100
AcDbPolyline
 90
        5
 70
     0
 43
0.0
 10
27.1522544302501
 20
15.65205316266026
 10
28.10735878613666
 20
15.65205316266026
 10
28.10735878613666
 20
14.64094891466291
 10
27.1522544302501
 20
14.64094891466292
 10
27.1522544302501
 20
15.65205316266026
  0
TEXT
  5
F43C
330
1F
100
AcDbEntity
  8
0
 62
     7
 48
0.2
100
AcDbText
 10
27.2705652383825
 20
15.15536161150885
 30
0.0
 40
0.0932
  1
50P
 72
     1
 11
27.4059271431444
 21
15.15536161150885
 31
0.0
100
AcDbText
  0
TEXT
  5
F43D
330
1F
100
AcDbEntity
  8
0
 62
     7
 48
0.2
100
AcDbText
 10
27.66108475954022
 20
15.15536161150885
 30
0.0
 40
0.0932
  1
51P
 72
     1
 11
27.79644666430213
 21
15.15536161150885
 31
0.0
100
AcDbText
  0
CIRCLE
  5
F43E
330
1F
100
AcDbEntity
  8
0
 62
     7
 48
0.2
100
AcDbCircle
 10
27.4042407122146
 20
15.20616236214616
 30
0.0
 40
0.1378642997044182
  0
CIRCLE
  5
F43F
330
1F
100
AcDbEntity
  8
0
 62
     7
 48
0.2
100
AcDbCircle
 10
27.79582149753409
 20
15.20616236214616
 30
0.0
 40
0.1378642997044182
  0
TEXT
  5
F440
330
1F
100
AcDbEntity
  8
0
 62
     7
 48
0.2
100
AcDbText
 10
27.2705652383825
 20
14.78534914301599
 30
0.0
 40
0.0932
  1
50G
 72
     1
 11
27.4059271431444
 21
14.78534914301599
 31
0.0
100
AcDbText
  0
TEXT
  5
F441
330
1F
100
AcDbEntity
  8
0
 62
     7
 48
0.2
100
AcDbText
 10
27.66108475954022
 20
14.78534914301599
 30
0.0
 40
0.0932
  1
51G
 72
     1
 11
27.79644666430213
 21
14.78534914301599
 31
0.0
100
AcDbText
  0
CIRCLE
  5
F442
330
1F
100
AcDbEntity
  8
0
 62
     7
 48
0.2
100
AcDbCircle
 10
27.4042407122146
 20
14.83614989365331
 30
0.0
 40
0.1378642997044182
  0
CIRCLE
  5
F443
330
1F
100
AcDbEntity
  8
0
 62
     7
 48
0.2
100
AcDbCircle
 10
27.79582149753409
 20
14.83614989365331
 30
0.0
 40
0.1378642997044182
  0
LWPOLYLINE
  5
F444
330
1F
100
AcDbEntity
  8
0
 62
     7
 48
0.2
100
AcDbPolyline
 90
        2
 70
     0
 10
30.348772695457
 20
6.444633496129323
 40
0.0
 41
0.125
 10
30.348772695457
 20
6.694633496129323
 40
0.125
 41
0.125
  0
LINE
  5
F445
330
1F
100
AcDbEntity
  8
WIRES
 62
     7
 48
0.2
100
AcDbLine
 10
30.35040468811607
 20
16.00184861233648
 30
0.0
 11
30.35083374740199
 21
11.3402445046898
 31
0.0
  0
TEXT
  5
F446
330
1F
100
AcDbEntity
  8
0
 62
     7
 48
0.2
100
AcDbText
 10
30.98690273378099
 20
12.45635425359616
 30
0.0
 40
0.125
  1
SEL-751
 72
     1
 11
31.39166463854289
 21
12.45635425359616
 31
0.0
100
AcDbText
  0
LWPOLYLINE
  5
F447
330
1F
100
AcDbEntity
  8
0
 62
     7
 48
0.2
100
AcDbPolyline
 90
        5
 70
     0
 43
0.0
 10
30.9427334037746
 20
12.671820429933
 10
31.89783775966116
 20
12.67182042993299
 10
31.89783775966116
 20
11.66071618193565
 10
30.9427334037746
 20
11.66071618193565
 10
30.9427334037746
 20
12.671820429933
  0
LINE
  5
F448
330
1F
100
AcDbEntity
  8
0
 62
     7
 48
0.2
100
AcDbLine
 10
30.34908501004585
 20
9.614983182970842
 30
0.0
 11
30.348772695457
 21
7.705979256040076
 31
0.0
  0
INSERT
  5
F449
330
1F
100
AcDbEntity
  8
SYMS
 62
     7
 48
0.2
100
AcDbBlockReference
 66
     1
  2
VC01PJ_1-
 10
30.35083374740199
 20
11.2777445046898
 30
0.0
1001
VIA_WD_MAXTYPE4
1002
{
1000

1002
}
1001
VIA_WD_BASETAG
1002
{
1000
051PJ?2
1002
}
  0
ATTRIB
  5
F44A
330
F449
100
AcDbEntity
  8
MISC
100
AcDbText
 10
30.36390667429698
 20
11.1631043774313
 30
0.0
 40
0.01
  1
P
  7
WD
100
AcDbAttribute
280
     0
  2
X8TERMDESC02
 70
     1
280
     0
  0
ATTRIB
  5
F44B
330
F449
100
AcDbEntity
  8
MISC
100
AcDbText
 10
30.37697961190105
 20
11.3193543724605
 30
0.0
 40
0.01
  1
J
  7
WD
100
AcDbAttribute
280
     0
  2
X2TERMDESC01
 70
     1
280
     0
  0
ATTRIB
  5
F44C
330
F449
100
AcDbEntity
  8
MISC
  6
Continuous
100
AcDbText
 10
30.24175848377442
 20
11.26380102252565
 30
0.0
 40
0.01
  1

  7
WD
 72
     1
 11
30.24175848377442
 21
11.26380102252565
 31
0.0
100
AcDbAttribute
280
     0
  2
ASSYCODE
 70
     9
280
     0
  0
ATTRIB
  5
F44D
330
F449
100
AcDbEntity
  8
MISC
100
AcDbText
 10
30.22583374740199
 20
11.2152445046898
 30
0.0
 40
0.01
  1

  7
WD
100
AcDbAttribute
280
     0
  2
X4LINK
 70
     0
280
     0
  0
ATTRIB
  5
F44E
330
F449
100
AcDbEntity
  8
MISC
100
AcDbText
 10
30.47583374740199
 20
11.2152445046898
 30
0.0
 40
0.01
  1

  7
WD
100
AcDbAttribute
280
     0
  2
X1LINK
 70
     0
280
     0
  0
ATTRIB
  5
F44F
330
F449
100
AcDbEntity
  8
MISC
  6
Continuous
100
AcDbText
 10
30.24222685585165
 20
11.27778378791266
 30
0.0
 40
0.01
  1

  7
WD
 72
     1
 11
30.24222685585165
 21
11.27778378791266
 31
0.0
100
AcDbAttribute
280
     0
  2
MFG
 70
     9
280
     0
  0
ATTRIB
  5
F450
330
F449
100
AcDbEntity
  8
MISC
  6
Continuous
100
AcDbText
 10
30.24417190149157
 20
11.29722554162011
 30
0.0
 40
0.01
  1

  7
WD
 72
     1
 11
30.24417190149157
 21
11.29722554162011
 31
0.0
100
AcDbAttribute
280
     0
  2
CAT
 70
     9
280
     0
  0
ATTRIB
  5
F451
330
F449
100
AcDbEntity
  8
MISC
100
AcDbText
 10
30.21911863555322
 20
11.34140195747987
 30
0.0
 40
0.01
  1
PJ
  7
WD
100
AcDbAttribute
280
     0
  2
FAMILY
 70
     9
280
     0
  0
ATTRIB
  5
F452
330
F449
100
AcDbEntity
  8
MISC
100
AcDbText
 10
30.35083374740199
 20
11.1839945046898
 30
0.0
 40
0.0125
  1

  7
WD
100
AcDbAttribute
280
     0
  2
X8TERM02
 70
     1
280
     0
  0
ATTRIB
  5
F453
330
F449
100
AcDbEntity
  8
MISC
100
AcDbText
 10
30.35083374740199
 20
11.3402445046898
 30
0.0
 40
0.0125
  1

  7
WD
100
AcDbAttribute
280
     0
  2
X2TERM01
 70
     1
280
     0
  0
ATTRIB
  5
F454
330
F449
100
AcDbEntity
  8
DESC
100
AcDbText
 10
30.569583747402
 20
10.6683695046898
 30
0.0
 40
0.125
  1

 41
0.85
  7
WD
100
AcDbAttribute
280
     0
  2
DESC3
 70
     0
280
     0
  0
ATTRIB
  5
F455
330
F449
100
AcDbEntity
  8
LOC
100
AcDbText
 10
30.569583747402
 20
11.3558695046898
 30
0.0
 40
0.125
  1

 41
0.85
  7
WD
100
AcDbAttribute
280
     0
  2
LOC
 70
     0
280
     0
  0
ATTRIB
  5
F456
330
F449
100
AcDbEntity
  8
TAGS
100
AcDbText
 10
30.57152518537507
 20
11.18586950468985
 30
0.0
 40
0.125
  1
051PJ?2
 41
0.85
  7
WD
100
AcDbAttribute
280
     0
  2
TAG1
 70
     1
280
     0
  0
ATTRIB
  5
F457
330
F449
100
AcDbEntity
  8
DESC
100
AcDbText
 10
30.569583747402
 20
11.0121195046898
 30
0.0
 40
0.125
  1

 41
0.85
  7
WD
100
AcDbAttribute
280
     0
  2
DESC1
 70
     0
280
     0
  0
ATTRIB
  5
F458
330
F449
100
AcDbEntity
  8
DESC
100
AcDbText
 10
30.569583747402
 20
10.8402445046898
 30
0.0
 40
0.125
  1

 41
0.85
  7
WD
100
AcDbAttribute
280
     0
  2
DESC2
 70
     0
280
     0
  0
ATTRIB
  5
F459
330
F449
100
AcDbEntity
  8
LOC
100
AcDbText
 10
30.569583747402
 20
11.5277445046898
 30
0.0
 40
0.125
  1

 41
0.85
  7
WD
100
AcDbAttribute
280
     0
  2
INST
 70
     0
280
     0
  0
ATTRIB
  5
F45A
330
F449
100
AcDbEntity
  8
TERMS
  6
Continuous
100
AcDbText
 10
30.310132525794
 20
11.0017974740388
 30
0.0
 40
0.125
  1

 41
0.85
  7
WD
 72
     2
 11
30.310132525794
 21
11.1267974740388
 31
0.0
100
AcDbAttribute
280
     0
  2
TERM02
 70
     8
 74
     3
280
     0
1001
N8SOL-TLINK
1002
{
1000
2,
1002
}
1001
RE-TLINK
1002
{
1000
2,
1002
}
  0
ATTRIB
  5
F45B
330
F449
100
AcDbEntity
  8
TERMS
  6
Continuous
100
AcDbText
 10
30.29586336824634
 20
11.39062112069472
 30
0.0
 40
0.125
  1

 41
0.85
  7
WD
 72
     2
 11
30.29586336824634
 21
11.39062112069472
 31
0.0
100
AcDbAttribute
280
     0
  2
TERM01
 70
     8
280
     0
1001
N8SOL-TLINK
1002
{
1000
1,
1002
}
1001
RE-TLINK
1002
{
1000
1,
1002
}
  0
ATTRIB
  5
F45C
330
F449
100
AcDbEntity
  8
MISC
100
AcDbText
 10
30.19080016174232
 20
11.17138262192924
 30
0.0
 40
0.01
  1

  7
WD
 72
     2
 11
30.19080016174232
 21
11.17138262192924
 31
0.0
100
AcDbAttribute
280
     0
  2
WDBLKNAM
 70
     9
280
     0
  0
ATTRIB
  5
F45D
330
F449
100
AcDbEntity
  8
MISC
 62
     7
100
AcDbText
 10
30.11333440584028
 20
11.1971167003056
 30
0.0
 40
0.01
  1
1-
  7
WD
100
AcDbAttribute
280
     0
  2
WDTYPE
 70
     1
280
     0
  0
SEQEND
  5
F45E
330
F449
100
AcDbEntity
  8
SYMS
 62
     7
 48
0.2
  0
INSERT
  5
F45F
330
1F
100
AcDbEntity
  8
SYMS
 62
     7
 48
0.2
100
AcDbBlockReference
 66
     1
  2
VC01PJ_1-
 10
30.35083374740199
 20
9.677483182970842
 30
0.0
 50
180.0
1001
VIA_WD_MAXTYPE4
1002
{
1000

1002
}
1001
VIA_WD_BASETAG
1002
{
1000
051PJ?2
1002
}
  0
ATTRIB
  5
F460
330
F45F
100
AcDbEntity
  8
MISC
100
AcDbText
 10
30.33776082050701
 20
9.792123310229339
 30
0.0
 40
0.01
  1
P
 50
180.0
  7
WD
100
AcDbAttribute
280
     0
  2
X8TERMDESC02
 70
     1
280
     0
  0
ATTRIB
  5
F461
330
F45F
100
AcDbEntity
  8
MISC
100
AcDbText
 10
30.32468788290294
 20
9.635873315200147
 30
0.0
 40
0.01
  1
J
 50
180.0
  7
WD
100
AcDbAttribute
280
     0
  2
X2TERMDESC01
 70
     1
280
     0
  0
ATTRIB
  5
F462
330
F45F
100
AcDbEntity
  8
MISC
  6
Continuous
100
AcDbText
 10
30.45990901102957
 20
9.691426665134997
 30
0.0
 40
0.01
  1

 50
180.0
  7
WD
 72
     1
 11
30.45990901102957
 21
9.691426665134997
 31
0.0
100
AcDbAttribute
280
     0
  2
ASSYCODE
 70
     9
280
     0
  0
ATTRIB
  5
F463
330
F45F
100
AcDbEntity
  8
MISC
100
AcDbText
 10
30.47583374740199
 20
9.739983182970842
 30
0.0
 40
0.01
  1

 50
180.0
  7
WD
100
AcDbAttribute
280
     0
  2
X4LINK
 70
     0
280
     0
  0
ATTRIB
  5
F464
330
F45F
100
AcDbEntity
  8
MISC
100
AcDbText
 10
30.22583374740199
 20
9.739983182970842
 30
0.0
 40
0.01
  1

 50
180.0
  7
WD
100
AcDbAttribute
280
     0
  2
X1LINK
 70
     0
280
     0
  0
ATTRIB
  5
F465
330
F45F
100
AcDbEntity
  8
MISC
  6
Continuous
100
AcDbText
 10
30.45944063895233
 20
9.677443899747988
 30
0.0
 40
0.01
  1

 50
180.0
  7
WD
 72
     1
 11
30.45944063895233
 21
9.677443899747988
 31
0.0
100
AcDbAttribute
280
     0
  2
MFG
 70
     9
280
     0
  0
ATTRIB
  5
F466
330
F45F
100
AcDbEntity
  8
MISC
  6
Continuous
100
AcDbText
 10
30.45749559331242
 20
9.658002146040537
 30
0.0
 40
0.01
  1

 50
180.0
  7
WD
 72
     1
 11
30.45749559331242
 21
9.658002146040537
 31
0.0
100
AcDbAttribute
280
     0
  2
CAT
 70
     9
280
     0
  0
ATTRIB
  5
F467
330
F45F
100
AcDbEntity
  8
MISC
100
AcDbText
 10
30.48254885925077
 20
9.613825730180774
 30
0.0
 40
0.01
  1
PJ
 50
180.0
  7
WD
100
AcDbAttribute
280
     0
  2
FAMILY
 70
     9
280
     0
  0
ATTRIB
  5
F468
330
F45F
100
AcDbEntity
  8
MISC
100
AcDbText
 10
30.35083374740199
 20
9.771233182970842
 30
0.0
 40
0.0125
  1

 50
180.0
  7
WD
100
AcDbAttribute
280
     0
  2
X8TERM02
 70
     1
280
     0
  0
ATTRIB
  5
F469
330
F45F
100
AcDbEntity
  8
MISC
100
AcDbText
 10
30.35083374740199
 20
9.614983182970842
 30
0.0
 40
0.0125
  1

 50
180.0
  7
WD
100
AcDbAttribute
280
     0
  2
X2TERM01
 70
     1
280
     0
  0
ATTRIB
  5
F46A
330
F45F
100
AcDbEntity
  8
DESC
100
AcDbText
 10
30.13208374740199
 20
10.28685818297084
 30
0.0
 40
0.125
  1

 50
180.0
 41
0.85
  7
WD
100
AcDbAttribute
280
     0
  2
DESC3
 70
     0
280
     0
  0
ATTRIB
  5
F46B
330
F45F
100
AcDbEntity
  8
LOC
100
AcDbText
 10
30.13208374740199
 20
9.599358182970842
 30
0.0
 40
0.125
  1

 50
180.0
 41
0.85
  7
WD
100
AcDbAttribute
280
     0
  2
LOC
 70
     0
280
     0
  0
ATTRIB
  5
F46C
330
F45F
100
AcDbEntity
  8
TAGS
100
AcDbText
 10
30.13014230942892
 20
9.769358182970794
 30
0.0
 40
0.125
  1
051PJ?2
 50
180.0
 41
0.85
  7
WD
100
AcDbAttribute
280
     0
  2
TAG1
 70
     1
280
     0
  0
ATTRIB
  5
F46D
330
F45F
100
AcDbEntity
  8
DESC
100
AcDbText
 10
30.13208374740199
 20
9.943108182970842
 30
0.0
 40
0.125
  1

 50
180.0
 41
0.85
  7
WD
100
AcDbAttribute
280
     0
  2
DESC1
 70
     0
280
     0
  0
ATTRIB
  5
F46E
330
F45F
100
AcDbEntity
  8
DESC
100
AcDbText
 10
30.13208374740199
 20
10.11498318297084
 30
0.0
 40
0.125
  1

 50
180.0
 41
0.85
  7
WD
100
AcDbAttribute
280
     0
  2
DESC2
 70
     0
280
     0
  0
ATTRIB
  5
F46F
330
F45F
100
AcDbEntity
  8
LOC
100
AcDbText
 10
30.13208374740199
 20
9.427483182970842
 30
0.0
 40
0.125
  1

 50
180.0
 41
0.85
  7
WD
100
AcDbAttribute
280
     0
  2
INST
 70
     0
280
     0
  0
ATTRIB
  5
F470
330
F45F
100
AcDbEntity
  8
TERMS
  6
Continuous
100
AcDbText
 10
30.39153496900999
 20
9.953430213621839
 30
0.0
 40
0.125
  1

 50
180.0
 41
0.85
  7
WD
 72
     2
 11
30.39153496900999
 21
9.828430213621839
 31
0.0
100
AcDbAttribute
280
     0
  2
TERM02
 70
     8
 74
     3
280
     0
1001
N8SOL-TLINK
1002
{
1000
2,
1002
}
1001
RE-TLINK
1002
{
1000
2,
1002
}
  0
ATTRIB
  5
F471
330
F45F
100
AcDbEntity
  8
TERMS
  6
Continuous
100
AcDbText
 10
30.40580412655765
 20
9.56460656696592
 30
0.0
 40
0.125
  1

 50
180.0
 41
0.85
  7
WD
 72
     2
 11
30.40580412655765
 21
9.56460656696592
 31
0.0
100
AcDbAttribute
280
     0
  2
TERM01
 70
     8
280
     0
1001
N8SOL-TLINK
1002
{
1000
1,
1002
}
1001
RE-TLINK
1002
{
1000
1,
1002
}
  0
ATTRIB
  5
F472
330
F45F
100
AcDbEntity
  8
MISC
100
AcDbText
 10
30.51086733306167
 20
9.783845065731398
 30
0.0
 40
0.01
  1

 50
180.0
  7
WD
 72
     2
 11
30.51086733306167
 21
9.783845065731398
 31
0.0
100
AcDbAttribute
280
     0
  2
WDBLKNAM
 70
     9
280
     0
  0
ATTRIB
  5
F473
330
F45F
100
AcDbEntity
  8
MISC
 62
     7
100
AcDbText
 10
30.58833308896371
 20
9.758110987355046
 30
0.0
 40
0.01
  1
1-
 50
180.0
  7
WD
100
AcDbAttribute
280
     0
  2
WDTYPE
 70
     1
280
     0
  0
SEQEND
  5
F474
330
F45F
100
AcDbEntity
  8
SYMS
 62
     7
 48
0.2
  0
LWPOLYLINE
  5
F475
330
1F
100
AcDbEntity
  8
0
 62
     7
 48
0.2
100
AcDbPolyline
 90
        4
 70
     1
 43
0.0
 10
30.06952017137278
 20
10.98920986278013
 10
30.63214732343121
 20
10.98920986278013
 10
30.63214732343121
 20
9.981458519727667
 10
30.06952017137278
 20
9.981458519727667
  0
LINE
  5
F476
330
1F
100
AcDbEntity
  8
0
 62
     7
 48
0.2
100
AcDbLine
 10
30.35083374740199
 20
10.98920986278013
 30
0.0
 11
30.35083374740199
 21
11.1839945046898
 31
0.0
  0
LINE
  5
F477
330
1F
100
AcDbEntity
  8
0
 62
     7
 48
0.2
100
AcDbLine
 10
30.35083374740199
 20
9.771233182970842
 30
0.0
 11
30.35083374740199
 21
9.981458519727667
 31
0.0
  0
MTEXT
  5
F478
330
1F
100
AcDbEntity
  8
0
 62
     7
 48
0.2
100
AcDbMText
 10
32.88614212036844
 20
11.22726691899728
 30
0.0
 40
0.125
 41
2.03605245080844
 46
0.0
 71
     3
 72
     5
  1
\pxr1,ql;BUS\P\PFEEDER\PBREAKER\P52-5\P\PLOAD
 73
     1
 44
1.0
101
Embedded Object
 70
     3
 10
1.0
 20
0.0
 30
0.0
 11
32.88614212036844
 21
11.22726691899728
 31
0.0
 40
2.03605245080844
 41
0.0
 42
0.7916666666666669
 43
1.374999999999999
 71
     2
 72
     1
 44
2.03605245080844
 45
0.625
 73
     0
 74
     0
 46
0.0
  0
MTEXT
  5
F479
330
1F
100
AcDbEntity
  8
0
 62
     7
 48
0.2
100
AcDbMText
 10
30.0861671918323
 20
10.80465887060848
 30
0.0
 40
0.15
 41
0.8839178222495576
 46
0.0
 71
     3
 72
     5
  1
\pxr1,qc;4.76KV\P1200A\P50KA
 73
     1
 44
1.0
101
Embedded Object
 70
     3
 10
1.0
 20
0.0
 30
0.0
 11
30.0861671918323
 21
10.80465887060848
 31
0.0
 40
0.8839178222495576
 41
0.0
 42
0.75
 43
0.65
 71
     2
 72
     1
 44
0.8839178222495576
 45
0.625
 73
     0
 74
     0
 46
0.0
  0
MTEXT
  5
F47A
330
1F
100
AcDbEntity
  8
0
 62
     7
 48
0.2
100
AcDbMText
 10
30.38078460252392
 20
12.35828148869902
 30
0.0
 40
0.125
 41
1.233233255170432
 46
0.0
 71
     3
 72
     5
  1
\pxr1,qc;(3) CT\P1/%%C\P1200:5A
 73
     1
 44
1.0
101
Embedded Object
 70
     3
 10
1.0
 20
0.0
 30
0.0
 11
30.38078460252392
 21
12.35828148869902
 31
0.0
 40
1.233233255170432
 41
0.0
 42
0.7202380952380953
 43
0.5892857142857144
 71
     2
 72
     1
 44
1.233233255170432
 45
0.625
 73
     0
 74
     0
 46
0.0
  0
INSERT
  5
F47B
330
1F
100
AcDbEntity
  8
0
100
AcDbBlockReference
  2
1LCT1A
 10
30.34897460645532
 20
12.24092982514981
 30
0.0
 41
-0.9996
 42
0.9996
 43
0.9996
 50
180.0
  0
LINE
  5
F47C
330
1F
100
AcDbEntity
  8
0
 62
     7
 48
0.2
100
AcDbLine
 10
30.9427334037746
 20
12.16626830593433
 30
0.0
 11
30.66134960645532
 21
12.16626830593433
 31
0.0
  0
LWPOLYLINE
  5
F47D
330
1F
100
AcDbEntity
  8
0
 62
     7
 48
0.2
100
AcDbPolyline
 90
        2
 70
     0
 10
30.348772695457
 20
7.705979256040076
 40
0.0
 41
0.125
 10
30.598772695457
 20
7.705979256040076
 40
0.125
 41
0.125
  0
MTEXT
  5
F47E
330
1F
100
AcDbEntity
  8
0
 62
     7
 48
0.2
100
AcDbMText
 10
32.19318159610474
 20
7.913167674336391
 30
0.0
 40
0.125
 41
1.233233255170432
 46
0.0
 71
     3
 72
     5
  1
\pxr1,qc;750kcmil\P(1)/%%C
 73
     1
 44
1.0
101
Embedded Object
 70
     3
 10
1.0
 20
0.0
 30
0.0
 11
32.19318159610474
 21
7.913167674336391
 31
0.0
 40
1.233233255170432
 41
0.0
 42
0.7976190476190478
 43
0.3988095238095238
 71
     2
 72
     1
 44
1.233233255170432
 45
0.625
 73
     0
 74
     0
 46
0.0
  0
LINE
  5
F47F
330
1F
100
AcDbEntity
  8
0
 62
     7
 48
0.2
100
AcDbLine
 10
31.08983042835217
 20
7.705979256040076
 30
0.0
 11
30.598772695457
 21
7.705979256040076
 31
0.0
  0
TEXT
  5
F480
330
1F
100
AcDbEntity
  8
0
 62
     7
 48
0.2
100
AcDbText
 10
31.061044211907
 20
12.17512887878158
 30
0.0
 40
0.0932
  1
50P
 72
     1
 11
31.1964061166689
 21
12.17512887878158
 31
0.0
100
AcDbText
  0
TEXT
  5
F481
330
1F
100
AcDbEntity
  8
0
 62
     7
 48
0.2
100
AcDbText
 10
31.45156373306472
 20
12.17512887878158
 30
0.0
 40
0.0932
  1
51P
 72
     1
 11
31.58692563782663
 21
12.17512887878158
 31
0.0
100
AcDbText
  0
CIRCLE
  5
F482
330
1F
100
AcDbEntity
  8
0
 62
     7
 48
0.2
100
AcDbCircle
 10
31.1947196857391
 20
12.2259296294189
 30
0.0
 40
0.1378642997044182
  0
CIRCLE
  5
F483
330
1F
100
AcDbEntity
  8
0
 62
     7
 48
0.2
100
AcDbCircle
 10
31.58630047105859
 20
12.2259296294189
 30
0.0
 40
0.1378642997044182
  0
TEXT
  5
F484
330
1F
100
AcDbEntity
  8
0
 62
     7
 48
0.2
100
AcDbText
 10
31.061044211907
 20
11.80511641028872
 30
0.0
 40
0.0932
  1
50G
 72
     1
 11
31.1964061166689
 21
11.80511641028872
 31
0.0
100
AcDbText
  0
TEXT
  5
F485
330
1F
100
AcDbEntity
  8
0
 62
     7
 48
0.2
100
AcDbText
 10
31.45156373306472
 20
11.80511641028872
 30
0.0
 40
0.0932
  1
51G
 72
     1
 11
31.58692563782663
 21
11.80511641028872
 31
0.0
100
AcDbText
  0
CIRCLE
  5
F486
330
1F
100
AcDbEntity
  8
0
 62
     7
 48
0.2
100
AcDbCircle
 10
31.1947196857391
 20
11.85591716092604
 30
0.0
 40
0.1378642997044182
  0
CIRCLE
  5
F487
330
1F
100
AcDbEntity
  8
0
 62
     7
 48
0.2
100
AcDbCircle
 10
31.58630047105859
 20
11.85591716092604
 30
0.0
 40
0.1378642997044182
  0
INSERT
  5
F488
330
1F
100
AcDbEntity
  8
BM
100
AcDbBlockReference
  2
CSHEXA
 10
30.72867789599487
 20
12.54732927813898
 30
0.0
  0
TEXT
  5
F489
330
1F
100
AcDbEntity
  8
0
 62
     7
 48
0.2
100
AcDbText
 10
30.6598997717527
 20
12.48957310371929
 30
0.0
 40
0.125
  1
N
 72
     1
 11
30.72537596222888
 21
12.48957310371929
 31
0.0
100
AcDbText
  0
INSERT
  5
F48A
330
1F
100
AcDbEntity
  8
0
  6
Continuous
 62
     0
100
AcDbBlockReference
  2
WD1005
 10
30.35040468811607
 20
13.59215087321073
 30
0.0
 41
-1.0
 50
180.0
  0
MTEXT
  5
F48B
330
1F
100
AcDbEntity
  8
0
 62
     7
 48
0.2
100
AcDbMText
 10
29.55030726186303
 20
6.322837422588562
 30
0.0
 40
0.125
 41
1.601990317115136
 46
0.0
 71
     1
 72
     5
  1
\pxqc;BOTTOM EXIT\PFRESH\PWATER WELL\PPUMPS
 73
     1
 44
1.0
101
Embedded Object
 70
     1
 10
1.0
 20
0.0
 30
0.0
 11
29.55030726186303
 21
6.322837422588562
 31
0.0
 40
1.601990317115136
 41
0.0
 42
1.19047619047619
 43
0.75
 71
     2
 72
     1
 44
1.601990317115136
 45
0.625
 73
     0
 74
     0
 46
0.0
  0
LINE
  5
F48C
330
1F
100
AcDbEntity
  8
WIRES
 62
     7
 48
0.2
100
AcDbLine
 10
31.41994260274155
 20
14.64094891466292
 30
0.0
 11
31.42028558171789
 21
12.67182042993299
 31
0.0
  0
INSERT
  5
F48D
330
1F
100
AcDbEntity
  8
0
  6
Continuous
 62
     0
100
AcDbBlockReference
  2
WD1005
 10
31.41987702041835
 20
14.41040153317221
 30
0.0
 41
-1.0
 50
180.0
  0
INSERT
  5
F48E
330
1F
100
AcDbEntity
  8
SYMS
 62
     7
 48
0.2
100
AcDbBlockReference
 66
     1
  2
VC01PJ_1-
 10
30.35040468811607
 20
17.66460993405544
 30
0.0
1001
VIA_WD_MAXTYPE4
1002
{
1000

1002
}
1001
VIA_WD_BASETAG
1002
{
1000
051PJ?2
1002
}
  0
ATTRIB
  5
F48F
330
F48E
100
AcDbEntity
  8
MISC
100
AcDbText
 10
30.36347761501106
 20
17.54996980679694
 30
0.0
 40
0.01
  1
P
  7
WD
100
AcDbAttribute
280
     0
  2
X8TERMDESC02
 70
     1
280
     0
  0
ATTRIB
  5
F490
330
F48E
100
AcDbEntity
  8
MISC
100
AcDbText
 10
30.37655055261513
 20
17.70621980182613
 30
0.0
 40
0.01
  1
J
  7
WD
100
AcDbAttribute
280
     0
  2
X2TERMDESC01
 70
     1
280
     0
  0
ATTRIB
  5
F491
330
F48E
100
AcDbEntity
  8
MISC
  6
Continuous
100
AcDbText
 10
30.2413294244885
 20
17.65066645189128
 30
0.0
 40
0.01
  1

  7
WD
 72
     1
 11
30.2413294244885
 21
17.65066645189128
 31
0.0
100
AcDbAttribute
280
     0
  2
ASSYCODE
 70
     9
280
     0
  0
ATTRIB
  5
F492
330
F48E
100
AcDbEntity
  8
MISC
100
AcDbText
 10
30.22540468811607
 20
17.60210993405544
 30
0.0
 40
0.01
  1

  7
WD
100
AcDbAttribute
280
     0
  2
X4LINK
 70
     0
280
     0
  0
ATTRIB
  5
F493
330
F48E
100
AcDbEntity
  8
MISC
100
AcDbText
 10
30.47540468811607
 20
17.60210993405544
 30
0.0
 40
0.01
  1

  7
WD
100
AcDbAttribute
280
     0
  2
X1LINK
 70
     0
280
     0
  0
ATTRIB
  5
F494
330
F48E
100
AcDbEntity
  8
MISC
  6
Continuous
100
AcDbText
 10
30.24179779656574
 20
17.66464921727829
 30
0.0
 40
0.01
  1

  7
WD
 72
     1
 11
30.24179779656574
 21
17.66464921727829
 31
0.0
100
AcDbAttribute
280
     0
  2
MFG
 70
     9
280
     0
  0
ATTRIB
  5
F495
330
F48E
100
AcDbEntity
  8
MISC
  6
Continuous
100
AcDbText
 10
30.24374284220565
 20
17.68409097098574
 30
0.0
 40
0.01
  1

  7
WD
 72
     1
 11
30.24374284220565
 21
17.68409097098574
 31
0.0
100
AcDbAttribute
280
     0
  2
CAT
 70
     9
280
     0
  0
ATTRIB
  5
F496
330
F48E
100
AcDbEntity
  8
MISC
100
AcDbText
 10
30.21868957626729
 20
17.72826738684551
 30
0.0
 40
0.01
  1
PJ
  7
WD
100
AcDbAttribute
280
     0
  2
FAMILY
 70
     9
280
     0
  0
ATTRIB
  5
F497
330
F48E
100
AcDbEntity
  8
MISC
100
AcDbText
 10
30.35040468811607
 20
17.57085993405544
 30
0.0
 40
0.0125
  1

  7
WD
100
AcDbAttribute
280
     0
  2
X8TERM02
 70
     1
280
     0
  0
ATTRIB
  5
F498
330
F48E
100
AcDbEntity
  8
MISC
100
AcDbText
 10
30.35040468811607
 20
17.72710993405544
 30
0.0
 40
0.0125
  1

  7
WD
100
AcDbAttribute
280
     0
  2
X2TERM01
 70
     1
280
     0
  0
ATTRIB
  5
F499
330
F48E
100
AcDbEntity
  8
DESC
100
AcDbText
 10
30.56915468811607
 20
17.05523493405544
 30
0.0
 40
0.125
  1

 41
0.85
  7
WD
100
AcDbAttribute
280
     0
  2
DESC3
 70
     0
280
     0
  0
ATTRIB
  5
F49A
330
F48E
100
AcDbEntity
  8
LOC
100
AcDbText
 10
30.56915468811607
 20
17.74273493405544
 30
0.0
 40
0.125
  1

 41
0.85
  7
WD
100
AcDbAttribute
280
     0
  2
LOC
 70
     0
280
     0
  0
ATTRIB
  5
F49B
330
F48E
100
AcDbEntity
  8
TAGS
100
AcDbText
 10
30.57109612608915
 20
17.57273493405549
 30
0.0
 40
0.125
  1
051PJ?2
 41
0.85
  7
WD
100
AcDbAttribute
280
     0
  2
TAG1
 70
     1
280
     0
  0
ATTRIB
  5
F49C
330
F48E
100
AcDbEntity
  8
DESC
100
AcDbText
 10
30.56915468811607
 20
17.39898493405544
 30
0.0
 40
0.125
  1

 41
0.85
  7
WD
100
AcDbAttribute
280
     0
  2
DESC1
 70
     0
280
     0
  0
ATTRIB
  5
F49D
330
F48E
100
AcDbEntity
  8
DESC
100
AcDbText
 10
30.56915468811607
 20
17.22710993405544
 30
0.0
 40
0.125
  1

 41
0.85
  7
WD
100
AcDbAttribute
280
     0
  2
DESC2
 70
     0
280
     0
  0
ATTRIB
  5
F49E
330
F48E
100
AcDbEntity
  8
LOC
100
AcDbText
 10
30.56915468811607
 20
17.91460993405544
 30
0.0
 40
0.125
  1

 41
0.85
  7
WD
100
AcDbAttribute
280
     0
  2
INST
 70
     0
280
     0
  0
ATTRIB
  5
F49F
330
F48E
100
AcDbEntity
  8
TERMS
  6
Continuous
100
AcDbText
 10
30.30970346650808
 20
17.38866290340444
 30
0.0
 40
0.125
  1

 41
0.85
  7
WD
 72
     2
 11
30.30970346650808
 21
17.51366290340444
 31
0.0
100
AcDbAttribute
280
     0
  2
TERM02
 70
     8
 74
     3
280
     0
1001
N8SOL-TLINK
1002
{
1000
2,
1002
}
1001
RE-TLINK
1002
{
1000
2,
1002
}
  0
ATTRIB
  5
F4A0
330
F48E
100
AcDbEntity
  8
TERMS
  6
Continuous
100
AcDbText
 10
30.29543430896042
 20
17.77748655006036
 30
0.0
 40
0.125
  1

 41
0.85
  7
WD
 72
     2
 11
30.29543430896042
 21
17.77748655006036
 31
0.0
100
AcDbAttribute
280
     0
  2
TERM01
 70
     8
280
     0
1001
N8SOL-TLINK
1002
{
1000
1,
1002
}
1001
RE-TLINK
1002
{
1000
1,
1002
}
  0
ATTRIB
  5
F4A1
330
F48E
100
AcDbEntity
  8
MISC
100
AcDbText
 10
30.1903711024564
 20
17.55824805129488
 30
0.0
 40
0.01
  1

  7
WD
 72
     2
 11
30.1903711024564
 21
17.55824805129488
 31
0.0
100
AcDbAttribute
280
     0
  2
WDBLKNAM
 70
     9
280
     0
  0
ATTRIB
  5
F4A2
330
F48E
100
AcDbEntity
  8
MISC
 62
     7
100
AcDbText
 10
30.11290534655436
 20
17.58398212967124
 30
0.0
 40
0.01
  1
1-
  7
WD
100
AcDbAttribute
280
     0
  2
WDTYPE
 70
     1
280
     0
  0
SEQEND
  5
F4A3
330
F48E
100
AcDbEntity
  8
SYMS
 62
     7
 48
0.2
  0
INSERT
  5
F4A4
330
1F
100
AcDbEntity
  8
SYMS
 62
     7
 48
0.2
100
AcDbBlockReference
 66
     1
  2
VC01PJ_1-
 10
30.35040468811607
 20
16.06434861233648
 30
0.0
 50
180.0
1001
VIA_WD_MAXTYPE4
1002
{
1000

1002
}
1001
VIA_WD_BASETAG
1002
{
1000
051PJ?2
1002
}
  0
ATTRIB
  5
F4A5
330
F4A4
100
AcDbEntity
  8
MISC
100
AcDbText
 10
30.33733176122109
 20
16.17898873959498
 30
0.0
 40
0.01
  1
P
 50
180.0
  7
WD
100
AcDbAttribute
280
     0
  2
X8TERMDESC02
 70
     1
280
     0
  0
ATTRIB
  5
F4A6
330
F4A4
100
AcDbEntity
  8
MISC
100
AcDbText
 10
30.32425882361702
 20
16.02273874456578
 30
0.0
 40
0.01
  1
J
 50
180.0
  7
WD
100
AcDbAttribute
280
     0
  2
X2TERMDESC01
 70
     1
280
     0
  0
ATTRIB
  5
F4A7
330
F4A4
100
AcDbEntity
  8
MISC
  6
Continuous
100
AcDbText
 10
30.45947995174365
 20
16.07829209450063
 30
0.0
 40
0.01
  1

 50
180.0
  7
WD
 72
     1
 11
30.45947995174365
 21
16.07829209450063
 31
0.0
100
AcDbAttribute
280
     0
  2
ASSYCODE
 70
     9
280
     0
  0
ATTRIB
  5
F4A8
330
F4A4
100
AcDbEntity
  8
MISC
100
AcDbText
 10
30.47540468811607
 20
16.12684861233648
 30
0.0
 40
0.01
  1

 50
180.0
  7
WD
100
AcDbAttribute
280
     0
  2
X4LINK
 70
     0
280
     0
  0
ATTRIB
  5
F4A9
330
F4A4
100
AcDbEntity
  8
MISC
100
AcDbText
 10
30.22540468811607
 20
16.12684861233648
 30
0.0
 40
0.01
  1

 50
180.0
  7
WD
100
AcDbAttribute
280
     0
  2
X1LINK
 70
     0
280
     0
  0
ATTRIB
  5
F4AA
330
F4A4
100
AcDbEntity
  8
MISC
  6
Continuous
100
AcDbText
 10
30.45901157966641
 20
16.06430932911363
 30
0.0
 40
0.01
  1

 50
180.0
  7
WD
 72
     1
 11
30.45901157966641
 21
16.06430932911363
 31
0.0
100
AcDbAttribute
280
     0
  2
MFG
 70
     9
280
     0
  0
ATTRIB
  5
F4AB
330
F4A4
100
AcDbEntity
  8
MISC
  6
Continuous
100
AcDbText
 10
30.4570665340265
 20
16.04486757540617
 30
0.0
 40
0.01
  1

 50
180.0
  7
WD
 72
     1
 11
30.4570665340265
 21
16.04486757540617
 31
0.0
100
AcDbAttribute
280
     0
  2
CAT
 70
     9
280
     0
  0
ATTRIB
  5
F4AC
330
F4A4
100
AcDbEntity
  8
MISC
100
AcDbText
 10
30.48211979996485
 20
16.00069115954641
 30
0.0
 40
0.01
  1
PJ
 50
180.0
  7
WD
100
AcDbAttribute
280
     0
  2
FAMILY
 70
     9
280
     0
  0
ATTRIB
  5
F4AD
330
F4A4
100
AcDbEntity
  8
MISC
100
AcDbText
 10
30.35040468811607
 20
16.15809861233648
 30
0.0
 40
0.0125
  1

 50
180.0
  7
WD
100
AcDbAttribute
280
     0
  2
X8TERM02
 70
     1
280
     0
  0
ATTRIB
  5
F4AE
330
F4A4
100
AcDbEntity
  8
MISC
100
AcDbText
 10
30.35040468811607
 20
16.00184861233648
 30
0.0
 40
0.0125
  1

 50
180.0
  7
WD
100
AcDbAttribute
280
     0
  2
X2TERM01
 70
     1
280
     0
  0
ATTRIB
  5
F4AF
330
F4A4
100
AcDbEntity
  8
DESC
100
AcDbText
 10
30.13165468811607
 20
16.67372361233648
 30
0.0
 40
0.125
  1

 50
180.0
 41
0.85
  7
WD
100
AcDbAttribute
280
     0
  2
DESC3
 70
     0
280
     0
  0
ATTRIB
  5
F4B0
330
F4A4
100
AcDbEntity
  8
LOC
100
AcDbText
 10
30.13165468811607
 20
15.98622361233648
 30
0.0
 40
0.125
  1

 50
180.0
 41
0.85
  7
WD
100
AcDbAttribute
280
     0
  2
LOC
 70
     0
280
     0
  0
ATTRIB
  5
F4B1
330
F4A4
100
AcDbEntity
  8
TAGS
100
AcDbText
 10
30.129713250143
 20
16.15622361233643
 30
0.0
 40
0.125
  1
051PJ?2
 50
180.0
 41
0.85
  7
WD
100
AcDbAttribute
280
     0
  2
TAG1
 70
     1
280
     0
  0
ATTRIB
  5
F4B2
330
F4A4
100
AcDbEntity
  8
DESC
100
AcDbText
 10
30.13165468811607
 20
16.32997361233648
 30
0.0
 40
0.125
  1

 50
180.0
 41
0.85
  7
WD
100
AcDbAttribute
280
     0
  2
DESC1
 70
     0
280
     0
  0
ATTRIB
  5
F4B3
330
F4A4
100
AcDbEntity
  8
DESC
100
AcDbText
 10
30.13165468811607
 20
16.50184861233648
 30
0.0
 40
0.125
  1

 50
180.0
 41
0.85
  7
WD
100
AcDbAttribute
280
     0
  2
DESC2
 70
     0
280
     0
  0
ATTRIB
  5
F4B4
330
F4A4
100
AcDbEntity
  8
LOC
100
AcDbText
 10
30.13165468811607
 20
15.81434861233648
 30
0.0
 40
0.125
  1

 50
180.0
 41
0.85
  7
WD
100
AcDbAttribute
280
     0
  2
INST
 70
     0
280
     0
  0
ATTRIB
  5
F4B5
330
F4A4
100
AcDbEntity
  8
TERMS
  6
Continuous
100
AcDbText
 10
30.39110590972407
 20
16.34029564298748
 30
0.0
 40
0.125
  1

 50
180.0
 41
0.85
  7
WD
 72
     2
 11
30.39110590972407
 21
16.21529564298748
 31
0.0
100
AcDbAttribute
280
     0
  2
TERM02
 70
     8
 74
     3
280
     0
1001
N8SOL-TLINK
1002
{
1000
2,
1002
}
1001
RE-TLINK
1002
{
1000
2,
1002
}
  0
ATTRIB
  5
F4B6
330
F4A4
100
AcDbEntity
  8
TERMS
  6
Continuous
100
AcDbText
 10
30.40537506727173
 20
15.95147199633156
 30
0.0
 40
0.125
  1

 50
180.0
 41
0.85
  7
WD
 72
     2
 11
30.40537506727173
 21
15.95147199633156
 31
0.0
100
AcDbAttribute
280
     0
  2
TERM01
 70
     8
280
     0
1001
N8SOL-TLINK
1002
{
1000
1,
1002
}
1001
RE-TLINK
1002
{
1000
1,
1002
}
  0
ATTRIB
  5
F4B7
330
F4A4
100
AcDbEntity
  8
MISC
100
AcDbText
 10
30.51043827377575
 20
16.17071049509704
 30
0.0
 40
0.01
  1

 50
180.0
  7
WD
 72
     2
 11
30.51043827377575
 21
16.17071049509704
 31
0.0
100
AcDbAttribute
280
     0
  2
WDBLKNAM
 70
     9
280
     0
  0
ATTRIB
  5
F4B8
330
F4A4
100
AcDbEntity
  8
MISC
 62
     7
100
AcDbText
 10
30.58790402967779
 20
16.14497641672068
 30
0.0
 40
0.01
  1
1-
 50
180.0
  7
WD
100
AcDbAttribute
280
     0
  2
WDTYPE
 70
     1
280
     0
  0
SEQEND
  5
F4B9
330
F4A4
100
AcDbEntity
  8
SYMS
 62
     7
 48
0.2
  0
LWPOLYLINE
  5
F4BA
330
1F
100
AcDbEntity
  8
0
 62
     7
 48
0.2
100
AcDbPolyline
 90
        4
 70
     1
 43
0.0
 10
30.06909111208686
 20
17.37607529214577
 10
30.63171826414528
 20
17.37607529214577
 10
30.63171826414528
 20
16.36832394909331
 10
30.06909111208686
 20
16.36832394909331
  0
LINE
  5
F4BB
330
1F
100
AcDbEntity
  8
0
 62
     7
 48
0.2
100
AcDbLine
 10
30.35040468811607
 20
17.37607529214577
 30
0.0
 11
30.35040468811607
 21
17.57085993405544
 31
0.0
  0
LINE
  5
F4BC
330
1F
100
AcDbEntity
  8
0
 62
     7
 48
0.2
100
AcDbLine
 10
30.35040468811607
 20
16.15809861233648
 30
0.0
 11
30.35040468811607
 21
16.36832394909331
 31
0.0
  0
MTEXT
  5
F4BD
330
1F
100
AcDbEntity
  8
0
 62
     7
 48
0.2
100
AcDbMText
 10
32.77326273894288
 20
17.64874806267978
 30
0.0
 40
0.125
 41
2.03605245080844
 46
0.0
 71
     3
 72
     5
  1
\pxr1,ql;LINE\P\PFEEDER\PBREAKER\P52-2\P\PBUS
 73
     1
 44
1.0
101
Embedded Object
 70
     3
 10
1.0
 20
0.0
 30
0.0
 11
32.77326273894288
 21
17.64874806267978
 31
0.0
 40
2.03605245080844
 41
0.0
 42
0.7916666666666669
 43
1.374999999999999
 71
     2
 72
     1
 44
2.03605245080844
 45
0.625
 73
     0
 74
     0
 46
0.0
  0
MTEXT
  5
F4BE
330
1F
100
AcDbEntity
  8
0
 62
     7
 48
0.2
100
AcDbMText
 10
30.08573813254638
 20
17.19152429997412
 30
0.0
 40
0.15
 41
0.8839178222495576
 46
0.0
 71
     3
 72
     5
  1
\pxr1,qc;4.76KV\P1200A\P50KA
 73
     1
 44
1.0
101
Embedded Object
 70
     3
 10
1.0
 20
0.0
 30
0.0
 11
30.08573813254638
 21
17.19152429997412
 31
0.0
 40
0.8839178222495576
 41
0.0
 42
0.75
 43
0.65
 71
     2
 72
     1
 44
0.8839178222495576
 45
0.625
 73
     0
 74
     0
 46
0.0
  0
MTEXT
  5
F4BF
330
1F
100
AcDbEntity
  8
0
 62
     7
 48
0.2
100
AcDbMText
 10
30.38078460252392
 20
15.58567388414178
 30
0.0
 40
0.125
 41
1.233233255170432
 46
0.0
 71
     3
 72
     5
  1
\pxr1,qc;(3) CT\P1/%%C\P1200:5A
 73
     1
 44
1.0
101
Embedded Object
 70
     3
 10
1.0
 20
0.0
 30
0.0
 11
30.38078460252392
 21
15.58567388414178
 31
0.0
 40
1.233233255170432
 41
0.0
 42
0.7202380952380953
 43
0.5892857142857144
 71
     2
 72
     1
 44
1.233233255170432
 45
0.625
 73
     0
 74
     0
 46
0.0
  0
INSERT
  5
F4C0
330
1F
100
AcDbEntity
  8
0
100
AcDbBlockReference
  2
1LCT1A
 10
30.34897460645532
 20
15.07183951944611
 30
0.0
 41
0.9996
 42
0.9996
 43
0.9996
  0
LINE
  5
F4C1
330
1F
100
AcDbEntity
  8
0
 62
     7
 48
0.2
100
AcDbLine
 10
30.9427334037746
 20
15.14650103866159
 30
0.0
 11
30.66134960645532
 21
15.14650103866159
 31
0.0
  0
INSERT
  5
F4C2
330
1F
100
AcDbEntity
  8
BM
100
AcDbBlockReference
  2
CSHEXA
 10
30.72867789599487
 20
15.52756201086625
 30
0.0
  0
TEXT
  5
F4C3
330
1F
100
AcDbEntity
  8
0
 62
     7
 48
0.2
100
AcDbText
 10
30.6598997717527
 20
15.46980583644655
 30
0.0
 40
0.125
  1
N
 72
     1
 11
30.72537596222888
 21
15.46980583644655
 31
0.0
100
AcDbText
  0
LINE
  5
F4C4
330
1F
100
AcDbEntity
  8
WIRES
 62
     7
 48
0.2
100
AcDbLine
 10
30.348772695457
 20
19.7740410010189
 30
0.0
 11
30.35040468811607
 21
17.72710993405544
 31
0.0
  0
LWPOLYLINE
  5
F4C5
330
1F
100
AcDbEntity
  8
0
 62
     7
 48
0.2
100
AcDbPolyline
 90
        2
 70
     0
 10
30.348772695457
 20
19.7740410010189
 40
0.0
 41
0.125
 10
30.598772695457
 20
19.7740410010189
 40
0.125
 41
0.125
  0
MTEXT
  5
F4C6
330
1F
100
AcDbEntity
  8
0
 62
     7
 48
0.2
100
AcDbMText
 10
32.19318159610474
 20
19.98122941931521
 30
0.0
 40
0.125
 41
1.233233255170432
 46
0.0
 71
     3
 72
     5
  1
\pxr1,qc;4/0 AWG\P(2)/%%C
 73
     1
 44
1.0
101
Embedded Object
 70
     3
 10
1.0
 20
0.0
 30
0.0
 11
32.19318159610474
 21
19.98122941931521
 31
0.0
 40
1.233233255170432
 41
0.0
 42
0.8333333333333332
 43
0.4226190476190476
 71
     2
 72
     1
 44
1.233233255170432
 45
0.625
 73
     0
 74
     0
 46
0.0
  0
LINE
  5
F4C7
330
1F
100
AcDbEntity
  8
0
 62
     7
 48
0.2
100
AcDbLine
 10
31.08983042835217
 20
19.7740410010189
 30
0.0
 11
30.598772695457
 21
19.7740410010189
 31
0.0
  0
LINE
  5
F4C8
330
1F
100
AcDbEntity
  8
0
  6
HIDDEN
 62
     7
 48
0.2
100
AcDbLine
 10
30.348772695457
 20
7.705979256040076
 30
0.0
 11
30.348772695457
 21
6.444633496129323
 31
0.0
  0
MTEXT
  5
F4C9
330
1F
100
AcDbEntity
  8
0
 62
     7
 48
0.2
100
AcDbMText
 10
29.55030726186303
 20
20.87614153860044
 30
0.0
 40
0.125
 41
1.601990317115136
 46
0.0
 71
     1
 72
     5
  1
\pxqc;SPARE\PBOTTOM EXIT
 73
     1
 44
1.0
101
Embedded Object
 70
     1
 10
1.0
 20
0.0
 30
0.0
 11
29.55030726186303
 21
20.87614153860044
 31
0.0
 40
1.601990317115136
 41
0.0
 42
1.19047619047619
 43
0.3333333333333333
 71
     2
 72
     1
 44
1.601990317115136
 45
0.625
 73
     0
 74
     0
 46
0.0
  0
LINE
  5
F4CA
330
1F
100
AcDbEntity
  8
0
  6
HIDDEN
 62
     7
 48
0.2
100
AcDbLine
 10
30.348772695457
 20
20.20091438786256
 30
0.0
 11
30.348772695457
 21
19.7740410010189
 31
0.0
  0
LWPOLYLINE
  5
F4CB
330
1F
100
AcDbEntity
  8
0
 62
     7
 48
0.2
100
AcDbPolyline
 90
        2
 70
     0
 10
30.348772695457
 20
20.40243358016102
 40
0.0
 41
0.125
 10
30.348772695457
 20
20.15243358016101
 40
0.125
 41
0.125
  0
TEXT
  5
F4CC
330
1F
100
AcDbEntity
  8
0
 62
     7
 48
0.2
100
AcDbText
 10
30.98690273378099
 20
15.43658698632343
 30
0.0
 40
0.125
  1
SEL-751
 72
     1
 11
31.39166463854289
 21
15.43658698632343
 31
0.0
100
AcDbText
  0
LWPOLYLINE
  5
F4CD
330
1F
100
AcDbEntity
  8
0
 62
     7
 48
0.2
100
AcDbPolyline
 90
        5
 70
     0
 43
0.0
 10
30.9427334037746
 20
15.65205316266026
 10
31.89783775966116
 20
15.65205316266026
 10
31.89783775966116
 20
14.64094891466291
 10
30.9427334037746
 20
14.64094891466292
 10
30.9427334037746
 20
15.65205316266026
  0
TEXT
  5
F4CE
330
1F
100
AcDbEntity
  8
0
 62
     7
 48
0.2
100
AcDbText
 10
31.061044211907
 20
15.15536161150885
 30
0.0
 40
0.0932
  1
50P
 72
     1
 11
31.1964061166689
 21
15.15536161150885
 31
0.0
100
AcDbText
  0
TEXT
  5
F4CF
330
1F
100
AcDbEntity
  8
0
 62
     7
 48
0.2
100
AcDbText
 10
31.45156373306472
 20
15.15536161150885
 30
0.0
 40
0.0932
  1
51P
 72
     1
 11
31.58692563782663
 21
15.15536161150885
 31
0.0
100
AcDbText
  0
CIRCLE
  5
F4D0
330
1F
100
AcDbEntity
  8
0
 62
     7
 48
0.2
100
AcDbCircle
 10
31.1947196857391
 20
15.20616236214616
 30
0.0
 40
0.1378642997044182
  0
CIRCLE
  5
F4D1
330
1F
100
AcDbEntity
  8
0
 62
     7
 48
0.2
100
AcDbCircle
 10
31.58630047105859
 20
15.20616236214616
 30
0.0
 40
0.1378642997044182
  0
TEXT
  5
F4D2
330
1F
100
AcDbEntity
  8
0
 62
     7
 48
0.2
100
AcDbText
 10
31.061044211907
 20
14.78534914301599
 30
0.0
 40
0.0932
  1
50G
 72
     1
 11
31.1964061166689
 21
14.78534914301599
 31
0.0
100
AcDbText
  0
TEXT
  5
F4D3
330
1F
100
AcDbEntity
  8
0
 62
     7
 48
0.2
100
AcDbText
 10
31.45156373306472
 20
14.78534914301599
 30
0.0
 40
0.0932
  1
51G
 72
     1
 11
31.58692563782663
 21
14.78534914301599
 31
0.0
100
AcDbText
  0
CIRCLE
  5
F4D4
330
1F
100
AcDbEntity
  8
0
 62
     7
 48
0.2
100
AcDbCircle
 10
31.1947196857391
 20
14.83614989365331
 30
0.0
 40
0.1378642997044182
  0
CIRCLE
  5
F4D5
330
1F
100
AcDbEntity
  8
0
 62
     7
 48
0.2
100
AcDbCircle
 10
31.58630047105859
 20
14.83614989365331
 30
0.0
 40
0.1378642997044182
  0
LINE
  5
F4D6
330
1F
100
AcDbEntity
  8
0
 62
     7
 48
0.2
100
AcDbLine
 10
31.89197425738378
 20
4.804836142866268
 30
0.0
 11
31.75128235872414
 21
4.804836142866268
 31
0.0
  0
LINE
  5
F504
330
1F
100
AcDbEntity
  8
0
 62
     7
 48
0.2
100
AcDbLine
 10
1.767775929204105
 20
14.40576093548018
 30
0.0
 11
31.41987702041835
 21
14.41040153317221
 31
0.0
  0
INSERT
  5
F5B4
330
1F
100
AcDbEntity
  8
0
 62
     7
100
AcDbBlockReference
 66
     1
  2
NOTES
 10
0.0
 20
2.5
 30
0.0
  0
ATTRIB
  5
F5B5
330
F5B4
100
AcDbEntity
  8
TEXT
 62
     8
100
AcDbText
 10
0.125
 20
1.813671875
 30
0.0
 40
0.125
  1
1     RELAY FUNCTIONS ARE SUBJECT TO END USER SETTINGS.
100
AcDbAttribute
280
     0
  2
NOTE1
 70
     0
280
     0
  0
ATTRIB
  5
F5B6
330
F5B4
100
AcDbEntity
  8
TEXT
 62
     8
100
AcDbText
 10
0.125
 20
1.563671875
 30
0.0
 40
0.125
  1
2 - -
100
AcDbAttribute
280
     0
  2
NOTE2
 70
     0
280
     0
  0
ATTRIB
  5
F5B7
330
F5B4
100
AcDbEntity
  8
TEXT
 62
     8
100
AcDbText
 10
0.125
 20
1.313671875
 30
0.0
 40
0.125
  1
3 - -
100
AcDbAttribute
280
     0
  2
NOTE3
 70
     0
280
     0
  0
ATTRIB
  5
F5B8
330
F5B4
100
AcDbEntity
  8
TEXT
 62
     8
100
AcDbText
 10
0.125
 20
1.063671875
 30
0.0
 40
0.125
  1
4 - -
100
AcDbAttribute
280
     0
  2
NOTE4
 70
     0
280
     0
  0
ATTRIB
  5
F5B9
330
F5B4
100
AcDbEntity
  8
TEXT
 62
     8
100
AcDbText
 10
0.125
 20
0.8136718750000003
 30
0.0
 40
0.125
  1
5 - -
100
AcDbAttribute
280
     0
  2
NOTE5
 70
     0
280
     0
  0
ATTRIB
  5
F5BA
330
F5B4
100
AcDbEntity
  8
TEXT
 62
     8
100
AcDbText
 10
0.125
 20
0.5636718750000003
 30
0.0
 40
0.125
  1
6 - -
100
AcDbAttribute
280
     0
  2
NOTE6
 70
     0
280
     0
  0
ATTRIB
  5
F5BB
330
F5B4
100
AcDbEntity
  8
TEXT
 62
     8
100
AcDbText
 10
0.125
 20
0.3136718750000003
 30
0.0
 40
0.125
  1
7 - -
100
AcDbAttribute
280
     0
  2
NOTE7
 70
     0
280
     0
  0
SEQEND
  5
F5BC
330
F5B4
100
AcDbEntity
  8
0
 62
     8
  0
INSERT
  5
F5BD
330
1F
100
AcDbEntity
  8
BM
100
AcDbBlockReference
  2
CSHEXA
 10
0.4677934659350323
 20
1.855451271872727
 30
0.0
  0
TEXT
  5
F5BE
330
1F
100
AcDbEntity
  8
0
 62
     7
 48
0.2
100
AcDbText
 10
0.4236571524008121
 20
1.812655601724543
 30
0.0
 40
0.0932
  1
N
 72
     1
 11
0.4724762000198597
 21
1.812655601724543
 31
0.0
100
AcDbText
  0
INSERT
  5
F622
330
1F
100
AcDbEntity
  8
0
 62
     8
100
AcDbBlockReference
 66
     1
  2
REVISION
 10
10.0
 20
2.5
 30
0.0
  0
ATTRIB
  5
F623
330
F622
100
AcDbEntity
  8
TEXT
100
AcDbText
 10
10.31547619047619
 20
0.5625000000000009
 30
0.0
 40
0.125
  1
0
  7
TITLEBLK
 72
     4
 11
10.375
 21
0.6250000000000009
 31
0.0
100
AcDbAttribute
280
     0
  2
REVA
 70
     0
280
     0
  0
ATTRIB
  5
F624
330
F622
100
AcDbEntity
  8
TEXT
100
AcDbText
 10
11.01190476190476
 20
0.5714285714285723
 30
0.0
 40
0.125
  1
07/16/26
  7
TITLEBLK
 72
     4
 11
11.5
 21
0.6250000000000009
 31
0.0
100
AcDbAttribute
280
     0
  2
DATEA
 70
     0
280
     0
  0
ATTRIB
  5
F625
330
F622
100
AcDbEntity
  8
0
 62
     3
 48
0.2
100
AcDbText
 10
12.375
 20
0.5625000000000009
 30
0.0
 40
0.125
  1
ISSUED FOR ASBUILT
100
AcDbAttribute
280
     0
  2
REVISIONA
 70
     0
280
     1
  0
ATTRIB
  5
F626
330
F622
100
AcDbEntity
  8
TEXT
100
AcDbText
 10
17.47470238095238
 20
0.5625000000000009
 30
0.0
 40
0.125
  1
EA
  7
TITLEBLK
 72
     4
 11
17.59375
 21
0.6250000000000009
 31
0.0
100
AcDbAttribute
280
     0
  2
DRAWNA
 70
     0
280
     0
  0
ATTRIB
  5
F627
330
F622
100
AcDbEntity
  8
TEXT
100
AcDbText
 10
18.53422619047619
 20
0.5625000000000009
 30
0.0
 40
0.125
  1
ZH
  7
TITLEBLK
 72
     4
 11
18.65625
 21
0.6250000000000009
 31
0.0
100
AcDbAttribute
280
     0
  2
CHKDA
 70
     0
280
     0
  0
ATTRIB
  5
F628
330
F622
100
AcDbEntity
  8
TEXT
100
AcDbText
 10
19.61160714285714
 20
0.5625000000000009
 30
0.0
 40
0.125
  1
AS
  7
TITLEBLK
 72
     4
 11
19.71875
 21
0.6250000000000009
 31
0.0
100
AcDbAttribute
280
     0
  2
APPRA
 70
     0
280
     0
  0
ATTRIB
  5
F629
330
F622
100
AcDbEntity
  8
TEXT
100
AcDbText
 10
10.368359375
 20
0.8750000000000008
 30
0.0
 40
0.125
  1

  7
TITLEBLK
 72
     4
 11
10.368359375
 21
0.8750000000000008
 31
0.0
100
AcDbAttribute
280
     0
  2
REVB
 70
     0
280
     0
  0
ATTRIB
  5
F62A
330
F622
100
AcDbEntity
  8
TEXT
100
AcDbText
 10
11.493359375
 20
0.8609375000000035
 30
0.0
 40
0.125
  1

  7
TITLEBLK
 72
     4
 11
11.493359375
 21
0.8609375000000035
 31
0.0
100
AcDbAttribute
280
     0
  2
DATEB
 70
     0
280
     0
  0
ATTRIB
  5
F62B
330
F622
100
AcDbEntity
  8
0
 62
     3
 48
0.2
100
AcDbText
 10
12.368359375
 20
0.8035156250000021
 30
0.0
 40
0.125
  1

100
AcDbAttribute
280
     0
  2
REVISIONB
 70
     0
280
     1
  0
ATTRIB
  5
F62C
330
F622
100
AcDbEntity
  8
TEXT
100
AcDbText
 10
17.59375
 20
0.8750000000000008
 30
0.0
 40
0.125
  1

  7
TITLEBLK
 72
     4
 11
17.59375
 21
0.8750000000000008
 31
0.0
100
AcDbAttribute
280
     0
  2
DRAWNB
 70
     0
280
     0
  0
ATTRIB
  5
F62D
330
F622
100
AcDbEntity
  8
TEXT
100
AcDbText
 10
18.65625
 20
0.8609375000000035
 30
0.0
 40
0.125
  1

  7
TITLEBLK
 72
     4
 11
18.65625
 21
0.8609375000000035
 31
0.0
100
AcDbAttribute
280
     0
  2
CHKDB
 70
     0
280
     0
  0
ATTRIB
  5
F62E
330
F622
100
AcDbEntity
  8
TEXT
100
AcDbText
 10
19.71875
 20
0.8609375000000035
 30
0.0
 40
0.125
  1

  7
TITLEBLK
 72
     4
 11
19.71875
 21
0.8609375000000035
 31
0.0
100
AcDbAttribute
280
     0
  2
APPRB
 70
     0
280
     0
  0
ATTRIB
  5
F62F
330
F622
100
AcDbEntity
  8
TEXT
100
AcDbText
 10
10.368359375
 20
1.125
 30
0.0
 40
0.125
  1

  7
TITLEBLK
 72
     4
 11
10.368359375
 21
1.125
 31
0.0
100
AcDbAttribute
280
     0
  2
REVC
 70
     0
280
     0
  0
ATTRIB
  5
F630
330
F622
100
AcDbEntity
  8
TEXT
100
AcDbText
 10
11.493359375
 20
1.125
 30
0.0
 40
0.125
  1

  7
TITLEBLK
 72
     4
 11
11.493359375
 21
1.125
 31
0.0
100
AcDbAttribute
280
     0
  2
DATEC
 70
     0
280
     0
  0
ATTRIB
  5
F631
330
F622
100
AcDbEntity
  8
0
 62
     3
 48
0.2
100
AcDbText
 10
12.368359375
 20
1.0625
 30
0.0
 40
0.125
  1

100
AcDbAttribute
280
     0
  2
REVISIONC
 70
     0
280
     1
  0
ATTRIB
  5
F632
330
F622
100
AcDbEntity
  8
TEXT
100
AcDbText
 10
17.59375
 20
1.125
 30
0.0
 40
0.125
  1

  7
TITLEBLK
 72
     4
 11
17.59375
 21
1.125
 31
0.0
100
AcDbAttribute
280
     0
  2
DRAWNC
 70
     0
280
     0
  0
ATTRIB
  5
F633
330
F622
100
AcDbEntity
  8
TEXT
100
AcDbText
 10
18.65625
 20
1.125
 30
0.0
 40
0.125
  1

  7
TITLEBLK
 72
     4
 11
18.65625
 21
1.125
 31
0.0
100
AcDbAttribute
280
     0
  2
CHKDC
 70
     0
280
     0
  0
ATTRIB
  5
F634
330
F622
100
AcDbEntity
  8
TEXT
100
AcDbText
 10
19.71875
 20
1.125
 30
0.0
 40
0.125
  1

  7
TITLEBLK
 72
     4
 11
19.71875
 21
1.125
 31
0.0
100
AcDbAttribute
280
     0
  2
APPRC
 70
     0
280
     0
  0
ATTRIB
  5
F635
330
F622
100
AcDbEntity
  8
TEXT
100
AcDbText
 10
10.368359375
 20
1.375
 30
0.0
 40
0.125
  1

  7
TITLEBLK
 72
     4
 11
10.368359375
 21
1.375
 31
0.0
100
AcDbAttribute
280
     0
  2
REVD
 70
     0
280
     0
  0
ATTRIB
  5
F636
330
F622
100
AcDbEntity
  8
TEXT
100
AcDbText
 10
11.493359375
 20
1.375
 30
0.0
 40
0.125
  1

  7
TITLEBLK
 72
     4
 11
11.493359375
 21
1.375
 31
0.0
100
AcDbAttribute
280
     0
  2
DATED
 70
     0
280
     0
  0
ATTRIB
  5
F637
330
F622
100
AcDbEntity
  8
0
 62
     3
 48
0.2
100
AcDbText
 10
12.368359375
 20
1.3125
 30
0.0
 40
0.125
  1

100
AcDbAttribute
280
     0
  2
REVISIOND
 70
     0
280
     1
  0
ATTRIB
  5
F638
330
F622
100
AcDbEntity
  8
TEXT
100
AcDbText
 10
17.59375
 20
1.375
 30
0.0
 40
0.125
  1

  7
TITLEBLK
 72
     4
 11
17.59375
 21
1.375
 31
0.0
100
AcDbAttribute
280
     0
  2
DRAWND
 70
     0
280
     0
  0
ATTRIB
  5
F639
330
F622
100
AcDbEntity
  8
TEXT
100
AcDbText
 10
18.65625
 20
1.375
 30
0.0
 40
0.125
  1

  7
TITLEBLK
 72
     4
 11
18.65625
 21
1.375
 31
0.0
100
AcDbAttribute
280
     0
  2
CHKDD
 70
     0
280
     0
  0
ATTRIB
  5
F63A
330
F622
100
AcDbEntity
  8
TEXT
100
AcDbText
 10
19.71875
 20
1.375
 30
0.0
 40
0.125
  1

  7
TITLEBLK
 72
     4
 11
19.71875
 21
1.375
 31
0.0
100
AcDbAttribute
280
     0
  2
APPRD
 70
     0
280
     0
  0
ATTRIB
  5
F63B
330
F622
100
AcDbEntity
  8
TEXT
100
AcDbText
 10
10.368359375
 20
1.625
 30
0.0
 40
0.125
  1

  7
TITLEBLK
 72
     4
 11
10.368359375
 21
1.625
 31
0.0
100
AcDbAttribute
280
     0
  2
REVE
 70
     0
280
     0
  0
ATTRIB
  5
F63C
330
F622
100
AcDbEntity
  8
TEXT
100
AcDbText
 10
11.493359375
 20
1.625
 30
0.0
 40
0.125
  1

  7
TITLEBLK
 72
     4
 11
11.493359375
 21
1.625
 31
0.0
100
AcDbAttribute
280
     0
  2
DATEE
 70
     0
280
     0
  0
ATTRIB
  5
F63D
330
F622
100
AcDbEntity
  8
0
 62
     3
 48
0.2
100
AcDbText
 10
12.368359375
 20
1.5625
 30
0.0
 40
0.125
  1

100
AcDbAttribute
280
     0
  2
REVISIONE
 70
     0
280
     1
  0
ATTRIB
  5
F63E
330
F622
100
AcDbEntity
  8
TEXT
100
AcDbText
 10
17.59375
 20
1.625
 30
0.0
 40
0.125
  1

  7
TITLEBLK
 72
     4
 11
17.59375
 21
1.625
 31
0.0
100
AcDbAttribute
280
     0
  2
DRAWNE
 70
     0
280
     0
  0
ATTRIB
  5
F63F
330
F622
100
AcDbEntity
  8
TEXT
100
AcDbText
 10
18.65625
 20
1.625
 30
0.0
 40
0.125
  1

  7
TITLEBLK
 72
     4
 11
18.65625
 21
1.625
 31
0.0
100
AcDbAttribute
280
     0
  2
CHKDE
 70
     0
280
     0
  0
ATTRIB
  5
F640
330
F622
100
AcDbEntity
  8
TEXT
100
AcDbText
 10
19.71875
 20
1.625
 30
0.0
 40
0.125
  1

  7
TITLEBLK
 72
     4
 11
19.71875
 21
1.625
 31
0.0
100
AcDbAttribute
280
     0
  2
APPRE
 70
     0
280
     0
  0
ATTRIB
  5
F641
330
F622
100
AcDbEntity
  8
TEXT
100
AcDbText
 10
10.368359375
 20
1.875
 30
0.0
 40
0.125
  1

  7
TITLEBLK
 72
     4
 11
10.368359375
 21
1.875
 31
0.0
100
AcDbAttribute
280
     0
  2
REVF
 70
     0
280
     0
  0
ATTRIB
  5
F642
330
F622
100
AcDbEntity
  8
TEXT
100
AcDbText
 10
11.493359375
 20
1.875
 30
0.0
 40
0.125
  1

  7
TITLEBLK
 72
     4
 11
11.493359375
 21
1.875
 31
0.0
100
AcDbAttribute
280
     0
  2
DATEF
 70
     0
280
     0
  0
ATTRIB
  5
F643
330
F622
100
AcDbEntity
  8
0
 62
     3
 48
0.2
100
AcDbText
 10
12.368359375
 20
1.8125
 30
0.0
 40
0.125
  1

100
AcDbAttribute
280
     0
  2
REVISIONF
 70
     0
280
     1
  0
ATTRIB
  5
F644
330
F622
100
AcDbEntity
  8
TEXT
100
AcDbText
 10
17.59375
 20
1.875
 30
0.0
 40
0.125
  1

  7
TITLEBLK
 72
     4
 11
17.59375
 21
1.875
 31
0.0
100
AcDbAttribute
280
     0
  2
DRAWNF
 70
     0
280
     0
  0
ATTRIB
  5
F645
330
F622
100
AcDbEntity
  8
TEXT
100
AcDbText
 10
18.65625
 20
1.875
 30
0.0
 40
0.125
  1

  7
TITLEBLK
 72
     4
 11
18.65625
 21
1.875
 31
0.0
100
AcDbAttribute
280
     0
  2
CHKDF
 70
     0
280
     0
  0
ATTRIB
  5
F646
330
F622
100
AcDbEntity
  8
TEXT
100
AcDbText
 10
19.71875
 20
1.875
 30
0.0
 40
0.125
  1

  7
TITLEBLK
 72
     4
 11
19.71875
 21
1.875
 31
0.0
100
AcDbAttribute
280
     0
  2
APPRF
 70
     0
280
     0
  0
ATTRIB
  5
F647
330
F622
100
AcDbEntity
  8
TEXT
100
AcDbText
 10
10.368359375
 20
2.125
 30
0.0
 40
0.125
  1

  7
TITLEBLK
 72
     4
 11
10.368359375
 21
2.125
 31
0.0
100
AcDbAttribute
280
     0
  2
REVG
 70
     0
280
     0
  0
ATTRIB
  5
F648
330
F622
100
AcDbEntity
  8
TEXT
100
AcDbText
 10
11.493359375
 20
2.125
 30
0.0
 40
0.125
  1

  7
TITLEBLK
 72
     4
 11
11.493359375
 21
2.125
 31
0.0
100
AcDbAttribute
280
     0
  2
DATEG
 70
     0
280
     0
  0
ATTRIB
  5
F649
330
F622
100
AcDbEntity
  8
0
 62
     3
 48
0.2
100
AcDbText
 10
12.368359375
 20
2.0625
 30
0.0
 40
0.125
  1

100
AcDbAttribute
280
     0
  2
REVISIONG
 70
     0
280
     1
  0
ATTRIB
  5
F64A
330
F622
100
AcDbEntity
  8
TEXT
100
AcDbText
 10
17.59375
 20
2.125
 30
0.0
 40
0.125
  1

  7
TITLEBLK
 72
     4
 11
17.59375
 21
2.125
 31
0.0
100
AcDbAttribute
280
     0
  2
DRAWNG
 70
     0
280
     0
  0
ATTRIB
  5
F64B
330
F622
100
AcDbEntity
  8
TEXT
100
AcDbText
 10
18.65625
 20
2.125
 30
0.0
 40
0.125
  1

  7
TITLEBLK
 72
     4
 11
18.65625
 21
2.125
 31
0.0
100
AcDbAttribute
280
     0
  2
CHKDG
 70
     0
280
     0
  0
ATTRIB
  5
F64C
330
F622
100
AcDbEntity
  8
TEXT
100
AcDbText
 10
19.71875
 20
2.125
 30
0.0
 40
0.125
  1

  7
TITLEBLK
 72
     4
 11
19.71875
 21
2.125
 31
0.0
100
AcDbAttribute
280
     0
  2
APPRG
 70
     0
280
     0
  0
ATTRIB
  5
F64D
330
F622
100
AcDbEntity
  8
TEXT
100
AcDbText
 10
10.368359375
 20
2.375
 30
0.0
 40
0.125
  1

  7
TITLEBLK
 72
     4
 11
10.368359375
 21
2.375
 31
0.0
100
AcDbAttribute
280
     0
  2
REVH
 70
     0
280
     0
  0
ATTRIB
  5
F64E
330
F622
100
AcDbEntity
  8
TEXT
100
AcDbText
 10
11.493359375
 20
2.375
 30
0.0
 40
0.125
  1

  7
TITLEBLK
 72
     4
 11
11.493359375
 21
2.375
 31
0.0
100
AcDbAttribute
280
     0
  2
DATEH
 70
     0
280
     0
  0
ATTRIB
  5
F64F
330
F622
100
AcDbEntity
  8
0
 62
     3
 48
0.2
100
AcDbText
 10
12.368359375
 20
2.3125
 30
0.0
 40
0.125
  1

100
AcDbAttribute
280
     0
  2
REVISIONH
 70
     0
280
     1
  0
ATTRIB
  5
F650
330
F622
100
AcDbEntity
  8
TEXT
100
AcDbText
 10
17.59375
 20
2.375
 30
0.0
 40
0.125
  1

  7
TITLEBLK
 72
     4
 11
17.59375
 21
2.375
 31
0.0
100
AcDbAttribute
280
     0
  2
DRAWNH
 70
     0
280
     0
  0
ATTRIB
  5
F651
330
F622
100
AcDbEntity
  8
TEXT
100
AcDbText
 10
18.65625
 20
2.375
 30
0.0
 40
0.125
  1

  7
TITLEBLK
 72
     4
 11
18.65625
 21
2.375
 31
0.0
100
AcDbAttribute
280
     0
  2
CHKDH
 70
     0
280
     0
  0
ATTRIB
  5
F652
330
F622
100
AcDbEntity
  8
TEXT
100
AcDbText
 10
19.71875
 20
2.375
 30
0.0
 40
0.125
  1

  7
TITLEBLK
 72
     4
 11
19.71875
 21
2.375
 31
0.0
100
AcDbAttribute
280
     0
  2
APPRH
 70
     0
280
     0
  0
SEQEND
  5
F653
330
F622
100
AcDbEntity
  8
0
 62
     8
  0
LINE
  5
F678
330
1F
100
AcDbEntity
  8
0
 62
     7
 48
0.2
100
AcDbLine
 10
20.55212328167765
 20
17.24745133117371
 30
0.0
 11
18.02783931380509
 21
17.2474513311737
 31
0.0
  0
LINE
  5
F6B4
330
1F
100
AcDbEntity
  8
WIRES
 62
     7
 48
0.2
100
AcDbLine
 10
22.60957070340424
 20
15.14650103866159
 30
0.0
 11
22.60977686256349
 21
14.00220597619582
 31
0.0
  0
INSERT
  5
F6B5
330
1F
100
AcDbEntity
  8
0
  6
Continuous
 62
     0
100
AcDbBlockReference
  2
WD1005
 10
22.60957070340424
 20
15.14650103866159
 30
0.0
 41
-1.0
 50
180.0
  0
LWPOLYLINE
  5
F6BC
330
1F
100
AcDbEntity
  8
0
  6
HIDDEN
 62
     7
 48
0.2
100
AcDbPolyline
 90
        5
 70
     0
 43
0.0
 10
20.039868257412
 20
14.31221335708423
 10
21.56968753959214
 20
14.31221335708422
 10
21.56968753959214
 20
13.69219859530741
 10
20.039868257412
 20
13.69219859530742
 10
20.039868257412
 20
14.31221335708423
  0
MTEXT
  5
F6BD
330
1F
100
AcDbEntity
  8
0
 62
     7
 48
0.2
100
AcDbMText
 10
21.70581154374369
 20
14.28024442827036
 30
0.0
 40
0.125
 41
1.67861989626931
 46
0.0
 71
     3
 72
     5
  1
\pxr1,qc;CT REFERENCE\PTO INTELIMAINS\PRELAY IN MCP
 73
     1
 44
1.0
101
Embedded Object
 70
     3
 10
1.0
 20
0.0
 30
0.0
 11
21.70581154374369
 21
14.28024442827036
 31
0.0
 40
1.67861989626931
 41
0.0
 42
1.410714285714286
 43
0.5416666666666666
 71
     2
 72
     1
 44
1.67861989626931
 45
0.625
 73
     0
 74
     0
 46
0.0
  0
LINE
  5
F6C3
330
1F
100
AcDbEntity
  8
0
 62
     7
 48
0.2
100
AcDbLine
 10
21.56968753959214
 20
14.00220597619582
 30
0.0
 11
22.60977686256349
 21
14.00220597619582
 31
0.0
  0
LWPOLYLINE
  5
F6C4
330
1F
100
AcDbEntity
  8
0
  6
HIDDEN
 62
     7
 48
0.2
100
AcDbPolyline
 90
        5
 70
     0
 43
0.0
 10
15.4741799550472
 20
17.86753584939881
 10
17.46544468199212
 20
17.86753584939881
 10
17.46544468199212
 20
17.247521087622
 10
15.4741799550472
 20
17.24752108762201
 10
15.4741799550472
 20
17.86753584939881
  0
MTEXT
  5
F6C5
330
1F
100
AcDbEntity
  8
0
 62
     7
 48
0.2
100
AcDbMText
 10
17.55854330620463
 20
17.83556692058494
 30
0.0
 40
0.125
 41
2.048291971731316
 46
0.0
 71
     3
 72
     5
  1
\pxr1,qc;LINE PT REFERENCE\PTO INTELIMAINS\PRELAY IN MCP
 73
     1
 44
1.0
101
Embedded Object
 70
     3
 10
1.0
 20
0.0
 30
0.0
 11
17.55854330620463
 21
17.83556692058494
 31
0.0
 40
2.048291971731316
 41
0.0
 42
1.892857142857142
 43
0.5416666666666666
 71
     2
 72
     1
 44
2.048291971731316
 45
0.625
 73
     0
 74
     0
 46
0.0
  0
LINE
  5
F6C6
330
1F
100
AcDbEntity
  8
0
 62
     7
 48
0.2
100
AcDbLine
 10
17.46544468199212
 20
17.5575284685104
 30
0.0
 11
18.02783931380509
 21
17.5575284685104
 31
0.0
  0
INSERT
  5
F6C7
330
1F
100
AcDbEntity
  8
SYMS
 62
     7
 48
0.2
100
AcDbBlockReference
  2
WDDOT
 10
18.02783931380509
 20
17.5575284685104
 30
0.0
 41
-1.0
  0
LWPOLYLINE
  5
F728
330
1F
100
AcDbEntity
  8
0
 62
     7
 48
0.2
100
AcDbPolyline
 90
        4
 70
     1
 43
0.0
 10
29.64498276573392
 20
4.11386275527141
 10
33.59122502431805
 20
4.11386275527141
 10
33.59122502431805
 20
2.811729419499029
 10
29.64498276573392
 20
2.811729419499029
  0
MTEXT
  5
F729
330
1F
100
AcDbEntity
  8
0
 62
     7
 48
0.2
100
AcDbMText
 10
29.48868934578149
 20
3.760119200376407
 30
0.0
 40
0.125
 41
4.079663099705129
 46
0.0
 71
     1
 72
     5
  1
\pxqc;ISSUED FOR ASBUILT\PFor Asbuilt\PIssued For Final
 73
     1
 44
1.0
101
Embedded Object
 70
     1
 10
1.0
 20
0.0
 30
0.0
 11
29.48868934578149
 21
3.760119200376407
 31
0.0
 40
4.079663099705129
 41
0.0
 42
1.964285714285714
 43
0.5416666666666668
 71
     2
 72
     1
 44
4.079663099705129
 45
0.625
 73
     0
 74
     0
 46
0.0
  0
VIEWPORT
  5
6596
102
{ACAD_XDICTIONARY
360
6597
102
}
330
1B
100
AcDbEntity
 67
     1
  8
0
 48
0.2
100
AcDbViewport
 10
5.40039723131399
 20
3.916666864410159
 30
0.0
 40
17.34038025163369
 41
8.976196836139793
 68
     1
 69
     1
 12
5.40039723131399
 22
3.916666864410159
 13
0.0
 23
0.0
 14
0.5
 24
0.5
 15
0.5
 25
0.5
 16
0.0
 26
0.0
 36
1.0
 17
0.0
 27
0.0
 37
0.0
 42
50.0
 43
0.0
 44
0.0
 45
8.976196836139793
 50
0.0
 51
0.0
 72
   100
 90
   819232
  1

281
     0
 71
     1
 74
     0
110
0.0
120
0.0
130
0.0
111
1.0
121
0.0
131
0.0
112
0.0
122
1.0
132
0.0
 79
     0
146
0.0
170
     0
 61
     5
348
29C
292
     1
282
     0
141
0.0
142
0.0
 63
   250
421
  3355443
  0
ENDSEC
  0
SECTION
  2
OBJECTS
  0
DICTIONARY
  5
C
330
0
100
AcDbDictionary
281
     1
  3
ACAD_BACKGROUND
350
5CB8
  3
ACAD_CIP_PREVIOUS_PRODUCT_INFO
350
58FA
  3
ACAD_COLOR
350
C9
  3
ACAD_DETAILVIEWSTYLE
350
58F0
  3
ACAD_FIELDLIST
350
62BC
  3
ACAD_GROUP
350
D
  3
ACAD_LAST_SAVED_VERSION_INFO
350
CFDE
  3
ACAD_LAYOUT
350
1A
  3
ACAD_MATERIAL
350
C8
  3
ACAD_MLEADERSTYLE
350
2EC
  3
ACAD_MLINESTYLE
350
17
  3
ACAD_PLOTSETTINGS
350
19
  3
ACAD_PLOTSTYLENAME
350
E
  3
ACAD_RENDER_RAPIDRT_SETTINGS
350
B99D
  3
ACAD_SCALELIST
350
2CA
  3
ACAD_SECTIONVIEWSTYLE
350
58EE
  3
ACAD_TABLESTYLE
350
123
  3
ACAD_VISUALSTYLE
350
296
  3
AcadDim
350
3FDB
  3
ACADE_WIRETYPE
350
61C9
  3
ACDB_RECOMPOSE_DATA
350
F748
  3
AcDbVariableDictionary
350
9E
  3
ACGREF_MASTER
350
6275
  3
ACGREFACAD_MASTER
350
6278
  3
AcmDictionary
350
63
  3
ACME_COMMAND_HISTORY
350
6270
  3
ACME_SCOPE_NAME
350
626F
  3
ACMESTATEMGR
350
6273
  3
AcmeSysVarManager
350
6271
  3
AcmSystemVariableManager
350
627D
  3
AEC_PROPERTY_SET_DEFS
350
BB6
  3
AMG
350
49
  3
AMGSNAPSETTINGS
350
426
  3
AMI_MASTER
350
6279
  3
AUTOCAD_ASSEMBLIES_PROJECT
350
6286
  3
Designer_Assemblies_SysVars
350
6280
  3
StructToggleButtonState
350
62C6
  0
DICTIONARY
  5
46A
330
8
100
AcDbDictionary
280
     1
281
     1
  0
DICTIONARY
  5
3A5
330
2
100
AcDbDictionary
280
     1
281
     1
  3
ACAD_LAYERFILTERS
360
16A8
  3
ACAD_LAYERSTATES
360
3A6
  3
ACLYDICTIONARY
360
16A7
  0
DICTIONARY
  5
442
330
10
100
AcDbDictionary
280
     1
281
     1
  3
ADSK_XREC_LAYER_RECONCILED
360
443
  0
DICTIONARY
  5
394
330
393
100
AcDbDictionary
280
     1
281
     1
  3
ADSK_XREC_LAYER_RECONCILED
360
444
  0
DICTIONARY
  5
396
330
395
100
AcDbDictionary
280
     1
281
     1
  3
ADSK_XREC_LAYER_RECONCILED
360
445
  0
DICTIONARY
  5
398
330
397
100
AcDbDictionary
280
     1
281
     1
  3
ADSK_XREC_LAYER_RECONCILED
360
446
  0
DICTIONARY
  5
4EA2
330
4EA1
100
AcDbDictionary
280
     1
281
     1
  0
DICTIONARY
  5
E6E3
330
E6E2
100
AcDbDictionary
280
     1
281
     1
  3
ACADE_WIRETYPE
360
E6E4
  0
DICTIONARY
  5
114C
330
114B
100
AcDbDictionary
280
     1
281
     1
  3
ADSK_XREC_VTR_ANNOSCALE_DATA
360
114D
  3
ADSK_XREC_VTRANIMATIONINFO
360
1152
  3
ADSK_XREC_VTRVIEWINFO
360
114E
  0
DICTIONARY
  5
99
330
1F
100
AcDbDictionary
280
     1
281
     1
  3
ACAD_SORTENTS
360
685
  0
DICTIONARY
  5
70F1
330
70B7
100
AcDbDictionary
280
     1
281
     1
  0
DICTIONARY
  5
7AD0
330
7A38
100
AcDbDictionary
280
     1
281
     1
  3
ACAD_ENHANCEDBLOCK
360
7AD1
  3
AcDbDynamicBlockRoundTripPurgePreventer
360
7AD3
  0
DICTIONARY
  5
BA9C
330
BA9B
100
AcDbDictionary
280
     1
281
     1
  3
ACAD_SORTENTS
360
CF09
  0
DICTIONARY
  5
D548
330
D547
100
AcDbDictionary
280
     1
281
     1
  3
ACAD_SORTENTS
360
D549
  0
DICTIONARY
  5
E55D
330
E55B
100
AcDbDictionary
280
     1
281
     1
  3
ACAD_SORTENTS
360
E55E
  0
DICTIONARY
  5
E632
330
E631
100
AcDbDictionary
280
     1
281
     1
  0
DICTIONARY
  5
E651
330
E650
100
AcDbDictionary
280
     1
281
     1
  3
ACAD_SORTENTS
360
E652
  0
DICTIONARY
  5
E671
330
E670
100
AcDbDictionary
280
     1
281
     1
  3
ACAD_SORTENTS
360
E672
  0
DICTIONARY
  5
E68C
330
E68B
100
AcDbDictionary
280
     1
281
     1
  3
ACAD_SORTENTS
360
E68D
  0
DICTIONARY
  5
E6A8
330
E6A7
100
AcDbDictionary
280
     1
281
     1
  0
DICTIONARY
  5
E6C4
330
E6C3
100
AcDbDictionary
280
     1
281
     1
  3
ACAD_SORTENTS
360
E6C5
  0
DICTIONARY
  5
6597
330
6596
100
AcDbDictionary
280
     1
281
     1
  3
ASDK_XREC_ANNOTATION_SCALE_INFO
360
6598
  0
DICTIONARY
  5
5CB8
102
{ACAD_REACTORS
330
C
102
}
330
C
100
AcDbDictionary
281
     1
  0
XRECORD
  5
58FA
102
{ACAD_REACTORS
330
C
102
}
330
C
100
AcDbXrecord
280
     1
300
ACAD_E
300
2027
300

  0
DICTIONARY
  5
C9
102
{ACAD_REACTORS
330
C
102
}
330
C
100
AcDbDictionary
281
     1
  3
PANTONE+ CMYK Uncoated$PANTONE Process Yellow U
350
D6A4
  0
DICTIONARY
  5
58F0
102
{ACAD_REACTORS
330
C
102
}
330
C
100
AcDbDictionary
281
     1
  3
ASME Y14.35 - 1987
350
62B1
  3
Imperial24
350
58F1
  3
Metric50
350
A855
  0
FIELDLIST
  5
62BC
102
{ACAD_REACTORS
330
C
102
}
330
C
100
AcDbIdSet
 90
        4
330
62BA
330
62BB
330
62BD
330
62BE
100
AcDbFieldList
  0
DICTIONARY
  5
D
102
{ACAD_REACTORS
330
C
102
}
330
C
100
AcDbDictionary
281
     1
  0
XRECORD
  5
CFDE
102
{ACAD_REACTORS
330
C
102
}
330
C
100
AcDbXrecord
280
     1
300
{48E7D3E3-7BF6-D44B-B70D-093292D1E1A5}
301
{41AB115D-53E5-2E40-B974-1C80108A08AA}
302
{48E7D3E3-7BF6-D44B-B70D-093292D1E1A5}
303
C:\Users\aibai\Desktop\SLD_AUTOMATION\8372+A01-050-002.dxf
301
{97CB549D-3C9E-0B43-813F-B4B79BF3B796}
302
{F4373867-E210-FE46-BC50-AE10ED1F928A}
303
\\IOMCORP1\Engineering\IOM\2025 JOBS\8298 - HVMVLV 15KV Switchgear Packaging Line-Up 2\009 Drawings\Electrical\A - AS BUILT\8298+A01-050-051.dwg
301
{0057EF65-DCD1-584D-95CD-D4E0522B530C}
302
{46C14EAC-9BC2-2540-ABC4-8DA2464EAEA1}
303
\\IOMCORP1\Engineering\IOM\2025 JOBS\8293 - HVMVLV 15KV Switchgear Packaging\009 Drawings\Electrical\A - AS BUILT\8293+A01-050-051.dwg
301
{E7288DD2-5225-9841-B611-E67812E83DA1}
302
{EAA22FE4-66FE-6640-8F63-5C16DE4EFDC1}
303
\\IOMCORP1\Engineering\IOM\2024 JOBS\8246 - Minig Equipment LTD VFD Cabinets\009 Drawings\Electrical\A - Issued for Preliminary Review\8246+A01-000-005.dwg
301
{6B55AC19-4968-2B40-8ADA-2DCD1A46A703}
302
{7F8F5779-A6A7-8448-9EB2-D54A9630D7E8}
303
\\IOMCORP1\Engineering\IOM\2024 JOBS\8043 - Sewart Supply (Darkhorse) Power Control\009 Drawings\From IOM Electrical\A - Issued for Preliminary Review\8043+A01-000-005.dwg
301
{5A90791F-D10A-6542-8FDB-DF3985ABA222}
302
{981FAE33-9C9B-FB46-B4D8-9A2CD2C3D3DB}
303
\\IOMCORP1\Engineering\IOM\2022 JOBS\7654 - VoltaGrid 1255 20 MVA Mobile Substation\009 Drawings\From IOM Electrical\G - Issued for Seventh Review\7654+A01-000-005.dwg
301
{1B438044-4864-4F40-88E9-70AEBF777F62}
302
{43902E92-EFC8-2E45-BB44-280B22E1F178}
303
\\iomcorp1\Engineering\IOM\2022 JOBS\7654 - VoltaGrid 1255 20 MVA Mobile Substation\009 Drawings\From IOM Electrical\E - Issued for Fifth Review\7654+A01-000-005.dwg
  0
DICTIONARY
  5
1A
102
{ACAD_REACTORS
330
C
102
}
330
C
100
AcDbDictionary
281
     1
  3
Layout1
350
1E
  3
Layout2
350
26
  3
Model
350
22
  0
DICTIONARY
  5
C8
102
{ACAD_REACTORS
330
C
102
}
330
C
100
AcDbDictionary
281
     1
  3
ByBlock
350
294
  3
ByLayer
350
293
  3
Global
350
295
  0
DICTIONARY
  5
2EC
102
{ACAD_REACTORS
330
C
102
}
330
C
100
AcDbDictionary
281
     1
  3
Standard
350
2ED
  0
DICTIONARY
  5
17
102
{ACAD_REACTORS
330
C
102
}
330
C
100
AcDbDictionary
281
     1
  3
Standard
350
18
  0
DICTIONARY
  5
19
102
{ACAD_REACTORS
330
C
102
}
330
C
100
AcDbDictionary
281
     1
  3
IOM DWG to PDF
350
CFDD
  0
ACDBDICTIONARYWDFLT
  5
E
102
{ACAD_REACTORS
330
C
102
}
330
C
100
AcDbDictionary
281
     1
  3
Normal
350
F
100
AcDbDictionaryWithDefault
340
F
  0
DICTIONARY
  5
B99D
102
{ACAD_REACTORS
330
C
102
}
330
C
100
AcDbDictionary
281
     1
  3
Coffee-Break Quality
350
B9A1
  3
High
350
B9A0
  3
Low
350
B99E
  3
Lunch Quality
350
B9A2
  3
Medium
350
B99F
  3
Overnight Quality
350
B9A3
  0
DICTIONARY
  5
2CA
102
{ACAD_REACTORS
330
C
102
}
330
C
100
AcDbDictionary
281
     1
  3
A0
350
2CB
  3
A1
350
2CC
  3
A2
350
2CD
  3
A3
350
2CE
  3
A4
350
2CF
  3
A5
350
2D0
  3
A6
350
2D1
  3
A7
350
2D2
  3
A8
350
2D3
  3
A9
350
2D4
  3
B0
350
2D5
  3
B1
350
2D6
  3
B2
350
2D7
  3
B3
350
2D8
  3
B4
350
2D9
  3
B5
350
2DA
  3
B6
350
2DB
  3
B7
350
2DC
  3
B8
350
2DD
  3
B9
350
2DE
  3
C0
350
2DF
  3
C1
350
2E0
  3
C2
350
2E1
  3
C3
350
2E2
  3
C4
350
2E3
  3
C5
350
2E4
  3
C6
350
2E5
  3
C7
350
2E6
  3
C8
350
2E7
  3
C9
350
2E8
  3
D0
350
2E9
  3
D1
350
2EA
  3
D2
350
2EB
  0
DICTIONARY
  5
58EE
102
{ACAD_REACTORS
330
C
102
}
330
C
100
AcDbDictionary
281
     1
  3
ASME Y14.3 - 2003
350
62B7
  3
Imperial24
350
58EF
  3
Metric50
350
A854
  0
DICTIONARY
  5
123
102
{ACAD_REACTORS
330
C
102
}
330
C
100
AcDbDictionary
281
     1
  3
Standard
350
124
  0
DICTIONARY
  5
296
102
{ACAD_REACTORS
330
C
102
}
330
C
100
AcDbDictionary
281
     1
  3
2dWireframe
350
29C
  3
3D Hidden
350
29E
  3
3dWireframe
350
29D
  3
Basic
350
29B
  3
Brighten
350
2A2
  3
ColorChange
350
2A6
  3
Conceptual
350
29F
  3
Dim
350
2A1
  3
EdgeColorOff
350
1B35
  3
Facepattern
350
2A5
  3
Flat
350
297
  3
FlatWithEdges
350
298
  3
Gouraud
350
299
  3
GouraudWithEdges
350
29A
  3
Hidden
350
1B2D
  3
JitterOff
350
1B33
  3
Linepattern
350
2A4
  3
OverhangOff
350
1B34
  3
Realistic
350
2A0
  3
Shaded
350
1B32
  3
Shaded with edges
350
1B31
  3
Shades of Gray
350
1B2E
  3
Sketchy
350
1B2F
  3
Thicken
350
2A3
  3
Wireframe
350
1B2C
  3
X-Ray
350
1B30
  0
XRECORD
  5
3FDB
102
{ACAD_REACTORS
330
C
102
}
330
C
100
AcDbXrecord
280
     1
 90
   990106
  3

 60
     4
 61
     0
 62
     1
 63
     3
 64
     0
 65
     0
 66
     0
 67
     3
 68
     1
 69
     0
 70
     0
 71
     1
 72
     0
 40
0.0
170
     1
  0
DICTIONARY
  5
61C9
102
{ACAD_REACTORS
330
C
102
}
330
C
100
AcDbDictionary
281
     1
  3
CURRENT_WIRELAY
350
61CA
  0
XRECORD
  5
F748
102
{ACAD_REACTORS
330
C
102
}
330
C
100
AcDbXrecord
280
     1
 90
        1
330
124
  0
DICTIONARY
  5
9E
102
{ACAD_REACTORS
330
C
102
}
330
C
100
AcDbDictionary
281
     1
  3
ANNOALLVISIBLE
350
E56A
  3
CANNOSCALE
350
310
  3
CMLEADERSTYLE
350
30E
  3
CTABLESTYLE
350
144
  3
CVIEWDETAILSTYLE
350
5A30
  3
CVIEWSECTIONSTYLE
350
5A31
  3
DIMASSOC
350
A0
  3
INDEXCTL
350
9F
  3
LAYEREVAL
350
36B
  3
LAYERNOTIFY
350
36C
  3
LIGHTINGUNITS
350
311
  3
MSLTSCALE
350
30F
  3
SORTENTS
350
47B
  3
TEXTJUSTIFY
350
7473
  0
ACAD_PROXY_OBJECT
  5
6275
102
{ACAD_REACTORS
330
C
102
}
330
C
100
AcDbProxyObject
 90
      499
 91
      516
 71
    31
 97
       57
 70
     0
162
                 0
161
                34
310
0C000042CC
 94
        0
  0
ACAD_PROXY_OBJECT
  5
6278
102
{ACAD_REACTORS
330
C
102
}
330
C
100
AcDbProxyObject
 90
      499
 91
      519
 71
    31
 97
       57
 70
     0
162
                 0
161
               114
310
04000041C08000000000000000000C
 94
        0
  0
DICTIONARY
  5
63
102
{ACAD_REACTORS
330
C
102
}
330
C
100
AcDbDictionary
281
     1
  3
AcmBOMDATA
350
628F
  3
AcmStdDictionary
350
69
  3
AMDTSECTSYM_ARROWCOLOR
350
12C
  0
ACAD_PROXY_OBJECT
  5
6270
102
{ACAD_REACTORS
330
C
102
}
330
C
100
AcDbProxyObject
 90
      499
 91
      506
 71
    31
 97
       57
 70
     0
162
              6478
311
41134013C0158011401044D004F00560045004115401380110013C010455004E0044004F00421140104015001500114011001240150010455004E0044004F004115401380110013C0108450041005400540045004400490054004110C013C0140016401184D005300470020002D00200043006F006D006D0061006E0064002
311
000430041004E00430045004C004C00450044002E004C534014C011C008000B4008001400140010400E80080008000800190019401CC01AC01D001BC01C000B8018401C801E00080011801A401B001940158019401C801CC01A401BC01B800E8008000C800D800B800C000B800D400DC00B800C000B800C0010455004E0044
311
004F004115401380110013C0108450041005400540045004400490054004115401380110013C010455004E0044004F00421140104015001500114011001240150010455004E0044004F004115401380110013C0108450041005400540045004400490054004151401480104014C011401045A004F004F004D0043930010401
311
64013C01540150017C010C013C013801500148013C0130010E4C00410059004F00550054005F0043004F004E00540052004F004C00411400130013C0150010450004C004F00540041168013C013C013401314D005300470020002D0020005000500041003A002000200020006400650073006B0074006F0070002E00610072
311
0078002000460069006C006500560065007200730069006F006E003A002000320036002E0030002E00350037002E0030002E0030004150C0130013C014C011401314D005300470020002D0020005000500041003A002000200020006400650073006B0074006F0070002E006100720078002000460069006C0065005600650
311
07200730069006F006E003A002000320036002E0030002E00350037002E0030002E0030004115401380110013C010455004E0044004F00411400130013C0150010543004C004F00530045004C534014C011C008000B4008001400140010400E80080008000800190019401CC01AC01D001BC01C000B8018401C801E0008001
311
1801A401B001940158019401C801CC01A401BC01B800E8008000C800D800B800C000B800D400DC00B800C000B800C000
161
               382
310
478060180601806018060180502010101806018060180601806018060180601806018050101014040406018060140404
 94
        0
  0
ACAD_PROXY_OBJECT
  5
626F
102
{ACAD_REACTORS
330
C
102
}
330
C
100
AcDbProxyObject
 90
      499
 91
      505
 71
    31
 97
       57
 70
     0
162
                 0
161
               266
310
120000518080000000000000000010C442000000000000000000000000AAA406AA8C
360
6272
360
627E
360
6281
360
6282
360
6283
360
6284
360
6285
360
628A
360
628B
360
628C
360
628D
360
628E
 94
        0
  0
ACAD_PROXY_OBJECT
  5
6273
102
{ACAD_REACTORS
330
C
102
}
330
C
100
AcDbProxyObject
 90
      499
 91
      515
 71
    31
 97
       57
 70
     0
162
                 0
161
                50
310
12000044A4128C
 94
        0
  0
ACAD_PROXY_OBJECT
  5
6271
102
{ACAD_REACTORS
330
C
102
}
330
C
100
AcDbProxyObject
 90
      499
 91
      507
 71
    31
 97
       57
 70
     0
162
                 0
161
                32
310
90140A0000
330
6272
 94
        0
  0
ACAD_PROXY_OBJECT
  5
627D
102
{ACAD_REACTORS
330
C
102
}
330
C
100
AcDbProxyObject
 90
      499
 91
      507
 71
    31
 97
       57
 70
     0
162
                 0
161
                32
310
90140A0000
330
627E
 94
        0
  0
DICTIONARY
  5
BB6
102
{ACAD_REACTORS
330
C
102
}
330
C
100
AcDbDictionary
281
     1
  0
DICTIONARY
  5
49
102
{ACAD_REACTORS
330
C
102
}
330
C
100
AcDbDictionary
281
     1
  3
AcMgSettings
350
626B
  3
AMGLAYCFG
350
62A7
  0
DICTIONARY
  5
426
102
{ACAD_REACTORS
330
C
102
}
330
C
100
AcDbDictionary
281
     1
  0
ACAD_PROXY_OBJECT
  5
6279
102
{ACAD_REACTORS
330
C
102
}
330
C
100
AcDbProxyObject
 90
      499
 91
      520
 71
    31
 97
       57
 70
     0
162
                 0
161
                34
310
050000428C
 94
        0
  0
ACAD_PROXY_OBJECT
  5
6286
102
{ACAD_REACTORS
330
C
102
}
330
C
100
AcDbProxyObject
 90
      499
 91
      559
 71
    31
 97
       57
 70
     0
162
                 0
161
                98
310
0E00005380000000000000000C
330
628C
330
0
330
628D
330
0
330
0
330
0
330
0
330
0
 94
        0
  0
ACAD_PROXY_OBJECT
  5
6280
102
{ACAD_REACTORS
330
C
102
}
330
C
100
AcDbProxyObject
 90
      499
 91
      507
 71
    31
 97
       57
 70
     0
162
                 0
161
                64
310
90541A000000000000
330
6281
330
6282
330
6283
330
6284
330
6285
 94
        0
  0
ACAD_PROXY_OBJECT
  5
62C6
102
{ACAD_REACTORS
330
C
102
}
330
C
100
AcDbProxyObject
 90
      499
 91
      581
 71
    31
 97
       57
 70
     0
162
                 0
161
                 1
310
4C
 94
        0
  0
DICTIONARY
  5
16A8
102
{ACAD_REACTORS
330
3A5
102
}
330
3A5
100
AcDbDictionary
281
     1
  0
DICTIONARY
  5
3A6
102
{ACAD_REACTORS
330
3A5
102
}
330
3A5
100
AcDbDictionary
281
     1
  3
ACAD_VIEWS_SHEET2
350
4ED3
  3
ACAD_VIEWS_VIEW1
350
A84F
  3
Tegron Layers
350
A852
  3
Tegron.Layer.Panel
350
A853
  0
DICTIONARY
  5
16A7
102
{ACAD_REACTORS
330
3A5
102
}
330
3A5
100
AcDbDictionary
281
     1
1001
ACAD
1000
<All
  0
XRECORD
  5
443
102
{ACAD_REACTORS
330
442
102
}
330
442
100
AcDbXrecord
280
     1
290
     1
  0
XRECORD
  5
444
102
{ACAD_REACTORS
330
394
102
}
330
394
100
AcDbXrecord
280
     1
290
     1
  0
XRECORD
  5
445
102
{ACAD_REACTORS
330
396
102
}
330
396
100
AcDbXrecord
280
     1
290
     1
  0
XRECORD
  5
446
102
{ACAD_REACTORS
330
398
102
}
330
398
100
AcDbXrecord
280
     1
290
     1
  0
XRECORD
  5
E6E4
102
{ACAD_REACTORS
330
E6E3
102
}
330
E6E3
100
AcDbXrecord
280
     1
  1

  2

  3
WIRE
 90
        0
290
     1
  0
XRECORD
  5
114D
102
{ACAD_REACTORS
330
114C
102
}
330
114C
100
AcDbXrecord
280
     1
340
2CB
  0
XRECORD
  5
1152
102
{ACAD_REACTORS
330
114C
102
}
330
114C
100
AcDbXrecord
280
     1
 96
       -1
 91
        1
 92
        0
 93
        2
 94
        0
 95
        0
 41
0.5
 42
1.0
 43
35.0
 44
0.0
 45
0.0
 46
0.0
 47
0.0
 48
0.0
 49
0.0
 50
0.0
 51
0.0
 52
0.0
 53
0.0
  0
XRECORD
  5
114E
102
{ACAD_REACTORS
330
114C
102
}
330
114C
100
AcDbXrecord
280
     1
290
     0
302
ACAD_VIEWS_SHEET1
330
22
294
     0
  0
SORTENTSTABLE
  5
685
102
{ACAD_REACTORS
330
99
102
}
330
99
100
AcDbSortentsTable
330
1F
331
4C40
  5
4C66
331
4C64
  5
4C6A
331
4C65
  5
4C6B
331
4C66
  5
4C6C
331
4C67
  5
4C6D
331
4C68
  5
4C72
331
4C69
  5
4C77
331
4C6A
  5
4C7C
331
4C6B
  5
4C81
331
4C6C
  5
4C86
331
4C8B
  5
4C91
331
4C8C
  5
4C92
331
4C8D
  5
4C93
331
4C8E
  5
4C94
331
4C8F
  5
4C9F
331
4C90
  5
4CA4
331
4C91
  5
4CA5
331
4C92
  5
4CA6
331
4C93
  5
4CAB
331
4C94
  5
4CB0
331
4CA4
  5
4CBA
331
4CA5
  5
4CBF
331
F058
  5
F0AE
331
F05A
  5
F059
331
F05E
  5
F05A
331
F05F
  5
F05E
331
F060
  5
F05F
331
F061
  5
F060
331
F062
  5
F061
331
F063
  5
F062
331
F064
  5
F063
331
F066
  5
F065
331
F07C
  5
F066
331
F092
  5
F07C
331
F093
  5
F092
331
F094
  5
F093
331
F095
  5
F094
331
F096
  5
F095
331
F097
  5
F096
331
F098
  5
F097
331
F099
  5
F098
331
F09A
  5
F099
331
F09B
  5
F09A
331
F09C
  5
F09B
331
F09D
  5
F09C
331
F09E
  5
F09D
331
F09F
  5
F09E
331
F0A0
  5
F09F
331
F0A1
  5
F0A0
331
F0A2
  5
F0A1
331
F0A3
  5
F0A2
331
F0A4
  5
F0A3
331
F0A5
  5
F0A4
331
F0A6
  5
F0A5
331
F0A7
  5
F0A6
331
F0A8
  5
F0A7
331
F0A9
  5
F0A8
331
F0AA
  5
F0A9
331
F0AB
  5
F0AA
331
F0AC
  5
F0AB
331
F0AD
  5
F0AC
331
F0AE
  5
F0AD
  0
ACAD_EVALUATION_GRAPH
  5
7AD1
102
{ACAD_REACTORS
330
7AD0
102
}
330
7AD0
100
AcDbEvalGraph
 96
        0
 97
        0
  0
ACDB_DYNAMICBLOCKPURGEPREVENTER_VERSION
  5
7AD3
102
{ACAD_REACTORS
330
7AD0
102
}
330
7AD0
100
AcDbDynamicBlockPurgePreventer
 70
     1
  0
SORTENTSTABLE
  5
CF09
102
{ACAD_REACTORS
330
BA9C
102
}
330
BA9C
100
AcDbSortentsTable
330
BA9B
  0
SORTENTSTABLE
  5
D549
102
{ACAD_REACTORS
330
D548
102
}
330
D548
100
AcDbSortentsTable
330
D547
  0
SORTENTSTABLE
  5
E55E
102
{ACAD_REACTORS
330
E55D
102
}
330
E55D
100
AcDbSortentsTable
330
E55B
  0
SORTENTSTABLE
  5
E652
102
{ACAD_REACTORS
330
E651
102
}
330
E651
100
AcDbSortentsTable
330
E650
  0
SORTENTSTABLE
  5
E672
102
{ACAD_REACTORS
330
E671
102
}
330
E671
100
AcDbSortentsTable
330
E670
331
E685
  5
E688
331
E686
  5
E689
331
E687
  5
E686
331
E688
  5
E685
331
E689
  5
E687
  0
SORTENTSTABLE
  5
E68D
102
{ACAD_REACTORS
330
E68C
102
}
330
E68C
100
AcDbSortentsTable
330
E68B
331
E68F
  5
E692
331
E690
  5
E693
331
E691
  5
E694
331
E692
  5
E695
331
E693
  5
E696
331
E694
  5
E697
331
E695
  5
E698
331
E696
  5
E699
331
E697
  5
E69A
331
E698
  5
E69B
331
E699
  5
E69C
331
E69A
  5
E69D
331
E69B
  5
E69E
331
E69C
  5
E69F
331
E69D
  5
E6A0
331
E69E
  5
E6A1
331
E69F
  5
E6A2
331
E6A0
  5
E6A3
331
E6A1
  5
E6A4
331
E6A2
  5
E690
331
E6A3
  5
E68F
331
E6A4
  5
E691
  0
SORTENTSTABLE
  5
E6C5
102
{ACAD_REACTORS
330
E6C4
102
}
330
E6C4
100
AcDbSortentsTable
330
E6C3
  0
XRECORD
  5
6598
102
{ACAD_REACTORS
330
6597
102
}
330
6597
100
AcDbXrecord
280
     1
 90
        1
340
2CB
  0
DBCOLOR
  5
D6A4
102
{ACAD_REACTORS
330
C9
102
}
330
C9
100
AcDbColor
 62
     2
420
 16770347
430
PANTONE+ CMYK Uncoated$PANTONE Process Yellow U
  0
ACDBDETAILVIEWSTYLE
  5
62B1
102
{ACAD_REACTORS
330
629C
330
58F0
102
}
330
58F0
100
AcDbModelDocViewStyle
 70
     0
  3

290
     0
300
ASME Y14.35 - 1987
 90
        0
100
AcDbDetailViewStyle
 70
     0
 71
     0
 90
        3
 71
     1
340
11
 62
    30
 40
0.24
340
62B2
 62
     3
 40
0.24
300

 40
0.36
280
     2
 71
     2
340
16
 90
       15
 62
     3
 71
     3
340
11
 62
    30
 40
0.24
 90
        1
 40
0.75
 90
        1
300
%<\AcVar ViewType \f "%tc1">% %<\AcVar ViewDetailId>%\PSCALE %<\AcVar ViewScale \f "%sn">%
 71
     4
340
16
 90
       15
 62
     3
340
16
 90
       15
 62
     3
280
     0
  0
ACDBDETAILVIEWSTYLE
  5
58F1
102
{ACAD_REACTORS
330
58F0
330
62AF
102
}
330
58F0
100
AcDbModelDocViewStyle
 70
     0
  3
Imperial24
290
     0
300
Imperial24
 90
        0
100
AcDbDetailViewStyle
 70
     0
 71
     0
 90
        3
 71
     1
340
11
 62
   256
 40
0.24
340
0
 62
   256
 40
0.24
300

 40
0.36
280
     3
 71
     2
340
16
 90
       25
 62
   256
 71
     3
340
11
 62
   256
 40
0.24
 90
        1
 40
0.75
 90
        1
300
%<\AcVar ViewType \f "%tc1">% %<\AcVar ViewDetailId>%\PSCALE %<\AcVar ViewScale \f "%sn">%
 71
     4
340
16
 90
       25
 62
   256
340
16
 90
       25
 62
   256
280
     0
  0
ACDBDETAILVIEWSTYLE
  5
A855
102
{ACAD_REACTORS
330
58F0
102
}
330
58F0
100
AcDbModelDocViewStyle
 70
     0
  3
Metric50
290
     0
300
Metric50
 90
        0
100
AcDbDetailViewStyle
 70
     0
 71
     0
 90
        3
 71
     1
340
11
 62
   256
 40
5.0
340
0
 62
   256
 40
5.0
300

 40
0.0
280
     1
 71
     2
340
16
 90
       25
 62
   256
 71
     3
340
11
 62
   256
 40
5.0
 90
        0
 40
15.0
 90
        1
300
%<\AcVar ViewDetailId>% (%<\AcVar ViewScale \f "%sn">%)
 71
     4
340
16
 90
       25
 62
   256
340
16
 90
       25
 62
   256
280
     0
  0
LAYOUT
  5
1E
102
{ACAD_XDICTIONARY
360
6615
102
}
102
{ACAD_REACTORS
330
1A
102
}
330
1A
100
AcDbPlotSettings
  1

  2
AnyDesk Printer
  4
Letter
  6

 40
8.466666221618652
 41
6.3499755859375
 42
6.350021362304687
 43
8.4666748046875
 44
215.9000091552734
 45
279.3999938964844
 46
0.0
 47
0.0
 48
0.0
 49
0.0
140
0.0
141
0.0
142
1.0
143
1.0
 70
   688
 72
     0
 73
     1
 74
     5
  7
monochrome.ctb
 75
    16
147
1.0
 76
     0
 77
     2
 78
   300
148
0.0
149
0.0
100
AcDbLayout
  1
Layout1
 70
     1
 71
     1
 10
-0.3333336537278543
 20
-0.333333315811758
 11
10.66666610597625
 21
8.166667044632077
 12
0.0
 22
0.0
 32
0.0
 14
1.000000000000000E+20
 24
1.000000000000000E+20
 34
1.000000000000000E+20
 15
-1.000000000000000E+20
 25
-1.000000000000000E+20
 35
-1.000000000000000E+20
146
0.0
 13
0.0
 23
0.0
 33
0.0
 16
1.0
 26
0.0
 36
0.0
 17
0.0
 27
1.0
 37
0.0
 76
     0
330
1B
331
6596
1001
ACAD_PSEXT
1000
AnyDesk Printer
1000
AnyDesk v4 Printer Driver
1000
AD_Port
1000

1070
     0
  0
LAYOUT
  5
26
102
{ACAD_REACTORS
330
1A
102
}
330
1A
100
AcDbPlotSettings
  1

  2

  4

  6

 40
0.0
 41
0.0
 42
0.0
 43
0.0
 44
0.0
 45
0.0
 46
0.0
 47
0.0
 48
0.0
 49
0.0
140
0.0
141
0.0
142
1.0
143
1.0
 70
   688
 72
     0
 73
     0
 74
     5
  7
monochrome.ctb
 75
    16
147
1.0
 76
     0
 77
     2
 78
   300
148
0.0
149
0.0
100
AcDbLayout
  1
Layout2
 70
     1
 71
     2
 10
0.0
 20
0.0
 11
12.0
 21
9.0
 12
0.0
 22
0.0
 32
0.0
 14
0.0
 24
0.0
 34
0.0
 15
0.0
 25
0.0
 35
0.0
146
0.0
 13
0.0
 23
0.0
 33
0.0
 16
1.0
 26
0.0
 36
0.0
 17
0.0
 27
1.0
 37
0.0
 76
     0
330
23
  0
LAYOUT
  5
22
102
{ACAD_XDICTIONARY
360
58EA
102
}
102
{ACAD_REACTORS
330
1A
102
}
330
1A
100
AcDbPlotSettings
  1

  2
SHARP MX-6071 PCL6
  4
Tabloid
  6

 40
4.233333110809326
 41
4.23333740234375
 42
4.23333740234375
 43
4.23333740234375
 44
279.3999938964844
 45
431.8000183105469
 46
0.0
 47
4.230517934836102
 48
0.494309838053141
 49
-0.4436992697109048
140
33.27604015826498
141
21.49332810232853
142
1.0
143
2.156334796440908
 70
  3764
 72
     0
 73
     1
 74
     1
  7
monochrome.ctb
 75
     0
147
0.4637498785673394
 76
     1
 77
     2
 78
   300
148
18.25869001841781
149
12.71821430760754
100
AcDbLayout
  1
Model
 70
     1
 71
     0
 10
0.0
 20
0.0
 11
12.0
 21
9.0
 12
0.0
 22
0.0
 32
0.0
 14
0.0
 24
0.0
 34
0.0
 15
0.0
 25
0.0
 35
0.0
146
0.0
 13
0.0
 23
0.0
 33
0.0
 16
1.0
 26
0.0
 36
0.0
 17
0.0
 27
1.0
 37
0.0
 76
     0
330
1F
331
291
1001
ACAD_PSEXT
1000
SHARP MX-6071 PCL6
1000
SHARP MX-6071 PCL6
1000
10.20.1.151
1000

1070
     0
  0
MATERIAL
  5
294
102
{ACAD_REACTORS
330
C8
102
}
330
C8
100
AcDbMaterial
  1
ByBlock
 73
     1
 78
     1
172
     1
176
     1
270
     1
274
     1
 94
       63
  0
MATERIAL
  5
293
102
{ACAD_REACTORS
330
C8
102
}
330
C8
100
AcDbMaterial
  1
ByLayer
 73
     1
 78
     1
172
     1
176
     1
270
     1
274
     1
 94
       63
  0
MATERIAL
  5
295
102
{ACAD_XDICTIONARY
360
5908
102
}
102
{ACAD_REACTORS
330
C8
102
}
330
C8
100
AcDbMaterial
  1
Global
 73
     1
 78
     1
172
     1
176
     1
270
     1
274
     1
 94
       63
  0
MLEADERSTYLE
  5
2ED
102
{ACAD_REACTORS
330
2EC
102
}
330
2EC
100
AcDbMLeaderStyle
179
     2
170
     2
171
     1
172
     0
 90
        2
 40
0.0
 41
0.0
173
     1
 91
-1056964608
340
14
 92
       -2
290
     1
 42
0.09
291
     1
 43
0.36
  3
Standard
 44
0.18
300

342
11
174
     1
178
     6
175
     1
176
     0
 93
-1056964608
 45
0.18
292
     0
297
     0
 46
0.18
 94
-1056964608
 47
1.0
 49
1.0
140
1.0
293
     1
141
0.0
294
     1
177
     0
142
1.0
295
     0
296
     0
143
0.125
271
     0
272
     9
273
     9
298
     1
  0
MLINESTYLE
  5
18
102
{ACAD_REACTORS
330
17
102
}
330
17
100
AcDbMlineStyle
  2
STANDARD
 70
     0
  3

 62
   256
 51
90.0
 52
90.0
 71
     2
 49
0.5
 62
   256
  6
BYLAYER
 49
-0.5
 62
   256
  6
BYLAYER
  0
PLOTSETTINGS
  5
CFDD
102
{ACAD_REACTORS
330
19
102
}
330
19
100
AcDbPlotSettings
  1
IOM DWG to PDF
  2
DWG To PDF.pc3
  4
ANSI_full_bleed_B_(17.00_x_11.00_Inches)
  6

 40
0.0
 41
0.0
 42
0.0
 43
0.0
 44
431.7999877929687
 45
279.3999938964844
 46
3.313042018724447
 47
0.0
 48
0.494309838053141
 49
-0.4436992697109048
140
33.27604015826498
141
21.49332810232853
142
1.0
143
2.091164382306422
 70
  3764
 72
     0
 73
     0
 74
     1
  7
monochrome.ctb
 75
     0
147
0.4782024830095199
 76
     1
 77
     2
 78
   300
148
12.75425777000577
149
12.73565510600397
1001
ACAD_PSEXT
1000
DWG To PDF.pc3
1000
DWG To PDF
1000
File
1000

1070
     0
  0
ACDBPLACEHOLDER
  5
F
102
{ACAD_REACTORS
330
E
102
}
330
E
  0
ACAD_PROXY_OBJECT
  5
B9A1
102
{ACAD_REACTORS
330
B99D
102
}
330
B99D
100
AcDbProxyObject
 90
      499
 91
      603
 71
    33
 97
      235
 70
     0
162
               694
311
4510C01BC019801980194019400B4010801C80194018401AC0080014401D4018401B001A401D001E40245948019401B80190019401C801CC0080019801BC01C8008000C400C0008001B401A401B801D401D0019401CC00
161
               217
310
40AD0340D014050A40502000000000000021000000000000000840CC
 94
        0
  0
ACAD_PROXY_OBJECT
  5
B9A0
102
{ACAD_REACTORS
330
B99D
102
}
330
B99D
100
AcDbProxyObject
 90
      499
 91
      603
 71
    33
 97
      235
 70
     0
162
               518
311
4112001A4019C01A00246D0401C001C001B001A4019401CC008000C400C0008001C8019401B80190019401C801A401B8019C008001B0019401D8019401B001CC00
161
               209
310
40AD0240E4290140902000000000000021000000000000000840CC
 94
        0
  0
ACAD_PROXY_OBJECT
  5
B99E
102
{ACAD_REACTORS
330
B99D
102
}
330
B99D
100
AcDbProxyObject
 90
      499
 91
      603
 71
    33
 97
      235
 70
     0
162
               470
311
40D3001BC01DC024650401C001C001B001A4019401CC008000C4008001C8019401B80190019401C801A401B8019C008001B0019401D8019401B000
161
               193
310
40AE40E40501902000000000000021000000000000000840CC
 94
        0
  0
ACAD_PROXY_OBJECT
  5
B9A2
102
{ACAD_REACTORS
330
B99D
102
}
330
B99D
100
AcDbProxyObject
 90
      499
 91
      603
 71
    33
 97
      235
 70
     0
162
               582
311
4353001D401B8018C01A00080014401D4018401B001A401D001E40245948019401B80190019401C801CC0080019801BC01C8008000D800C0008001B401A401B801D401D0019401CC00
161
               217
310
40AD0440D014053C40902000000000000021000000000000000840CC
 94
        0
  0
ACAD_PROXY_OBJECT
  5
B99F
102
{ACAD_REACTORS
330
B99D
102
}
330
B99D
100
AcDbProxyObject
 90
      499
 91
      603
 71
    33
 97
      235
 70
     0
162
               534
311
419340194019001A401D401B4024690401C001C001B001A4019401CC008000D4008001C8019401B80190019401C801A401B8019C008001B0019401D8019401B001CC00
161
               209
310
40AD0140E4150140502000000000000021000000000000000840CC
 94
        0
  0
ACAD_PROXY_OBJECT
  5
B9A3
102
{ACAD_REACTORS
330
B99D
102
}
330
B99D
100
AcDbProxyObject
 90
      499
 91
      603
 71
    33
 97
      235
 70
     0
162
               614
311
4453C01D8019401C801B801A4019C01A001D00080014401D4018401B001A401D001E40245148019401B80190019401C801CC0080019801BC01C8008000C400C8008001A001BC01D401C801CC00
161
               241
310
40AD0540D01404D002000040902000000000000021000000000000000840CC
 94
        0
  0
SCALE
  5
2CB
102
{ACAD_REACTORS
330
2CA
102
}
330
2CA
100
AcDbScale
 70
     0
300
1:1
140
1.0
141
1.0
290
     1
  0
SCALE
  5
2CC
102
{ACAD_REACTORS
330
2CA
102
}
330
2CA
100
AcDbScale
 70
     0
300
1:2
140
1.0
141
2.0
290
     0
  0
SCALE
  5
2CD
102
{ACAD_REACTORS
330
2CA
102
}
330
2CA
100
AcDbScale
 70
     0
300
1:4
140
1.0
141
4.0
290
     0
  0
SCALE
  5
2CE
102
{ACAD_REACTORS
330
2CA
102
}
330
2CA
100
AcDbScale
 70
     0
300
1:5
140
1.0
141
5.0
290
     0
  0
SCALE
  5
2CF
102
{ACAD_REACTORS
330
2CA
102
}
330
2CA
100
AcDbScale
 70
     0
300
1:8
140
1.0
141
8.0
290
     0
  0
SCALE
  5
2D0
102
{ACAD_REACTORS
330
2CA
102
}
330
2CA
100
AcDbScale
 70
     0
300
1:10
140
1.0
141
10.0
290
     0
  0
SCALE
  5
2D1
102
{ACAD_REACTORS
330
2CA
102
}
330
2CA
100
AcDbScale
 70
     0
300
1:16
140
1.0
141
16.0
290
     0
  0
SCALE
  5
2D2
102
{ACAD_REACTORS
330
2CA
102
}
330
2CA
100
AcDbScale
 70
     0
300
1:20
140
1.0
141
20.0
290
     0
  0
SCALE
  5
2D3
102
{ACAD_REACTORS
330
2CA
102
}
330
2CA
100
AcDbScale
 70
     0
300
1:30
140
1.0
141
30.0
290
     0
  0
SCALE
  5
2D4
102
{ACAD_REACTORS
330
2CA
102
}
330
2CA
100
AcDbScale
 70
     0
300
1:40
140
1.0
141
40.0
290
     0
  0
SCALE
  5
2D5
102
{ACAD_REACTORS
330
2CA
102
}
330
2CA
100
AcDbScale
 70
     0
300
1:50
140
1.0
141
50.0
290
     0
  0
SCALE
  5
2D6
102
{ACAD_REACTORS
330
2CA
102
}
330
2CA
100
AcDbScale
 70
     0
300
1:100
140
1.0
141
100.0
290
     0
  0
SCALE
  5
2D7
102
{ACAD_REACTORS
330
2CA
102
}
330
2CA
100
AcDbScale
 70
     0
300
2:1
140
2.0
141
1.0
290
     0
  0
SCALE
  5
2D8
102
{ACAD_REACTORS
330
2CA
102
}
330
2CA
100
AcDbScale
 70
     0
300
4:1
140
4.0
141
1.0
290
     0
  0
SCALE
  5
2D9
102
{ACAD_REACTORS
330
2CA
102
}
330
2CA
100
AcDbScale
 70
     0
300
8:1
140
8.0
141
1.0
290
     0
  0
SCALE
  5
2DA
102
{ACAD_REACTORS
330
2CA
102
}
330
2CA
100
AcDbScale
 70
     0
300
10:1
140
10.0
141
1.0
290
     0
  0
SCALE
  5
2DB
102
{ACAD_REACTORS
330
2CA
102
}
330
2CA
100
AcDbScale
 70
     0
300
100:1
140
100.0
141
1.0
290
     0
  0
SCALE
  5
2DC
102
{ACAD_REACTORS
330
2CA
102
}
330
2CA
100
AcDbScale
 70
     0
300
1/128" = 1'-0"
140
0.0078125
141
12.0
290
     0
  0
SCALE
  5
2DD
102
{ACAD_REACTORS
330
2CA
102
}
330
2CA
100
AcDbScale
 70
     0
300
1/64" = 1'-0"
140
0.015625
141
12.0
290
     0
  0
SCALE
  5
2DE
102
{ACAD_REACTORS
330
2CA
102
}
330
2CA
100
AcDbScale
 70
     0
300
1/32" = 1'-0"
140
0.03125
141
12.0
290
     0
  0
SCALE
  5
2DF
102
{ACAD_REACTORS
330
2CA
102
}
330
2CA
100
AcDbScale
 70
     0
300
1/16" = 1'-0"
140
0.0625
141
12.0
290
     0
  0
SCALE
  5
2E0
102
{ACAD_REACTORS
330
2CA
102
}
330
2CA
100
AcDbScale
 70
     0
300
3/32" = 1'-0"
140
0.09375
141
12.0
290
     0
  0
SCALE
  5
2E1
102
{ACAD_REACTORS
330
2CA
102
}
330
2CA
100
AcDbScale
 70
     0
300
1/8" = 1'-0"
140
0.125
141
12.0
290
     0
  0
SCALE
  5
2E2
102
{ACAD_REACTORS
330
2CA
102
}
330
2CA
100
AcDbScale
 70
     0
300
3/16" = 1'-0"
140
0.1875
141
12.0
290
     0
  0
SCALE
  5
2E3
102
{ACAD_REACTORS
330
2CA
102
}
330
2CA
100
AcDbScale
 70
     0
300
1/4" = 1'-0"
140
0.25
141
12.0
290
     0
  0
SCALE
  5
2E4
102
{ACAD_REACTORS
330
2CA
102
}
330
2CA
100
AcDbScale
 70
     0
300
3/8" = 1'-0"
140
0.375
141
12.0
290
     0
  0
SCALE
  5
2E5
102
{ACAD_REACTORS
330
2CA
102
}
330
2CA
100
AcDbScale
 70
     0
300
1/2" = 1'-0"
140
0.5
141
12.0
290
     0
  0
SCALE
  5
2E6
102
{ACAD_REACTORS
330
2CA
102
}
330
2CA
100
AcDbScale
 70
     0
300
3/4" = 1'-0"
140
0.75
141
12.0
290
     0
  0
SCALE
  5
2E7
102
{ACAD_REACTORS
330
2CA
102
}
330
2CA
100
AcDbScale
 70
     0
300
1" = 1'-0"
140
1.0
141
12.0
290
     0
  0
SCALE
  5
2E8
102
{ACAD_REACTORS
330
2CA
102
}
330
2CA
100
AcDbScale
 70
     0
300
1-1/2" = 1'-0"
140
1.5
141
12.0
290
     0
  0
SCALE
  5
2E9
102
{ACAD_REACTORS
330
2CA
102
}
330
2CA
100
AcDbScale
 70
     0
300
3" = 1'-0"
140
3.0
141
12.0
290
     0
  0
SCALE
  5
2EA
102
{ACAD_REACTORS
330
2CA
102
}
330
2CA
100
AcDbScale
 70
     0
300
6" = 1'-0"
140
6.0
141
12.0
290
     0
  0
SCALE
  5
2EB
102
{ACAD_REACTORS
330
2CA
102
}
330
2CA
100
AcDbScale
 70
     0
300
1'-0" = 1'-0"
140
12.0
141
12.0
290
     0
  0
ACDBSECTIONVIEWSTYLE
  5
62B7
102
{ACAD_XDICTIONARY
360
62B8
102
}
102
{ACAD_REACTORS
330
629D
330
58EE
102
}
330
58EE
100
AcDbModelDocViewStyle
 70
     0
  3

290
     0
300
ASME Y14.3 - 2003
 90
        0
100
AcDbSectionViewStyle
 70
     0
 71
     0
 90
       78
 71
     1
340
11
 62
    30
 40
0.24
340
0
340
0
 62
     7
 40
0.24
300
I,O,Q,S,X,Z
 40
0.4
 90
        3
 40
0.12
 90
        1
 71
     2
340
77
 90
       30
 62
     7
340
77
 90
       30
 62
     7
 40
0.4
 40
0.0
 40
0.4
 71
     3
340
11
 62
    30
 40
0.24
 90
        0
 40
0.18
 90
        1
300
%<\AcVar ViewType \f "%tc1">% %<\AcVar ViewSectionStartId>%-%<\AcVar ViewSectionEndId>%
 71
     4
 62
   256
 62
   257
300
ANSI31
 40
1.0
 90
        0
290
     0
290
     0
 90
        6
 40
0.0
 40
1.570796326794896
 40
0.2617993877991494
 40
1.308996938995747
 40
-0.2617993877991494
 40
1.832595714594046
  0
ACDBSECTIONVIEWSTYLE
  5
58EF
102
{ACAD_REACTORS
330
58EE
330
62AE
102
}
330
58EE
100
AcDbModelDocViewStyle
 70
     0
  3
Imperial24
290
     0
300
Imperial24
 90
        0
100
AcDbSectionViewStyle
 70
     0
 71
     0
 90
       78
 71
     1
340
11
 62
   256
 40
0.24
340
0
340
0
 62
   256
 40
0.24
300
I, O, Q, S, X, Z
 40
0.48
 90
        3
 40
0.18
 90
        1
 71
     2
340
16
 90
       25
 62
   256
340
16
 90
       50
 62
   256
 40
0.24
 40
0.0
 40
0.24
 71
     3
340
11
 62
   256
 40
0.24
 90
        1
 40
0.75
 90
        1
300
%<\AcVar ViewType \f "%tc1">% %<\AcVar ViewSectionStartId>%-%<\AcVar ViewSectionEndId>%\PSCALE %<\AcVar ViewScale \f "%sn">%
 71
     4
 62
   256
 62
   257
300
ANSI31
 40
1.0
 90
        0
290
     0
290
     0
 90
        6
 40
0.0
 40
1.570796326794896
 40
0.2617993877991494
 40
1.308996938995747
 40
-0.2617993877991494
 40
1.832595714594046
  0
ACDBSECTIONVIEWSTYLE
  5
A854
102
{ACAD_REACTORS
330
58EE
102
}
330
58EE
100
AcDbModelDocViewStyle
 70
     0
  3
Metric50
290
     0
300
Metric50
 90
        0
100
AcDbSectionViewStyle
 70
     0
 71
     0
 90
      102
 71
     1
340
11
 62
   256
 40
5.0
340
0
340
0
 62
   256
 40
5.0
300
I, O, Q, S, X, Z
 40
10.0
 90
        0
 40
2.5
 90
        0
 71
     2
340
16
 90
       25
 62
   256
340
16
 90
       50
 62
   256
 40
5.0
 40
2.5
 40
5.0
 71
     3
340
11
 62
   256
 40
5.0
 90
        0
 40
15.0
 90
        1
300
%<\AcVar ViewSectionStartId>%-%<\AcVar ViewSectionEndId>% (%<\AcVar ViewScale \f "%sn">%)
 71
     4
 62
   256
 62
   257
300
ANSI31
 40
1.0
 90
        0
290
     0
290
     0
 90
        6
 40
0.0
 40
1.570796326794896
 40
0.2617993877991494
 40
1.308996938995747
 40
-0.2617993877991494
 40
1.832595714594046
  0
TABLESTYLE
  5
124
102
{ACAD_XDICTIONARY
360
30B
102
}
102
{ACAD_REACTORS
330
123
102
}
330
123
100
AcDbTableStyle
280
     0
  3
Standard
 70
     0
 71
     0
 40
0.06
 41
0.06
280
     0
281
     0
  7
STANDARD
140
0.18
170
     2
 62
     0
 63
     7
283
     0
 90
      512
 91
        0
  1

274
    -2
284
     1
 64
     0
275
    -2
285
     1
 65
     0
276
    -2
286
     1
 66
     0
277
    -2
287
     1
 67
     0
278
    -2
288
     1
 68
     0
279
    -2
289
     1
 69
     0
  7
STANDARD
140
0.25
170
     5
 62
     0
 63
     7
283
     0
 90
      512
 91
        0
  1

274
    -2
284
     1
 64
     0
275
    -2
285
     1
 65
     0
276
    -2
286
     1
 66
     0
277
    -2
287
     1
 67
     0
278
    -2
288
     1
 68
     0
279
    -2
289
     1
 69
     0
  7
STANDARD
140
0.18
170
     5
 62
     0
 63
     7
283
     0
 90
      512
 91
        0
  1

274
    -2
284
     1
 64
     0
275
    -2
285
     1
 65
     0
276
    -2
286
     1
 66
     0
277
    -2
287
     1
 67
     0
278
    -2
288
     1
 68
     0
279
    -2
289
     1
 69
     0
  0
VISUALSTYLE
  5
29C
102
{ACAD_REACTORS
330
296
102
}
330
296
100
AcDbVisualStyle
  2
2dWireframe
 70
     4
177
     3
291
     0
 70
    58
 90
        0
176
     1
 90
        2
176
     1
 90
        0
176
     1
 90
        0
176
     1
 40
0.6
176
     1
 40
30.0
176
     1
 62
     7
176
     1
 90
        1
176
     1
 90
        4
176
     1
 62
     7
176
     1
 62
   257
176
     1
 90
        1
176
     1
 90
        1
176
     1
 40
1.0
176
     1
 90
        0
176
     1
 62
   257
176
     1
 40
1.0
176
     1
 90
        1
176
     1
 90
        6
176
     1
 90
        2
176
     1
 62
     7
176
     1
 90
        5
176
     1
 90
        0
176
     1
 90
        0
176
     1
290
     0
176
     1
 90
        1
176
     1
 40
0.0
176
     1
 90
        0
176
     1
290
     1
176
     1
290
     1
176
     1
290
     0
176
     1
290
     0
176
     1
290
     0
176
     1
290
     0
176
     1
290
     0
176
     1
290
     0
176
     1
290
     0
176
     1
 90
       50
176
     1
 40
0.0
176
     1
 40
1.0
176
     1
 90
        0
176
     1
 62
    18
420
        0
176
     1
 90
       50
176
     1
 90
        3
176
     1
 62
     5
420
      255
176
     1
290
     0
176
     1
 90
       50
176
     1
 90
       50
176
     1
 90
       50
176
     1
290
     0
176
     1
 90
       50
176
     1
 62
   256
176
     0
 40
1.0
176
     0
 90
        2
176
     1
  1
strokes_ogs.tif
176
     1
290
     0
176
     1
 40
1.0
176
     1
 40
1.0
176
     1
  0
VISUALSTYLE
  5
29E
102
{ACAD_REACTORS
330
296
102
}
330
296
100
AcDbVisualStyle
  2
3D Hidden
 70
     6
177
     3
291
     0
 70
    58
 90
        1
176
     1
 90
        2
176
     1
 90
        2
176
     1
 90
        0
176
     1
 40
0.6
176
     1
 40
30.0
176
     1
 62
     7
176
     1
 90
        2
176
     1
 90
        2
176
     1
 62
     7
176
     1
 62
   257
176
     1
 90
        2
176
     1
 90
        1
176
     1
 40
40.0
176
     1
 90
        0
176
     1
 62
   257
176
     1
 40
1.0
176
     1
 90
        1
176
     1
 90
        6
176
     1
 90
        2
176
     1
 62
     7
176
     1
 90
        3
176
     1
 90
        0
176
     1
 90
        0
176
     1
290
     0
176
     1
 90
        1
176
     1
 40
0.0
176
     1
 90
        0
176
     1
290
     0
176
     1
290
     1
176
     1
290
     1
176
     1
290
     0
176
     1
290
     0
176
     1
290
     0
176
     1
290
     0
176
     1
290
     0
176
     1
290
     0
176
     1
 90
       50
176
     1
 40
0.0
176
     1
 40
1.0
176
     1
 90
        0
176
     1
 62
    18
420
        0
176
     1
 90
       50
176
     1
 90
        3
176
     1
 62
     5
420
      255
176
     1
290
     0
176
     1
 90
       50
176
     1
 90
       50
176
     1
 90
       50
176
     1
290
     0
176
     1
 90
       50
176
     1
 62
   256
176
     0
 40
1.0
176
     0
 90
        2
176
     1
  1
strokes_ogs.tif
176
     1
290
     0
176
     1
 40
1.0
176
     1
 40
1.0
176
     1
  0
VISUALSTYLE
  5
29D
102
{ACAD_REACTORS
330
296
102
}
330
296
100
AcDbVisualStyle
  2
3dWireframe
 70
     5
177
     3
291
     0
 70
    58
 90
        0
176
     1
 90
        2
176
     1
 90
        0
176
     1
 90
        0
176
     1
 40
0.6
176
     1
 40
30.0
176
     1
 62
     7
176
     1
 90
        1
176
     1
 90
        4
176
     1
 62
     7
176
     1
 62
   257
176
     1
 90
        1
176
     1
 90
        1
176
     1
 40
1.0
176
     1
 90
        0
176
     1
 62
   257
176
     1
 40
1.0
176
     1
 90
        1
176
     1
 90
        6
176
     1
 90
        2
176
     1
 62
     7
176
     1
 90
        5
176
     1
 90
        0
176
     1
 90
        0
176
     1
290
     0
176
     1
 90
        1
176
     1
 40
0.0
176
     1
 90
        0
176
     1
290
     0
176
     1
290
     1
176
     1
290
     1
176
     1
290
     0
176
     1
290
     0
176
     1
290
     0
176
     1
290
     0
176
     1
290
     0
176
     1
290
     0
176
     1
 90
       50
176
     1
 40
0.0
176
     1
 40
1.0
176
     1
 90
        0
176
     1
 62
    18
420
        0
176
     1
 90
       50
176
     1
 90
        3
176
     1
 62
     5
420
      255
176
     1
290
     0
176
     1
 90
       50
176
     1
 90
       50
176
     1
 90
       50
176
     1
290
     0
176
     1
 90
       50
176
     1
 62
   256
176
     0
 40
1.0
176
     0
 90
        2
176
     1
  1
strokes_ogs.tif
176
     1
290
     0
176
     1
 40
1.0
176
     1
 40
1.0
176
     1
  0
VISUALSTYLE
  5
29B
102
{ACAD_REACTORS
330
296
102
}
330
296
100
AcDbVisualStyle
  2
Basic
 70
     7
177
     3
291
     1
 70
    58
 90
        1
176
     1
 90
        0
176
     1
 90
        1
176
     1
 90
        0
176
     1
 40
0.6
176
     1
 40
30.0
176
     1
 62
     7
176
     1
 90
        0
176
     1
 90
        4
176
     1
 62
     7
176
     1
 62
   257
176
     1
 90
        1
176
     1
 90
        1
176
     1
 40
1.0
176
     1
 90
        8
176
     1
 62
     7
176
     1
 40
1.0
176
     1
 90
        1
176
     1
 90
        6
176
     1
 90
        2
176
     1
 62
     7
176
     1
 90
        5
176
     1
 90
        0
176
     1
 90
        0
176
     1
290
     0
176
     1
 90
        1
176
     1
 40
0.0
176
     1
 90
        0
176
     1
290
     0
176
     1
290
     1
176
     1
290
     1
176
     1
290
     0
176
     1
290
     0
176
     1
290
     0
176
     1
290
     0
176
     1
290
     0
176
     1
290
     0
176
     1
 90
       50
176
     1
 40
0.0
176
     1
 40
1.0
176
     1
 90
        0
176
     1
 62
    18
420
        0
176
     1
 90
       50
176
     1
 90
        3
176
     1
 62
     5
420
      255
176
     1
290
     0
176
     1
 90
       50
176
     1
 90
       50
176
     1
 90
       50
176
     1
290
     0
176
     1
 90
       50
176
     1
 62
   256
176
     0
 40
1.0
176
     0
 90
        2
176
     1
  1
strokes_ogs.tif
176
     1
290
     0
176
     1
 40
1.0
176
     1
 40
1.0
176
     1
  0
VISUALSTYLE
  5
2A2
102
{ACAD_REACTORS
330
296
102
}
330
296
100
AcDbVisualStyle
  2
Brighten
 70
    12
177
     3
291
     1
 70
    58
 90
        2
176
     1
 90
        2
176
     1
 90
        0
176
     1
 90
        0
176
     1
 40
0.6
176
     1
 40
30.0
176
     1
 62
     7
176
     1
 90
        1
176
     1
 90
        4
176
     1
 62
     7
176
     1
 62
   257
176
     1
 90
        1
176
     1
 90
        1
176
     1
 40
1.0
176
     1
 90
        8
176
     1
 62
     7
176
     1
 40
1.0
176
     1
 90
        1
176
     1
 90
        6
176
     1
 90
        2
176
     1
 62
     7
176
     1
 90
        5
176
     1
 90
        0
176
     1
 90
        0
176
     1
290
     0
176
     1
 90
        1
176
     1
 40
50.0
176
     1
 90
        0
176
     1
290
     0
176
     1
290
     1
176
     1
290
     1
176
     1
290
     0
176
     1
290
     0
176
     1
290
     0
176
     1
290
     0
176
     1
290
     0
176
     1
290
     0
176
     1
 90
       50
176
     1
 40
0.0
176
     1
 40
1.0
176
     1
 90
        0
176
     1
 62
    18
420
        0
176
     1
 90
       50
176
     1
 90
        3
176
     1
 62
     5
420
      255
176
     1
290
     0
176
     1
 90
       50
176
     1
 90
       50
176
     1
 90
       50
176
     1
290
     0
176
     1
 90
       50
176
     1
 62
   256
176
     0
 40
1.0
176
     0
 90
        2
176
     1
  1
strokes_ogs.tif
176
     1
290
     0
176
     1
 40
1.0
176
     1
 40
1.0
176
     1
  0
VISUALSTYLE
  5
2A6
102
{ACAD_REACTORS
330
296
102
}
330
296
100
AcDbVisualStyle
  2
ColorChange
 70
    16
177
     3
291
     1
 70
    58
 90
        2
176
     1
 90
        2
176
     1
 90
        3
176
     1
 90
        0
176
     1
 40
0.6
176
     1
 40
30.0
176
     1
 62
     8
176
     1
 90
        1
176
     1
 90
        4
176
     1
 62
     7
176
     1
 62
   257
176
     1
 90
        1
176
     1
 90
        1
176
     1
 40
1.0
176
     1
 90
        8
176
     1
 62
     8
176
     1
 40
1.0
176
     1
 90
        1
176
     1
 90
        6
176
     1
 90
        2
176
     1
 62
     7
176
     1
 90
        5
176
     1
 90
        0
176
     1
 90
        0
176
     1
290
     0
176
     1
 90
        1
176
     1
 40
0.0
176
     1
 90
        0
176
     1
290
     0
176
     1
290
     1
176
     1
290
     1
176
     1
290
     0
176
     1
290
     0
176
     1
290
     0
176
     1
290
     0
176
     1
290
     0
176
     1
290
     0
176
     1
 90
       50
176
     1
 40
0.0
176
     1
 40
1.0
176
     1
 90
        0
176
     1
 62
    18
420
        0
176
     1
 90
       50
176
     1
 90
        3
176
     1
 62
     5
420
      255
176
     1
290
     0
176
     1
 90
       50
176
     1
 90
       50
176
     1
 90
       50
176
     1
290
     0
176
     1
 90
       50
176
     1
 62
   256
176
     0
 40
1.0
176
     0
 90
        2
176
     1
  1
strokes_ogs.tif
176
     1
290
     0
176
     1
 40
1.0
176
     1
 40
1.0
176
     1
  0
VISUALSTYLE
  5
29F
102
{ACAD_REACTORS
330
296
102
}
330
296
100
AcDbVisualStyle
  2
Conceptual
 70
     9
177
     3
291
     0
 70
    58
 90
        3
176
     1
 90
        2
176
     1
 90
        0
176
     1
 90
        0
176
     1
 40
0.6
176
     1
 40
30.0
176
     1
 62
     7
176
     1
 90
        2
176
     1
 90
        2
176
     1
 62
     7
176
     1
 62
   257
176
     1
 90
        1
176
     1
 90
        1
176
     1
 40
40.0
176
     1
 90
        8
176
     1
 62
     7
176
     1
 40
1.0
176
     1
 90
        1
176
     1
 90
        6
176
     1
 90
        2
176
     1
 62
     7
176
     1
 90
        3
176
     1
 90
        0
176
     1
 90
        0
176
     1
290
     0
176
     1
 90
        1
176
     1
 40
0.0
176
     1
 90
        0
176
     1
290
     0
176
     1
290
     1
176
     1
290
     1
176
     1
290
     0
176
     1
290
     0
176
     1
290
     0
176
     1
290
     0
176
     1
290
     0
176
     1
290
     0
176
     1
 90
       50
176
     1
 40
0.0
176
     1
 40
1.0
176
     1
 90
        0
176
     1
 62
    18
420
        0
176
     1
 90
       50
176
     1
 90
        3
176
     1
 62
     5
420
      255
176
     1
290
     0
176
     1
 90
       50
176
     1
 90
       50
176
     1
 90
       50
176
     1
290
     0
176
     1
 90
       50
176
     1
 62
   256
176
     0
 40
1.0
176
     0
 90
        2
176
     1
  1
strokes_ogs.tif
176
     1
290
     0
176
     1
 40
1.0
176
     1
 40
1.0
176
     1
  0
VISUALSTYLE
  5
2A1
102
{ACAD_REACTORS
330
296
102
}
330
296
100
AcDbVisualStyle
  2
Dim
 70
    11
177
     3
291
     1
 70
    58
 90
        2
176
     1
 90
        2
176
     1
 90
        0
176
     1
 90
        0
176
     1
 40
0.6
176
     1
 40
30.0
176
     1
 62
     7
176
     1
 90
        1
176
     1
 90
        4
176
     1
 62
     7
176
     1
 62
   257
176
     1
 90
        1
176
     1
 90
        1
176
     1
 40
1.0
176
     1
 90
        8
176
     1
 62
     7
176
     1
 40
1.0
176
     1
 90
        1
176
     1
 90
        6
176
     1
 90
        2
176
     1
 62
     7
176
     1
 90
        5
176
     1
 90
        0
176
     1
 90
        0
176
     1
290
     0
176
     1
 90
        1
176
     1
 40
-50.0
176
     1
 90
        0
176
     1
290
     0
176
     1
290
     1
176
     1
290
     1
176
     1
290
     0
176
     1
290
     0
176
     1
290
     0
176
     1
290
     0
176
     1
290
     0
176
     1
290
     0
176
     1
 90
       50
176
     1
 40
0.0
176
     1
 40
1.0
176
     1
 90
        0
176
     1
 62
    18
420
        0
176
     1
 90
       50
176
     1
 90
        3
176
     1
 62
     5
420
      255
176
     1
290
     0
176
     1
 90
       50
176
     1
 90
       50
176
     1
 90
       50
176
     1
290
     0
176
     1
 90
       50
176
     1
 62
   256
176
     0
 40
1.0
176
     0
 90
        2
176
     1
  1
strokes_ogs.tif
176
     1
290
     0
176
     1
 40
1.0
176
     1
 40
1.0
176
     1
  0
VISUALSTYLE
  5
1B35
102
{ACAD_REACTORS
330
296
102
}
330
296
100
AcDbVisualStyle
  2
EdgeColorOff
 70
    22
177
     3
291
     1
 70
    58
 90
        2
176
     0
 90
        2
176
     0
 90
        0
176
     0
 90
        0
176
     0
 40
0.6
176
     0
 40
30.0
176
     0
 62
     7
176
     0
 90
        1
176
     0
 90
        4
176
     0
 62
     7
176
     0
 62
   257
176
     0
 90
        1
176
     0
 90
        1
176
     0
 40
1.0
176
     0
 90
        8
176
     2
 62
     7
176
     0
 40
1.0
176
     0
 90
        1
176
     0
 90
        6
176
     0
 90
        2
176
     0
 62
     7
176
     0
 90
        5
176
     0
 90
        0
176
     0
 90
        0
176
     0
290
     0
176
     0
 90
        1
176
     0
 40
0.0
176
     0
 90
        0
176
     0
290
     0
176
     1
290
     1
176
     1
290
     1
176
     1
290
     0
176
     1
290
     0
176
     1
290
     0
176
     1
290
     0
176
     1
290
     0
176
     1
290
     0
176
     1
 90
       50
176
     1
 40
0.0
176
     1
 40
1.0
176
     1
 90
        0
176
     1
 62
    18
420
        0
176
     1
 90
       50
176
     1
 90
        3
176
     1
 62
     5
420
      255
176
     1
290
     0
176
     1
 90
       50
176
     1
 90
       50
176
     1
 90
       50
176
     1
290
     0
176
     1
 90
       50
176
     1
 62
   256
176
     0
 40
1.0
176
     0
 90
        2
176
     1
  1
strokes_ogs.tif
176
     1
290
     0
176
     1
 40
1.0
176
     1
 40
1.0
176
     1
  0
VISUALSTYLE
  5
2A5
102
{ACAD_REACTORS
330
296
102
}
330
296
100
AcDbVisualStyle
  2
Facepattern
 70
    15
177
     3
291
     1
 70
    58
 90
        2
176
     1
 90
        2
176
     1
 90
        0
176
     1
 90
        0
176
     1
 40
0.6
176
     1
 40
30.0
176
     1
 62
     7
176
     1
 90
        1
176
     1
 90
        4
176
     1
 62
     7
176
     1
 62
   257
176
     1
 90
        1
176
     1
 90
        1
176
     1
 40
1.0
176
     1
 90
        8
176
     1
 62
     7
176
     1
 40
1.0
176
     1
 90
        1
176
     1
 90
        6
176
     1
 90
        2
176
     1
 62
     7
176
     1
 90
        5
176
     1
 90
        0
176
     1
 90
        0
176
     1
290
     0
176
     1
 90
        1
176
     1
 40
0.0
176
     1
 90
        0
176
     1
290
     0
176
     1
290
     1
176
     1
290
     1
176
     1
290
     0
176
     1
290
     0
176
     1
290
     0
176
     1
290
     0
176
     1
290
     0
176
     1
290
     0
176
     1
 90
       50
176
     1
 40
0.0
176
     1
 40
1.0
176
     1
 90
        0
176
     1
 62
    18
420
        0
176
     1
 90
       50
176
     1
 90
        3
176
     1
 62
     5
420
      255
176
     1
290
     0
176
     1
 90
       50
176
     1
 90
       50
176
     1
 90
       50
176
     1
290
     0
176
     1
 90
       50
176
     1
 62
   256
176
     0
 40
1.0
176
     0
 90
        2
176
     1
  1
strokes_ogs.tif
176
     1
290
     0
176
     1
 40
1.0
176
     1
 40
1.0
176
     1
  0
VISUALSTYLE
  5
297
102
{ACAD_REACTORS
330
296
102
}
330
296
100
AcDbVisualStyle
  2
Flat
 70
     0
177
     3
291
     1
 70
    58
 90
        2
176
     1
 90
        1
176
     1
 90
        1
176
     1
 90
        2
176
     1
 40
0.6
176
     1
 40
30.0
176
     1
 62
     7
176
     1
 90
        0
176
     1
 90
        4
176
     1
 62
     7
176
     1
 62
   257
176
     1
 90
        1
176
     1
 90
        1
176
     1
 40
1.0
176
     1
 90
        8
176
     1
 62
     7
176
     1
 40
1.0
176
     1
 90
        1
176
     1
 90
        6
176
     1
 90
        2
176
     1
 62
     7
176
     1
 90
        5
176
     1
 90
        0
176
     1
 90
        0
176
     1
290
     0
176
     1
 90
       13
176
     1
 40
0.0
176
     1
 90
        0
176
     1
290
     0
176
     1
290
     1
176
     1
290
     1
176
     1
290
     0
176
     1
290
     0
176
     1
290
     0
176
     1
290
     0
176
     1
290
     0
176
     1
290
     0
176
     1
 90
       50
176
     1
 40
0.0
176
     1
 40
1.0
176
     1
 90
        0
176
     1
 62
    18
420
        0
176
     1
 90
       50
176
     1
 90
        3
176
     1
 62
     5
420
      255
176
     1
290
     0
176
     1
 90
       50
176
     1
 90
       50
176
     1
 90
       50
176
     1
290
     0
176
     1
 90
       50
176
     1
 62
   256
176
     0
 40
1.0
176
     0
 90
        2
176
     1
  1
strokes_ogs.tif
176
     1
290
     0
176
     1
 40
1.0
176
     1
 40
1.0
176
     1
  0
VISUALSTYLE
  5
298
102
{ACAD_REACTORS
330
296
102
}
330
296
100
AcDbVisualStyle
  2
FlatWithEdges
 70
     1
177
     3
291
     1
 70
    58
 90
        2
176
     1
 90
        1
176
     1
 90
        1
176
     1
 90
        2
176
     1
 40
0.6
176
     1
 40
30.0
176
     1
 62
     7
176
     1
 90
        1
176
     1
 90
        4
176
     1
 62
     7
176
     1
 62
   257
176
     1
 90
        1
176
     1
 90
        1
176
     1
 40
1.0
176
     1
 90
        0
176
     1
 62
   257
176
     1
 40
1.0
176
     1
 90
        1
176
     1
 90
        6
176
     1
 90
        2
176
     1
 62
     7
176
     1
 90
        5
176
     1
 90
        0
176
     1
 90
        0
176
     1
290
     0
176
     1
 90
       13
176
     1
 40
0.0
176
     1
 90
        0
176
     1
290
     0
176
     1
290
     1
176
     1
290
     1
176
     1
290
     0
176
     1
290
     0
176
     1
290
     0
176
     1
290
     0
176
     1
290
     0
176
     1
290
     0
176
     1
 90
       50
176
     1
 40
0.0
176
     1
 40
1.0
176
     1
 90
        0
176
     1
 62
    18
420
        0
176
     1
 90
       50
176
     1
 90
        3
176
     1
 62
     5
420
      255
176
     1
290
     0
176
     1
 90
       50
176
     1
 90
       50
176
     1
 90
       50
176
     1
290
     0
176
     1
 90
       50
176
     1
 62
   256
176
     0
 40
1.0
176
     0
 90
        2
176
     1
  1
strokes_ogs.tif
176
     1
290
     0
176
     1
 40
1.0
176
     1
 40
1.0
176
     1
  0
VISUALSTYLE
  5
299
102
{ACAD_REACTORS
330
296
102
}
330
296
100
AcDbVisualStyle
  2
Gouraud
 70
     2
177
     3
291
     1
 70
    58
 90
        2
176
     1
 90
        2
176
     1
 90
        1
176
     1
 90
        2
176
     1
 40
0.6
176
     1
 40
30.0
176
     1
 62
     7
176
     1
 90
        0
176
     1
 90
        4
176
     1
 62
     7
176
     1
 62
   257
176
     1
 90
        1
176
     1
 90
        1
176
     1
 40
1.0
176
     1
 90
        0
176
     1
 62
     7
176
     1
 40
1.0
176
     1
 90
        1
176
     1
 90
        6
176
     1
 90
        2
176
     1
 62
     7
176
     1
 90
        5
176
     1
 90
        0
176
     1
 90
        0
176
     1
290
     0
176
     1
 90
       13
176
     1
 40
0.0
176
     1
 90
        0
176
     1
290
     0
176
     1
290
     1
176
     1
290
     1
176
     1
290
     0
176
     1
290
     0
176
     1
290
     0
176
     1
290
     0
176
     1
290
     0
176
     1
290
     0
176
     1
 90
       50
176
     1
 40
0.0
176
     1
 40
1.0
176
     1
 90
        0
176
     1
 62
    18
420
        0
176
     1
 90
       50
176
     1
 90
        3
176
     1
 62
     5
420
      255
176
     1
290
     0
176
     1
 90
       50
176
     1
 90
       50
176
     1
 90
       50
176
     1
290
     0
176
     1
 90
       50
176
     1
 62
   256
176
     0
 40
1.0
176
     0
 90
        2
176
     1
  1
strokes_ogs.tif
176
     1
290
     0
176
     1
 40
1.0
176
     1
 40
1.0
176
     1
  0
VISUALSTYLE
  5
29A
102
{ACAD_REACTORS
330
296
102
}
330
296
100
AcDbVisualStyle
  2
GouraudWithEdges
 70
     3
177
     3
291
     1
 70
    58
 90
        2
176
     1
 90
        2
176
     1
 90
        1
176
     1
 90
        2
176
     1
 40
0.6
176
     1
 40
30.0
176
     1
 62
     7
176
     1
 90
        1
176
     1
 90
        4
176
     1
 62
     7
176
     1
 62
   257
176
     1
 90
        1
176
     1
 90
        1
176
     1
 40
1.0
176
     1
 90
        0
176
     1
 62
   257
176
     1
 40
1.0
176
     1
 90
        1
176
     1
 90
        6
176
     1
 90
        2
176
     1
 62
     7
176
     1
 90
        5
176
     1
 90
        0
176
     1
 90
        0
176
     1
290
     0
176
     1
 90
       13
176
     1
 40
0.0
176
     1
 90
        0
176
     1
290
     0
176
     1
290
     1
176
     1
290
     1
176
     1
290
     0
176
     1
290
     0
176
     1
290
     0
176
     1
290
     0
176
     1
290
     0
176
     1
290
     0
176
     1
 90
       50
176
     1
 40
0.0
176
     1
 40
1.0
176
     1
 90
        0
176
     1
 62
    18
420
        0
176
     1
 90
       50
176
     1
 90
        3
176
     1
 62
     5
420
      255
176
     1
290
     0
176
     1
 90
       50
176
     1
 90
       50
176
     1
 90
       50
176
     1
290
     0
176
     1
 90
       50
176
     1
 62
   256
176
     0
 40
1.0
176
     0
 90
        2
176
     1
  1
strokes_ogs.tif
176
     1
290
     0
176
     1
 40
1.0
176
     1
 40
1.0
176
     1
  0
VISUALSTYLE
  5
1B2D
102
{ACAD_REACTORS
330
296
102
}
330
296
100
AcDbVisualStyle
  2
Hidden
 70
     6
177
     3
291
     0
 70
    58
 90
        1
176
     1
 90
        2
176
     1
 90
        2
176
     1
 90
        0
176
     1
 40
0.6
176
     1
 40
30.0
176
     1
 62
     7
176
     1
 90
        2
176
     1
 90
        2
176
     1
 62
     7
176
     1
 62
   257
176
     1
 90
        2
176
     1
 90
        1
176
     1
 40
40.0
176
     1
 90
        0
176
     1
 62
   257
176
     1
 40
1.0
176
     1
 90
        1
176
     1
 90
        6
176
     1
 90
        2
176
     1
 62
     7
176
     1
 90
        3
176
     1
 90
        0
176
     1
 90
        0
176
     1
290
     0
176
     1
 90
        1
176
     1
 40
0.0
176
     1
 90
        0
176
     1
290
     0
176
     1
290
     1
176
     1
290
     1
176
     1
290
     0
176
     1
290
     0
176
     1
290
     0
176
     1
290
     0
176
     1
290
     0
176
     1
290
     0
176
     1
 90
       50
176
     1
 40
0.0
176
     1
 40
1.0
176
     1
 90
        0
176
     1
 62
    18
420
        0
176
     1
 90
       50
176
     1
 90
        3
176
     1
 62
     5
420
      255
176
     1
290
     0
176
     1
 90
       50
176
     1
 90
       50
176
     1
 90
       50
176
     1
290
     0
176
     1
 90
       50
176
     1
 62
   256
176
     0
 40
1.0
176
     0
 90
        2
176
     1
  1
strokes_ogs.tif
176
     1
290
     0
176
     1
 40
1.0
176
     1
 40
1.0
176
     1
  0
VISUALSTYLE
  5
1B33
102
{ACAD_REACTORS
330
296
102
}
330
296
100
AcDbVisualStyle
  2
JitterOff
 70
    20
177
     3
291
     1
 70
    58
 90
        2
176
     0
 90
        2
176
     0
 90
        0
176
     0
 90
        0
176
     0
 40
0.6
176
     0
 40
30.0
176
     0
 62
     7
176
     0
 90
        1
176
     0
 90
        4
176
     0
 62
     7
176
     0
 62
   257
176
     0
 90
        1
176
     0
 90
        1
176
     0
 40
1.0
176
     0
 90
       10
176
     2
 62
     7
176
     0
 40
1.0
176
     0
 90
        1
176
     0
 90
        6
176
     0
 90
        2
176
     0
 62
     7
176
     0
 90
        5
176
     0
 90
        0
176
     0
 90
        0
176
     0
290
     0
176
     0
 90
        1
176
     0
 40
0.0
176
     0
 90
        0
176
     0
290
     0
176
     1
290
     1
176
     1
290
     1
176
     1
290
     0
176
     1
290
     0
176
     1
290
     0
176
     1
290
     0
176
     1
290
     0
176
     1
290
     0
176
     1
 90
       50
176
     1
 40
0.0
176
     1
 40
1.0
176
     1
 90
        0
176
     1
 62
    18
420
        0
176
     1
 90
       50
176
     1
 90
        3
176
     1
 62
     5
420
      255
176
     1
290
     0
176
     1
 90
       50
176
     1
 90
       50
176
     1
 90
       50
176
     1
290
     0
176
     1
 90
       50
176
     1
 62
   256
176
     0
 40
1.0
176
     0
 90
        2
176
     1
  1
strokes_ogs.tif
176
     1
290
     0
176
     1
 40
1.0
176
     1
 40
1.0
176
     1
  0
VISUALSTYLE
  5
2A4
102
{ACAD_REACTORS
330
296
102
}
330
296
100
AcDbVisualStyle
  2
Linepattern
 70
    14
177
     3
291
     1
 70
    58
 90
        2
176
     1
 90
        2
176
     1
 90
        0
176
     1
 90
        0
176
     1
 40
0.6
176
     1
 40
30.0
176
     1
 62
     7
176
     1
 90
        1
176
     1
 90
        4
176
     1
 62
     7
176
     1
 62
   257
176
     1
 90
        7
176
     1
 90
        7
176
     1
 40
1.0
176
     1
 90
        8
176
     1
 62
     7
176
     1
 40
1.0
176
     1
 90
        1
176
     1
 90
        6
176
     1
 90
        2
176
     1
 62
     7
176
     1
 90
        5
176
     1
 90
        0
176
     1
 90
        0
176
     1
290
     0
176
     1
 90
        1
176
     1
 40
0.0
176
     1
 90
        0
176
     1
290
     0
176
     1
290
     1
176
     1
290
     1
176
     1
290
     0
176
     1
290
     0
176
     1
290
     0
176
     1
290
     0
176
     1
290
     0
176
     1
290
     0
176
     1
 90
       50
176
     1
 40
0.0
176
     1
 40
1.0
176
     1
 90
        0
176
     1
 62
    18
420
        0
176
     1
 90
       50
176
     1
 90
        3
176
     1
 62
     5
420
      255
176
     1
290
     0
176
     1
 90
       50
176
     1
 90
       50
176
     1
 90
       50
176
     1
290
     0
176
     1
 90
       50
176
     1
 62
   256
176
     0
 40
1.0
176
     0
 90
        2
176
     1
  1
strokes_ogs.tif
176
     1
290
     0
176
     1
 40
1.0
176
     1
 40
1.0
176
     1
  0
VISUALSTYLE
  5
1B34
102
{ACAD_REACTORS
330
296
102
}
330
296
100
AcDbVisualStyle
  2
OverhangOff
 70
    21
177
     3
291
     1
 70
    58
 90
        2
176
     0
 90
        2
176
     0
 90
        0
176
     0
 90
        0
176
     0
 40
0.6
176
     0
 40
30.0
176
     0
 62
     7
176
     0
 90
        1
176
     0
 90
        4
176
     0
 62
     7
176
     0
 62
   257
176
     0
 90
        1
176
     0
 90
        1
176
     0
 40
1.0
176
     0
 90
        9
176
     2
 62
     7
176
     0
 40
1.0
176
     0
 90
        1
176
     0
 90
        6
176
     0
 90
        2
176
     0
 62
     7
176
     0
 90
        5
176
     0
 90
        0
176
     0
 90
        0
176
     0
290
     0
176
     0
 90
        1
176
     0
 40
0.0
176
     0
 90
        0
176
     0
290
     0
176
     1
290
     1
176
     1
290
     1
176
     1
290
     0
176
     1
290
     0
176
     1
290
     0
176
     1
290
     0
176
     1
290
     0
176
     1
290
     0
176
     1
 90
       50
176
     1
 40
0.0
176
     1
 40
1.0
176
     1
 90
        0
176
     1
 62
    18
420
        0
176
     1
 90
       50
176
     1
 90
        3
176
     1
 62
     5
420
      255
176
     1
290
     0
176
     1
 90
       50
176
     1
 90
       50
176
     1
 90
       50
176
     1
290
     0
176
     1
 90
       50
176
     1
 62
   256
176
     0
 40
1.0
176
     0
 90
        2
176
     1
  1
strokes_ogs.tif
176
     1
290
     0
176
     1
 40
1.0
176
     1
 40
1.0
176
     1
  0
VISUALSTYLE
  5
2A0
102
{ACAD_REACTORS
330
296
102
}
330
296
100
AcDbVisualStyle
  2
Realistic
 70
     8
177
     3
291
     0
 70
    58
 90
        2
176
     1
 90
        2
176
     1
 90
        0
176
     1
 90
        0
176
     1
 40
0.6
176
     1
 40
30.0
176
     1
 62
     7
176
     1
 90
        1
176
     1
 90
        0
176
     1
 62
     7
176
     1
 62
   257
176
     1
 90
        1
176
     1
 90
        1
176
     1
 40
1.0
176
     1
 90
        8
176
     1
 62
     8
176
     1
 40
1.0
176
     1
 90
        1
176
     1
 90
        6
176
     1
 90
        2
176
     1
 62
     7
176
     1
 90
        5
176
     1
 90
        0
176
     1
 90
        0
176
     1
290
     0
176
     1
 90
       13
176
     1
 40
0.0
176
     1
 90
        0
176
     1
290
     0
176
     1
290
     1
176
     1
290
     1
176
     1
290
     0
176
     1
290
     0
176
     1
290
     0
176
     1
290
     0
176
     1
290
     0
176
     1
290
     0
176
     1
 90
       50
176
     1
 40
0.0
176
     1
 40
1.0
176
     1
 90
        0
176
     1
 62
    18
420
        0
176
     1
 90
       50
176
     1
 90
        3
176
     1
 62
     5
420
      255
176
     1
290
     0
176
     1
 90
       50
176
     1
 90
       50
176
     1
 90
       50
176
     1
290
     0
176
     1
 90
       50
176
     1
 62
   256
176
     0
 40
1.0
176
     0
 90
        2
176
     1
  1
strokes_ogs.tif
176
     1
290
     0
176
     1
 40
1.0
176
     1
 40
1.0
176
     1
  0
VISUALSTYLE
  5
1B32
102
{ACAD_REACTORS
330
296
102
}
330
296
100
AcDbVisualStyle
  2
Shaded
 70
    27
177
     3
291
     0
 70
    58
 90
        2
176
     1
 90
        2
176
     1
 90
        1
176
     1
 90
        2
176
     1
 40
0.6
176
     1
 40
30.0
176
     1
 62
     7
176
     1
 90
        0
176
     1
 90
        4
176
     1
 62
     7
176
     1
 62
   257
176
     1
 90
        1
176
     1
 90
        1
176
     1
 40
1.0
176
     1
 90
        8
176
     1
 62
   257
176
     1
 40
1.0
176
     1
 90
        1
176
     1
 90
        6
176
     1
 90
        2
176
     1
 62
     8
176
     1
 90
        3
176
     1
 90
        0
176
     1
 90
        0
176
     1
290
     0
176
     1
 90
        5
176
     1
 40
0.0
176
     1
 90
        0
176
     1
290
     0
176
     1
290
     1
176
     1
290
     1
176
     1
290
     0
176
     1
290
     0
176
     1
290
     0
176
     1
290
     0
176
     1
290
     0
176
     1
290
     0
176
     1
 90
       50
176
     1
 40
0.0
176
     1
 40
1.0
176
     1
 90
        0
176
     1
 62
    18
420
        0
176
     1
 90
       50
176
     1
 90
        3
176
     1
 62
     5
420
      255
176
     1
290
     0
176
     1
 90
       50
176
     1
 90
       50
176
     1
 90
       50
176
     1
290
     0
176
     1
 90
       50
176
     1
 62
   256
176
     0
 40
1.0
176
     0
 90
        2
176
     1
  1
strokes_ogs.tif
176
     1
290
     0
176
     1
 40
1.0
176
     1
 40
1.0
176
     1
  0
VISUALSTYLE
  5
1B31
102
{ACAD_REACTORS
330
296
102
}
330
296
100
AcDbVisualStyle
  2
Shaded with edges
 70
    26
177
     3
291
     0
 70
    58
 90
        2
176
     1
 90
        2
176
     1
 90
        1
176
     1
 90
        2
176
     1
 40
0.6
176
     1
 40
30.0
176
     1
 62
     7
176
     1
 90
        1
176
     1
 90
        2
176
     1
 62
     7
176
     1
 62
   257
176
     1
 90
        2
176
     1
 90
        1
176
     1
 40
1.0
176
     1
 90
        8
176
     1
 62
   257
176
     1
 40
1.0
176
     1
 90
        1
176
     1
 90
        6
176
     1
 90
        2
176
     1
 62
     7
176
     1
 90
        3
176
     1
 90
        0
176
     1
 90
        0
176
     1
290
     0
176
     1
 90
        5
176
     1
 40
0.0
176
     1
 90
        0
176
     1
290
     0
176
     1
290
     1
176
     1
290
     1
176
     1
290
     0
176
     1
290
     0
176
     1
290
     0
176
     1
290
     0
176
     1
290
     0
176
     1
290
     0
176
     1
 90
       50
176
     1
 40
0.0
176
     1
 40
1.0
176
     1
 90
        0
176
     1
 62
    18
420
        0
176
     1
 90
       50
176
     1
 90
        3
176
     1
 62
     5
420
      255
176
     1
290
     0
176
     1
 90
       50
176
     1
 90
       50
176
     1
 90
       50
176
     1
290
     0
176
     1
 90
       50
176
     1
 62
   256
176
     0
 40
1.0
176
     0
 90
        2
176
     1
  1
strokes_ogs.tif
176
     1
290
     0
176
     1
 40
1.0
176
     1
 40
1.0
176
     1
  0
VISUALSTYLE
  5
1B2E
102
{ACAD_REACTORS
330
296
102
}
330
296
100
AcDbVisualStyle
  2
Shades of Gray
 70
    23
177
     3
291
     0
 70
    58
 90
        2
176
     1
 90
        2
176
     1
 90
        3
176
     1
 90
        0
176
     1
 40
0.6
176
     1
 40
30.0
176
     1
 62
     7
176
     1
 90
        2
176
     1
 90
        2
176
     1
 62
     7
176
     1
 62
     7
176
     1
 90
        1
176
     1
 90
        1
176
     1
 40
40.0
176
     1
 90
        8
176
     1
 62
     7
176
     1
 40
1.0
176
     1
 90
        1
176
     1
 90
        6
176
     1
 90
        2
176
     1
 62
     7
176
     1
 90
        3
176
     1
 90
        0
176
     1
 90
        0
176
     1
290
     0
176
     1
 90
        1
176
     1
 40
0.0
176
     1
 90
        0
176
     1
290
     0
176
     1
290
     1
176
     1
290
     1
176
     1
290
     0
176
     1
290
     0
176
     1
290
     0
176
     1
290
     0
176
     1
290
     0
176
     1
290
     0
176
     1
 90
       50
176
     1
 40
0.0
176
     1
 40
1.0
176
     1
 90
        0
176
     1
 62
    18
420
        0
176
     1
 90
       50
176
     1
 90
        3
176
     1
 62
     5
420
      255
176
     1
290
     0
176
     1
 90
       50
176
     1
 90
       50
176
     1
 90
       50
176
     1
290
     0
176
     1
 90
       50
176
     1
 62
   256
176
     0
 40
1.0
176
     0
 90
        2
176
     1
  1
strokes_ogs.tif
176
     1
290
     0
176
     1
 40
1.0
176
     1
 40
1.0
176
     1
  0
VISUALSTYLE
  5
1B2F
102
{ACAD_REACTORS
330
296
102
}
330
296
100
AcDbVisualStyle
  2
Sketchy
 70
    24
177
     3
291
     0
 70
    58
 90
        1
176
     1
 90
        2
176
     1
 90
        2
176
     1
 90
        0
176
     1
 40
0.6
176
     1
 40
30.0
176
     1
 62
     7
176
     1
 90
        2
176
     1
 90
        2
176
     1
 62
     7
176
     1
 62
     7
176
     1
 90
        1
176
     1
 90
        1
176
     1
 40
40.0
176
     1
 90
       11
176
     1
 62
     7
176
     1
 40
1.0
176
     1
 90
        1
176
     1
 90
        6
176
     1
 90
        2
176
     1
 62
     7
176
     1
 90
        6
176
     1
 90
        0
176
     1
 90
        0
176
     1
290
     0
176
     1
 90
        1
176
     1
 40
0.0
176
     1
 90
        0
176
     1
290
     0
176
     1
290
     1
176
     1
290
     1
176
     1
290
     0
176
     1
290
     0
176
     1
290
     0
176
     1
290
     0
176
     1
290
     0
176
     1
290
     0
176
     1
 90
       50
176
     1
 40
0.0
176
     1
 40
1.0
176
     1
 90
        0
176
     1
 62
    18
420
        0
176
     1
 90
       50
176
     1
 90
        3
176
     1
 62
     5
420
      255
176
     1
290
     0
176
     1
 90
       50
176
     1
 90
       50
176
     1
 90
       50
176
     1
290
     0
176
     1
 90
       50
176
     1
 62
   256
176
     0
 40
1.0
176
     0
 90
        2
176
     1
  1
strokes_ogs.tif
176
     1
290
     0
176
     1
 40
1.0
176
     1
 40
1.0
176
     1
  0
VISUALSTYLE
  5
2A3
102
{ACAD_REACTORS
330
296
102
}
330
296
100
AcDbVisualStyle
  2
Thicken
 70
    13
177
     3
291
     1
 70
    58
 90
        2
176
     1
 90
        2
176
     1
 90
        0
176
     1
 90
        0
176
     1
 40
0.6
176
     1
 40
30.0
176
     1
 62
     7
176
     1
 90
        1
176
     1
 90
        4
176
     1
 62
     7
176
     1
 62
   257
176
     1
 90
        1
176
     1
 90
        1
176
     1
 40
1.0
176
     1
 90
       12
176
     1
 62
     7
176
     1
 40
1.0
176
     1
 90
        1
176
     1
 90
        6
176
     1
 90
        2
176
     1
 62
     7
176
     1
 90
        5
176
     1
 90
        0
176
     1
 90
        0
176
     1
290
     0
176
     1
 90
        1
176
     1
 40
0.0
176
     1
 90
        0
176
     1
290
     0
176
     1
290
     1
176
     1
290
     1
176
     1
290
     0
176
     1
290
     0
176
     1
290
     0
176
     1
290
     0
176
     1
290
     0
176
     1
290
     0
176
     1
 90
       50
176
     1
 40
0.0
176
     1
 40
1.0
176
     1
 90
        0
176
     1
 62
    18
420
        0
176
     1
 90
       50
176
     1
 90
        3
176
     1
 62
     5
420
      255
176
     1
290
     0
176
     1
 90
       50
176
     1
 90
       50
176
     1
 90
       50
176
     1
290
     0
176
     1
 90
       50
176
     1
 62
   256
176
     0
 40
1.0
176
     0
 90
        2
176
     1
  1
strokes_ogs.tif
176
     1
290
     0
176
     1
 40
1.0
176
     1
 40
1.0
176
     1
  0
VISUALSTYLE
  5
1B2C
102
{ACAD_REACTORS
330
296
102
}
330
296
100
AcDbVisualStyle
  2
Wireframe
 70
     5
177
     3
291
     0
 70
    58
 90
        0
176
     1
 90
        2
176
     1
 90
        0
176
     1
 90
        0
176
     1
 40
0.6
176
     1
 40
30.0
176
     1
 62
     7
176
     1
 90
        1
176
     1
 90
        4
176
     1
 62
     7
176
     1
 62
   257
176
     1
 90
        1
176
     1
 90
        1
176
     1
 40
1.0
176
     1
 90
        0
176
     1
 62
   257
176
     1
 40
1.0
176
     1
 90
        1
176
     1
 90
        6
176
     1
 90
        2
176
     1
 62
     7
176
     1
 90
        3
176
     1
 90
        0
176
     1
 90
        0
176
     1
290
     0
176
     1
 90
        1
176
     1
 40
0.0
176
     1
 90
        0
176
     1
290
     0
176
     1
290
     1
176
     1
290
     1
176
     1
290
     0
176
     1
290
     0
176
     1
290
     0
176
     1
290
     0
176
     1
290
     0
176
     1
290
     0
176
     1
 90
       50
176
     1
 40
0.0
176
     1
 40
1.0
176
     1
 90
        0
176
     1
 62
    18
420
        0
176
     1
 90
       50
176
     1
 90
        3
176
     1
 62
     5
420
      255
176
     1
290
     0
176
     1
 90
       50
176
     1
 90
       50
176
     1
 90
       50
176
     1
290
     0
176
     1
 90
       50
176
     1
 62
   256
176
     0
 40
1.0
176
     0
 90
        2
176
     1
  1
strokes_ogs.tif
176
     1
290
     0
176
     1
 40
1.0
176
     1
 40
1.0
176
     1
  0
VISUALSTYLE
  5
1B30
102
{ACAD_REACTORS
330
296
102
}
330
296
100
AcDbVisualStyle
  2
X-Ray
 70
    25
177
     3
291
     0
 70
    58
 90
        2
176
     1
 90
        2
176
     1
 90
        1
176
     1
 90
        1
176
     1
 40
0.5
176
     1
 40
30.0
176
     1
 62
     7
176
     1
 90
        1
176
     1
 90
        0
176
     1
 62
     7
176
     1
 62
   257
176
     1
 90
        1
176
     1
 90
        1
176
     1
 40
1.0
176
     1
 90
        8
176
     1
 62
     7
176
     1
 40
1.0
176
     1
 90
        1
176
     1
 90
        6
176
     1
 90
        2
176
     1
 62
     7
176
     1
 90
        3
176
     1
 90
        0
176
     1
 90
        0
176
     1
290
     0
176
     1
 90
       13
176
     1
 40
0.0
176
     1
 90
        0
176
     1
290
     0
176
     1
290
     1
176
     1
290
     1
176
     1
290
     0
176
     1
290
     0
176
     1
290
     0
176
     1
290
     0
176
     1
290
     0
176
     1
290
     0
176
     1
 90
       50
176
     1
 40
0.0
176
     1
 40
1.0
176
     1
 90
        0
176
     1
 62
    18
420
        0
176
     1
 90
       50
176
     1
 90
        3
176
     1
 62
     5
420
      255
176
     1
290
     0
176
     1
 90
       50
176
     1
 90
       50
176
     1
 90
       50
176
     1
290
     0
176
     1
 90
       50
176
     1
 62
   256
176
     0
 40
1.0
176
     0
 90
        2
176
     1
  1
strokes_ogs.tif
176
     1
290
     0
176
     1
 40
1.0
176
     1
 40
1.0
176
     1
  0
XRECORD
  5
61CA
102
{ACAD_REACTORS
330
61C9
102
}
330
61C9
100
AcDbXrecord
280
     1
  1
WIRES
  1
WIRES
  1

290
     0
  0
DICTIONARYVAR
  5
E56A
102
{ACAD_REACTORS
330
9E
102
}
330
9E
100
DictionaryVariables
280
     0
  1
0
  0
DICTIONARYVAR
  5
310
102
{ACAD_REACTORS
330
9E
102
}
330
9E
100
DictionaryVariables
280
     0
  1
1:1
  0
DICTIONARYVAR
  5
30E
102
{ACAD_REACTORS
330
9E
102
}
330
9E
100
DictionaryVariables
280
     0
  1
STANDARD
  0
DICTIONARYVAR
  5
144
102
{ACAD_REACTORS
330
9E
102
}
330
9E
100
DictionaryVariables
280
     0
  1
STANDARD
  0
DICTIONARYVAR
  5
5A30
102
{ACAD_REACTORS
330
9E
102
}
330
9E
100
DictionaryVariables
280
     0
  1
ASME Y14.35 - 1987
  0
DICTIONARYVAR
  5
5A31
102
{ACAD_REACTORS
330
9E
102
}
330
9E
100
DictionaryVariables
280
     0
  1
ASME Y14.3 - 2003
  0
DICTIONARYVAR
  5
A0
102
{ACAD_REACTORS
330
9E
102
}
330
9E
100
DictionaryVariables
280
     0
  1
2
  0
DICTIONARYVAR
  5
9F
102
{ACAD_REACTORS
330
9E
102
}
330
9E
100
DictionaryVariables
280
     0
  1
0
  0
DICTIONARYVAR
  5
36B
102
{ACAD_REACTORS
330
9E
102
}
330
9E
100
DictionaryVariables
280
     0
  1
1
  0
DICTIONARYVAR
  5
36C
102
{ACAD_REACTORS
330
9E
102
}
330
9E
100
DictionaryVariables
280
     0
  1
15
  0
DICTIONARYVAR
  5
311
102
{ACAD_REACTORS
330
9E
102
}
330
9E
100
DictionaryVariables
280
     0
  1
0
  0
DICTIONARYVAR
  5
30F
102
{ACAD_REACTORS
330
9E
102
}
330
9E
100
DictionaryVariables
280
     0
  1
0
  0
DICTIONARYVAR
  5
47B
102
{ACAD_REACTORS
330
9E
102
}
330
9E
100
DictionaryVariables
280
     0
  1
127
  0
DICTIONARYVAR
  5
7473
102
{ACAD_REACTORS
330
9E
102
}
330
9E
100
DictionaryVariables
280
     0
  1
Center
  0
ACAD_PROXY_OBJECT
  5
628F
102
{ACAD_REACTORS
330
63
102
}
330
63
100
AcDbProxyObject
 90
      499
 91
      521
 71
    31
 97
       57
 70
     0
162
                 0
161
                84
310
90100057356C1DC8406AAC
 94
        0
  0
DICTIONARY
  5
69
102
{ACAD_REACTORS
330
63
102
}
330
63
100
AcDbDictionary
281
     1
  3
ANSI
350
6295
  0
XRECORD
  5
12C
102
{ACAD_REACTORS
330
63
102
}
330
63
100
AcDbXrecord
280
     1
 90
-1023410169
  0
ACAD_PROXY_OBJECT
  5
6272
330
0
100
AcDbProxyObject
 90
      499
 91
      509
 71
    31
 97
       57
 70
     0
162
               234
311
43904010C01340114014C016401340108013C0130014C01240168011400C
161
                34
310
000101420C
330
626F
 94
        0
  0
ACAD_PROXY_OBJECT
  5
627E
330
0
100
AcDbProxyObject
 90
      499
 91
      523
 71
    31
 97
       57
 70
     0
162
               212
311
421040134010C01540148014C01500110010441004E0053004900C
161
                32
310
0001010100
330
626F
 94
        0
  0
ACAD_PROXY_OBJECT
  5
6281
330
0
100
AcDbProxyObject
 90
      499
 91
      523
 71
    31
 97
       57
 70
     0
162
               276
311
431040104010C013C01340140011001180138010401340114010443004F004D005000C
161
                32
310
0001010100
330
626F
 94
        0
  0
ACAD_PROXY_OBJECT
  5
6282
330
0
100
AcDbProxyObject
 90
      499
 91
      523
 71
    31
 97
       57
 70
     0
162
               340
311
4390401040118013C0130011001140148011001180138010401340114010646006F006C00640065007200C
161
                32
310
0001010100
330
626F
 94
        0
  0
ACAD_PROXY_OBJECT
  5
6283
330
0
100
AcDbProxyObject
 90
      499
 91
      523
 71
    31
 97
       57
 70
     0
162
               260
311
431040104010401380138013C01100118013801040134011401035F0041005600C
161
                32
310
0001010100
330
626F
 94
        0
  0
ACAD_PROXY_OBJECT
  5
6284
330
0
100
AcDbProxyObject
 90
      499
 91
      523
 71
    31
 97
       57
 70
     0
162
               756
311
439040104010C013C01340140015801240114015C01300124014C0150012054006F0070000A00460072006F006E0074000A00520069006700680074000A004C006500660074000A0042006F00740074006F006D000A004100750078003100C
161
                32
310
0001010100
330
626F
 94
        0
  0
ACAD_PROXY_OBJECT
  5
6285
330
0
100
AcDbProxyObject
 90
      499
 91
      509
 71
    31
 97
       57
 70
     0
162
               234
311
439040134014C014C0150014801040130015C01040164014C013C013800C
161
                26
310
0001018C
330
626F
 94
        0
  0
ACAD_PROXY_OBJECT
  5
628A
330
0
100
AcDbProxyObject
 90
      499
 91
      560
 71
    31
 97
       57
 70
     0
162
                 0
161
                32
310
0001000000
330
626F
340
6287
330
628B
330
6287
 94
        0
  0
ACAD_PROXY_OBJECT
  5
628B
330
0
100
AcDbProxyObject
 90
      499
 91
      562
 71
    31
 97
       57
 70
     0
162
               250
311
43CDC00C800DC00D000B40138014000C400C000C000C000B400C000C000C800C
161
                80
310
0001014140155005540000
330
626F
330
628A
330
0
 94
        0
  0
ACAD_PROXY_OBJECT
  5
628C
330
0
100
AcDbProxyObject
 90
      499
 91
      563
 71
    31
 97
       57
 70
     0
162
                 0
161
               178
310
000100AAAAAA8CCD7B2FAB834413E850610C3E6992D10C
330
626F
330
628B
 94
        0
  0
ACAD_PROXY_OBJECT
  5
628D
330
0
100
AcDbProxyObject
 90
      499
 91
      564
 71
    31
 97
       57
 70
     0
162
                 0
161
               108
310
000190140A000000000000AAAAAC
330
626F
330
628E
330
628E
330
628E
330
628E
330
628E
330
0
 94
        0
  0
ACAD_PROXY_OBJECT
  5
628E
330
0
100
AcDbProxyObject
 90
      499
 91
      565
 71
    31
 97
       57
 70
     0
162
                 0
161
                51
310
00010000AAAA8C
330
626F
330
628D
330
628B
 94
        0
  0
DICTIONARY
  5
626B
102
{ACAD_REACTORS
330
49
102
}
330
49
100
AcDbDictionary
281
     1
  3
DWGSETTINGS
350
626C
  3
TRANSSETTINGS
350
626D
  0
ACAD_PROXY_OBJECT
  5
62A7
102
{ACAD_REACTORS
330
49
102
}
330
49
100
AcDbProxyObject
 90
      499
 91
      525
 71
    31
 97
       57
 70
     0
162
             15940
311
404C0010441004D005F0030009013100411040134017C00C402404C8010441004D005F0032009013300411040134017C00CC02404D0010441004D005F0034009013500411040134017C00D402404D8010441004D005F0036009013700411040134017C00DC02404E0010441004D005F0038009013900411040134017C00E40
311
2408C80104010541004D005F003100300090234004100415040134017C00C400C402409240140010541004D005F003100320090230004E00415040134017C00C0013802408C40138010541004D005F0031004E0090232004E00415040134017C00C8013802408CC0138010541004D005F0033004E0090234004E0041504013
311
4017C00D0013802408D40138010541004D005F0035004E0090236004E00415040134017C00D8013802408DC0138010541004D005F0037004E0090238004E00415040134017C00E0013802408E40138010541004D005F0039004E00903320041004E00419040134017C00C400C001380240CD001040138010641004D005F003
311
10031004E00903490050004E00419040134017C00C400C80138024112C013001240138010541004D005F0043004C0090449004E0046004F00421040134017C01400104014801140118024154801040120013400D4010641004D005F0042004F0052009045600490045005700421040134017C015801240114015C014C02419
311
0801140120012401380110010641004D005F0049004E00560090554005200410049004C00415040134017C015001480240D2001240110010641004D005F00480049004400903560049005300419040134017C01580124014C024194001040148011001240134010941004D005F00500041005200440049004D009065200450
311
04600440049004D00425040134017C01480114011801100124013402411080120013801580101390041508012001380158014C010642004500480049004E00440041108013C014800C801055200410048004D00350041108013C014800CC01055200410048004D00350041108013C014800D401055200410048004D0035004
311
110C0104013000C8010134004110C0104013000CC010134004110C0104013000D4010134004110C0104013000DC010134004110C011401380138010137004110C01140138015C010137004110C01300124013801044B004C0049004E004110C013C013800C4010130004110C013C013800C8010131004110C013C013800CC0
311
10132004110C013C013800D00101320041110011401500104010134004111001240104011C010135004111001240130012401013500411100124013401400106500041005200440049004D00411100124013401480106520045004600440049004D00411180114013401380101380041518011401340140013801013800415
311
1801140134014C01400102340041004151801140134014C015001023400410041518011401340158013801013200415180114013401580150010132004112001040150010C0101380041120012401100138010133004112001240110015C01013300411200130012401380101340041120013C010C01380101370041120013
311
C010C015C010137004112401380118013C010449004E0046004F00411300114010401100101350041938017C0108012001380158010239004E0041938017C010C013C013800C4010230004E0041938017C010C013C013800C8010231004E0041938017C010C013C013800CC010232004E0041938017C010C013C013800D001
311
0232004E0041938017C010C011401380138010237004E0041938017C010C01140138015C010237004E0041938017C0110012401300124010235004E0041938017C012001040150010C010238004E0041938017C0120012401100138010233004E0041938017C012001240110015C010233004E0041938017C0130011401040
311
110010235004E0041938017C0138011C012401400103490050004E0041938017C01400120010401380103340041004E0041938017C0150010C013C0138010230004E0041938017C0150012001300124010234004E0041938017C0150013001140138010230004E0041938017C01580140013001240103320041004E0041138
311
011C01240140010249005000411400104013000C801055200410048004D003500411400104013000CC01055200410048004D003500411400104013000D401055200410048004D0035004114001200104013801023400410041140013C014C01380101350041148010C011C01380101370041148010C011C015C01013700411
311
4C01080148012C010134004114C0114010C0150010134004114C0164010800CC0101350041134014C016401340101350041150010C013C0138010130004115001200130012401013400411500124015000C801055200410048004D003500411500124015000CC01055200410048004D003500411500124015000D401055200
311
410048004D0035004115001300114013801013000415500148010401240130010554005200410049004C004115001480130012401013400411500160015000C401013600411500160015000C801013600411500160015000CC01013600411500160015000D401013600411500160015000DC010136004115801240114015C0
311
10456004900450057004115801140110012001034800490044004115801140110015801035600490053004115801400130012401023200410041168012401680104010134004114C014001300124010232004100404FC02C
161
              8948
310
4250349201C00030C011E5C203800030C011E5C201400030C011E5C201800030C010FA00C00030C010FA00C00030C010FA00800030C011EA01000030C010FA00400030C010FA3F400030C0241201C00030C011EA00C00030C010FA01C00030C011E40A01C00030C011EA03800030C011EA01400030C011EA01800030C010FA
310
00C00030C010FA00C00030C010FA00800030C011EA01000030C010FA00400030C010FA3F400030C0241201C00030C011EA00C00030C010FA01C00030C011E40A00400030C010F42601000030C010F42E01C00030C011E42600400030C010F42E3F400030C0243600C00030C010F42601C00030C010F42601C00030C011E426
310
00C00030C010F42601000030C010F425548000000C0003FFFFFFFE8000000C0003FFFFFFFE8010000C30043E8020000C30047A8000000C0003FFFFFFFE8000000C0003FFFFFFFE8020000C30047A8070000C30047A81E0000C3004F28000000C0003FFFFFFFE8000000C0003FFFFFFFE8000000C0003FFFFFFFE8000000C00
310
03FFFFFFFD038000000C0003FFFFFFFD038000000C0003FFFFFFFD038000000C0003FFFFFFFD038030000C30043E8000000C0003FFFFFFFE8000000C0003FFFFFFFE8000000C0003FFFFFFFE8000000C0003FFFFFFFE8000000C0003FFFFFFFE8030000C3003FFFFFFFE8000000C0003FFFFFFFE8030000C30043E8000000C
310
0003FFFFFFFE8030000C30043E8000000C0003FFFFFFFD018000000C0003FFFFFFFD038000000C0003FFFFFFFD038000000C0003FFFFFFFD018000000C0003FFFFFFFE8000000C0003FFFFFFFE8000000C0003FFFFFFFE8000000C0003FFFFFFFE8000000C0003FFFFFFFE8000000C0003FFFFFFFD038000000C0003FFFFFF
310
FD038000000C0003FFFFFFFD038000000C0003FFFFFFFD038000000C0003FFFFFFFE8000000C0003FFFFFFFE8000000C0003FFFFFFFE8000000C0003FFFFFFFD018000000C0003FFFFFFFD038000000C0003FFFFFFFD038000000C0003FFFFFFFE8000000C0003FFFFFFFE8000000C0003FFFFFFFE8000000C0003FFFFFFFD
310
038000000C0003FFFFFFFD018000000C0003FFFFFFFD038000000C0003FFFFFFFE8000000C0003FFFFFFFE8010000C3003FFFFFFFE8020000C3003FFFFFFFE8070000C3003FFFFFFFE8000000C0003FFFFFFFE8000000C0003FFFFFFFE8000000C0003FFFFFFFE8000000C0003FFFFFFFE8070000C300479018000000C0003
310
FFFFFFFD018020000C30047A8020000C3003FFFFFFFE8000000C0003FFFFFFFD038000000C0003FFFFFFFD018010000C30043E8020000C30047A8000000C0003FFFFFFFE8000000C0003FFFFFFFD038000000C0003FFFFFFFE8000000C0003FFFFFFFD018030000C30043E8030000C30043E8000000C0003FFFFFFFE807000
310
0C30047A81E0000C3004F28000000C0003FFFFFFFE8000000C0003FFFFFFFD028000000C0003FFFFFFFD028070000C30047A8000000C0003FFFFFFFD018070000C30047AAAA3F400030C010A4391E4151E4091E4793C41D1E4110F4050F7F64190F40D0F80200C
340
16
340
16
340
16
340
75
340
16
340
16
340
16
340
76
340
16
340
16
340
77
340
77
340
16
340
16
340
16
340
16
340
75
340
16
340
16
340
16
340
76
340
16
340
16
340
77
340
77
340
16
340
6F
340
16
340
16
340
16
340
16
340
16
340
75
340
16
340
16
340
16
340
15
340
15
340
15
340
15
340
15
340
15
340
15
340
15
340
15
340
1A4B
340
15
340
15
340
15
340
15
340
15
340
15
340
16
340
15
340
15
340
15
340
15
340
15
340
15
340
16
340
15
340
15
340
15
340
15
340
1A4C
340
15
340
15
340
1A4B
340
15
340
15
340
15
340
15
340
15
340
15
340
15
340
15
340
1A4B
340
15
340
15
340
15
340
1A4C
340
15
340
15
340
15
340
15
340
15
340
1A4C
340
15
340
15
340
15
340
16
340
16
340
16
340
15
340
15
340
1A4B
340
15
340
15
340
15
340
15
340
15
340
15
340
1A4C
340
15
340
15
340
15
340
15
340
15
340
15
340
15
340
15
340
15
340
15
340
15
340
15
340
15
340
15
340
77
340
1A4D
340
77
 94
        0
  0
XRECORD
  5
4ED3
102
{ACAD_XDICTIONARY
360
4ED4
102
}
102
{ACAD_REACTORS
330
3A6
102
}
330
3A6
100
AcDbXrecord
280
     1
 91
    33280
301

290
     0
302
DIM
330
0
 90
        8
 62
   161
370
    -3
331
16
  1
Color_161
440
        0
330
0
 90
        8
 62
   211
370
    -3
331
16
  1
Color_211
440
        0
330
0
 90
        8
 62
     2
370
    -3
331
16
  1
Color_2
440
        0
330
0
 90
        8
 62
    21
370
    -3
331
16
  1
Color_21
440
        0
330
0
 90
        8
 62
    21
370
    -3
331
16
  1
Color_21
440
        0
330
0
 90
        8
 62
   150
370
    -3
331
16
  1
Color_150
440
        0
330
0
 90
        8
 62
   200
370
    -3
331
16
  1
Color_200
440
        0
330
0
 90
        8
 62
     3
370
    -3
331
16
  1
Color_3
440
        0
330
0
 90
        8
 62
   211
370
    -3
331
16
  1
Color_211
440
        0
330
0
 90
        8
 62
     4
370
    -3
331
0
  1
Color_4
440
        0
330
0
 90
        8
 62
     6
370
    -3
331
16
  1
Color_6
440
        0
330
0
 90
        8
 62
   150
370
    -3
331
16
  1
Color_150
440
        0
330
0
 90
        8
 62
     6
370
    -3
331
16
  1
Color_6
440
        0
330
0
 90
        0
 62
     7
370
    30
331
16
  1
Color_7
440
        0
330
0
 90
        0
 62
     4
370
    15
331
16
  1
Color_4
440
        0
330
0
 90
        0
 62
     7
370
    30
331
16
  1
Color_7
440
        0
330
0
 90
        8
 62
     3
370
    15
331
16
  1
Color_3
440
        0
330
0
 90
        9
 62
   253
370
     0
331
16
  1
Color_253
440
        0
330
0
 90
        8
 62
    20
370
    -3
331
16
  1
Color_20
440
        0
330
0
 90
        8
 62
   161
370
    -3
331
16
  1
Color_161
440
        0
330
0
 90
        8
 62
   161
370
    -3
331
16
  1
Color_161
440
        0
330
0
 90
        8
 62
     1
370
    -3
331
76
  1
Color_1
440
        0
330
0
 90
        8
 62
    21
370
    -3
331
16
  1
Color_21
440
        0
330
0
 90
        8
 62
   171
370
    -3
331
16
  1
Color_171
440
        0
330
0
 90
        8
 62
   170
370
    -3
331
16
  1
Color_170
440
        0
330
0
 90
        8
 62
     6
370
    -3
331
16
  1
Color_6
440
        0
330
0
 90
        8
 62
    10
370
    -3
331
16
  1
Color_10
440
        0
330
0
 90
        8
 62
    80
370
    -3
331
16
  1
Color_80
440
        0
330
0
 90
        8
 62
     6
370
     9
331
16
  1
Color_6
440
        0
330
0
 90
        8
 62
     6
370
    13
331
16
  1
Color_6
440
        0
330
0
 90
        8
 62
     3
370
    -3
331
16
  1
Color_3
440
        0
330
0
 90
        8
 62
    61
370
    -3
331
16
  1
Color_61
440
        0
330
0
 90
        8
 62
     4
370
    -3
331
16
  1
Color_4
440
        0
330
0
 90
        8
 62
     4
370
    -3
331
16
  1
Color_4
440
        0
330
0
 90
        8
 62
    21
370
    -3
331
16
  1
Color_21
440
        0
330
0
 90
        8
 62
     2
370
    13
331
16
  1
Color_2
440
        0
330
0
 90
        8
 62
     7
370
    30
331
16
  1
Color_7
440
        0
330
0
 90
        8
 62
   150
370
    -3
331
16
  1
Color_150
440
        0
330
0
 90
        8
 62
     6
370
    -3
331
16
  1
Color_6
440
        0
330
0
 90
        8
 62
     6
370
    -3
331
16
  1
Color_6
440
        0
330
0
 90
        8
 62
    21
370
    -3
331
16
  1
Color_21
440
        0
330
0
 90
        8
 62
    21
370
    -3
331
16
  1
Color_21
440
        0
330
0
 90
        8
 62
    10
370
    -3
331
16
  1
Color_10
440
        0
330
0
 90
        8
 62
    21
370
    -3
331
16
  1
Color_21
440
        0
330
0
 90
       13
 62
    10
370
    -3
331
16
  1
Color_10
440
        0
330
0
 90
        8
 62
   166
370
    -3
331
16
  1
Color_166
440
        0
330
0
 90
        8
 62
     2
370
     5
331
16
  1
Color_2
440
        0
330
0
 90
        8
 62
     5
370
    30
331
16
  1
Color_5
440
        0
330
0
 90
        8
 62
     4
370
    -3
331
16
  1
Color_4
440
        0
330
0
 90
        8
 62
     7
370
    -3
331
16
  1
Color_7
440
        0
330
0
 90
        8
 62
     3
370
    -3
331
16
  1
Color_3
440
        0
330
0
 90
        8
 62
     2
370
    -3
331
16
  1
Color_2
440
        0
330
0
 90
        8
 62
    60
370
    15
331
16
  1
Color_60
440
        0
330
0
 90
        8
 62
   151
370
    -3
331
16
  1
Color_151
440
        0
330
0
 90
        8
 62
     6
370
     5
331
16
  1
Color_6
440
        0
330
0
 90
        8
 62
    21
370
    -3
331
16
  1
Color_21
440
        0
330
0
 90
        8
 62
     6
370
    -3
331
16
  1
Color_6
440
        0
330
0
 90
        8
 62
     7
370
    -3
331
16
  1
Color_7
440
        0
330
4EA1
 90
        8
 62
     7
370
    -3
331
16
  1
Color_7
440
        0
330
99D
 90
        1
 62
   140
370
    -3
331
16
  1
Color_140
440
        0
330
0
 90
        8
 62
   190
370
    -3
331
75
  1
Color_190
440
        0
330
0
 90
        8
 62
     2
370
    -3
331
16
  1
Color_2
440
        0
330
397
 90
        8
 62
     3
370
    -3
331
16
  1
Color_3
440
        0
330
395
 90
        8
 62
     8
370
    -3
331
16
  1
Color_8
440
        0
330
393
 90
        8
 62
     3
370
    -3
331
16
  1
Color_3
440
        0
330
10
 90
        8
 62
     7
370
    -3
331
16
  1
Color_7
440
        0
  0
XRECORD
  5
A84F
102
{ACAD_XDICTIONARY
360
A850
102
}
102
{ACAD_REACTORS
330
3A6
102
}
330
3A6
100
AcDbXrecord
280
     1
 91
    33280
301

290
     0
302
Wire_Local
330
99D
 90
        0
 62
     7
370
    -3
331
16
  1
Color_7
440
        0
330
0
 90
        0
 62
     1
370
    15
331
16
  1
Color_1
440
        0
330
0
 90
        8
 62
    92
370
    -3
331
1A4C
  1
Color_92
440
        0
330
0
 90
        8
 62
     9
370
    -3
331
1A4C
  1
Color_9
440
        0
330
0
 90
        8
 62
     6
370
    -3
331
16
  1
Color_6
440
        0
330
0
 90
        8
 62
     7
370
    -3
331
16
  1
Color_7
440
        0
330
0
 90
        8
 62
     7
370
    -3
331
16
  1
Color_7
440
        0
330
0
 90
        8
 62
     7
370
    -3
331
16
  1
Color_7
440
        0
330
0
 90
        8
 62
    50
370
    -3
331
1A4C
  1
Color_50
440
        0
330
0
 90
        8
 62
     7
370
    -3
331
16
  1
Color_7
440
        0
330
0
 90
        8
 62
     7
370
    -3
331
16
  1
Color_7
440
        0
330
0
 90
        8
 62
     7
370
    -3
331
16
  1
Color_7
440
        0
330
0
 90
        8
 62
     7
370
    -3
331
16
  1
Color_7
440
        0
330
0
 90
        8
 62
     7
370
    -3
331
16
  1
Color_7
440
        0
330
0
 90
        8
 62
     7
370
    -3
331
16
  1
Color_7
440
        0
330
0
 90
        8
 62
     7
370
    -3
331
16
  1
Color_7
440
        0
330
0
 90
        8
 62
     7
370
    -3
331
16
  1
Color_7
440
        0
330
0
 90
        8
 62
     7
370
    -3
331
16
  1
Color_7
440
        0
330
0
 90
        8
 62
     7
370
    -3
331
16
  1
Color_7
440
        0
330
0
 90
        8
 62
     7
370
    -3
331
16
  1
Color_7
440
        0
330
0
 90
        8
 62
     7
370
    -3
331
16
  1
Color_7
440
        0
330
0
 90
        8
 62
     3
370
    15
331
16
  1
Color_3
440
        0
330
0
 90
        8
 62
   166
370
    -3
331
16
  1
Color_166
440
        0
330
0
 90
        8
 62
     2
370
     5
331
16
  1
Color_2
440
        0
330
0
 90
        8
 62
    30
370
    -3
331
16
  1
Color_30
440
        0
330
0
 90
        8
 62
     5
370
    30
331
16
  1
Color_5
440
        0
330
0
 90
        9
 62
    10
370
    -3
331
16
  1
Color_10
440
        0
330
0
 90
        8
 62
     7
370
     0
331
16
  1
Color_7
440
        0
330
0
 90
        8
 62
     3
370
    -3
331
16
  1
Color_3
440
        0
330
0
 90
        8
 62
   150
370
    -3
331
16
  1
Color_150
440
        0
330
0
 90
        8
 62
    30
370
    -3
331
16
  1
Color_30
440
        0
330
0
 90
        8
 62
    54
370
    -3
331
16
  1
Color_54
440
        0
330
0
 90
        8
 62
    30
370
    -3
331
16
  1
Color_30
440
        0
330
0
 90
        8
 62
    30
370
    -3
331
16
  1
Color_30
440
        0
330
0
 90
        8
 62
    30
370
    -3
331
16
  1
Color_30
440
        0
330
0
 90
        8
 62
     9
370
    -3
331
0
  1
Color_9
440
        0
330
0
 90
        8
 62
    30
370
    -3
331
16
  1
Color_30
440
        0
330
0
 90
        8
 62
    30
370
    -3
331
16
  1
Color_30
440
        0
330
0
 90
        8
 62
    30
370
    -3
331
16
  1
Color_30
440
        0
330
0
 90
        8
 62
    30
370
    -3
331
16
  1
Color_30
440
        0
330
0
 90
        8
 62
     2
370
    -3
331
16
  1
Color_2
440
        0
330
0
 90
        8
 62
    30
370
    -3
331
16
  1
Color_30
440
        0
330
0
 90
        8
 62
    30
370
    -3
331
16
  1
Color_30
440
        0
330
0
 90
        8
 62
    30
370
    -3
331
16
  1
Color_30
440
        0
330
393
 90
        8
 62
    30
370
    -3
331
16
  1
Color_30
440
        0
330
395
 90
        8
 62
     8
370
    -3
331
16
  1
Color_8
440
        0
330
397
 90
        8
 62
     7
370
    -3
331
16
  1
Color_7
440
        0
330
0
 90
        0
 62
     9
370
    -3
331
16
  1
Color_9
440
        0
330
0
 90
        8
 62
    30
370
    -3
331
16
  1
Color_30
440
        0
330
0
 90
        8
 62
    21
370
    -3
331
16
  1
Color_21
440
        0
330
0
 90
        8
 62
    21
370
    -3
331
16
  1
Color_21
440
        0
330
0
 90
        8
 62
    21
370
    -3
331
16
  1
Color_21
440
        0
330
0
 90
        0
 62
     8
370
    -3
331
16
  1
Color_8
440
        0
330
0
 90
        8
 62
     6
370
    -3
331
16
  1
Color_6
440
        0
330
0
 90
        8
 62
    30
370
    -3
331
16
  1
Color_30
440
        0
330
10
 90
        8
 62
     7
370
    -3
331
16
  1
Color_7
440
        0
  0
XRECORD
  5
A852
102
{ACAD_REACTORS
330
3A6
102
}
330
3A6
100
AcDbXrecord
280
     1
 91
      511
330
0
 90
        8
 62
     6
370
    -3
331
16
  1
Color_6
330
10
 90
        8
 62
     7
370
    -3
331
16
  1
Color_7
  0
XRECORD
  5
A853
102
{ACAD_REACTORS
330
3A6
102
}
330
3A6
100
AcDbXrecord
280
     1
 91
      511
330
10
 90
        8
 62
     7
370
    -3
331
16
  1
Color_7
  0
DICTIONARY
  5
6615
330
1E
100
AcDbDictionary
280
     1
281
     1
  0
DICTIONARY
  5
58EA
330
22
100
AcDbDictionary
280
     1
281
     1
  0
DICTIONARY
  5
5908
330
295
100
AcDbDictionary
280
     1
281
     1
  3
FBXASSET
360
5909
  0
DICTIONARY
  5
62B8
330
62B7
100
AcDbDictionary
280
     1
281
     1
  3
ACAD_FIELD
360
62B9
  0
DICTIONARY
  5
30B
330
124
100
AcDbDictionary
280
     1
281
     1
  3
ACAD_ROUNDTRIP_2008_TABLESTYLE_CELLSTYLEMAP
360
F747
  0
ACAD_PROXY_OBJECT
  5
6295
102
{ACAD_REACTORS
330
69
102
}
330
69
100
AcDbProxyObject
 90
      499
 91
      524
 71
    31
 97
       57
 70
     0
162
              3734
311
411040138014C01240243904018C01B4014C01D401C801980150019401E001D0014C01D001900109410063006D0046004300460053007400640043504018C01B4015C019401B0019001A401B8019C014C01D001900108410063006D004900640053007400640042D04018C01B40110018401D001D401B4014C01D001900109
311
410063006D0042004F004D005300740064004410401B4019001D00110019401D0018401A401B0014C01E401B4014C01D00190011141006D0064007400530065006300740069006F006E00530079006D005300740064004450401B4019001D0010C019401B801D0019401C8013001A401B80194014C01D00190011141006D00
311
640074005400680072006500610064004C0069006E00650053007400640042D0401B4019001D0013801BC01D00194014C01D00190010B410063006D00540061007000650072005300740064004350401B4019001D0010401B8015801A4019401DC014C01D00190010B4100630041006D0067004C0061007900530074006400
311
43504018C010401B4019C015001A401D001B00194014C01D00190010B4100630041006D006700440069006D0053007400640044504018C010401B4019C012001BC01B00194010C01A0018401C801D0014C01D0019000
161
               725
310
720B81E85EB51B8BE3F8000000C00040540600800030C0200000030000B81E85EB51B8BE3F495222812028120281202812028120281202812048120481202812028120281202812028120281202812028120280A04809FFFE7FFFC
340
11
360
6296
360
6297
360
6298
360
6299
360
629A
360
629B
360
629C
360
62AF
360
629D
360
62AE
360
629E
360
629F
360
62A0
360
62A1
360
62A2
360
62A3
360
62A4
360
62A5
360
62A6
340
578
340
0
340
15
340
15
 94
        0
  0
ACAD_PROXY_OBJECT
  5
626C
102
{ACAD_REACTORS
330
626B
102
}
330
626B
100
AcDbProxyObject
 90
      499
 91
      504
 71
    31
 97
       57
 70
     0
162
              4172
311
42D10015C011C014C01140150015001240138011C014C0109430041004E00470041005200520041005900420CC00C001F000D000D401F000D800C00106430045004E0041004E004700424D000D401F000E400C001F000C400CC00D40106430045004E0044004900410041D0C01140138011001240104014C010B30002E0035
311
007C0031002E0030007C0031002E00350041D0C0114013801100124014C01500106430045004E004C0045004E004190C01140138013C01180118010E4300480041004D00460045005200440049004D004D004F00440045004550C0120010401340118011401480110012401340134013C01100114011001140118010401540
311
1300150010943004C0049004E0041005200520041005900438C000B800C400C800D401F000C000B800C800D401F000C000B800D4010843004C0049004E004500540059005000415600130012401380114010944005700470055005300430041004C00450041D300104014C0150013C0108012801013000421340104012C011
311
4015801240114015C010650005300430041004C00450041948011401580124014C0124010130004154C010C010401300114010531003A0031002E00350042550012401340114014C01500104013401400107560045005200530049004F004E00414C400D400B800C000C001107B00440057004700530045005400540049004
311
E004700530045004E0044007D00C
161
               572
310
40682A0A940000000000001C07E82A50000000000000601FA50000000000000701FA50000000000000701FA7F27F20A82A50A0A9FA040C008000105415280F81401495119CD0505C
 94
        0
  0
ACAD_PROXY_OBJECT
  5
626D
102
{ACAD_REACTORS
330
626B
102
}
330
626B
100
AcDbProxyObject
 90
      499
 91
      504
 71
    31
 97
       57
 70
     0
162
              1382
311
43550014801040138014C014C01140150015001240138011C014C0112440052004100570049004E0047005400520041004E0053004C004100540049004F004E004353C01480124011C012401380104013001300164017C013C0138010A53004F0055005200430045004C0041004E00470040D1401380154010955005000520
311
0450053004500520056004500441EC0110015C011C014C01140150015001240138011C014C01140138011001F400
161
               126
310
4060C00800041801000020A0C0080000
 94
        0
  0
DICTIONARY
  5
4ED4
330
4ED3
100
AcDbDictionary
280
     1
281
     1
  3
AcadLayerStateAnnoScale
360
4ED5
  0
DICTIONARY
  5
A850
330
A84F
100
AcDbDictionary
280
     1
281
     1
  3
AcadLayerStateAnnoScale
360
A851
  0
XRECORD
  5
5909
102
{ACAD_REACTORS
330
5908
102
}
330
5908
100
AcDbXrecord
280
     1
 70
     1
 90
2070111275
 71
     1
  1
A13C8A90-BF47-424C-A2AB-C8C642E6981D
311
504B0304140006080800ED707A4FD61753C81F010000A80100004F00000034353636363537372D314241452D344437342D383430302D4241333234364245364237372F4173736574446174612F446566696E6974696F6E4974657261746F7250726F706572746965732E62696E7D503D4FC330103D18400C0C48FC800EAC26
311
B1E3AF8010B29D9489057E007283692BB969552762EDC8BF8673092B3E3D3FFBDDF9EEC95F00F03D2D3CC209E280FB25F253E8C37EDDBD76ABB0F1709695B85DF8788327CB9BB66E5545E68D6E09676545B4619270451DD5D2186DC429D69D239AF0E1C738E496CFEBD485187D1FB663BA42619A31DBF80167F9789B1F5D00
311
643A20E02F9172A7E5AFA36CF213E1DF77778F3EA5303C145C48298552845A83861AC589E66549ACA91897B69556A9E225A4EDB8EF422A0CAD9C3635E6E75CA17FEE8861C612A79DE4AC95B5A64D31ACC6FC35D7D9C6A2F7EB5894C564E16DD72F05286020A0817BD0203104180C87CC80A25E410D166FF6982F81233B8C39
311
2A25E61D5670AC14D861F64F50F801504B0304140006080800ED707A4F44DBFC4F1F010000300200004500000034353636363537372D314241452D344437342D383430302D4241333234364245364237372F4173736574446174612F496E7374616E636550726F706572746965732E62696E6D513B4EC340147C7C241A4039
311
448A50AC925DAF1D1B0A7FD68603A4A531F64A8920063946B42EE9380F2D67E0001CC14D6A183BC606394F7A9F9937B32BEDBE12D1771B18E90059A29EA1DFE84CE7AB64912CF53A1E83F0B9A16CDF99B1E05ACE991452315FF80153B6B2A4882CC7E6E1496FAC2D069761244C8799521A4C5A82C31C848CCF8D99B29472FC
311
C881ACB9972E6EDF3EB6934F17FD105C89FCC54D074654EE4E4D34F268D4504D197BFDBC77827117DDB05706B21354474025B2B57EB5FD14D430EA77EC37DD210361FAEE0DB87FC4D05A1F3DF9A3A9DC63A0FAB7CE918B97B848962CC8E32CD569BD59D1861E89932093A674458A2ED19FC16ACA51A7F40474470F50264029
311
D4099835F619158D22062EC0A7E036740F554C3F504B0304140006080800ED707A4F88E57597CD3F0000904100006B00000034353636363537372D314241452D344437342D383430302D4241333234364245364237372F5265736F75726365732F41313343384139302D424634372D343234432D413241422D433843363432
311
4536393831442F7468756D626E61696C2F302F67656E657269635F706E67355B773CD4FF1FBF73E71C0E67EF7576C9DEF3EC995D46C6A1EC5046649CBDF79E192942562825CE965D8A868C2842C8DE9FDFD1F7E7F138F7078FCF6B3F5FCFD7EBFDFEC41B196891913091804020321D6D7513FC77D8C5070EC3FFEE51B21F06
311
8154CC75D455CC028A3EA68992803810109FDDE5D5CEC5521B28A1B422BF80741695D5B529DA1C2D058AD2388BDA9F476F7C2CADC939304173DBF48A452BF8A700C0C70C3D121C1AA15A5270C22E2B9E28763651F7DA0D12CE11077B2ECD0D560B5E3DE2368B1E65C5E1C87384A4CC5F2D9FB8BE39E9B77C753783A37998F5
311
CEF1B4FEE553463245C9712270880DF339E0B882A6BA713D865F6F384C842D440934EF264F4A304F8DE4EEFA1E2BF5E2D91F5ADD9613D6E31DDB33ED31DB1D7916CAF091286EA3D31B9CFECB78BB0060245B943C4C040119FF780A74DD308BA9D028678674EB5504ECF284EE814DAED07440BAF649BE4B55DA2890F4D73E2D
311
489A59EE54FDB0A85B59F2F52C4858A02705C4815A792B0C4A996A2023ECB195073E115E3E3647F64243A8338F2000BCB58DA5692C7E7C3D413F963FEDF3CF00FBB0F831A9D51360FECA43819F527B89FA260EB63C5DA676830AA3626A3693B23F1A17A0DFFCE3EE164E31B5365EDF0C89EF64D8E38AB0BA9A1117D7C3A0EC
311
44F44F4023095E80BA610DE336D0F99593A88BFC5306E72DF98F7FD132ED95878DF2964EA7E43071359FD83B2BDF9C6B5BDF768F0F3C0FC351199526F53D9460A34511F75D1B63E488178569472C91A94497807A3FD4A390C6558F26D416365C3656DE6E769DA9D8FC73774E1709812842DD8EF96AED1960F79D21B395CDDF
311
E6F92CB4EB962A4668C76990E2EF29798C8941D67DA50F4A5F947872460F1F6FDB794E8A29FD7AC0C0D6E0714339CE258FB17AE8535221E3464A10F29A0BE5EEECEFC5675926A89F49EB14E5711894F6586DB5754EB4D5DA9C6437EBA57DB97A24F8B8A8DB295FFD73266CF57E82694DF5166DDF93573AFE9C9C5EB05F8FEF
311
8E89E0A8917B0B3724DB7BEBB53252581EFC3E38166BA131A3A5B42FE2AD00A769BBFA4458D2DE7822F8C4F63D0B8E21B285AE13325F3410A435C648C9D91FDEB109E73CEDA7BC796961AF79175E1A3CE4C5E8B0D009B0C9E29EFD98BC8E97554E3D8D838424E270F7685226E5AC268E021EDE3522D583E8F20C0BDE2959EF
311
5BBFEEDAB32FE9A3ED0E39F211A86AA9DEBFC68182EDED132AB8BB794442D2D7EA9F4D8BFF52BC4D55BB165124EE90A42D101E67BBBB292FFB4F66DE5BF2300E44546757DA7CEF8932BFC9F92A0707953491A55C5A5ACEDABD9FA1AEA01BAC3DC5A24E22E7C47213493996EFBC369D086ED9397C9BA6C7F9855C7BD5E15BFC
311
8C53DB3D2A4C5901A57ACD2FBDF4D1676E95338B2C2BCE65FDA4C64F5FEFDC7D9CA5AA1FCF11E193F2FDABF0F4916BF13FB916A224380E6462A9815F2300DC49CC4DF8D055CEF76462F4B7A7ACA7365C2707891370BC1D0AA6203C44CCAB47084FEC057F27FFCD57F89B8B9852459798A675C66BD7CE572CAF71FF7E6D7ECF
311
7BF62CAB7B3F1107DCD04DC55A3F9961700286141C94A4F771FEB2BCDA2DDEE0CB0BAE402FF1DB0100F8E475DFFFC074DDB4498AB7D186A7654DDB1CB680D703D47CEB4E72F8CB13D86A4AA68116E26387B93FD6738779B34FEDB8E517EDF2BAF28D9BE93A1D3A164320E07D42E514725C29515FF361754213EDE06B079A2E
311
99EB1CA82A02019EADEEB87B9AF005BD04BBCECB14AACD6B24EFBE482194A97DD32400685FF1FEF1544D1B14EFB1E7F08E6D2CD2AF52DE757F35F5E62332EE88EA26417AD5C3E0E319D68F25414E6D672BD4522B278C57D18F0113921C71D96527E091F00CEB15AE23D24667369BD3CEFA10C7549D930890BA4366F4EBC55F
311
01F746109F98ABCDD5A3EE06619C6AD78AB33E48E4C9BD21BF7478B385EC05C4F8987E2C1BFA0A60EBEDAA0AE0B015C2720ECE180FB6F2DEFBEB822D96338C9B63822183BBF52FB664A7AE57003AABCE512BF77E7E31BDA2E739AC4C131657DDFE5225E900FB56CC01CDE808FA4A9C9DA16AC679656BB64796283D89812B8F
311
91136AE18EE5EBBAF47A73BE3C153EB5D4CD491B4BFB4FE690A4CF9ABA08C0D8AA64220C438C96EA6CA80B58FE5761E697B3A292EB9FBDA502FA863E49FE694ADDFFF9D62C520BDD1A22014147A0903A05B9B729F54272EF83931FEEC057BFF8C8055C279EAC5C0011804828734024F6CFA319C9CC6867C727184465CD9BB7
311
ED386AFFD96B294A85E3802FAE47244602D8273615952B98C4F23F7EAE4463D9D638EEE374A20959E0FE519C4CFB0FBFE5DD80C2AA3F9DB961D1BDE57E67C9BB47B77FDD74EE3094F5DBBE3EBC1FBDB7393F5116263009E2EFE1AF9A221B2AE234C902BF70E9F280ED23E73908361565964333A3F01D0B006AF32FB21AA131
311
6744B489D5A198E85299241735BE559675130955C902A8ED761FC0DBE337A9F91919AF5CE32AF902ADF9AB2615E00E8A94586BA1A90839B61832FF1BFB76D2EFADE6DB1BA04CCAD3DA649E7E2A0219F592E22F2AD54847EEA8E42271011E9074F8F3DD9FBA6CDF88FFC9FC7E811AD1CA8F4557CE4AFC7BBEDCF0114A48689F
311
20A584520C74DA8127124B767E2FB91A6B186246727BE63C9445BAE02088D58B8EFDC0F1072407CD9B89A13F6303B4A928F593AD489B58E6869325790ADC406036C591729FE14021F94B7796BB11848D463536A092A26F077F94639F7CEEE2A724C66EC885F4A24F8B8A0AC321F8FD149BA529460FAA34E4663C02D41FDF80
311
BCA222D42F0ABFF8490F4FA74C673807C2051D8E467B47B616072860069A9A303ABA9B319D58404461401B0A0F9BE5E1E151C14BC33B32ABE03DDE91708DFAEB15E7C0D593C86BB7D7EC17BE56E57975F077BFD5525F3A1A361D584A75E08CF29FC7B44B2B3085014F3A5A14517377C3F6B8F37E59514C3B12F8AACDEDDA4D
311
FC49BE5710101534CD6FB6DE15B50F11A09472AABA727F0C49D9CB906B158030065F48EB3625E010CEC1D511D0053474B11E6A4F01C0D6EF1BED3A944FDEC70E0DDCDC756C86545910E0DAE3BE3AA9A404574C2995CD5CAF9549226BC94B4F4F0F5F9086F418F6B32346464610D8BC7391D3C3A3CCF04CFC1FB2A3A3170E36
311
9511868F14EEA4E5E438CC73DB1F3248AA94B6B2FF33B222FF3D1E7BF146CAD229770158063BCE4F5391964DF62F7E52A7BE0EEA829C9E13C4C147D6F93FE59E111DAB5E4594D6F3CD1AD375EE039930EFE5AF2BB2D41C83C7DABD8C659BAFBE8FAB392CA634F3D15C1D945DB4588D2B0824A4EC928AAC565557CA2F0DAA58
311
8CA5BE30B3A8004F7BF005E96CBF891D7F18112A3619FDF530DC8AA64954258E1811789B5189B49B4EB53F5F89F7D37523894F3EB57B373763C91E502F52CC99EB7BDDF933FC324C4FFC2561DFFA7339FAFDD0A4BFBE6D3A8FF9ED1FC49898139864602458968913181918F719CCF5A68B2EE9C1FF050E34E63107003B8120
311
FA982C21B30A874E4F5E4B38D5A8290C4B8D9BE48A0BE31EA995BDC37AC6DE90BA17D259DEF53605D55922FEB1855D915B659FBEB350EE0DFB2F9F766E1C84CC8964B75D08667445EAB966015F63A18A9E0A325C1B3DC628C0D3CB60F767FA93CC65F25458BD23C3B312716E5F40E5858AC06EBA9AB14F95DB99147B832069
311
201541D09A0D856E12C629CF32683760EE855537D1901988D5EBC156676C7DD51D7207CF3267AF1D76C2AD867315E44618015313A98B19941C696FED3461CAA9B5415F918556D7802EDACEFD6B2E45853A9735DFC9DBF7E440F9319F8B6805A973BCCDC76C069A9144E51F187EDCC12FC31B5DEAAF0A76137199B106EC84AD
311
A6B6EE697D4E6A96E007417F4E880E8B1E89B4BCE9D81EF611E2ED8F0C1A6C25F620FAFAAB656A7C42D464880E8AFAB0E0FC8EA38CA9A8AEEAEE3E4648BA4680270A89743CDD3E6C6CBF34B7B640EFA285ABC7EA0A1E28F3CC963D114A80123EE66D0AF7D5380EB41909B605AB4765B709B808590458157E69BA1378FEC4B4
311
8CAF6A730E3BE3C5EF2DD1A5EAF94B1DDE50CEB55DDFD7EE9A16747FA4B223359FB1FCC69E1194892BABB93A1D5C4E807AC0EA2E30180811E77A2291F6E7F7FAA5E0F60215BC6024E48DE436C511F0628B8CA189982D4D83CCA17D305A7E923C37941CFDFDCD93ACAF735EF5F0E61BBD3E6C41A59B242790D3A3BAC7064DCD
311
89AA2E37214EC839820949D5CAA31E240D2948E48F690298974A96BA9A8432BC90F5071D6537C9666EA4564796B7AFFFA548077BEEA75F63083435074BA182F3699557397F71548383FDA8CA34D99B981E72835ECDA5DDDC151315173D05A21F651AAF8524E88209E2E7A737ED1045800CE3390050BCFB8BE588DF11161787
311
4C62575039CA588EEFDEFEFE319B739DE2EDC147092A262611E159650E787917885EF08F1F51B8F2D8A71D60B58B190FEF9541A1BE94BC19FEA50784DA1419FE4B0FB51B8D36B5FF8E1286FD8AF42B91E59A5F1CC4D60174E764045FD8C57B18209B217F89A62252BD20BE0E63E12B8E8F029FE19E0E8D0870F58721A55708
311
2250D5424F7909369376E41666C0EE77CD87CB283F661D5FB6D0DA023CB67320A20DC7BE661E9E1BFE5463085C557DA1FF9BE835733766C3D139F2CF9E2208873AD0EB4814DE9E6BF2CAF81614D4D43906ED1C05A3265CABBFE192770FC2F64F940CB6B17B5F166F133C9AEEAD2641807C3E69515171DD74C4A85311513D6E
311
C9530B3B601B6BA3EBFF3B5C3D2F7D69765141E345F75433953D013ADDF8F6AA7DC3F4A7563FE5C7D367937E2900D7EAD0F9FC9A4A1A9B5BDF1FEF08532660C01C5D6DE22199AA774383E306DAB87E301ABB7D213887F9869D4942D0D71E94B27EDF216A318BD488D45DF84529EF575AF3C3938C0AAA0215B01994153E2054
311
A0B894DA5C784980633AAD48576957CF4AEAEAFADC7C587368551C73DBE1E57C58AC713303A8BFC258BD04B51724459FF9E24C03A81E0E0679CEB9B348C0DC998FEB9C6D6EFA77D247CC8F92D3848599ED89A23218D0636465AD1CEEB7DC140D7426F83491C4E8E8281C2FB35240918FFECE880CA2A42D70E8B20B34DF5221
311
C7DB0CF90ECCB9C745B37A47E9B716FF7A97B7A252C1F3814DC7B1E1A7F72B8751D524EF7CAE45B0C73B3BE7D08ED39781B380DDFC9AA4A4749C9493DB5BAD07A6EA6C092FBD0E85DB004DF06B8C9D3089C5320187E4CE1846158C7EA7DDAE8AD9AFFF21AA3A1026BB06A259845E8232DEE62811A4DA9CEAB3A4887320B76E
311
2AE5615EAB7BDF738CBDD01F1E64064BC13D9EC53576751CA8CACD58B3CEB0E6CA585BD089B2A59B9FC101403387AADBDBE70586B93D64BF3AD4453EF9C3B6A93817E8346991798601344F79A83C51F3D50F7BF2683A3605F51A72449489E0EE6169C749C60B1035651103AEE24D24E51A759C840DD3FC6504DA6FE107510E
311
447B43461C79D22970B75DE5E1BD3007D1AFC619A4A4A69B5626AF5E9B8374E20677F77E2F8E73DF868E8BEC7EBA7B6A75EEF7205E1AB9486CB642741D6E03FF13FCCEDB1C4AC129886268B01CDF4B124AF797CF784F3C6DEC97A17D4B558070A0F1C04DA4FF9BDBF34159AEFE958479824B3F58EBD1E19088A2AFDE501B6F
311
2052368A3FD0E650A179EFAB1561E1D27527077136E652676C3670F42DCB3352F48F6BC86D2C3B0051727E41A0A4DC6CE2BE9D47F5CAA2935A3C0539AF080665997194ABECD723B08129CC5B6B21D2E7D54CD4D12610E7E9FB8306771A89576C7A982002775ED44F3F744CF21EEBB27A631671D921938AAEE3EB0D19CD1E08
311
3727F607823E817BF599DCED5394E37EEBC2E88782E638920CA641EF74D4CDFCDEF06F4278ECB18E31E7E9876F2D783C8BF429C75395F57E98C2B495A3DA077EB3AC3C158608B6B57FE3EA48484D9A480096FCEE0DE880950E7E5A5714131C5C41AAA29FD19AE81AC145FA1B9E85C7169A5AB837B213493DF7E9AA4B5FBF9C
311
DEB36EBD21EF1181B7CF7366AB2A951D01E37AF4EB835D1BE8C117CFBE7625D2EBCDB0B20C5A4B45CED0BCDE3EE8DA9DA78C2E21DEAAFFD1197E463C33CC6A80FB785669B856EFF7A8CCCA2841B5A5369173320B1170C368B2748D81062EA0296E5E2D95D7667A4A46D98A6FF475C76AAB0A8C8D45E226FAFC9FE0133EA9F6
311
0111F99CA81ACE03A1D14C89E8B0D69079C91464FA1D99E651D0EAF606F345C42A8A1AA9BA391031582B96D5B4176A77AADB01F12FD298A75DEEBB2C82F0B8650E880722F8DDD90C56A7A058E5FDEF1AC93545BA27367C76F5D8F9690CB6F8DAE141EDD7971F0FB548A2AE435F224D6E5954CA155512F7332029D5A1230854
311
B79F258EC5FFDB09F5F6343A8EB193229B7F7E79B3E48F8E183860B38C8269D1B53738FF1E0BACF6AADA6D4869E9DE708E79B5DADCC09B1BC76F649731CFAF59A83FD8BAE4C749D66FA87A3810D4D62FFE826FA400C0F325D2BC0F3CA35F5847B82A2ACC7961745C823E4D863D54460AF792CE6F79B5C7A33B25C3AEA6CDE1
311
5A919B6367D781E9D44F61BF828672594A3E1D9EDD6DF179A81F27EAC05B936575D73E05C209DDD2115CFB705DF9BBF3C911589B3640735E9E618FC9C36A7326C82B2205E244C55D56FDB9D5DC93CE958D4BF8174D2B3DA54CB3C09F2C2A6DFF73D23B2197355761AD421EC581284A7EF8DE2CE3497C0C804D49B41DFD6A73
311
60844E5BEFFB495CFCDB97A4595911CDBA623274CE852B5E278AF0BEB1770E9D37CD977B2766A7DED0E94B840E1E95E8C77DE5CB6354AF7871427C28ADBEEF7BA0A28E19DE9ACD75F379FE373EAE6DDDAE3834692F9C2B03B4FCA8FCA9ABE8EEEBEBB725B88A7C90941E850682CA04061A7DF0CE82ED49BFAFFD42C309818F
311
AE14755CAAE78B0F73243ECCCAD7DF58FCB9CDFAE7A4D3E6671A613639130D056C8383C8F4FCF4808C331E544DD26E4755D09EA05253B3049A1E32587CC25D72E073E2CD96D04A71BBCB0038FEC3F53D254199C3CDC67CD66640269431860225392B2CB3ECD0B4498AAE78BA1994246AE1EE78F2EDFB79F6C6CB6B5E279C4D
311
373FBC21CB2698C9ACBBEB6A4BB6B39E16AB0E421CCBFC7654D81ED86022F9BB522146F9F4772E2D0E4FA70120C95A85A417BF5078B232F4754363EB1750B2AC2148EB46B1EA72AD9B4D23ADCBC589D70106C3EC2ABEEED84DFE28E718C6C83502C28E9FDD3B09DA0A6F6F7B72B706A31C9E2A331EE70DA56A083D2177BFD6
311
3C55B11D8D949FAFCF90B23A1E24B9B5018B9A17E99F2890EC302F330FE7936E2C23F0D237EC8916F5166AB84B62A21BB0B950146962D754F92CC2C8877BED8FC7B7B25726DD19545392570B3A2C66B58F027BEF412E552D12A588C4A3CC5C3193FCB3485EFFF700D0B9EEC077754A33DC1FB9E25AF814628F91DDFECB667D
311
3F7690803F38D13F8AE39353523BB08FC6760144AFA2CE28236F65EDBB3D5F59A57D612B99E3D7E5F8A851666BF9B5A6658EFC96EEB37A378ABB0EB3FDDF1303AF32C41BD1C8560745D7BD81066B0D6313359CF488563D3BA3F8E2185D1FAA3EBA1397C9D0E3DD232180A4DCADB6AF25DB3AC3CC26589C8239E66E81547BC7
311
E2F328F9884764CA37EB5DBE390DFC03A5246B456A7C3684C4377D0EEF9A350680FA9A077E8B2957B489E09AB1AD41316944C2254B5984830F691C93CAA767EECF976FA5647538830B5E63236A6F0365C1E0F3E327F24FE35EDDBD7360B0F7374837409F7A6311BECC12B7026D4FA1AE204FA3F5FE904B1F420C7A9044AE58
311
E403E7C4848E7DA25DC9EDAC79DD756FAA26B9EA83ACE8A214A2612A22AFA19DAE7DBAC5F8CDE1292A485F98DAC731A29FE01A3966E96BCB9FB5A4C8830E1B9AF0C54B87FBE221A097036E5D28D1F869F810C06A9BB0AC0612F69AEBAF893C6E7AD59460208BAB3A6B09CA4F6BDDAB8CF0D1F84B72487498395A70DCD75479
311
6E271099A567A55CF242BBED64696378BB6CF25EF0FCDB589F3A82F1116D010A9AB9FA4358809EE0C973A2B4229BAA876A70B03AB49CBA7FBE71DB1832FFD32F9BF2C8E98075CACAFB36921235D0F552B6A67E94E094097A5D7DF681B40623DA535ADA7A9AD8E9A62407D7C9A5AE51D62A17A83A23728DE86BB56115804D3F
311
2675F2C6B87541A0FC497BF0CA86420F558C9859EBE9FAD62747E323E3AADC03FDCDDFE7407B09DA90B44E3185723C5381EAEF589765E2F7A099BA46695BAD60CEF3491B8A171F5F56444F7CE9455312C3498C74173AEA0214EC029833B34B650CBB5A5508D5091665309642791708ECF27CF11DB3D797D6CFE474453BD4BF
311
ADB768094B2147814D81C7CBAF8228DCAF5564B5891F5EF6A860EB2E323CB82AB868D8EA048880D63B0DE5341F1B3D53297B928A11E15F25E5148990F710747C3509ED14909C552EBE3973246FCE55D00564D8310BC3EBC5085D08D806799B77D6C57FDF5E55837F9E934F09C03C729271B64F12D0A9F9E938107CAF7BF1EC
311
8CF1BB9B42363D33070F4CACB425E605DDB0A34A12BB936DE286B9887A4E2E558F0886498BFF49C311D96C277CF6A9FC0D75AD0ECC5226D7E0E3572012E56D7FDE4410CEC7A6D0F997F225A2055B8B92E3956E875AE4993CB3D4C9063AF98FD45E1BAB165640A43439A2C9181A7C355B297C0A0CCFFAE19B6FA3C2BA238A88
311
5FBC98B8F6DAF4B94B97304878DF4D8BFF6A4AEDF79E90ED4E68F00CD7299F4E0D83E35601AF0CBEF18C1E870E74758FA91F5131075004DB3CFCF09AE1DABC11957FD9808C92E8A678CE9DBE40DDA0E0D1D505AAFBCBA208232BFB6FB3704E8985E61ADE53DE74152F5C7DE74B1DEDCD37DC3E8FB30D7EBA8B9EFFC3606BF9
311
0B8D438279CB7709FC7C00D327F41817EEA71CD9E49FE9C8C9A81C70915D9F0F15958EC5AA4C3BBFAF46986B90F188BDB24B89DE3C6F29EC3E6F66D84856EE96A35E657CA41B41EFD8DBFA16AD6E91439EA92B40B21C053249F51AE50EB0B24C770FFAF40DF12C8436366819C48E36547D4E7B72FE2BBF10828583057814A6
311
68BDF183F6B2E58DFB151103E56303E63D00F39C27C4661605DB644D19175D02E3F0241E8FC3458D17AAAADB117CE9EEA690D0DB01E634878C04C2C9310B69FCAB831151E3AD293BEF6E46B0ABCECB50F5939B39C613D41E81FAE8D34CAE3C4566B761D37185FE864AC32FCB71AEF39DAA5BAB88609BB980CD2F07A8F94165
311
3B529567726E2B2A58D079DD57E1E5E31426CF184A04D7B03B985F276D47406AF276FE32E3328BA866EB1FD39BEF57863A317634AA5FE467409B3873F5069EF0D71AF00AD189D17BA1974ECDB2D623E9E14086386A6AAB5807825C37B015BFE892AFD154920EC437EB945D958E18622E1E0FE2FA06557CE4BB9BBD05A2D40E
311
774DA2B65473791E314B7D6C886820B2FCFE4AA272B3B8B15E7344A145E8AF919B5454D89D36D413E87211186BF6F645E5EC94DCCE8E1C799022E4EC9BC86D7A0F2AFB1FC4B2CE48F84B3F49ECE65BAD24CADCC07EFF39AB06BE9E6B27A059938EA7208838455383DDBCFCD967DDE4650EF92A14FF933C975DB20BD7FEEBC4
311
487576485963D757D16340D9599FEB362F775F38CA4185A86F74B629C81B133644A3B18FD056E997E0734F9BE26D11C0AAFC669E2AC9FC41D281F8B2E1C35AE27BCE05F3DA295488096688719D974DF1B5D182DB7792288697F8763CFB43562C1CDEE11C4AABD5C22B6E33F6F389CFC3477C5919DC0D533F8A7A1846B7ADB6
311
0ABDC26C43D0CFC8910B7C15EE22675BD02702ED39DB77A87A192CA7A543E6205B979B9F5A6B512A3CA799E198B2D5797C0AF8D1D872CA455D4D431A7879D4DD76110B5FF7F4176B54477A9EB5E4A5D11214FDA585F0382751D8E2582BA5D2075053298FEB8F1537304E32CB22C2E2B693DC0A760B1DFCA751BDC445AFDCBB
311
12820ED85F6D5298933C7EF1211E9E057684056CDA3FEF3BB6052355E162DF27C59E965A8DDB7F9437EB72CDDA3A090DE65A5B2F50326247B7EC67B73ACC7047FC9B353D6EE990F772207C6EC52B39DC2F3C0754821DAB559F7C1809C7D0DD5B0499D0442E0A6E391B3D5DB46D11E731E6794EC77523FBDAA242ED67F9FA1F
311
B684255671F63C9BCFE6E7E896D51001A6113EF2298BA494E0B0980D1FA5B9D60796554C02256B1E0345FB7C6186B6A19D2DCA270416262845FA4F42DB5D9B0A0B6F07FCA2E56C242522E001E0CEB734AF310FC8BFB57E38E03AACE93B3326A2197891E68452B26A6307FDABFEE0223D3C03C3C73D2D5BC054C8311F12004C
311
AE488E5C29287F8156A2CAA4AD0D7BE6B97264E4139F437CE73ADF52E5134C52B819777C18B323A5924E4F67AFD13B1CDC3A61793A79FAF5C0CEB718E441071E797C6DCCB9EFCF7E4A1E9F3DF3C2F9C9E8294E9586868788C972857FB0556D7A26941A7EEB9B580AD78EC40B85DC906B4120A563CA3B87797ED612D3B03596
311
2BB75F6515A393F4CB057F564CDF54F2E5A024514E6A1F901DB80C7E70B1FC05E356A7E72FABF4775B3E3FB8F70A2A8E7B6A94542BB304157978CCC999E707A29CC795E67A59CC546A5D47B368954CA7B6E75EC9E1F6FC73CE3B4F71F8CB1A6B15923D61EAAEB14626AAA9D04A26EB9C66CD1BE86CA31A5D8703DE04CD1EBC
311
E4F5CCB62F93909AD11E55799A781A956ED27D3E738F4538CB04ADABC7DAEF20BC35BA6A90BCC1DC61BA05F20D8832FFB9BC9B15E2DB838A0AFBB7E0C82A562127E0446894F427794C3037186F622BF24DE1B00AA10A23BFA47B2A180D6DA5AD6F7326FEB8C100C2D7142EB2A0B2A9D1008A09BA343D70E054AB69E2A7EDB7
311
83CBD92537FAF4A44D1296AC2792729104B3276C276C951D0CF3CF3F1E6B017720A7B8505A5FF9589365979678C36F1BAF759EAF57C60F1FF5FE9DCF5F8E764FF25A2D06CF25117A8FED51884C13B2B750DB0E4F5E3D64124FCF11F0AD8F1CC3B3DA4B38ED22BF1CB2585EE6BFEBBA63FBFD44F9537B9B37BDD6B358720F98
311
A8125AED4349CCFEB0E135F19E208A04CA7E2B10711185D72E381F448036EF57C9F874E54A971CA37A639E986AC0226DC5AA00D5B14FEA9192234B3DE617814FC221C92F33F1D392F297731B567FD98FD91D989379AF567A65B8ADF177591DB90FBEA99BF4ED11B16E50A0AB1DBF1156D034BBE04D69D08F939D8E92BF525A
311
1DDAFF80ECBC95D8F45D3FDD289FD23F7D8B452F8EBB34EC082DEEE68E18EDDF072060FAD2AB1504DD4879BF67099FC58F6E9DEFBF645D16334A3E9A127C6F1AF6132CF287E433B43A0EE93812B4AA0B194E03EE3FF91EF9C6ED0074A2F6EB18A96A7C9890B1FCDA1F2095E944DB911ED54C60DF16FB74C8CE9BDC7C54C4F1
311
4078CF73C2FFF1F1BBCCD7CF64F71407EA1683DBC410D226627F66E509060D5C0AFD611DE681D509DB8DD12FB1265B03C6F5C55FF4C30BD94187FF692B4F152982502F193098A789526A038AB529A52BC0DC4FB6285CBAC10A8B8DB75DCD9BDABBB221E27D1F8DA9F5EE5926A1C8AA9BA9BC09239C6A7F12914EA3B59EFF7A
311
AEC3FFCCE56F1C5C2980AD072793527565E774F4631DB178CEEC691B1F367BEA0CF2907E1D6B854D527065979DDEF002D8B2ACEA7CE21AE297737EDE1D45B31233B73FEA35BCFDD0B09721FDBAF6432681F2FD10C3E9EFB246FD6E854B344ACC9D8A0EEF876A7314B49B6A499FC650B099D650DBFEC7638ADFD245E2B7839D
311
A5AC5F7D5623FC0ECEEC8653FC9B2BDD1AD4D00A566FBA7186DD3C9CD26512551637498CADB950FEC71ADB9A5524285DE328B8EC7EC75D2345AEC6A27C42AF6D9B92155315C80DBFCABBB7DA0FAE425C4FB896B15C9BFAC4FE67DF5A23D30C93DA4D8F36FB15D100050DA6062E22AEC5F4DAC4F6FEEF97AE05DE63C6D38F9E
311
068A20BC5E3B6BCD75320C5090924E7F93640A7735B1A43451C2D91EE62C6238B797349E59890AF3A520DF4A87095F3ABEC2E61F0593416CE46CDCBE0E00E2523FCCD04408588B5B6C9DB6459C786CE378770B54F51DA3A5E1DF2A3349BEAAC234A6CF8993B598B3B25B4B113E353A4D750FA7534749430F3EBF2512E7EA3F
311
D43C6AB9A1F765A58463B306721A15D224FAFE8C6F5E3432D57EE697DA0DD5A9D4866A8BCCAAA9DFF1F06047851408FEC060471D0E3EB86BFAF46E4B5E60311DC3E3CEA147C75CF971BE74689507154FF2D2E92F15CDB2B9182B11459FD8ACAC5A85F174BC94A7F4EE4C4F5CAFA7C02E37BF0BC77B7DCD0C047BC316F562A0
311
1A441AFA7931CC84A28CB9F4AA367EB515778F29BFE61195FA671F4352E5E46E3A64773F1F76EE5EB36D7BCE9BCEAD837A4D77F8DB8C92AEEF6711920D7C7D0F76B0FD0EB7AB83724CD35BCA7D36DDDF5FBB7FF6F04A91F3E2BB3B8F1A43CD659639507FF6331C5F697BCC782AE57D757A27D97F1AB9E0AEDB43F92F1B2AAC
311
DF5FEC8ADBAF9F814E2027003BA2F9E144B1938A7A04050AE5D953B82C45619165C813A10E76DD6906B3C16438064D14CDA713AEC420034613E1AC7241904A49FBF87409AFB1FCB9B72FE7933A87D8FBEDACECE4EDCF6A4FE9FB94D5DEB74FAB7CFEAE17EE965DF980DCCA2D04134994F9A2E94D2265DA4FE6AA7B7AC15FAC
311
AC2B5ABBCD7DFF542C5314FDAB2E1B9D8B65220B8E2B638BE008E8DCA22678C820C5053664D15E89F2D735B51A84955E81A443545E9FF787BE0FA700A76D136C27DA179A7C6E8939E01BE756E19CB292798063D8B97F44E8A27BCF3A614FEB8BE974A718E86F7EC99B53CA35FA24F61F2B07266684623A3D4CF073E511F3A1
311
0A8FDAFAF0078C577F4DF9D339FE7862E5FA47CF4344209E5BF76D783B1B48E152AD281B15FCB934DCDA49CEC5706B1EE8B460F435324A5CAD154725E21AB8044B75A557A79F6C807B9340AA3D92503E866F4274412926C8C504E4D5EF8C0E68DD0B028781A6B4054F11CF18941F101C57CCC796773ABC8DED9CD91FE57888
311
06C05E548895354AEAC96546D55B0E94A59F148D061F42AA398D822CDECA4CDE79E13469BDCC44FDC990F366BA5978C15F97ED80CBFD73B0CD9B8B83A4F6845BDFBFAF034019473FB9A63BD55D3A4A7284757071574029A4D016DCCBE95DD679EF3C4880BF169422F8C89B68A988D2B13793CAED4F74DE7486C72DC94DF46B
311
8E93D8E02EFCB1FF9B3BA10C8AE7F653DF94F4AF466CDDCEF5776687F7C4C14B63E4EED1719DC2EC482D7DBCC7AE518CDE3D5FF86D39000EC3673C0044E1D308BF05F74D1B5F033A7D1BE7F74BC55BBE3E4A20F920946CA0271EB17BD2B80E5660ACB8A29A79F5E4BBA49D4D945B6EEF4A7EFEAA65E5555BBB57A7E15D2F83
311
C69F30BBB978D2B39F1F26FC097424D39BB33CA3D87ABF64E307938B685BAD44F71556A30B7E712CA4FE600613C3E554B69ADE949A7CFE214DF1FFF05CB82151EC6FC31950239F94CF7AD39DC473F6EA356E5EC2C4EFA04383CEFE985A127484366FBEE3C0EC4FEA363E4F6632AE781392FD45D67B63FB8DF70E82734F431F
311
D3443172A0E30A83D60982D55FA6A2CF86DBA8382502ACC6CDEF3B907982EED1160E14863FA242F9757347E1544275CCDCF71ECD5F8621CBEA326B8BA884AD7F825781923E66971F04010D574C541D8427A438A37EEF8AF88240EED7362C953F5A81DE2D56109CDE2524EA0F5D2F87308C0C47BD97AD605878AB8589E17CA8
311
3930CB5E0DCCD75853D68B1AB136594926DE426C367428E9334AFAFF90ECE221BB5DC9E5BB53D2CDEF954EAA9CD814F0E5725F1965DD458E5F8487683AD86B9D0076BE3EE91EB1CECC5331A67A3F79D8B27587C12EC2A6A70474749F27B4C0BBAFB94B34189E88DC18964BE4121B9137FD516C7755356E50D6714E31ACD222
311
621EBBCD1CFF81D87479056A9DA0E0B8EA19D24CF937DA89F78E8650CCBDC110AAB6C4E46DCBFD0446BA9E2060E81F314AC2031E88135E5476AC0160EF5C0DD2EEF1B8B5CB2D198BE9A554A9093B5F7D7E4B5407DDFCA1D9C152FD97F55BFFFDFE802954DFEC8995B983E28AC92F1971E28F531DC407A1280EB125F64A72E6
311
17EFB27DFBCEDCDA2D6F2BDADA36873EE46B9BE1782998C63DA7182BC383FB6FD15DA472B175D7E8B4FC88F38D6E07FEAA3FA3CBB8F6B449ECF14D2175E5C5CCA3A42ABF24CA6C9395AF74535F4DDB38CB84F56614B0FD32D7E19CA5CF988DB4449C40E23DF2B16772594554579094450F56F253CD25EA7F77366FB1CFE796
311
96C428BB64D5A41E986189427E5E4D7E2DAE3D5BB4972B3DC44EAABDDDD63A2264ECFA5C786EB0EE1FDC5BE34FA0F08376869FD1E61EA06CAE15191135445EE8F0394161C3266A596AA035572BB0C8876180D8B9C77D307DF9DCDF7365ABDA6F3A2366436457A4DFC1F259666569A9E4A79C817BDD5610E5200FCE894A358E
311
C72858D50EF67545DA81C6FACE3D457BAF70367E1E6BDD9A952FB4F56247F58F523B97E640246051A72F79BE42FFA0B3187F63097F91C48B868586F714B0EBD5A00A8412C1236E1298F60C72BE6C96B82B404CADAA304AE9F303176B14BA53FBC2D5E86377E35542019E24D97B96A49B2C0E5006E7795954DEAF5DA5895883
311
9043C6C70BD3B1B33B6DC5C31316D8A6923F142E26F6711A2258AF977DDF1F970ECC4F1F2B434B96D81BEB6E89BF3BBB3C7C8CC80505070723D6D7D7D3C8CA27CA164A26024FED94B12A86031867241DA53D929636DA600F050BC40CE48B8BA03D69224720DEE2ED2127390BDF5E6EA64527BBD4C4C63FA76BB801FEEC0E61
311
218EC98A8A86CD8313781617877E66692839B9468CF4DB8E50A73986E558E309C0D6F676F921BE02F1185454DC75B111572FF9D27D85EA14C05AD7271225B391C4275659CA4A43759D0BA44639BE4C30A84DB7F67A41399FB95CBF923B1B1672ABC807C1590557FB18D811983FA97F5E609516D62281D38B1281F68FC75528
311
C35E4CD7DF0F7DBB5E5DD69C414EBEA2F4A5B241B996BA77AE6C772E367408C633EA3E438B68563EA8BE7667F3A4C4FDEEA52ABD78A2820F443B7914A15F180018D231E64519C56A12F6CA7C8DAE18F06F6B769DBF92329EF6A5D18FBCE600F36BD8E8198DE5CDAA96181F3A756EBA5501CEE58F497EA4F418A2B82565B9BC
311
C611713C0B708CCA1F398B78C5F7D03B3437CC18F13061F55C7BEDADD5ACB1DB0E36D3CE47FF6EA1A563A57E9649EA5D14D1A50EAA457463381C073777EF1600607BAF6428A7DDC079D47A204EF1E1F1F0589FB054D45E02CE623B3823C317C601E589E22B1E88B448524B86A82828E32345EC18AE17214B42F8C41C6D4280
311
16D9BA31DDCB47572561E5A402E5BA4FCE55F78AF7268524AA04130F3A20BA5D1E9F9948EA48FC8F5314FDB35E21898198060034ACE5E3E2BBCA34092518F275190AF65F45867FF0900AA4B81F25427414C372BF51DC29AA855C5428EE1EEDD6B849AD60F6E73475C2D2523F8A2772C840A478DED18A8C5C91B085F255DC4F
311
54EA7AA8947354FD17ECF8FB3B4A0DE7B483CAF3A1165EE05BBA413E5C1FEF3DE1D6B8F2F3F3251C17D9FCAB48A9AAF63AC773A0E413BBC46A9ADF84A566FC920E4D8C52C9769EE3301CADEEEDD92B312E02E2A7E35B7F1E7D203FE5A7D75578B06E99D0E46FFADB8FDA17ED8880390DA29094202D6F645F76F6F96409CDA0
311
5495A96E84B04A00D1A6C6C81D7F3DE9376E828CCF144EE50E364ACCE7237EA0BFB5607ED1AC3CFE73794E5B61739D14DF1743441B1AC98F00ECEDE9E7301FA29755FBEFA68C91EF2B314CF510537EF1ABFC9A762496280B546F5EDAAF8A5B387D469FC9A878A92828C88608453ACEC6094DCA54111E7AD5B2663DFE2DD151
311
B7F123B9F4FEF8EE36AB125FD7AD52A59B1B765B3E3F73E3F73DEA93875004D2AFFE3CDE9493B87A9904DD052028949041A91DC0E1BA47BA714343FD5B25E0A6A09503AFC17C790058A836A324FE31D7893512E28230332F153181C1E018E1124EBE1BA262AA428A518237D1EA7275E48C5C561BD19ED6912EDD8367DA0F31
311
E40EEAE9683DA9257525AEA7B632B97119E17145A90231768A4F3B9120FF32E8319B015E3CBE26F1A754177D8185345817C096B0CE443A955D13AC15E1FB5DEEA0239EC32A3C92241A237B0B02FFCB4F93CF2B02570C8D192E2F2A68CEEB42F12E6F8CEEFF46C251E22B4341C56FB08CCE550E7A9D6F4D6564B9EA52A83D5B
311
F2C6E03FA19D2775E15A8A7ACF30A13C259EE7F5EF2AC3BA354F1500E1A07FC63FB4686E2F12EC69719F9ECF5FE3F35598DF2CE944008CE78F0911BA5BE5D0A34E0098FF038669C26030BA9B300303039852A8F6F496341737CA7E0D2E3AAA36DE0A70AA7D9CA0D54D9AD84B18A44C9E625475E1C97B93BEBB38DCE7D227E6
311
7A2D00F531436136355F243D1FC0D712C5765754FA22FCFFAE97919161F46D6E61ACB37D83777B385889770B50765B127768443A5C4D3A4E35A3151111F146B7CA116F918A049F1C272F2CD7976C69A0068773451659A97E0F4A08FE604C3FF6CE7385DB19F4D3ABC8A0D80DA8A42096AC377DB49382B36E270B6FA7570188
311
B4B7D1DDDDA82ACA487CCA5D38BD3BD039ADBAFA4ACFF27809239B722081E2EB9F145320553D183F28471C388BC8814E5045676767AB58A8E72D1CED2CA731379515D2E533E4CF0B39DFC625F97AC4836831A4DE330E87A8126FA17EBE583D614E71E22A8DBF2825599743E0640037303E8E1B1E8EA4E1ABFA4F62907B5E4E
311
0E5DCFDAB417C36C6848A2B8D15F1E505434C0707E16B1CFC2A1C36A42BBF55734F8F4301DDC2A5110CEE8C0747F69519265012A2174BF4E955ECD4FDE095A3ABC70536B7AD0B9D7892F81287D667C108703C9B66A221E9A0929D030008F77FF6F5D2108EF5706FC87A3069B976F7C9FC3239D13D283CDEA83597461079FEE
311
E049B0F392889898B7D87D31F8D60ED7B56B91823A8E4EDDB36C6172ECEE42BD42B12CD67994FA0F0DFAE9389356F4CD4425A4B8AA55CBF7ECD585C6A2C2316791E43D5C06841ADBB226A87FD61515FFBB0167B74E56BD7F3E90A57A97FEDCBDF483A0D6699A8C0849CAEB4947FAA90D8E332D9DEBD9F4738C37DA0CAF9CF3
311
DAA68BCB67C420459C7A64498D6E848E5CADE92BB6901F607AA331104A67F7CD650EE169B1DAE94D2C31C2F993632259B6957E246EFE4C5481107B07118607700040E5812A2A2A38DA0076875258C753F60E0F2662C748EDD5F3F3686B8FC3BD6FE631ECCAA1E8B1C1E565AD117E54893E79F4672E32F9E46B2A183DFDCF3E
311
ECB4D4D077DBEA0DA254D256045109670050129E9B9B1A9E4A11344D61497A992778095151510C4BB7EF2009B63AA4360635312E4CF668B7E0D3D85A8688E2BD83B569439892ADB63461930D428E0DE42E4AC57CE48DA5CC1449530D8BD3D6A0F08DF20C8E8F570F2CFFFCEA286E30969B4654D498A58D9DA782E19FE3F002
311
181838925592C4A1EF0B332D88B61A92C644547BED490D3A42CFFAB70E36D961F694F6307F72FF15A1C79D5B1B5CEFD353D9E2B52566DEC8F8F09CB3E8359C0F68EBBB7898243E34E12A015B2685AB303C04D3A9E00671FF3DFF0A184E4A2ABEB2B666AF5B3A209C73D8EF29DCDB069C9F391EEE9DD0F74C7BCDE16F8F02E3
311
B8816122BBEB50665775B600549D8BB33A54A6BF940C028118BC6878C79958D6784F9DEAA6E26748386FFAF8D0D0101E2847B6563F5D8DC1D78F787BE00E2C941AE12148D4A81599FE8F68D4DA5CDED75530ADE138240300EE13B0FC13A1687FED6774662C05A2B7DFB186732F0D7A93545D8B0A6390AE5054D9CB582DA846
311
D7A061B3358B45E2B52DDE63E114397EDB7E09233A579155D795BE76102CF277F4DF8B188C4F2879BEAE3C08347124BF9ED23B128259FE107D31E34A652F090B30B39E0D9AF917B76A2806135621A8A60681F16AF216514BBD02711585B5B1AE823F4B2D0369EA5B6BCB863072727FFC871CA6C9AB79A814D989057E9470A3
311
D238BC87CBB4A0EA49AFE2B86F22E499793CAA9047080450166BDC357524561E258C77CB697F1ABB32562CF87C3B7AA12F911EF19FB3E5C02222E887D08202A60A17151F5E053A86B437771088B4FEE14D652C43E8D939995D34545E12E2FF93D4E366EAD25F10CB7DED141563C3D0C447AF06078A91135FD4B9611583CB4B
311
F3BD167F2399CEAB0E0100F8FFC305F00F1711717173138B4B48C83022295DE657EFEDD97F238ECA80F528AFB4F8D67AD4E2594B9A3AA86D7487EFC313BA95745C186F0CDD84CC12DC9CB0424B42203D351FD9C0A3AF10CC7F388E0329279087386421F194F4A29464C1DEF7EF8BE515E4A199DCD5B909342598D8FE6A231F
311
71336248D5CEC5454455C7BE383B3BC7B260FED27F703FDC39A170F3827239102F59D4DEE7FEF82EAA1A5E4BA94DCC4CC44E7E2EDE20F24244E4454369D2E87C3F823F193FD4FD27E1C23984B01898D15ABC20711A8A558054951A6AE280096BA36CBA439603B7B0B4C45F248C14B2383B4B5CD8ECECE4FF859AD4A6CA2326
311
D020EF090F4041D28DB66E5256B56232CC52829DE8060BAE6BBF37D4B7469B822454FE93210A3E8D15E69FFCF01123222611C51C4FD0A041A0CFA2471CF6BE38D2B20FA4C3525B5B8B586759475CF80ADFE67A284AC24651E52B8E683D24C2622642F27E7C3C22783BCF63648BC398BD6CD0D9C97E7E7E3EACB6126DB7A6C1
311
FD9F1031302EE67ED96F22B77C7CA0239BB324207559B105E4693EB26EC46182A92C9C0DBD24F29B31C5C5AC1F84300E0E17CEEAC15F5736FA4A98971E2F1423BFCD68D4BBD5F86E74B40A369F39507C88FCDB35D2DD8DEBEA4AF999E23CF2816D204200DF6E611781B9884C1AC8888B4DE397320472959434323A5A36B22A
311
8E1F721A270DF3BD65E4A31C11FF048AFB0D8B7B6881423793963A23CFCE935FC189ED36FAE35C46DA3574C979E4394BE52084F3081837BE033396D2EBD80F1F691B273F660D2B32FA27A33B1DE4ADA5F0FA4651511102DFA410DDA86E065272CA314D5249DF91B06BB92807B28EFD54F08F7B525252782CD276DD02E6B031
311
9B13DF87B1F6361AD6B28FC0D711CF445429B9E5A433CD493051C49A9E03DDB1B147D880253514A5DED88009018620EE229101C041950E2D8AA8E1F5F5438E0C0C0C60EEDEE9E3E0C051948C69F84BB7B2A48A1F3C8EB9E6864687F4F4F6F6E2FA87608ADAF9C5E117B7C1A737E710769DA1D15ECE6A84502AA855398712D5
311
FB51BE92E4EF824969CE18278798AC303C2C7980DD2500ADF8FB1E6D6C2FAAFF9987178923334A244758BAA01A9A1B70FA5097D01E1CC2A58DAD0EC94CE6430AA9B0C10D75E3C6BAC670EFBADEE1607739CE0FC18A2587E3EC3058562014C64219C69BC269082D5C2F4A659278D585755912176D78A1B641719C2A394CED49
311
5A1AC5D583FD2F5EDD93308EA7EAE8A6DD396598BDBD3D4CFED62D18A5BDFDE0DD5C80D1A89BA62697B131AE7CE9A6594138582F1B37D68F1749AC7CB67A70695D48A4A056AC1FBD4E82358CEAE38F54B95A9016F9000F9879C0D9D131768635CA798895F27D6F1614F11F2838A83611AA51C9A3DDB539D42979C29F104656
311
55C17BEC3E2760B80DCBF609198C7B171A531905F3EC218D696025975E986C6B4C666666787271F202805577DD5A3EF0CAFAF91B62DC4B2DB4217A7606282F31D8DDBC290593BAA93EA6353AFA9939B877978481E15CFC9F2755CDC00C538F63A4BA3E80AE009B73CA0185687D339A507D165B74290D6EE46D5C58148F020C
311
3668ABE9EF2F7549170DC80DB41FFC1D678FF19AEB10C7133832B104B80F691B3138F97A92D26E551F1F110400D45AC71A9B9AC41A1A1B1DAEED0B0810638EFFB511D46B121C6FEA0F38CD00E03CFFEB9713FE1F9C263E4DDEC160D0497FA9A132BA608584057FB15380825DE6C7FC3C667EE947D488A09898D8E939C4953B
311
F4EC9836344D2CC6B2971B2A21A572B06096F4982D2CC7232D46E8EA69DC83722E267754D777F97F96D5DA74E1E75178084D0E70F12AD33E5F71EF2AFA599B2BEBF60A5BE475F444F240CBFE8143C334E7ED9150FEEFEF7EB020C4DBED388DD1D6A167A76F3CBF119B578AE8CFA7736ACAFA4440A1C47185638A0D2F3EB5BD
311
DEFDA958FB13CE4AA4923D5BF840392D45544329525749734866684BF7F8D9D54D892E19BCA9F829A0F8BFCBEEA6CFDFC61D74EA1A645ED7A1FF241739F15694BD835B66FEC5677E40FE69BD3F91AE402F036537218A401CB0828604AD189E575015C6F3F6BBC8AC79CF6C70653847254B31551EFCBEB5978B9DB85D58D0FA
311
41A9DFE9C624834AA04949D24B5AE6D299E072D152D12097920F14AA92C31C3B97E28B6C2E6E9C23D63043ECBBC0A60FDF5BD0C33C127EA8A3308B8B6AFFEB28B4455BF6E7AF4FC6222728357EB8E46E85053E6A8843AB23295BF838ABDA94658FEF3F832F147046B4ACD6F7D48E8FCC9618582961C898D1C7A253C91BFECB
311
DA6BA18A1FCF70755DCCEE2222F41B76D23CA98D0CB3D95F0CF66D57FFF65E2A90F5DF40FC3187621E981BD0BC1D992787212688976B94A8F0C6EF646624B570B78E068826F87CE27041A95C9A4871FF65CC17FCB1639629AD6A9517000D63AC231F3D741CB8430777E7ECF80CE7A3F73C0F162F7E56AA71F4DA80A33CD6AC
311
EE78E2C11FAC03DAFCE929B106F8F6B3ED2DC71FF994BD9CEF4E9A94896EF1B6E2B7B4978168BCF0847A3D2A4F1B0500B926E634B174548E9FBAD27153FB5FC36799B1E6C7C38A94E1F9E996796D7B485E635D5287A2AE76FBD11A341DB3F8F810385BB7296391973DC6C37C452A9305AEBBE0CDB6C566DB59FE60C8E94B1F
311
D090354BF51439FFD1B48D725228FFA88C84F686F547107A7A235665A4593B7C34D748C1AC8D56DD5DA861EEFBADDECBBD65117E65851F90351AEB65F0EFCFF4BCFEF24CB7A5879699FAC437A7AF9099186CF006BB923A59E37D7A36A29FD8D2CBB914A5E9D0A8FD212FBF796AE9A67958FF1D5D8B85F78F96219D4714EB91
311
9929241B6C018AAE0C02069F8D919961EC5DDFBFB7573E3AC8E08BFB7C8534BE6DE045B3CD63DBD71F7638BA2309CAE398EA3A7D8F98BBBC7AEB367EFA5CFA27A9F8F2F52FE878058E6209C026453F8E7E8A237DFC389E9590F6059B397CFD65183BBF936E86896612A5B5FEE49DAC8455D026218AFEBEC12B3523A45B57B8
311
2C9C97E02ACFA1184DB18E48CF615DBF39C3CC6F0B4AE6BBEEA2E39D944E290302FA3DE33FA7E40296E2EF7BF1CD855BBECFAD0FD622BEE9746FC4FDFDE545AE6E3BC234CADF83A0FB76DFB145BF3828AE3436368AC24989454F8FF70A177672C711CAA1A76107218CF948CA01F873520E7A2B118EBB161ABAD43293202962
311
8B6761590C98AB590C8C8C79798CE9F715BA696E839E9131A4BB68BE923F1747FBFF165331FFDD4D05997ACD168F12CA75348DAC04C7F509FE83898A8B421181AF492861CE81E4A2DD0A30850CFA95E05F097FF70F9E777310D584A75BA7018922E271DAB1D785671157685B7D383D3E074DDB4F1E44EF04B07BAAC75A0620
311
77C54B9752C738C9D804D402E02851F3F89605AF189738C18C021D2139EAF72513824E10DDD3047BACC8521ED7E98B257D1166903B1B08FA6F918FD7E162913FEC7D0EF4787E29C35FBA8C6E2C9C20E9AB30AE42CA2A01A090E7D010C1B5BF9CEE2A304BF3A987FB40D836979B79E18D70F257DA61E808472DD85B82761825
311
779D6B90CAEB0F23360C6F80A7D7D77545E95B3DFF0CF96A827F9B5BCECD2C9698718417EF80FEEDEE938AFF55859D0D540B7FE09435583A6F04874A0C7E8CF234DF4879722000167F5872CEC6BF3EF7E5A8CC8121E6A359227C8A29C95212F9F735BC72A887D56B8F309FC525BFB4FD767AAEC4AEFF249CFBBD2DE1AB9969
311
A6155C7D8DABC307E47324C1F916C7BCFF40ABA5644E9FFB9238D19ADADA49D9610F01ABBA57E4DFCBDCCBB2B93C8953206C91DE01B0E2651A6D6C31721915B31F7B7CBCE55466F6D70402788FA91D73BE4ADCBA99A35F17D6B83383704917D6833F0FA3CD45C926ADB8BC17999A4A0AFBCE2541F7B8CF4C2F5FBA611B3E62
311
6D64407CB32C122DFF4EF8674D6EDBB86C8F7C6A16D50FA685E2CCA34F8F7D1D8265BB0042E9D7F1F666F7BE5FAA5184DF58E12122A42EF02F461B3F369AC746F96528AD208512AB56844CF75B97F352DF7995024FB02855385854F3798670D01CAC771AC3E1889EC25F61A20C1F8CAB46898817F9C47E2CDA1F286BF2F358
311
298709FE567C91133E2638C8B53975E753EA8BFD3578B5F7186B7BF084EBA3F77BAC3132A5779902EC22AF2D2E79F42D324E083386DAEE9810D1B44A5DAA54513C7A71E52A4AB9257D975B621308FE4D2141CC3DCFE946C154A3C1DFCCA7629EC69ACFA831634ADDA93C0388D2A9A2DDAFCF957C6995BCE7FBB6DC4EBAE79E
311
63EB08E9A25F52F67076F7093CA545CA3053B5BF576DEAD4E0017143C5F759F32B2D6F145B52B67B48909B7C7FCA6586EE385A2189C16932CB6DDFD9152AE317C430492A578ED27B72D85D40C7C93C097939E1B50F4D67F05334FE9DC362C30B7FF561B95259138ECFD9274C8D695C31B14D4EAA9F3D7FA8DDF652F8C5DEFA
311
23284C799B7D94416DEE81E05A866302DC70192A5368EA65E1CED8BF107A1E2D3119A71E85DC1A7B0C1E93274CE04DD0F2ABC8AC7C987FDB002B6F81757B43502EF7A0D92E416494FAEEA4C9C090CD9557AA4D532F4996A272B94355C5A0E4974EEA9627476F30809B94D8D8D860062E02204643BEC7D0438AF800FC7E2B26
311
955D595421E83C69E1A07E0E3122285835F014AD538188CF9737CE76D464A353FA55A001AB2526B84E985083693BC76FE211CA1D000679C889E3C009832C87E1AC2EDD05C302557422DF0800E316FCAC86978A371F025A6C7DAA9F333E7BD160403A1A06EA75AA9888FF01504B0304140006080800ED707A4F28BB58AF8001
311
00009E0500003D00000034353636363537372D314241452D344437342D383430302D4241333234364245364237372F536368656D61732F436F6D6D6F6E536368656D612E786D6CBD544D4FC23018BEFB2B96DE15493C78601010A34B880709DEDFB52FD0D8B54BD70DF6EFED3AC0B12E6442E2716BFB3CEFF3D18E26FB4404
311
05EA8C2B1992E1C323095052C5B8DC842437EBFB673219DF8DA659866649B798C078B48AE6410122242F2A4994AC7F93815DF85C049C8564CA0A901499DD886B2EB9B1E02448F358701A9235880C49A0119892A20C89D1B9FD768815CAD268CB5E0355B40B1E47F3E37A2020464BED06AA57CE8FCC20C3C3446D46761A2632
311
A8C1283D07031EFF2AE7CCB1BFEEE916E406DFAC8E36FFD99A9D60A6944090EEDC3B670C7DC13DE86B6B2C5C240D6E503BB85ACD579D513F1B9F9A69DC9CC22AFA80C426D40AF0B21EA168559156B6276F0F726A6BFF04DCD513A87A62CAD41FB24FCB2858B3952E3D852084DA25B9303C15687973CC8E8AAE11DF2836C38C
311
6A9E765E8C1BA1BFB1DC29CDFE518C8B5A7655A4ED7E77291ABEB80DBD82EC866ADE1B8D05AF9E35CF09D7A061F38A986D9EC412B8F0F65E5D81534D9B231D1E5A8FE577A241F3A5FD01504B0304140006080800ED707A4FE336299B9F040000341300003E00000034353636363537372D314241452D344437342D38343030
311
2D4241333234364245364237372F536368656D61732F47656E65726963536368656D612E786D6CD5585B6FE238147EDF5F61E5BD1498E9A895A02398AA5D1E2A5665BAAF96710C78D6B9C87168D95FBFE7F81242134A968E469A4855437C72AEDFB965F4F53551642B7421B3741C0D7AFD88889467B14CD7E3A834AB8BEBE8
311
EBED1FA3495108B3E01B91B0DBD1F3EC8E6C991A470F22155A72F73CBABC1D4D5921DCD1934863A11F990102A6F61466977B8AC49FB13C174CB3940BE4504A22E3713489B7F82406516225536940BD88E4E552493E8E564C1522225AB0384BD56E1C195DC26FAB13882C2EBD62E1FF9E5B0FCC453132C99548446A1872B622
311
67078F1EF14C3DB1DD1952DDBBB384AD456779F387C51992E0ADCE12FED2622BC5CB1952FC9BDF3295E9206E961AB116DA7ACE45F76F07A26EFC3FD762FD7362FC3C0BAA4DB34C09E682CA5167BADCD16CF94370E331E2F1A3D852008AAD5D64BA2373478338AEB1583B905396D158182655E1B938D07926CF007CC7E85E67
311
09999B0D3827C0BF406BEF55C68CF5579DA32C8C85BE03EFE788787E8FEC95DC85C3E31A615658D81F9A34499612004CE69CAB12531B15A887ACA642C110F8C1A8C1974A85853F407794695C905C688E69B116550ACA946B9B4785FC179E0E229240B62665328E86D5BD2C800CF5D80289F35AC25E3DD51508F4BF9A74A0F5
311
A557BB3D284BC6FF59312E282F956A75C5D453906F48D11A876599E49425602400842995BDF02C4D012E226658F78A710416AC552831FDDEF0E6F0BABEBEA9DC36718CCEF4DAC5A0DF871AECBDD8F448F015F8DA113A473609D1751672B723874B2CAB21ECD6E284E51DCC7D1A47A00F60EC21DC4CC3CDC406DC03760A4E6C
311
772F2F4D561A9AE58C4B03F5B4838701472139EDCB36819A66C472B52AB1139C648956F43E0DAEC067B56B0818F5961D3D446B8F1E1E78C0EAD7EE02AF2895D813E88AC5014A7B436DBB20F778D40A1D9737EFE45B47D49CC8360F9966B15AABAC802C1005548A93EE469F5D55317CD8BF0AA86CABADB2A009D4D6F60CFE53
311
AE370AFE8C45415B15D362A5A038E766E34B00F8C2E3E7098E2093B1C96349FDAEA158903B4BDAEA665F473FECE72186E3BDDCACCADA31839CD6D4FA7D47DF5469006ED340EBE71DF960DDEE88A3E17557039B58C278A1795BA8079419DA8FC5BA1BAA1A66238BF69C7B2BE4E6274839122B7D00BE8B7D52CF61B2D6321604
311
6008C8B330FC10F8907787DEF061F47965BBA02FD8F53BA12F9827614979F53563D0BB1AD67A03DC0E00E2FB2CF3EFB457E70E65A3D7C78E7D700DBB45132AE9BBA5E468CD861408961AD8B00A55C2FCC677F4456039FD9F1907A5B3E2D0EE845FDBA2DAFA88C64195671AD6D282DA2E45B1F50A0D632B0D0B6718757DCC7C
311
84A70A3656F222CDA6DBF07E204AB358961D1BE31E53A82C2C0D56DBF61A5608B5A252A932A1DC6E32462430853353EA30417C8199A662E946A4EF352268B8CDB9A9C6762515ACE8E09BBC031C608A02C4BA89C9DDC074E46E0E26A17BCBD4ED43270D03E3645ADB81F6D62CC07A3243EB81C07E01681DDF2DB4730631E6DD
311
A6CBBD048BE9F06AEB3CF06B31DD6C9575E37E9FF17161342C4C76D95519672A6509E0F5C4E71B4B1916440059F57D0921F496237E473A83E3E4E06353BD9D27593594D7B6707C08D22FEBDFBFFE03504B0304140006080800ED707A4F8DFFFC99640100009B0300004500000034353636363537372D314241452D34443734
311
2D383430302D4241333234364245364237372F536368656D61732F52656E6465724D6174657269616C536368656D612E786D6CA5535D6BC230147DDFAF08799F5FDB600FADA20EA430D968A7AF12D36B1B481349529DFF7EF9A85A718860DFDA73EFB987734EA3D16FC5D10E946652C4B8DFE9610482CA9C8922C6B5D93CBF
311
E3D1F0291A6B0D26A3255464182D920FB4233CC629881CD49C18508CF000E3EE309A100D61622AAB4A8A33B2483F11CB639C545B0E1508438C3D3C0361192846DB7ACD198DF186700D182920B914FC1063A36AFBEE8FBA03FFD3CC1D1F4FC9E151A2AF59F628C5B7821D83FDFD3489305080F2EE04BF962195FB285E9D2DD3
311
52320A9E827AE357594914E42B1F5FE35F83688F60C4C91A6C946ED0668E8F244BC2EB0BA6E3BCCFC0B6A4B507F9F9F8D51EB315D9BA9E08D308E89F96931666E577837E2B4172199C68C4FE306156D47DF51C698C7B9D97FE5BEFE2190C3C38BB054E6E8163FB039CB4B993C80BF18D969203116D6BBD26238B821F9BB909
311
AD6D9C71B85BCD8C33D66FEA3D31B4BC0AD45BEA46BBEDDFEC0F504B0304140006080800ED707A4FDB9FFEA151000000570000004700000034353636363537372D314241452D344437342D383430302D4241333234364245364237372F4173736574446174612F41737365745461626C654F66436F6E74656E74732E62696E
311
5361606070343476B670B434D075723331D735313271D675347274D275B6703633317235B3B430741102AACB4D2C492DCA4CCC492C28484D2C4ACC4B4E050A82012F90744FCD03CA26072767A4E6260200504B0304140006080800ED707A4FF865834058000000680000004500000034353636363537372D314241452D3444
311
37342D383430302D4241333234364245364237372F4173736574446174612F53747265616D56657273696F6E5461626C652E696E66558CBD0A80300C06F73E4B117FB66E451741D041DC5BF98480A492E4FDD18EAEC7DD4555D89EF28DF51A0B1BD8340C4DE7DD848B988C0ACF0649566493F2408C508DDEBB99D5129FF8F1
311
AF8CF5B9503E20FAE5A16B5AF702504B0304140006080800ED707A4FF5FA7C1937010000A20400003600000034353636363537372D314241452D344437342D383430302D4241333234364245364237372F4173736574446174612F636E782E786D6CCD94314FC3301085FF4A6489317612210A95E30AC1D209242A06B6AB73
311
29561D3BB22F08FE3D769B0154C4D4A1EBE9BBBBE727BF93ABCFC1161F18A2F1AE6535AF58814EFBCEB85DCB26EACB5B56AC940CDED30F8C150E066C592E332577C14FE35CEAB087C9E6AA356E3F17EF6344DAC0D6E253FFE01DA1A3C80A6D21C69645FD8E037098C87718F7BC03025EF380D14F41639A4466C079920E0884
311
1D534D55DF95755D36379BFA7A592D96CDE24D8A4C2AB9F5DECEBC49CB821FAF9A4A1FF7325549910125A760662ABF86A9BF54F2AD71522452C94821B93277D0D7983A601CADD140C93CE1352195094218A438C24A8AECC22F2F1EB137CEE496759206E4C3731288810C5EA027FFA93DBF376B17099CC64B76E454E3F97D78
311
39FCA2D7632C0FB9B9BCB49C6AE4C6F567C88A389C93149D7C5DD437504B0304140006080800ED707A4FD587C19FE7000000600100006700000034353636363537372D314241452D344437342D383430302D4241333234364245364237372F5265736F75726365732F41313343384139302D424634372D343234432D413241
311
422D4338433634324536393831442F7468756D626E61696C2F302F636E782E786D6C4D90C16EC4200C447F2542EA31214455B75D39EC4FF4D44B458937454B300253B57F5F6839EC69ACF193E519B87C1F7EF8C2941D8555A8691603064B9B0BFB2A0A5FC767315C342422BEC3C410CC81AB68B6D0B0272AB15B1B5E4DF1CD
311
F52EDCBAB963C0E4EC7B0CBB18AC3739AF22DB4F3CCC640AD386F9366D86CDA4A684994AB2580FB03BB01FB0090DE326F432AB9751A971797A558FE7F9745E4E6F201BA9E183C877DE05C644F161992DD531D47F66900DD05092EB540B21F4DD7320EB5243E654F377887F62854C8CDE59C3B526499691C70AA13940FEC31A
311
64CB5BE5AF8CAAAD1BFD0B504B0304140006080800ED707A4FA233C2345D000000800000006500000034353636363537372D314241452D344437342D383430302D4241333234364245364237372F5265736F75726365732F41313343384139302D424634372D343234432D413241422D4338433634324536393831442F7468
311
756D626E61696C2F636E782E786D6C4D8B490E80201004BF42E6EE76F3C0F216234B883063108CCF170C074F95AE5473F5C4C06E932E4F28601967600677D21E9D8092EDB002539227A2FCCB80E1168D80A6417297A89C5D6963B7129A0D1E8F2EE73AA7B62BBEB8B27DE50B504B0304140006080800ED707A4FBE89762363
311
000000880000005B00000034353636363537372D314241452D344437342D383430302D4241333234364245364237372F5265736F75726365732F41313343384139302D424634372D343234432D413241422D4338433634324536393831442F636E782E786D6C4DCC3B0E80201004D0AB90EDFD75167CCE820A4A845D83603C
311
BE602CAC26799919AEEEE0D965E2E908050C6D0FCCE04C8BC355404EB6198129C92351FAD580A10E464065907C8D948F8F166375F655BDC3FDC3B4E530A176BE7057BDC43B2A593FE403504B0304140006080800ED707A4F04CAD08A7E000000A30000003600000034353636363537372D314241452D344437342D38343030
311
2D4241333234364245364237372F5265736F75726365732F636E782E786D6C4D8CD10AC22018465F45FE7B6B9A2C07EA7056EF319A1B92D3B0193D7E1ABBE8EA83C3778EE83FAB476F9B5E2E0609E4D000B2E11E27171609799B3107D42B9162DCFE6E80C2B85A091583124B8AF9B9A3C9CE63F6957A171E3BD4E464B8EE1A
311
3CDCD81933CA0CD6540FD870D3327A6D3B4E2EC53856A5CCAF57B6E6D517504B0304140006080800ED707A4F8E21D9A00B010000550300003400000034353636363537372D314241452D344437342D383430302D4241333234364245364237372F536368656D61732F636E782E786D6CCD93BD4E042114855F65426239304C
311
8CAB1B862D2CAC6CD4CA0E99BB2B59E04EF831FAF6C248B19BD869B11D9C7CB939E7C015BB4F67BB0F08D1A09F08A703E9C06B9C8D3F4C24A77D7F4BBA9D1401319D60A4F3CAC144AA4CA43804CC4B9366D8AB6CAB6A8D3F36F11E9D43FFACDFC129D269AB629C485CAF54E58433C4239D555294D3001173D0502624E3A04D
311
D001548299C871E0773DE7FD78F3C2AFB7C3663B6E5E05ABA4146F88B6F1C62708B85C8D83C672F4C5D0205805A4C8C134AAA620F2D41D2D7D08560829620AA58546A6AFA5906A59ACD12A95B2D80AFE3052B01AF62CF2037808465F6AE6337BFF16FA09FC0CE1B1BC5430CA5E6AF6DF5CFEAD02B66E40F9067521E437504B
311
0304140006080800ED707A4FE3603EBE7A000000C20000002C00000034353636363537372D314241452D344437342D383430302D4241333234364245364237372F636E782E786D6C6DCD410EC2201085E1AB90D9DBEACE05D09878023D01A1D34A8419C380F1F82DA68B9AB8FDFEC93C3D7C52546FCC12980C9CBA232824CF
311
63A0D9402DD3E10C6AB03A3397DD192872090D3406ABE7CCF5B5D18893ABB1690CF4DCF02282E5EA8A5BB96FFE536F285CB347F95BEFFE81C9ED5AFF9D5B1FB575BB00504B0304140006080800ED707A4F7CDBFEC57E000000A300000007000000636E782E786D6C4D8C410EC2201405AF42FEFE2B550A5D004D893D486369
311
43A460B0188F2F982E5CBD64F26664FFD93C79DBF4723128684E14880DF738BBB02AC8FB821D905ECB14E3FE770312A6CD2AA818B45C53CCCF03CD7699B2AFD4BBF038206B39E7AD10D898614476130C3B46299AE17A61DC8CDC08518C7355CAFC7A656B5E7F01504B0304140006080800ED707A4FCA1DF9C9A90000007301
311
0000130000005B436F6E74656E745F54797065735D2E786D6CA590410EC2300C04BF12E5DEBA70400835E500FC800F84E0B411AD13252E2ABF27A55740421CEDDDD9B55CEFA7A117778CC979527255565220197F75D42A39B22DB652EC9BFAFC089844F65252B2630E3B80643A1C742A7D40CA8AF571D09CC7D842D0E6A65B
311
8475556DC07862242E78CE904D7D44ABC79EC569CAEBA537E3521C16DF5CA5A40EA17746733E0B6615DE7217475F386F18B9481C510F1F021CD9FF027EA0E1F5C4E609504B0304140006080800ED707A4F3DEE336E64000000790000001B0000006175746F6465736B2D64657369676E2D7061636B6167652E786D6C35CBC1
311
0E83200C00D05F21DCA56CA76D41FC96062B120735B69A7DBE268BB7777961F8D5AF396893C2ADB70FE7ADA196782C2DF776D7A97B5933C430F15651E5469C55D70F80A4992A3ADC954792C525AE70A1E4D6AD9816CC044FEFDF01FE3FDE907802504B0304140006080800ED707A4F7981E407F90000009601000037000000
311
34353636363537372D314241452D344437342D383430302D4241333234364245364237372F4173736574446174612F636F72652E786D6C8550CB6E833010FC15B47703365048641C154ABFA0A7DE2CE3502BC1467E54FDFCDA814AEDA9A75DCDCECCEE0EBD7CADF7EC535AA78CEE01E72564520B332BBDF410FC1575905D18
311
B5C6F85F34C8345F650F090646176BC27640C2682F7542B599E50172E7A4874CDC63D383131F72E5390F3E32DC2DDFB8B8F145E638DF798C86A0E643AAE6E8A6AE4A5A6055D7E1AA9D46D40EA713AAC7A145DDF04AD0D834D3806BD20C534D8B2466D4ABF567BBB0927B390323253E218C11797AC3F5B96CCFA47DA7456232
311
EABC8D3F1F4BD377C09ED3D52FDC735AECD33FAE619BFF770D4AFB8A1CAEBBC201C3F1C8C780D122A514CB23C25853A2EC1B504B0304140006080800ED707A4FDB2EA520F30000008E0100006800000034353636363537372D314241452D344437342D383430302D4241333234364245364237372F5265736F75726365732F
311
41313343384139302D424634372D343234432D413241422D4338433634324536393831442F7468756D626E61696C2F302F636F72652E786D6C8550CB6E84300CFC15E47B800428B00A590944BFA0A7DEA290A5D12E09CAA3EAE73759A8D49E7AB2359E19DB43AF5FDB23FB94D629A307C0790999D4C22C4AAF03047F431D64
311
5746AD31FE170D32CD3739408281D1D59AB09F9030DA4B9D506D167982DC39E921138FD80CE0C487DC78CE838F0C77CF772EEE7C9539CE0F1EA321A8E594AA25BAA99B921658D575B86AE709B563DFA37A1A5BD48DAF044D4D338FB826CD38D7B4486246BDDA7EB60B2BB9970B3052E21E618CC8CB1BAE2F657B21ED3B2D12
311
9351E76DFCF95C9ABE0356D2E240FFB8857DF9DF2D28ED2B72BA1D0A070CC7E39E03468B944E2CCFE8624D49B26F504B0304140006080800ED707A4F194FD505FA000000960100006600000034353636363537372D314241452D344437342D383430302D4241333234364245364237372F5265736F75726365732F41313343
311
384139302D424634372D343234432D413241422D4338433634324536393831442F7468756D626E61696C2F636F72652E786D6C8550CB6E84300CFC15E47B80F028B00A590944BFA0A7DED224CB460B092249D5CF6FB250A93DF5646B3C33B6875CBFD625F994BB5546F780D31C12A9B9114ACF3D7877432D24574A7663DC2F
311
1A249AADB287080325F36EFC7642DC68277544B511F20499B5D241C297D0F460F95DAE2C65DE05867DA41BE30F36CB14A7078F12EF9538A54A0437755372075AB62D2E9B6944CDD075A81A8706B5C36B81C6BA9E065C15F53055248B624A9C5A7FB6F35D322705D022C71DC218152F6FB8BAE4CDA568DE4916999458B7879F
311
CFA5F13BA0EEEED70FCDD442B263FAC7D56FE27F57AFB42B8BD3F55058A0381CF91C5092C594427946186A4C947E03504B0304140006080800ED707A4F92B5EC320E010000B10100005C00000034353636363537372D314241452D344437342D383430302D4241333234364245364237372F5265736F75726365732F413133
311
43384139302D424634372D343234432D413241422D4338433634324536393831442F636F72652E786D6C8590416EC3201444AF62B1C73698C438C244863A27E8AA3B6493042586C840D5E31712576A575D7D34CCF0F8C38E5FCBBDF8D4AB37CEF600953528B49DDC6CECA507319C2105C591B3D5B9F0CB060AAB16DD832C03
311
CE2EAB8B8F4D9A9C0DDA66D5BA596FA2F25E07504CF774E8819FAE7A51A58A2139FCAD7CA8E9A62EBA44E5CBC7598C66DEA2664EAF99B3D12BE00DA5A86947095BD1759048D1422A4E18CADD6E1488E09D1809AB7298B360961FFAB46A15F40C38AE5107118278FF8EC8A16E0FB8FD60557672E6C39A76DEA0793BC007D448
311
3A74351427D242828984031E049454EE091EF71D456FAC7A05FF00E363FE1F188D0D0DDE80AF84071CA5FF3F2F38AB7281693CDB4D3397CDBF01504B0304140006080800ED707A4FEDDD835AFA000000960100003700000034353636363537372D314241452D344437342D383430302D4241333234364245364237372F5265
311
736F75726365732F636F72652E786D6C8550CB6E833010FC15B47743CCA390C83812887E40D5536F96D9102BC1467E54FDFCDA0995DA534FBB9A9D99DD1D76FE5AEFD9275AA78CEE81E607C8504B332BBDF410FC8574909D39B3C6F85F34C8B458B1870403678B3561DB2169B4479D506D66DC41E11C7AC8E43D363D3879C5
311
55E422F8C870B77C13F22616CC69FEE47116829A77A99AA39BBA28B4C0ABAEA3553B8DA41D8E47528F434BBAE1B52463D34C03ADCB66986A562431675EAD3FDBA545E171065E1EE891504ACA97775A9F0EEDA96C3F5891989C396FE3CFFBD2F41DF037742658898E15CFE91FD7B0CDFFBB06A57D55EEAE4F85034EE3918F01
311
67454A29964784B1A644F937504B0304140006080800ED707A4F0E2656BBF7000000940100003500000034353636363537372D314241452D344437342D383430302D4241333234364245364237372F536368656D61732F636F72652E786D6C8550CB6E84300CFC15E47B80F028B00A5909447FA03DF516255936DA254124A9
311
FAF94D804AEDA9275BE399B13DE4FAB53C934FB95965740F38CD21919A1BA1F4DC837737D44272A56433C6FDA241A2D9227B883050326FC6AF27C48D765247541B214F90592B1D24FC199A1E2CBFCB85A5CCBBC0B08F7465FCC16699E2F4E051E2BD12A75489E0A66E4A6E40CBB6C565338DA819BA0E55E3D0A076782DD058
311
D7D380ABA21EA68A64514C8953CBCF76BE49E6A4005AE4B84318A3E2E51D5797BCB914CD07C9229312EBB6F0F3B9347E07F46DBFD392EC98FDF1F4ABF8DFD32BEDCAE2F43C1416280E27EE034AB29851287B80A1C63CE937504B0304140006080800ED707A4FEA8BF0D900010000D80100002D00000034353636363537372D
311
314241452D344437342D383430302D4241333234364245364237372F636F72652E786D6C9591416EC3201045AF82668F6D1C07D20813C56A6ED05577D44C5C94182C83AB1EBF50BB52BA6B57A0CF7F33FC1979FA1CEFE403E760BD6B8115151074BD37D60D2D2CF14A0F404E4ACEDEC7071B10A7476C21CBA0E430FB65DAA4
311
DEBB882EABCE1BDC441D024620FD3D5D5A08FD3B8EBAD04B4C8E702B26DDDFF480052B569F92D18E3F683FA38E6840D5157BA28CD19ABFB0E65889632D5E65999D4A2ED6C55DBD35C3F10D0DF1534C9112C664B93E27DB62CD66B2267DD25E2DCEA09A3DE77C2F0465DDF9429B67D1D0435355B43BEFEA867717DE09918A24
311
58C910E7349AAD481EC25FF115FC156D99CC3FA3AD4400F510AACC7356B2FC5E423AF34ED417504B0304140006080800ED707A4FA4D1B60707010000B201000008000000636F72652E786D6C8D50C16E842014FC15F2EEA8A05677836CA2B15FD0536F545897AC8211DCB47F5F586DD2DE7A7A6466DE9B61D8E5739ED043AD
311
4E5BD300493240CA0C566A3336B0F92BAE015D385BADF5BF64808C9855031106CEC6D56ECB010DD67865226AAC5407289C531ED0308547036EB8A9592462F341E1EEC92286BB185542925DC799D7F3CFEAB02AE195044E3372C28460FAF2468A73569D69F5CED2A8E46CDBB43CACB40CEEFAAAD50A3CAF6B92577D87ABF674
311
C245D756B86E5F29EECAB26F4941CBB62F581A9739737E0D7F3E8E849C1E39F188BE2CDD29CE3EAC9D0E4108259135D317F08CA591F8137A5BE43F426BE3737A1CDC371C7012023D89601C1B0CE3596F98B16DFE0D504B01021400140006080800ED707A4FD61753C81F010000A80100004F00000000000000000000000000
311
0000000034353636363537372D314241452D344437342D383430302D4241333234364245364237372F4173736574446174612F446566696E6974696F6E4974657261746F7250726F706572746965732E62696E504B01021400140006080800ED707A4F44DBFC4F1F0100003002000045000000000000000000000000008C01
311
000034353636363537372D314241452D344437342D383430302D4241333234364245364237372F4173736574446174612F496E7374616E636550726F706572746965732E62696E504B01021400140006080800ED707A4F88E57597CD3F0000904100006B000000000000000000000000000E03000034353636363537372D31
311
4241452D344437342D383430302D4241333234364245364237372F5265736F75726365732F41313343384139302D424634372D343234432D413241422D4338433634324536393831442F7468756D626E61696C2F302F67656E657269635F706E67504B01021400140006080800ED707A4F28BB58AF800100009E0500003D00
311
0000000000000000000000006443000034353636363537372D314241452D344437342D383430302D4241333234364245364237372F536368656D61732F436F6D6D6F6E536368656D612E786D6C504B01021400140006080800ED707A4FE336299B9F040000341300003E000000000000000000000000003F45000034353636
311
363537372D314241452D344437342D383430302D4241333234364245364237372F536368656D61732F47656E65726963536368656D612E786D6C504B01021400140006080800ED707A4F8DFFFC99640100009B03000045000000000000000000000000003A4A000034353636363537372D314241452D344437342D38343030
311
2D4241333234364245364237372F536368656D61732F52656E6465724D6174657269616C536368656D612E786D6C504B01021400140006080800ED707A4FDB9FFEA151000000570000004700000000000000000000000000014C000034353636363537372D314241452D344437342D383430302D4241333234364245364237
311
372F4173736574446174612F41737365745461626C654F66436F6E74656E74732E62696E504B01021400140006080800ED707A4FF865834058000000680000004500000000000000000000000000B74C000034353636363537372D314241452D344437342D383430302D4241333234364245364237372F4173736574446174
311
612F53747265616D56657273696F6E5461626C652E696E66504B01021400140006080800ED707A4FF5FA7C1937010000A20400003600000000000000000000000000724D000034353636363537372D314241452D344437342D383430302D4241333234364245364237372F4173736574446174612F636E782E786D6C504B01
311
021400140006080800ED707A4FD587C19FE7000000600100006700000000000000000000000000FD4E000034353636363537372D314241452D344437342D383430302D4241333234364245364237372F5265736F75726365732F41313343384139302D424634372D343234432D413241422D4338433634324536393831442F
311
7468756D626E61696C2F302F636E782E786D6C504B01021400140006080800ED707A4FA233C2345D0000008000000065000000000000000000000000006950000034353636363537372D314241452D344437342D383430302D4241333234364245364237372F5265736F75726365732F41313343384139302D424634372D34
311
3234432D413241422D4338433634324536393831442F7468756D626E61696C2F636E782E786D6C504B01021400140006080800ED707A4FBE89762363000000880000005B000000000000000000000000004951000034353636363537372D314241452D344437342D383430302D4241333234364245364237372F5265736F75
311
726365732F41313343384139302D424634372D343234432D413241422D4338433634324536393831442F636E782E786D6C504B01021400140006080800ED707A4F04CAD08A7E000000A300000036000000000000000000000000002552000034353636363537372D314241452D344437342D383430302D4241333234364245
311
364237372F5265736F75726365732F636E782E786D6C504B01021400140006080800ED707A4F8E21D9A00B010000550300003400000000000000000000000000F752000034353636363537372D314241452D344437342D383430302D4241333234364245364237372F536368656D61732F636E782E786D6C504B0102140014
311
0006080800ED707A4FE3603EBE7A000000C20000002C000000000000000000000000005454000034353636363537372D314241452D344437342D383430302D4241333234364245364237372F636E782E786D6C504B01021400140006080800ED707A4F7CDBFEC57E000000A300000007000000000000000000000000001855
311
0000636E782E786D6C504B01021400140006080800ED707A4FCA1DF9C9A9000000730100001300000000000000000000000000BB5500005B436F6E74656E745F54797065735D2E786D6C504B01021400140006080800ED707A4F3DEE336E64000000790000001B00000000000000000000000000955600006175746F646573
311
6B2D64657369676E2D7061636B6167652E786D6C504B01021400140006080800ED707A4F7981E407F90000009601000037000000000000000000000000003257000034353636363537372D314241452D344437342D383430302D4241333234364245364237372F4173736574446174612F636F72652E786D6C504B01021400
311
140006080800ED707A4FDB2EA520F30000008E01000068000000000000000000000000008058000034353636363537372D314241452D344437342D383430302D4241333234364245364237372F5265736F75726365732F41313343384139302D424634372D343234432D413241422D4338433634324536393831442F746875
311
6D626E61696C2F302F636F72652E786D6C504B01021400140006080800ED707A4F194FD505FA000000960100006600000000000000000000000000F959000034353636363537372D314241452D344437342D383430302D4241333234364245364237372F5265736F75726365732F41313343384139302D424634372D343234
311
432D413241422D4338433634324536393831442F7468756D626E61696C2F636F72652E786D6C504B01021400140006080800ED707A4F92B5EC320E010000B10100005C00000000000000000000000000775B000034353636363537372D314241452D344437342D383430302D4241333234364245364237372F5265736F7572
311
6365732F41313343384139302D424634372D343234432D413241422D4338433634324536393831442F636F72652E786D6C504B01021400140006080800ED707A4FEDDD835AFA000000960100003700000000000000000000000000FF5C000034353636363537372D314241452D344437342D383430302D4241333234364245
311
364237372F5265736F75726365732F636F72652E786D6C504B01021400140006080800ED707A4F0E2656BBF70000009401000035000000000000000000000000004E5E000034353636363537372D314241452D344437342D383430302D4241333234364245364237372F536368656D61732F636F72652E786D6C504B010214
311
00140006080800ED707A4FEA8BF0D900010000D80100002D00000000000000000000000000985F000034353636363537372D314241452D344437342D383430302D4241333234364245364237372F636F72652E786D6C504B01021400140006080800ED707A4FA4D1B60707010000B201000008000000000000000000000000
311
00E3600000636F72652E786D6C504B0506000000001A001A00210B0000106200000000
310
504B0304140006080800ED707A4F000000000000000000000000370000006662782F30454442324435462D323331362D343141322D423839452D3044304244464341413341422F617474726962757465732E62696E504B0304140006080800ED707A4F000000000000000000000000350000006662782F3045444232443546
310
2D323331362D343141322D423839452D3044304244464341413341422F76657274696365732E62696E504B0304140006080800ED707A4FF270F1330600000004000000360000006662782F30454442324435462D323331362D343141322D423839452D3044304244464341413341422F747269616E676C65732E62696E6366
310
60600000504B0304140006080800ED707A4F88E57597CD3F000090410000420000006662782F30454442324435462D323331362D343141322D423839452D3044304244464341413341422F7265736F75726365732F322F305F67656E657269632E706E67355B773CD4FF1FBF73E71C0E67EF7576C9DEF3EC995D46C6A1EC50
310
46649CBDF79E192942562825CE965D8A868C2842C8DE9FDFD1F7E7F138F7078FCF6B3F5FCFD7EBFDFEC41B196891913091804020321D6D7513FC77D8C5070EC3FFEE51B21F068154CC75D455CC028A3EA68992803810109FDDE5D5CEC5521B28A1B422BF80741695D5B529DA1C2D058AD2388BDA9F476F7C2CADC939304173
310
DBF48A452BF8A700C0C70C3D121C1AA15A5270C22E2B9E28763651F7DA0D12CE11077B2ECD0D560B5E3DE2368B1E65C5E1C87384A4CC5F2D9FB8BE39E9B77C753783A37998F5CEF1B4FEE553463245C9712270880DF339E0B882A6BA713D865F6F384C842D440934EF264F4A304F8DE4EEFA1E2BF5E2D91F5ADD9613D6E31D
310
DB33ED31DB1D7916CAF091286EA3D31B9CFECB78BB0060245B943C4C040119FF780A74DD308BA9D028678674EB5504ECF284EE814DAED07440BAF649BE4B55DA2890F4D73E2D489A59EE54FDB0A85B59F2F52C4858A02705C4815A792B0C4A996A2023ECB195073E115E3E3647F64243A8338F2000BCB58DA5692C7E7C3D41
310
3F963FEDF3CF00FBB0F831A9D51360FECA43819F527B89FA260EB63C5DA676830AA3626A3693B23F1A17A0DFFCE3EE164E31B5365EDF0C89EF64D8E38AB0BA9A1117D7C3A0EC44F44F4023095E80BA610DE336D0F99593A88BFC5306E72DF98F7FD132ED95878DF2964EA7E43071359FD83B2BDF9C6B5BDF768F0F3C0FC351
310
199526F53D9460A34511F75D1B63E488178569472C91A94497807A3FD4A390C6558F26D416365C3656DE6E769DA9D8FC73774E1709812842DD8EF96AED1960F79D21B395CDDFE6F92CB4EB962A4668C76990E2EF29798C8941D67DA50F4A5F947872460F1F6FDB794E8A29FD7AC0C0D6E0714339CE258FB17AE8535221E346
310
4A10F29A0BE5EEECEFC5675926A89F49EB14E5711894F6586DB5754EB4D5DA9C6437EBA57DB97A24F8B8A8DB295FFD73266CF57E82694DF5166DDF93573AFE9C9C5EB05F8FEF8E89E0A8917B0B3724DB7BEBB53252581EFC3E38166BA131A3A5B42FE2AD00A769BBFA4458D2DE7822F8C4F63D0B8E21B285AE13325F3410A4
310
35C648C9D91FDEB109E73CEDA7BC796961AF79175E1A3CE4C5E8B0D009B0C9E29EFD98BC8E97554E3D8D838424E270F7685226E5AC268E021EDE3522D583E8F20C0BDE2959EF5BBFEEDAB32FE9A3ED0E39F211A86AA9DEBFC68182EDED132AB8BB794442D2D7EA9F4D8BFF52BC4D55BB165124EE90A42D101E67BBBB292FFB
310
4F66DE5BF2300E44546757DA7CEF8932BFC9F92A0707953491A55C5A5ACEDABD9FA1AEA01BAC3DC5A24E22E7C47213493996EFBC369D086ED9397C9BA6C7F9855C7BD5E15BFC8C53DB3D2A4C5901A57ACD2FBDF4D1676E95338B2C2BCE65FDA4C64F5FEFDC7D9CA5AA1FCF11E193F2FDABF0F4916BF13FB916A224380E6462
310
A9815F2300DC49CC4DF8D055CEF76462F4B7A7ACA7365C2707891370BC1D0AA6203C44CCAB47084FEC057F27FFCD57F89B8B9852459798A675C66BD7CE572CAF71FF7E6D7ECF7BF62CAB7B3F1107DCD04DC55A3F9961700286141C94A4F771FEB2BCDA2DDEE0CB0BAE402FF1DB0100F8E475DFFFC074DDB4498AB7D186A765
310
4DDB1CB680D703D47CEB4E72F8CB13D86A4AA68116E26387B93FD6738779B34FEDB8E517EDF2BAF28D9BE93A1D3A164320E07D42E514725C29515FF361754213EDE06B079A2E99EB1CA82A02019EADEEB87B9AF005BD04BBCECB14AACD6B24EFBE482194A97DD32400685FF1FEF1544D1B14EFB1E7F08E6D2CD2AF52DE757F
310
35F5E62332EE88EA26417AD5C3E0E319D68F25414E6D672BD4522B278C57D18F0113921C71D96527E091F00CEB15AE23D24667369BD3CEFA10C7549D930890BA4366F4EBC55F01F746109F98ABCDD5A3EE06619C6AD78AB33E48E4C9BD21BF7478B385EC05C4F8987E2C1BFA0A60EBEDAA0AE0B015C2720ECE180FB6F2DEFB
310
EB822D96338C9B63822183BBF52FB664A7AE57003AABCE512BF77E7E31BDA2E739AC4C131657DDFE5225E900FB56CC01CDE808FA4A9C9DA16AC679656BB64796283D89812B8F91136AE18EE5EBBAF47A73BE3C153EB5D4CD491B4BFB4FE690A4CF9ABA08C0D8AA64220C438C96EA6CA80B58FE5761E697B3A292EB9FBDA502
310
FA863E49FE694ADDFFF9D62C520BDD1A22014147A0903A05B9B729F54272EF83931FEEC057BFF8C8055C279EAC5C0011804828734024F6CFA319C9CC6867C727184465CD9BB7ED386AFFD96B294A85E3802FAE47244602D8273615952B98C4F23F7EAE4463D9D638EEE374A20959E0FE519C4CFB0FBFE5DD80C2AA3F9DB961
310
D1BDE57E67C9BB47B77FDD74EE3094F5DBBE3EBC1FBDB7393F5116263009E2EFE1AF9A221B2AE234C902BF70E9F280ED23E73908361565964333A3F01D0B006AF32FB21AA1316744B489D5A198E85299241735BE559675130955C902A8ED761FC0DBE337A9F91919AF5CE32AF902ADF9AB2615E00E8A94586BA1A90839B618
310
32FF1BFB76D2EFADE6DB1BA04CCAD3DA649E7E2A0219F592E22F2AD54847EEA8E42271011E9074F8F3DD9FBA6CDF88FFC9FC7E811AD1CA8F4557CE4AFC7BBEDCF0114A48689F20A584520C74DA8127124B767E2FB91A6B186246727BE63C9445BAE02088D58B8EFDC0F1072407CD9B89A13F6303B4A928F593AD489B58E686
310
9325790ADC406036C591729FE14021F94B7796BB11848D463536A092A26F077F94639F7CEEE2A724C66EC885F4A24F8B8A0AC321F8FD149BA529460FAA34E4663C02D41FDF80BCA222D42F0ABFF8490F4FA74C673807C2051D8E467B47B616072860069A9A303ABA9B319D58404461401B0A0F9BE5E1E151C14BC33B32ABE0
310
3DDE91708DFAEB15E7C0D593C86BB7D7EC17BE56E57975F077BFD5525F3A1A361D584A75E08CF29FC7B44B2B3085014F3A5A14517377C3F6B8F37E59514C3B12F8AACDEDDA4DFC49BE5710101534CD6FB6DE15B50F11A09472AABA727F0C49D9CB906B158030065F48EB3625E010CEC1D511D0053474B11E6A4F01C0D6EF1B
310
ED3A944FDEC70E0DDCDC756C86545910E0DAE3BE3AA9A404574C2995CD5CAF9549226BC94B4F4F0F5F9086F418F6B32346464610D8BC7391D3C3A3CCF04CFC1FB2A3A3170E369511868F14EEA4E5E438CC73DB1F3248AA94B6B2FF33B222FF3D1E7BF146CAD229770158063BCE4F5391964DF62F7E52A7BE0EEA829C9E13C4
310
C147D6F93FE59E111DAB5E4594D6F3CD1AD375EE039930EFE5AF2BB2D41C83C7DABD8C659BAFBE8FAB392CA634F3D15C1D945DB4588D2B0824A4EC928AAC565557CA2F0DAA588CA5BE30B3A8004F7BF005E96CBF891D7F18112A3619FDF530DC8AA64954258E1811789B5189B49B4EB53F5F89F7D37523894F3EB57B373763
310
C91E502F52CC99EB7BDDF933FC324C4FFC2561DFFA7339FAFDD0A4BFBE6D3A8FF9ED1FC49898139864602458968913181918F719CCF5A68B2EE9C1FF050E34E63107003B8120FA982C21B30A874E4F5E4B38D5A8290C4B8D9BE48A0BE31EA995BDC37AC6DE90BA17D259DEF53605D55922FEB1855D915B659FBEB350EE0DFB
310
2F9F766E1C84CC8964B75D08667445EAB966015F63A18A9E0A325C1B3DC628C0D3CB60F767FA93CC65F25458BD23C3B312716E5F40E5858AC06EBA9AB14F95DB99147B832069201541D09A0D856E12C629CF32683760EE855537D1901988D5EBC156676C7DD51D7207CF3267AF1D76C2AD867315E44618015313A98B19941C
310
696FED3461CAA9B5415F918556D7802EDACEFD6B2E45853A9735DFC9DBF7E440F9319F8B6805A973BCCDC76C069A9144E51F187EDCC12FC31B5DEAAF0A76137199B106EC84ADA6B6EE697D4E6A96E007417F4E880E8B1E89B4BCE9D81EF611E2ED8F0C1A6C25F620FAFAAB656A7C42D464880E8AFAB0E0FC8EA38CA9A8AEEA
310
EE3E4648BA4680270A89743CDD3E6C6CBF34B7B640EFA285ABC7EA0A1E28F3CC963D114A80123EE66D0AF7D5380EB41909B605AB4765B709B808590458157E69BA1378FEC4B48CAF6A730E3BE3C5EF2DD1A5EAF94B1DDE50CEB55DDFD7EE9A16747FA4B223359FB1FCC69E1194892BABB93A1D5C4E807AC0EA2E30180811E7
310
7A2291F6E7F7FAA5E0F60215BC6024E48DE436C511F0628B8CA189982D4D83CCA17D305A7E923C37941CFDFDCD93ACAF735EF5F0E61BBD3E6C41A59B242790D3A3BAC7064DCD89AA2E37214EC839820949D5CAA31E240D2948E48F690298974A96BA9A8432BC90F5071D6537C9666EA4564796B7AFFFA548077BEEA75F6308
310
3435074BA182F3699557397F71548383FDA8CA34D99B981E72835ECDA5DDDC151315173D05A21F651AAF8524E88209E2E7A737ED1045800CE3390050BCFB8BE588DF111617874C62575039CA588EEFDEFEFE319B739DE2EDC147092A262611E159650E787917885EF08F1F51B8F2D8A71D60B58B190FEF9541A1BE94BC19FE
310
A50784DA1419FE4B0FB51B8D36B5FF8E1286FD8AF42B91E59A5F1CC4D60174E764045FD8C57B18209B217F89A62252BD20BE0E63E12B8E8F029FE19E0E8D0870F58721A557082250D5424F7909369376E41666C0EE77CD87CB283F661D5FB6D0DA023CB67320A20DC7BE661E9E1BFE5463085C557DA1FF9BE835733766C3D1
310
39F2CF9E2208873AD0EB4814DE9E6BF2CAF81614D4D43906ED1C05A3265CABBFE192770FC2F64F940CB6B17B5F166F133C9AEEAD2641807C3E69515171DD74C4A85311513D6EC9530B3B601B6BA3EBFF3B5C3D2F7D69765141E345F75433953D013ADDF8F6AA7DC3F4A7563FE5C7D367937E2900D7EAD0F9FC9A4A1A9B5BDF
310
1FEF08532660C01C5D6DE22199AA774383E306DAB87E301ABB7D213887F9869D4942D0D71E94B27EDF216A318BD488D45DF84529EF575AF3C3938C0AAA0215B01994153E2054A0B894DA5C784980633AAD48576957CF4AEAEAFADC7C587368551C73DBE1E57C58AC713303A8BFC258BD04B51724459FF9E24C03A81E0E0679
310
CEB9B348C0DC998FEB9C6D6EFA77D247CC8F92D3848599ED89A23218D0636465AD1CEEB7DC140D7426F83491C4E8E8281C2FB35240918FFECE880CA2A42D70E8B20B34DF5221C7DB0CF90ECCB9C745B37A47E9B716FF7A97B7A252C1F3814DC7B1E1A7F72B8751D524EF7CAE45B0C73B3BE7D08ED39781B380DDFC9AA4A474
310
9C9493DB5BAD07A6EA6C092FBD0E85DB004DF06B8C9D3089C5320187E4CE1846158C7EA7DDAE8AD9AFFF21AA3A1026BB06A259845E8232DEE62811A4DA9CEAB3A4887320B76E2AE5615EAB7BDF738CBDD01F1E64064BC13D9EC53576751CA8CACD58B3CEB0E6CA585BD089B2A59B9FC101403387AADBDBE70586B93D64BF3A
310
D4453EF9C3B6A93817E8346991798601344F79A83C51F3D50F7BF2683A3605F51A72449489E0EE6169C749C60B1035651103AEE24D24E51A759C840DD3FC6504DA6FE107510E447B43461C79D22970B75DE5E1BD3007D1AFC619A4A4A69B5626AF5E9B8374E20677F77E2F8E73DF868E8BEC7EBA7B6A75EEF7205E1AB9486C
310
B642741D6E03FF13FCCEDB1C4AC129886268B01CDF4B124AF797CF784F3C6DEC97A17D4B558070A0F1C04DA4FF9BDBF34159AEFE958479824B3F58EBD1E19088A2AFDE501B6F2052368A3FD0E650A179EFAB1561E1D27527077136E652676C3670F42DCB3352F48F6BC86D2C3B0051727E41A0A4DC6CE2BE9D47F5CAA2935A
310
3C0539AF080665997194ABECD723B08129CC5B6B21D2E7D54CD4D12610E7E9FB8306771A89576C7A982002775ED44F3F744CF21EEBB27A631671D921938AAEE3EB0D19CD1E083727F607823E817BF599DCED5394E37EEBC2E88782E638920CA641EF74D4CDFCDEF06F4278ECB18E31E7E9876F2D783C8BF429C75395F57E98
310
C2B495A3DA077EB3AC3C158608B6B57FE3EA48484D9A480096FCEE0DE880950E7E5A5714131C5C41AAA29FD19AE81AC145FA1B9E85C7169A5AB837B213493DF7E9AA4B5FBF9CDEB36EBD21EF1181B7CF7366AB2A951D01E37AF4EB835D1BE8C117CFBE7625D2EBCDB0B20C5A4B45CED0BCDE3EE8DA9DA78C2E21DEAAFFD119
310
7E463C33CC6A80FB785669B856EFF7A8CCCA2841B5A5369173320B1170C368B2748D81062EA0296E5E2D95D7667A4A46D98A6FF475C76AAB0A8C8D45E226FAFC9FE0133EA9F60111F99CA81ACE03A1D14C89E8B0D69079C91464FA1D99E651D0EAF606F345C42A8A1AA9BA391031582B96D5B4176A77AADB01F12FD298A75D
310
EEBB2C82F0B8650E880722F8DDD90C56A7A058E5FDEF1AC93545BA27367C76F5D8F9690CB6F8DAE141EDD7971F0FB548A2AE435F224D6E5954CA155512F7332029D5A1230854B79F258EC5FFDB09F5F6343A8EB193229B7F7E79B3E48F8E183860B38C8269D1B53738FF1E0BACF6AADA6D4869E9DE708E79B5DADCC09B1BC7
310
6F649731CFAF59A83FD8BAE4C749D66FA87A3810D4D62FFE826FA400C0F325D2BC0F3CA35F5847B82A2ACC7961745C823E4D863D54460AF792CE6F79B5C7A33B25C3AEA6CDE15A919B6367D781E9D44F61BF828672594A3E1D9EDD6DF179A81F27EAC05B936575D73E05C209DDD2115CFB705DF9BBF3C911589B3640735E9E
310
618FC9C36A7326C82B2205E244C55D56FDB9D5DC93CE958D4BF8174D2B3DA54CB3C09F2C2A6DFF73D23B2197355761AD421EC581284A7EF8DE2CE3497C0C804D49B41DFD6A7360844E5BEFFB495CFCDB97A4595911CDBA623274CE852B5E278AF0BEB1770E9D37CD977B2766A7DED0E94B840E1E95E8C77DE5CB6354AF7871
310
427C28ADBEEF7BA0A28E19DE9ACD75F379FE373EAE6DDDAE3834692F9C2B03B4FCA8FCA9ABE8EEEBEBB725B88A7C90941E850682CA04061A7DF0CE82ED49BFAFFD42C309818FAE14755CAAE78B0F73243ECCCAD7DF58FCB9CDFAE7A4D3E6671A613639130D056C8383C8F4FCF4808C331E544DD26E4755D09EA05253B3049A
310
1E32587CC25D72E073E2CD96D04A71BBCB0038FEC3F53D254199C3CDC67CD66640269431860225392B2CB3ECD0B4498AAE78BA1994246AE1EE78F2EDFB79F6C6CB6B5E279C4D373FBC21CB2698C9ACBBEB6A4BB6B39E16AB0E421CCBFC7654D81ED86022F9BB522146F9F4772E2D0E4FA70120C95A85A417BF5078B232F475
310
4363EB1750B2AC2148EB46B1EA72AD9B4D23ADCBC589D70106C3EC2ABEEED84DFE28E718C6C83502C28E9FDD3B09DA0A6F6F7B72B706A31C9E2A331EE70DA56A083D2177BFD63C55B11D8D949FAFCF90B23A1E24B9B5018B9A17E99F2890EC302F330FE7936E2C23F0D237EC8916F5166AB84B62A21BB0B950146962D754F9
310
2CC2C8877BED8FC7B7B25726DD19545392570B3A2C66B58F027BEF412E552D12A588C4A3CC5C3193FCB3485EFFF700D0B9EEC077754A33DC1FB9E25AF814628F91DDFECB667D3F7690803F38D13F8AE39353523BB08FC6760144AFA2CE28236F65EDBB3D5F59A57D612B99E3D7E5F8A851666BF9B5A6658EFC96EEB37A378A
310
BB0EB3FDDF1303AF32C41BD1C8560745D7BD81066B0D6313359CF488563D3BA3F8E2185D1FAA3EBA1397C9D0E3DD232180A4DCADB6AF25DB3AC3CC26589C8239E66E81547BC7E2F328F9884764CA37EB5DBE390DFC03A5246B456A7C3684C4377D0EEF9A350680FA9A077E8B2957B489E09AB1AD41316944C2254B5984830F
310
691C93CAA767EECF976FA5647538830B5E63236A6F0365C1E0F3E327F24FE35EDDBD7360B0F7374837409F7A6311BECC12B7026D4FA1AE204FA3F5FE904B1F420C7A9044AE58E403E7C4848E7DA25DC9EDAC79DD756FAA26B9EA83ACE8A214A2612A22AFA19DAE7DBAC5F8CDE1292A485F98DAC731A29FE01A3966E96BCB9F
310
B5A4C8830E1B9AF0C54B87FBE221A097036E5D28D1F869F810C06A9BB0AC0612F69AEBAF893C6E7AD59460208BAB3A6B09CA4F6BDDAB8CF0D1F84B72487498395A70DCD754796E271099A567A55CF242BBED64696378BB6CF25EF0FCDB589F3A82F1116D010A9AB9FA4358809EE0C973A2B4229BAA876A70B03AB49CBA7FBE
310
71DB1832FFD32F9BF2C8E98075CACAFB36921235D0F552B6A67E94E094097A5D7DF681B40623DA535ADA7A9AD8E9A62407D7C9A5AE51D62A17A83A23728DE86BB56115804D3F2675F2C6B87541A0FC497BF0CA86420F558C9859EBE9FAD62747E323E3AADC03FDCDDFE7407B09DA90B44E3185723C5381EAEF589765E2F7A0
310
99BA46695BAD60CEF3491B8A171F5F56444F7CE9455312C3498C74173AEA0214EC029833B34B650CBB5A5508D5091665309642791708ECF27CF11DB3D797D6CFE474453BD4BFADB768094B2147814D81C7CBAF8228DCAF5564B5891F5EF6A860EB2E323CB82AB868D8EA048880D63B0DE5341F1B3D53297B928A11E15F25E5
310
148990F710747C3509ED14909C552EBE3973246FCE55D00564D8310BC3EBC5085D08D806799B77D6C57FDF5E55837F9E934F09C03C729271B64F12D0A9F9E938107CAF7BF1EC8CF1BB9B42363D33070F4CACB425E605DDB0A34A12BB936DE286B9887A4E2E558F0886498BFF49C311D96C277CF6A9FC0D75AD0ECC5226D7E0
310
E3572012E56D7FDE4410CEC7A6D0F997F225A2055B8B92E3956E875AE4993CB3D4C9063AF98FD45E1BAB165640A43439A2C9181A7C355B297C0A0CCFFAE19B6FA3C2BA238A885FBC98B8F6DAF4B94B97304878DF4D8BFF6A4AEDF79E90ED4E68F00CD7299F4E0D83E35601AF0CBEF18C1E870E74758FA91F5131075004DB3C
310
FCF09AE1DABC11957FD9808C92E8A678CE9DBE40DDA0E0D1D505AAFBCBA208232BFB6FB3704E8985E61ADE53DE74152F5C7DE74B1DEDCD37DC3E8FB30D7EBA8B9EFFC3606BF90B8D438279CB7709FC7C00D327F41817EEA71CD9E49FE9C8C9A81C70915D9F0F15958EC5AA4C3BBFAF46986B90F188BDB24B89DE3C6F29EC3E
310
6F66D84856EE96A35E657CA41B41EFD8DBFA16AD6E91439EA92B40B21C053249F51AE50EB0B24C770FFAF40DF12C8436366819C48E36547D4E7B72FE2BBF10828583057814A668BDF183F6B2E58DFB151103E56303E63D00F39C27C4661605DB644D19175D02E3F0241E8FC3458D17AAAADB117CE9EEA690D0DB01E634878C
310
04C2C9310B69FCAB831151E3AD293BEF6E46B0ABCECB50F5939B39C613D41E81FAE8D34CAE3C4566B761D37185FE864AC32FCB71AEF39DAA5BAB88609BB980CD2F07A8F941653B529567726E2B2A58D079DD57E1E5E31426CF184A04D7B03B985F276D47406AF276FE32E3328BA866EB1FD39BEF57863A317634AA5FE46740
310
9B3873F5069EF0D71AF00AD189D17BA1974ECDB2D623E9E14086386A6AAB5807825C37B015BFE892AFD154920EC437EB945D958E18622E1E0FE2FA06557CE4BB9BBD05A2D40E774DA2B65473791E314B7D6C886820B2FCFE4AA272B3B8B15E7344A145E8AF919B5454D89D36D413E87211186BF6F645E5EC94DCCE8E1C7990
310
22E4EC9BC86D7A0F2AFB1FC4B2CE48F84B3F49ECE65BAD24CADCC07EFF39AB06BE9E6B27A059938EA7208838455383DDBCFCD967DDE4650EF92A14FF933C975DB20BD7FEEBC4487576485963D757D16340D9599FEB362F775F38CA4185A86F74B629C81B133644A3B18FD056E997E0734F9BE26D11C0AAFC669E2AC9FC41D2
310
81F8B2E1C35AE27BCE05F3DA295488096688719D974DF1B5D182DB7792288697F8763CFB43562C1CDEE11C4AABD5C22B6E33F6F389CFC3477C5919DC0D533F8A7A1846B7ADB60ABDC26C43D0CFC8910B7C15EE22675BD02702ED39DB77A87A192CA7A543E6205B979B9F5A6B512A3CA799E198B2D5797C0AF8D1D872CA455D
310
4D431A7879D4DD76110B5FF7F4176B54477A9EB5E4A5D11214FDA585F0382751D8E2582BA5D2075053298FEB8F1537304E32CB22C2E2B693DC0A760B1DFCA751BDC445AFDCBB12820ED85F6D5298933C7EF1211E9E057684056CDA3FEF3BB6052355E162DF27C59E965A8DDB7F9437EB72CDDA3A090DE65A5B2F50326247B7
310
EC67B73ACC7047FC9B353D6EE990F772207C6EC52B39DC2F3C0754821DAB559F7C1809C7D0DD5B0499D0442E0A6E391B3D5DB46D11E731E6794EC77523FBDAA242ED67F9FA1FB684255671F63C9BCFE6E7E896D51001A6113EF2298BA494E0B0980D1FA5B9D60796554C02256B1E0345FB7C6186B6A19D2DCA270416262845
310
FA4F42DB5D9B0A0B6F07FCA2E56C242522E001E0CEB734AF310FC8BFB57E38E03AACE93B3326A2197891E68452B26A6307FDABFEE0223D3C03C3C73D2D5BC054C8311F12004CAE488E5C29287F8156A2CAA4AD0D7BE6B97264E4139F437CE73ADF52E5134C52B819777C18B323A5924E4F67AFD13B1CDC3A61793A79FAF5C0
310
CEB718E441071E797C6DCCB9EFCF7E4A1E9F3DF3C2F9C9E8294E9586868788C972857FB0556D7A26941A7EEB9B580AD78EC40B85DC906B4120A563CA3B87797ED612D3B035962BB75F6515A393F4CB057F564CDF54F2E5A024514E6A1F901DB80C7E70B1FC05E356A7E72FABF4775B3E3FB8F70A2A8E7B6A94542BB3041579
310
78CCC999E707A29CC795E67A59CC546A5D47B368954CA7B6E75EC9E1F6FC73CE3B4F71F8CB1A6B15923D61EAAEB14626AAA9D04A26EB9C66CD1BE86CA31A5D8703DE04CD1EBCE4F5CCB62F93909AD11E55799A781A956ED27D3E738F4538CB04ADABC7DAEF20BC35BA6A90BCC1DC61BA05F20D8832FFB9BC9B15E2DB838A0A
310
FBB7E0C82A562127E0446894F427794C3037186F622BF24DE1B00AA10A23BFA47B2A180D6DA5AD6F7326FEB8C100C2D7142EB2A0B2A9D1008A09BA343D70E054AB69E2A7EDB783CBD92537FAF4A44D1296AC2792729104B3276C276C951D0CF3CF3F1E6B017720A7B8505A5FF9589365979678C36F1BAF759EAF57C60F1FF5
310
FE9DCF5F8E764FF25A2D06CF25117A8FED51884C13B2B750DB0E4F5E3D64124FCF11F0AD8F1CC3B3DA4B38ED22BF1CB2585EE6BFEBBA63FBFD44F9537B9B37BDD6B358720F98A8125AED4349CCFEB0E135F19E208A04CA7E2B10711185D72E381F448036EF57C9F874E54A971CA37A639E986AC0226DC5AA00D5B14FEA9192
310
234B3DE617814FC221C92F33F1D392F297731B567FD98FD91D989379AF567A65B8ADF177591DB90FBEA99BF4ED11B16E50A0AB1DBF1156D034BBE04D69D08F939D8E92BF525A1DDAFF80ECBC95D8F45D3FDD289FD23F7D8B452F8EBB34EC082DEEE68E18EDDF072060FAD2AB1504DD4879BF67099FC58F6E9DEFBF645D1633
310
4A3E9A127C6F1AF6132CF287E433B43A0EE93812B4AA0B194E03EE3FF91EF9C6ED0074A2F6EB18A96A7C9890B1FCDA1F2095E944DB911ED54C60DF16FB74C8CE9BDC7C54C4F14078CF73C2FFF1F1BBCCD7CF64F71407EA1683DBC410D226627F66E509060D5C0AFD611DE681D509DB8DD12FB1265B03C6F5C55FF4C30BD941
310
87FF692B4F152982502F193098A789526A038AB529A52BC0DC4FB6285CBAC10A8B8DB75DCD9BDABBB221E27D1F8DA9F5EE5926A1C8AA9BA9BC09239C6A7F12914EA3B59EFF7AAEC3FFCCE56F1C5C2980AD072793527565E774F4631DB178CEEC691B1F367BEA0CF2907E1D6B854D527065979DDEF002D8B2ACEA7CE21AE297
310
737EDE1D45B31233B73FEA35BCFDD0B09721FDBAF6432681F2FD10C3E9EFB246FD6E854B344ACC9D8A0EEF876A7314B49B6A499FC650B099D650DBFEC7638ADFD245E2B7839DA5AC5F7D5623FC0ECEEC8653FC9B2BDD1AD4D00A566FBA7186DD3C9CD26512551637498CADB950FEC71ADB9A5524285DE328B8EC7EC75D2345
310
AEC6A27C42AF6D9B92155315C80DBFCABBB7DA0FAE425C4FB896B15C9BFAC4FE67DF5A23D30C93DA4D8F36FB15D100050DA6062E22AEC5F4DAC4F6FEEF97AE05DE63C6D38F9E068A20BC5E3B6BCD75320C5090924E7F93640A7735B1A43451C2D91EE62C6238B797349E59890AF3A520DF4A87095F3ABEC2E61F0593416CE4
310
6CDCBE0E00E2523FCCD04408588B5B6C9DB6459C786CE378770B54F51DA3A5E1DF2A3349BEAAC234A6CF8993B598B3B25B4B113E353A4D750FA7534749430F3EBF2512E7EA3FD43C6AB9A1F765A58463B306721A15D224FAFE8C6F5E3432D57EE697DA0DD5A9D4866A8BCCAAA9DFF1F06047851408FEC060471D0E3EB86BFA
310
F46E4B5E60311DC3E3CEA147C75CF971BE74689507154FF2D2E92F15CDB2B9182B11459FD8ACAC5A85F174BC94A7F4EE4C4F5CAFA7C02E37BF0BC77B7DCD0C047BC316F562A01A441AFA7931CC84A28CB9F4AA367EB515778F29BFE61195FA671F4352E5E46E3A64773F1F76EE5EB36D7BCE9BCEAD837A4D77F8DB8C92AEEF
310
6711920D7C7D0F76B0FD0EB7AB83724CD35BCA7D36DDDF5FBB7FF6F04A91F3E2BB3B8F1A43CD659639507FF6331C5F697BCC782AE57D757A27D97F1AB9E0AEDB43F92F1B2AACDF5FEC8ADBAF9F814E2027003BA2F9E144B1938A7A04050AE5D953B82C45619165C813A10E76DD6906B3C16438064D14CDA713AEC420034613
310
E1AC7241904A49FBF87409AFB1FCB9B72FE7933A87D8FBEDACECE4EDCF6A4FE9FB94D5DEB74FAB7CFEAE17EE965DF980DCCA2D04134994F9A2E94D2265DA4FE6AA7B7AC15FACAC2B5ABBCD7DFF542C5314FDAB2E1B9D8B65220B8E2B638BE008E8DCA22678C820C5053664D15E89F2D735B51A84955E81A443545E9FF787BE
310
0FA700A76D136C27DA179A7C6E8939E01BE756E19CB292798063D8B97F44E8A27BCF3A614FEB8BE974A718E86F7EC99B53CA35FA24F61F2B07266684623A3D4CF073E511F3A10A8FDAFAF0078C577F4DF9D339FE7862E5FA47CF4344209E5BF76D783B1B48E152AD281B15FCB934DCDA49CEC5706B1EE8B460F435324A5CAD
310
154725E21AB8044B75A557A79F6C807B9340AA3D92503E866F4274412926C8C504E4D5EF8C0E68DD0B028781A6B4054F11CF18941F101C57CCC796773ABC8DED9CD91FE5788806C05E548895354AEAC96546D55B0E94A59F148D061F42AA398D822CDECA4CDE79E13469BDCC44FDC990F366BA5978C15F97ED80CBFD73B0CD
310
9B8B83A4F6845BDFBFAF034019473FB9A63BD55D3A4A7284757071574029A4D016DCCBE95DD679EF3C4880BF169422F8C89B68A988D2B13793CAED4F74DE7486C72DC94DF46B8E93D8E02EFCB1FF9B3BA10C8AE7F653DF94F4AF466CDDCEF5776687F7C4C14B63E4EED1719DC2EC482D7DBCC7AE518CDE3D5FF86D39000EC3
310
673C0044E1D308BF05F74D1B5F033A7D1BE7F74BC55BBE3E4A20F920946CA0271EB17BD2B80E5660ACB8A29A79F5E4BBA49D4D945B6EEF4A7EFEAA65E5555BBB57A7E15D2F83C69F30BBB978D2B39F1F26FC097424D39BB33CA3D87ABF64E307938B685BAD44F71556A30B7E712CA4FE600613C3E554B69ADE949A7CFE214D
310
F1FFF05CB82151EC6FC31950239F94CF7AD39DC473F6EA356E5EC2C4EFA04383CEFE985A127484366FBEE3C0EC4FEA363E4F6632AE781392FD45D67B63FB8DF70E82734F431FD3443172A0E30A83D60982D55FA6A2CF86DBA8382502ACC6CDEF3B907982EED1160E14863FA242F9757347E1544275CCDCF71ECD5F8621CBEA
310
326B8BA884AD7F825781923E66971F04010D574C541D8427A438A37EEF8AF88240EED7362C953F5A81DE2D56109CDE2524EA0F5D2F87308C0C47BD97AD605878AB8589E17CA83930CB5E0DCCD75853D68B1AB136594926DE426C367428E9334AFAFF90ECE221BB5DC9E5BB53D2CDEF954EAA9CD814F0E5725F1965DD458E5F
310
8487683AD86B9D0076BE3EE91EB1CECC5331A67A3F79D8B27587C12EC2A6A70474749F27B4C0BBAFB94B34189E88DC18964BE4121B9137FD516C7755356E50D6714E31ACD222621EBBCD1CFF81D87479056A9DA0E0B8EA19D24CF937DA89F78E8650CCBDC110AAB6C4E46DCBFD0446BA9E2060E81F314AC2031E88135E5476
310
AC0160EF5C0DD2EEF1B8B5CB2D198BE9A554A9093B5F7D7E4B5407DDFCA1D9C152FD97F55BFFFDFE802954DFEC8995B983E28AC92F1971E28F531DC407A1280EB125F64A72E617EFB27DFBCEDCDA2D6F2BDADA36873EE46B9BE1782998C63DA7182BC383FB6FD15DA472B175D7E8B4FC88F38D6E07FEAA3FA3CBB8F6B449EC
310
F14D2175E5C5CCA3A42ABF24CA6C9395AF74535F4DDB38CB84F56614B0FD32D7E19CA5CF988DB4449C40E23DF2B16772594554579094450F56F253CD25EA7F77366FB1CFE79696C428BB64D5A41E986189427E5E4D7E2DAE3D5BB4972B3DC44EAABDDDD63A2264ECFA5C786EB0EE1FDC5BE34FA0F08376869FD1E61EA06CAE
310
15191135445EE8F0394161C3266A596AA035572BB0C8876180D8B9C77D307DF9DCDF7365ABDA6F3A2366436457A4DFC1F259666569A9E4A79C817BDD5610E5200FCE894A358EC72858D50EF67545DA81C6FACE3D457BAF70367E1E6BDD9A952FB4F56247F58F523B97E640246051A72F79BE42FFA0B3187F63097F91C48B86
310
8586F714B0EBD5A00A8412C1236E1298F60C72BE6C96B82B404CADAA304AE9F303176B14BA53FBC2D5E86377E35542019E24D97B96A49B2C0E5006E7795954DEAF5DA58958839043C6C70BD3B1B33B6DC5C31316D8A6923F142E26F6711A2258AF977DDF1F970ECC4F1F2B434B96D81BEB6E89BF3BBB3C7C8CC80505070723
310
D6D7D7D3C8CA27CA164A26024FED94B12A86031867241DA53D929636DA600F050BC40CE48B8BA03D69224720DEE2ED2127390BDF5E6EA64527BBD4C4C63FA76BB801FEEC0E61218EC98A8A86CD8313781617877E66692839B9468CF4DB8E50A73986E558E309C0D6F676F921BE02F1185454DC75B111572FF9D27D85EA14C0
310
5AD7271225B391C4275659CA4A43759D0BA44639BE4C30A84DB7F67A41399FB95CBF923B1B1672ABC807C1590557FB18D811983FA97F5E609516D62281D38B1281F68FC75528C35E4CD7DF0F7DBB5E5DD69C414EBEA2F4A5B241B996BA77AE6C772E367408C633EA3E438B68563EA8BE7667F3A4C4FDEEA52ABD78A2820F44
310
3B7914A15F180018D231E64519C56A12F6CA7C8DAE18F06F6B769DBF92329EF6A5D18FBCE600F36BD8E8198DE5CDAA96181F3A756EBA5501CEE58F497EA4F418A2B82565B9BCC611713C0B708CCA1F398B78C5F7D03B3437CC18F13061F55C7BEDADD5ACB1DB0E36D3CE47FF6EA1A563A57E9649EA5D14D1A50EAA45746338
310
1C073777EF1600607BAF6428A7DDC079D47A204EF1E1F1F0589FB054D45E02CE623B3823C317C601E589E22B1E88B448524B86A82828E32345EC18AE17214B42F8C41C6D428016D9BA31DDCB47572561E5A402E5BA4FCE55F78AF7268524AA04130F3A20BA5D1E9F9948EA48FC8F5314FDB35E21898198060034ACE5E3E2BB
310
CA34092518F275190AF65F45867FF0900AA4B81F25427414C372BF51DC29AA855C5428EE1EEDD6B849AD60F6E73475C2D2523F8A2772C840A478DED18A8C5C91B085F255DC4F54EA7AA8947354FD17ECF8FB3B4A0DE7B483CAF3A1165EE05BBA413E5C1FEF3DE1D6B8F2F3F3251C17D9FCAB48A9AAF63AC773A0E413BBC46A
310
9ADF84A566FC920E4D8C52C9769EE3301CADEEEDD92B312E02E2A7E35B7F1E7D203FE5A7D75578B06E99D0E46FFADB8FDA17ED8880390DA29094202D6F645F76F6F96409CDA05495A96E84B04A00D1A6C6C81D7F3DE9376E828CCF144EE50E364ACCE7237EA0BFB5607ED1AC3CFE73794E5B61739D14DF1743441B1AC98F00
310
ECEDE9E7301FA29755FBEFA68C91EF2B314CF510537EF1ABFC9A762496280B546F5EDAAF8A5B387D469FC9A878A92828C88608453ACEC6094DCA54111E7AD5B2663DFE2DD151B7F123B9F4FEF8EE36AB125FD7AD52A59B1B765B3E3F73E3F73DEA93875004D2AFFE3CDE9493B87A9904DD052028949041A91DC0E1BA47BA71
310
4343FD5B25E0A6A09503AFC17C790058A836A324FE31D7893512E28230332F153181C1E018E1124EBE1BA262AA428A518237D1EA7275E48C5C561BD19ED6912EDD8367DA0F31E40EEAE9683DA9257525AEA7B632B97119E17145A90231768A4F3B9120FF32E8319B015E3CBE26F1A754177D8185345817C096B0CE443A955D
310
13AC15E1FB5DEEA0239EC32A3C92241A237B0B02FFCB4F93CF2B02570C8D192E2F2A68CEEB42F12E6F8CEEFF46C251E22B4341C56FB08CCE550E7A9D6F4D6564B9EA52A83D5BF2C6E03FA19D2775E15A8A7ACF30A13C259EE7F5EF2AC3BA354F1500E1A07FC63FB4686E2F12EC69719F9ECF5FE3F35598DF2CE944008CE78F
310
0911BA5BE5D0A34E0098FF038669C26030BA9B300303039852A8F6F496341737CA7E0D2E3AAA36DE0A70AA7D9CA0D54D9AD84B18A44C9E625475E1C97B93BEBB38DCE7D227E67A2D00F531436136355F243D1FC0D712C5765754FA22FCFFAE97919161F46D6E61ACB37D83777B385889770B50765B127768443A5C4D3A4E35
310
A3151111F146B7CA116F918A049F1C272F2CD7976C69A0068773451659A97E0F4A08FE604C3FF6CE7385DB19F4D3ABC8A0D80DA8A42096AC377DB49382B36E270B6FA7570188B4B7D1DDDDA82ACA487CCA5D38BD3BD039ADBAFA4ACFF27809239B722081E2EB9F145320553D183F28471C388BC8814E5045676767AB58A8E7
310
2D1CED2CA731379515D2E533E4CF0B39DFC625F97AC4836831A4DE330E87A8126FA17EBE583D614E71E22A8DBF2825599743E0640037303E8E1B1E8EA4E1ABFA4F62907B5E4E0E5DCFDAB417C36C6848A2B8D15F1E505434C0707E16B1CFC2A1C36A42BBF55734F8F4301DDC2A5110CEE8C0747F69519265012A2174BF4E95
310
5ECD4FDE095A3ABC70536B7AD0B9D7892F81287D667C108703C9B66A221E9A0929D030008F77FF6F5D2108EF5706FC87A3069B976F7C9FC3239D13D283CDEA83597461079FEEE049B0F392889898B7D87D31F8D60ED7B56B91823A8E4EDDB36C6172ECEE42BD42B12CD67994FA0F0DFAE9389356F4CD4425A4B8AA55CBF7EC
310
D585C6A2C2316791E43D5C06841ADBB226A87FD61515FFBB0167B74E56BD7F3E90A57A97FEDCBDF483A0D6699A8C0849CAEB4947FAA90D8E332D9DEBD9F4738C37DA0CAF9CF3DAA68BCB67C420459C7A64498D6E848E5CADE92BB6901F607AA331104A67F7CD650EE169B1DAE94D2C31C2F993632259B6957E246EFE4C5481
310
107B07118607700040E5812A2A2A38DA0076875258C753F60E0F2662C748EDD5F3F3686B8FC3BD6FE631ECCAA1E8B1C1E565AD117E54893E79F4672E32F9E46B2A183DFDCF3EECB4D4D077DBEA0DA254D256045109670050129E9B9B1A9E4A11344D61497A992778095151510C4BB7EF2009B63AA4360635312E4CF668B7E0
310
D3D85A8688E2BD83B569439892ADB63461930D428E0DE42E4AC57CE48DA5CC1449530D8BD3D6A0F08DF20C8E8F570F2CFFFCEA286E30969B4654D498A58D9DA782E19FE3F002181838925592C4A1EF0B332D88B61A92C644547BED490D3A42CFFAB70E36D961F694F6307F72FF15A1C79D5B1B5CEFD353D9E2B52566DEC8F8
310
F09CB3E8359C0F68EBBB7898243E34E12A015B2685AB303C04D3A9E00671FF3DFF0A184E4A2ABEB2B666AF5B3A209C73D8EF29DCDB069C9F391EEE9DD0F74C7BCDE16F8F02E3B8816122BBEB50665775B600549D8BB33A54A6BF940C028118BC6878C79958D6784F9DEAA6E26748386FFAF8D0D0101E2847B6563F5D8DC1D7
310
8F787BE00E2C941AE12148D4A81599FE8F68D4DA5CDED75530ADE138240300EE13B0FC13A1687FED6774662C05A2B7DFB186732F0D7A93545D8B0A6390AE5054D9CB582DA846D7A061B3358B45E2B52DDE63E114397EDB7E09233A579155D795BE76102CF277F4DF8B188C4F2879BEAE3C08347124BF9ED23B128259FE107D
310
31E34A652F090B30B39E0D9AF917B76A2806135621A8A60681F16AF216514BBD02711585B5B1AE823F4B2D0369EA5B6BCB863072727FFC871CA6C9AB79A814D989057E9470A3D238BC87CBB4A0EA49AFE2B86F22E499793CAA9047080450166BDC357524561E258C77CB697F1ABB32562CF87C3B7AA12F911EF19FB3E5C022
310
22E887D08202A60A17151F5E053A86B437771088B4FEE14D652C43E8D939995D34545E12E2FF93D4E366EAD25F10CB7DED141563C3D0C447AF06078A91135FD4B9611583CB4BF3BD167F2399CEAB0E0100F8FFC305F00F1711717173138B4B48C83022295DE657EFEDD97F238ECA80F528AFB4F8D67AD4E2594B9A3AA86D74
310
87EFC313BA95745C186F0CDD84CC12DC9CB0424B42203D351FD9C0A3AF10CC7F388E0329279087386421F194F4A29464C1DEF7EF8BE515E4A199DCD5B909342598D8FE6A231F71336248D5CEC5454455C7BE383B3BC7B260FED27F703FDC39A170F3827239102F59D4DEE7FEF82EAA1A5E4BA94DCC4CC44E7E2EDE20F24244
310
E4454369D2E87C3F823F193FD4FD27E1C23984B01898D15ABC20711A8A558054951A6AE280096BA36CBA439603B7B0B4C45F248C14B2383B4B5CD8ECECE4FF859AD4A6CA2326D020EF090F4041D28DB66E5256B56232CC52829DE8060BAE6BBF37D4B7469B822454FE93210A3E8D15E69FFCF01123222611C51C4FD0A041A0
310
CFA2471CF6BE38D2B20FA4C3525B5B8B586759475CF80ADFE67A284AC24651E52B8E683D24C2622642F27E7C3C22783BCF63648BC398BD6CD0D9C97E7E7E3EACB6126DB7A6C1FD9F1031302EE67ED96F22B77C7CA0239BB324207559B105E4693EB26EC46182A92C9C0DBD24F29B31C5C5AC1F84300E0E17CEEAC15F5736FA
310
4A98971E2F1423BFCD68D4BBD5F86E74B40A369F39507C88FCDB35D2DD8DEBEA4AF999E23CF2816D204200DF6E611781B9884C1AC8888B4DE397320472959434323A5A36B22A8E1F721A270DF3BD65E4A31C11FF048AFB0D8B7B6881423793963A23CFCE935FC189ED36FAE35C46DA3574C979E4394BE52084F3081837BE03
310
3396D2EBD80F1F691B273F660D2B32FA27A33B1DE4ADA5F0FA4651511102DFA410DDA86E065272CA314D5249DF91B06BB92807B28EFD54F08F7B525252782CD276DD02E6B0319B13DF87B1F6361AD6B28FC0D711CF445429B9E5A433CD493051C49A9E03DDB1B147D880253514A5DED88009018620EE229101C041950E2D8A
310
A8E1F5F5438E0C0C0C60EEDEE9E3E0C051948C69F84BB7B2A48A1F3C8EB9E6864687F4F4F6F6E2FA87608ADAF9C5E117B7C1A737E710769DA1D15ECE6A84502AA855398712D5FB51BE92E4EF824969CE18278798AC303C2C7980DD2500ADF8FB1E6D6C2FAAFF9987178923334A244758BAA01A9A1B70FA5097D01E1CC2A58D
310
AD0EC94CE6430AA9B0C10D75E3C6BAC670EFBADEE1607739CE0FC18A2587E3EC3058562014C64219C69BC269082D5C2F4A659278D585755912176D78A1B641719C2A394CED495A1AC5D583FD2F5EDD93308EA7EAE8A6DD396598BDBD3D4CFED62D18A5BDFDE0DD5C80D1A89BA62697B131AE7CE9A6594138582F1B37D68F17
310
49AC7CB67A70695D48A4A056AC1FBD4E82358CEAE38F54B95A9016F9000F9879C0D9D131768635CA798895F27D6F1614F11F2838A83611AA51C9A3DDB539D42979C29F10465655C17BEC3E2760B80DCBF609198C7B171A531905F3EC218D696025975E986C6B4C666666787271F202805577DD5A3EF0CAFAF91B62DC4B2DB4
310
217A7606282F31D8DDBC290593BAA93EA6353AFA9939B877978481E15CFC9F2755CDC00C538F63A4BA3E80AE009B73CA0185687D339A507D165B74290D6EE46D5C58148F020C3668ABE9EF2F7549170DC80DB41FFC1D678FF19AEB10C7133832B104B80F691B3138F97A92D26E551F1F110400D45AC71A9B9AC41A1A1B1DAE
310
ED0B0810638EFFB511D46B121C6FEA0F38CD00E03CFFEB9713FE1F9C263E4DDEC160D0497FA9A132BA608584057FB15380825DE6C7FC3C667EE947D488A09898D8E939C4953BF4EC9836344D2CC6B2971B2A21A572B06096F4982D2CC7232D46E8EA69DC83722E267754D777F97F96D5DA74E1E75178084D0E70F12AD33E5F
310
71EF2AFA599B2BEBF60A5BE475F444F240CBFE8143C334E7ED9150FEEFEF7EB020C4DBED388DD1D6A167A76F3CBF119B578AE8CFA7736ACAFA4440A1C47185638A0D2F3EB5BDDEFDA958FB13CE4AA4923D5BF840392D45544329525749734866684BF7F8D9D54D892E19BCA9F829A0F8BFCBEEA6CFDFC61D74EA1A645ED7A1
310
FF241739F15694BD835B66FEC5677E40FE69BD3F91AE402F036537218A401CB0828604AD189E575015C6F3F6BBC8AC79CF6C70653847254B31551EFCBEB5978B9DB85D58D0FA41A9DFE9C624834AA04949D24B5AE6D299E072D152D12097920F14AA92C31C3B97E28B6C2E6E9C23D63043ECBBC0A60FDF5BD0C33C127EA8A3
310
308B8B6AFFEB28B4455BF6E7AF4FC6222728357EB8E46E85053E6A8843AB23295BF838ABDA94658FEF3F832F147046B4ACD6F7D48E8FCC9618582961C898D1C7A253C91BFECBDA6BA18A1FCF70755DCCEE2222F41B76D23CA98D0CB3D95F0CF66D57FFF65E2A90F5DF40FC3187621E981BD0BC1D992787212688976B94A8F0
310
C6EF646624B570B78E068826F87CE27041A95C9A4871FF65CC17FCB1639629AD6A9517000D63AC231F3D741CB8430777E7ECF80CE7A3F73C0F162F7E56AA71F4DA80A33CD6ACEE78E2C11FAC03DAFCE929B106F8F6B3ED2DC71FF994BD9CEF4E9A94896EF1B6E2B7B4978168BCF0847A3D2A4F1B0500B926E634B174548E9F
310
BAD27153FB5FC36799B1E6C7C38A94E1F9E996796D7B485E635D5287A2AE76FBD11A341DB3F8F810385BB7296391973DC6C37C452A9305AEBBE0CDB6C566DB59FE60C8E94B1FD090354BF51439FFD1B48D725228FFA88C84F686F547107A7A235665A4593B7C34D748C1AC8D56DD5DA861EEFBADDECBBD65117E65851F9035
310
1AEB65F0EFCFF4BCFEF24CB7A5879699FAC437A7AF9099186CF006BB923A59E37D7A36A29FD8D2CBB914A5E9D0A8FD212FBF796AE9A67958FF1D5D8B85F78F96219D4714EB919929241B6C018AAE0C02069F8D919961EC5DDFBFB7573E3AC8E08BFB7C8534BE6DE045B3CD63DBD71F7638BA2309CAE398EA3A7D8F98BBBC7A
310
EB367EFA5CFA27A9F8F2F52FE878058E6209C026453F8E7E8A237DFC389E9590F6059B397CFD65183BBF936E86896612A5B5FEE49DAC8455D026218AFEBEC12B3523A45B57B82C9C97E02ACFA1184DB18E48CF615DBF39C3CC6F0B4AE6BBEEA2E39D944E290302FA3DE33FA7E40296E2EF7BF1CD855BBECFAD0FD622BEE974
310
6FC4FDFDE545AE6E3BC234CADF83A0FB76DFB145BF3828AE3436368AC24989454F8FF70A177672C711CAA1A76107218CF948CA01F873520E7A2B118EBB161ABAD432932029628B6761590C98AB590C8C8C79798CE9F715BA696E839E9131A4BB68BE923F1747FBFF165331FFDD4D05997ACD168F12CA75348DAC04C7F509FE
310
83898A8B421181AF492861CE81E4A2DD0A30850CFA95E05F097FF70F9E777310D584A75BA7018922E271DAB1D785671157685B7D383D3E074DDB4F1E44EF04B07BAAC75A062077C54B9752C738C9D804D402E02851F3F89605AF189738C18C021D2139EAF72513824E10DDD3047BACC8521ED7E98B257D1166903B1B08FA6F
310
918FD7E162913FEC7D0EF4787E29C35FBA8C6E2C9C20E9AB30AE42CA2A01A090E7D010C1B5BF9CEE2A304BF3A987FB40D836979B79E18D70F257DA61E808472DD85B82761825779D6B90CAEB0F23360C6F80A7D7D77545E95B3DFF0CF96A827F9B5BCECD2C9698718417EF80FEEDEE938AFF55859D0D540B7FE09435583A6F
310
04874A0C7E8CF234DF4879722000167F5872CEC6BF3EF7E5A8CC8121E6A359227C8A29C95212F9F735BC72A887D56B8F309FC525BFB4FD767AAEC4AEFF249CFBBD2DE1AB9969A6155C7D8DABC307E47324C1F916C7BCFF40ABA5644E9FFB9238D19ADADA49D9610F01ABBA57E4DFCBDCCBB2B93C8953206C91DE01B0E2651A
310
6D6C31721915B31F7B7CBCE55466F6D70402788FA91D73BE4ADCBA99A35F17D6B83383704917D6833F0FA3CD45C926ADB8BC17999A4A0AFBCE2541F7B8CF4C2F5FBA611B3E626D64407CB32C122DFF4EF8674D6EDBB86C8F7C6A16D50FA685E2CCA34F8F7D1D8265BB0042E9D7F1F666F7BE5FAA5184DF58E12122A42EF02F
310
461B3F369AC746F96528AD208512AB56844CF75B97F352DF7995024FB02855385854F3798670D01CAC771AC3E1889EC25F61A20C1F8CAB46898817F9C47E2CDA1F286BF2F358298709FE567C91133E2638C8B53975E753EA8BFD3578B5F7186B7BF084EBA3F77BAC3132A5779902EC22AF2D2E79F42D324E083386DAEE9810
310
D1B44A5DAA54513C7A71E52A4AB9257D975B621308FE4D2141CC3DCFE946C154A3C1DFCCA7629EC69ACFA831634ADDA93C0388D2A9A2DDAFCF957C6995BCE7FBB6DC4EBAE79E63EB08E9A25F52F67076F7093CA545CA3053B5BF576DEAD4E0017143C5F759F32B2D6F145B52B67B48909B7C7FCA6586EE385A2189C16932CB
310
6DDFD9152AE317C430492A578ED27B72D85D40C7C93C097939E1B50F4D67F05334FE9DC362C30B7FF561B95259138ECFD9274C8D695C31B14D4EAA9F3D7FA8DDF652F8C5DEFA23284C799B7D94416DEE81E05A866302DC70192A5368EA65E1CED8BF107A1E2D3119A71E85DC1A7B0C1E93274CE04DD0F2ABC8AC7C987FDB00
310
2B6F81757B43502EF7A0D92E416494FAEEA4C9C090CD9557AA4D532F4996A272B94355C5A0E4974EEA9627476F30809B94D8D8D860062E02204643BEC7D0438AF800FC7E2B26955D595421E83C69E1A07E0E3122285835F014AD538188CF9737CE76D464A353FA55A001AB2526B84E985083693BC76FE211CA1D000679C889
310
E3C009832C87E1AC2EDD05C302557422DF0800E316FCAC86978A371F025A6C7DAA9F333E7BD160403A1A06EA75AA9888FF01504B0304140006080800ED707A4F51464CB48900000043010000360000006662782F30454442324435462D323331362D343141322D423839452D3044304244464341413341422F646972656374
310
6F72792E786D6C9D8F310EC2300C45AF127987122606C71DD918B841D4B851A43646695A717C52A85029031293A5A76FBF6FACEF7DA7264E43906840EF0FA03836E242F406C6DCEE4EA06AC22492573150D1F66C60C640E8938CB705396EEDD86DE9B5042FE27813D640EA63BB001C722AF6E55CB61E4863F58284D5D3F53D
310
D715CE1C3985E63FD7F1B7EBDD617E9F1E504B0304140006080800ED707A4F7E6D18B445070000541C0000340000006662782F30454442324435462D323331362D343141322D423839452D3044304244464341413341422F6F626A656374732E786D6CDD59596FDB3810FE2B84F665F741D6E12376E1B8F091144691B6A8D1
310
C5BE09B44C3BDC5007282971F6D7EF902265519163A507B0D804881D8A1CCE7C738FA6EF8F11438F84673489AF2DAFE75A88C461B2A3F1E1DA2AF2BD3DB6D0FB199AF224C96BFB2C14E3885C5B62D99A4D0F3C2952B5B4237B5CB0E6EAEDE22F94852426160A19CEB26B2B0BEF49847BB8C8931DC91E7A3B9CE3DE617FEC79
310
BD72A349F6C0717ADFB82AC59CC439B00AEB3150511C78E6BF2092339B3A6283B1ADDF6D9BFFCA36470A6E324AE32CC771F882ABC675FE19AE1AD7F5BDC1EAC61F4EECE160D0B70723DFB317B78B95ED5DF5DDE568B99CCC6F26169A4DB749C22A05A424DE81169FAD993775C4934A7C85421BDF6112C7245468B66DD81145
310
9792AC898901AC2745AB29A494B5B6D0EF28FC996D9D40315832D0D6C2E9CFBAF526DBBF0184AC8B95F28C082BCF720EBA56D897FEE04E9D72D5D00BCD508473C2296688D12DC71C14045B4B05196484B70852486026B5A8E9D57905C3BEEC4B6D5CEE0BC684FF5A33E96901F823C933C919FD87F013F7F5DB802790B6A071
310
3E56C2E6CF2990984C1DB9583EEBFBEA610924DA337C006B0131C5A6BEDFC06B2962C17A65CD3EDE6E8F1B111FDA2F4F7992129E0BCB93CEACFC4E6BB0665A607C1D40297135757742E52B40FF0990AF784153D01CA7C7C171A065E738CEF6098F403BC845B60B7F5C24BEBEF83675AAC333848C58790E5370DB9F84A92186
310
71770DD2D9F4118C3EE17D25DC26C40C6CFA8EC6C2CFC150104B6009E2FD7E7BB4666B08A6B008A73003E9E177EA88AF083E4A3A106F1A1A6A0BBF1D14A51DA6E967275D7D009BE134AC5465C8780EDFE14FC177BEDA7CDC147C8F4372A71C7B45F634A63924D376860CD00D97FFB6FE243DF2034BB6989D4E1B9B42B8E690
310
88B8D1A2968D520B927A014E441A2E352357EE28783B6338264991A9F5B63815262CE1C1F639285DB8F5AE3FB50D94972903688D6590DC434E5381893553DAAA0261AF26285818E6CA020FA556836D11A5018E922216A1F6A52936F98038232C11A84A6ADAB0B5D76AB23BBADF171904AF56924B0348E5CF9A7069E1038863
310
6DFC72B2E71892681207147230384BEB0DC6051578AFF39C11B60F28634514EC29833C1244383D43BFA304F5CCF5409E9F12BE6B25685A96F6496D43027005AC064967AB32E62B9D72F248459929F399CE06C60E55875AB3C199742132450BA0DA18A599CFBDFE723C9FB850270DAEEC813F58DA737FBEB097E3E568E0DF8C
310
26636FD5E45347AB7ABE03558A32C7F0BFFCBE88B631A60C1E08B1F12E7DF75E66CF6B0742A3E3DEAC16FE6A786BFB7D6F640FBCB96F2FC6931BDB5DB98BD5ED723EEFCF170E275952F090648EEFB88136C9343E9CE34A73F7328642597339D9697D3585F91FC7D0664E3094F85F0DA255EC6A2908BB065171B4194271F820
310
52541042D5D7EA3E8D20DAE4A32DCEBD312EBBBDBE2B7F3C6FE2BB137F3C190E3B863D79D30F47BA361942E83C8B3C48521CD2BC3DA53690E9C8F29BB24BAFEF0D4B6CF45FDF478057E7D58AA9D73393622AA0113E90608F455FD1124A2F49DC9AF50E2CC9321A934CF6852FEAC5064DB707E59799A55BCC9666414472FC3D
310
162B1B8D86174034670174B0B998215CAC232A17503DCB398AA25F86542FE57F0E321CA5ACEC8D2F61E0F91A02DD15B559A8605A5CF108F619E03C7077448E3A2E51AFD8D71545ABD69AD427DF4DFE0C3CBA12FA85F0E82BBA175BBDA137113F630843A3A1D71F5D55AAB88496BE2C17BD1F2BA05B0D9F8327420FF79D8AD3
310
6E5AA9957965219E93085A5F9C17BC93C78E209A68DBD202A9C8D07089DA4D6F2C2865CFA7BB3EB84C367DE74AE2DA3550BBD21866639D04792145AB114B5DC839A01877BDC1B3353617A9FE70C4FCE55576DDFD223930BA8C0354D8650856F1C7A8C35B2B75A386CA9E701E4228DDC84F7B011EB123BB533367906B2BEB75
310
4D7BA9E25E8B901AC194178B487B27BEB0AF18540D1D77E67C280B3DA75C5F8BD4D68381F6890F836993D6E70F9B061558E97CFA8BC0883C3528A8D5A5E8A05F21F56D7D9A1334282889BEAD5F39FE9FE842B4026BA33798206709A330C8273B742009E46F185574E8507844329997C1785590D26F113A9C7E2CE7B039DE32
310
7D3ABCC730CC66AA7F2B4218A442CEBCB6D43AFA0D46A7627A29075ABD0768DD540CB350C1E9B505169B53E8D07A5B1881C981A3A4DE18718263E3F820327E79AAFAFF744CA00351E92457B5A70B2E4A32C399A0144EE5BB05A8FBCA07B3E9F78BAED9413887AFDB22AF84392D9CA45120E89708A57030297C50F01EA1A478
310
5D2EAF27F71890749AE6BF6A0725553BC7FC2047F235BCE7AB2F8E98A6AF3FA3941507A1CED73A6683922D3A75569493AB2918861233C5A28A5CBE73BEF0045E4B45E8968211A0DF8FE3D11FCE3289A2242E979CB97AB98536F7F0AA6AE7E83121B4FEAE77E5C8C9817A15106C71467A78973DC002A89653314F2D21360CA0
310
8AA63503D01A11BA8063C6FEF50AA9EAA83655A9875D018F7C0F80C091C4FB1FE136F50DB5A125F80270251F9EBEE885A9C361703EFB17504B0304140006080800ED707A4F5DD4D944E2000000550100003C0000006662782F30454442324435462D323331362D343141322D423839452D3044304244464341413341422F72
310
65736F75726365732F322F636E782E786D6C4D90DD6A032110855F45845EAE3F4B68DAE09A97E8556F82D58995EC3A8B3FA579FB6A6AA157339CF3319C39EAFCBDADE40B520E18172A99A004A24517A25F682DD7E98592B35609B1FCC3288966838576996AE513D67D480EAEA6AE5D5D43BC0D515C3C4448C15EF6E829B1AB
310
C979A1D97EC26698A9051DE41B73A6182659828C355968274AD8609CB0094C0147F52CE4EB24E5343FBFC9C3491C4FF3F15DF14E6AF581B80E3EC40209F7A759586C6B6C8984E21DD0AAA630A8FE4633FEE2B1164FF1666B954B6A1D0CACDCF78685CD78E00FE4D7D58AF727DB7834D0662F44FF00504B0304140006080800
310
ED707A4FFF15A4A45D000000800000003A0000006662782F30454442324435462D323331362D343141322D423839452D3044304244464341413341422F7265736F75726365732F636E782E786D6C4D8B3B0E80201005AF42B6F75B59F0390B113044D83508C6E30BC6C26AF226F3B8BA6360974DA7271430F523308B2B198F
310
9B80925DB700539227A2FCCB80A18E5640D320F996A81C9F32D6E9129A0D1EF74FCE750E6D57BC7165FBCA07504B0304140006080800ED707A4F4985BD4A4301000056050000300000006662782F30454442324435462D323331362D343141322D423839452D3044304244464341413341422F636E782E786D6CCD944D4EC3
310
301085AF125962991F478802725C8905276081D839CE34983A9EC89E207A7BEC92B62054C1A252BBB3C69FA5F7669E472C3F069BBD830F065DC37851B10C9CC6CEB8BE6113ADF25B962DA5F088F40D63995303342C959914BDC7699C4B1DACD46453D51AB79E8B8AC89B7622082CD35685D0B0A05F6150859A083B08EBA253
310
A40A5E780838790DF13D9901E6F7DA8322E898AC2B7E97739ED7374FFCFABE5ADCD78B175126528A16D1CEBC71041EC7ABBAD2188F2ECAA944990029266F662A7960F2A0AD688D1365BC972244BDAE9F39DA8C891B476BB4A2D8A8123501E511023588F20B96A24C8E7FF87E7C783E6888A7CE78D0847E73B636F0636DD84B
310
2B6222FED7852DF897796CDFA2E5F3CDFDA8E159D8C9ECEE921B62747F2721E649B9DE5EE207D84B3B7DFEE36221A32FD1F44ED9893C97DB1518079F36A2FC04504B0304140006080800ED707A4FDCD6B81C7E000000A30000000B0000006662782F636E782E786D6C4D8CD10AC22018465F45FE7B4B5DC50275686EEF319A
310
1B92D3B0193D7E1ABBE8EA83C3770EEF3EAB476F9B5E2E0601F44000D9708F930B8B80BCCDB805D4499E62DCFE6E80C2B85A011583E44B8AF9B9A3C9CE63F6957A171E3B24BDD1CC9C07CC1A7AC127AA18D6EDB5C7C4106D869B528DD2C53856A5CCAF57B6E6E517504B0304140006080800ED707A4FA6D797065F00000082
310
00000007000000636E782E786D6C4DCB3B0E80201045D1AD90E9FD7516806B51190811670C8A61F982B1B0BAC9C97B72CA7B1037C6D3332918DA1E04D2CAC69353902EDB8C20262D23F3F59B81A079470595414B17391D1F19B4730A5583A7ED43BBE4025D9592775E5ADFFA01504B0304140006080800ED707A4FECFD112D
310
A800000026010000130000005B436F6E74656E745F54797065735D2E786D6C7D4F4B0EC22010BD0A61DF525D18634ABB506FE00510A79458060253536F2FD89D5197F3FED3F68B9BD80362B21E25DFD40D6780DADF2C1AC9671AAA3D677DD75E9E0112CB5A4C928F44E12044D22338956A1F003333F8E814E5331A1194BE2B
310
0362DB343BA13D122055543278D79E6050F344ECBC6478EDCD76CE8EABAE5449AE4298AC56946789C28AAFBEABC53F3EAF09A84A1441B91F0101CD4780756578C173A578FFDDBD00504B0304140006080800ED707A4F3DEE336E64000000790000001B0000006175746F6465736B2D64657369676E2D7061636B6167652E78
310
6D6C35CBC10E83200C00D05F21DCA56CA76D41FC96062B120735B69A7DBE268BB7777961F8D5AF396893C2ADB70FE7ADA196782C2DF776D7A97B5933C430F15651E5469C55D70F80A4992A3ADC954792C525AE70A1E4D6AD9816CC044FEFDF01FE3FDE907802504B0304140006080800ED707A4F18D80A07F30000008E0100
310
003D0000006662782F30454442324435462D323331362D343141322D423839452D3044304244464341413341422F7265736F75726365732F322F636F72652E786D6C8550CB6EC32010FC156BEFD8C60F9C4498284AF3073DF58680382831583CA27C7E2176A5F6D4D3AE66676677871E5FF3A3782AE7B53523E0B286421961
310
A536D308315CD10E8A23A3CEDAF08B0685E1B31A21C3C0E8E46C5C3648581394C9A8B1526D20F75E0528C4233523787153332F790C89E1EFE5C2C59D4FAAC4E5CA6334462D37A996C94D5FB572C0FA8EE0E1B4BFA0B66F6BD4E13341A7EE82D1F963D891A16FEA96105A6531A341CF3FDB85533C2809ACA9F11E618C1AF289
310
BB433D1C9AE18B5699C9A80F2EFDBC2DCDDF253AAD56F48F5B5CE4FF6E519BD0369BDBAAF0C0703AEE3D60B4CAE9A4F28E2ED59C24FB06504B0304140006080800ED707A4F34C07419F8000000960100003B0000006662782F30454442324435462D323331362D343141322D423839452D3044304244464341413341422F72
310
65736F75726365732F636F72652E786D6C8550496EC3300CFC8AC1BB6CCB8B9C04B28220CD0F7AEA4D901947482C195A8A3EBF52E202EDA92712C3992139FCF8B53C8A4F745E5B33022D6B28D0283B69338F10C395ECA0380AEEAC0DBF685018B9E0081906C16767E3BA41CA9A8026A3C64EB881D27B0C50A8476A46F0EA86
310
8B2C650C89E1EFE52AD55DCE58D2F2C5133C463D6D523D25377DD5E840F41DA3C3697F216DDFD6A4A367464EDD8592F3DBB06343DFD42D63BCCA62C1835E7EB62B8732E004A2A9E99E504A1AF64EBB433D1C9AE183579929B80F2EFDBC2DCDDF8170E86D740A3DAF5ED33FAE719DFE778DDA84B6D95C5F0A0F82A6239F03C1
310
AB9C522ACF0853CD898A6F504B0304140006080800ED707A4FA3D4AFF0F2000000B1010000310000006662782F30454442324435462D323331362D343141322D423839452D3044304244464341413341422F636F72652E786D6C8D50CB6EC32010FC156BEFD880D3BC8489EC3AF9829E7A4398382831583CAA7E7E2176A5F6
310
96D3A2D9196676D8E97B7A145FCA796D4D03A4C4502823EDA0CDD8400C57B487E2C499B336FCA14161C4A41AC83070363A1BE71592D60465326AECA0565078AF0214F2911E0D7879539328450C89E1EFE52CE45D8CAA24E5C2E32CE8E9572A9D12410DC02926074408A2DB0FB239E2DD91EE3E5995999CC5A887D54A0FC95D
310
5FB572C0F1B9EF68FF7641B4265BB4212D45DDFE7046B8C75D7F796FDBBAED5895C59CF9E0D2CDEB27F9BA57E58BF05FE6380F2F64D626D474355C141E3849799E0BCEAA5C601ACF76D3CC65F31F504B0304140006080800ED707A4FB0F6686A53010000DD0200000C0000006662782F636F72652E786D6C8D52DB8E832014
310
FC15C33B2A6AB56D90A6E9F60FF669DF28524BAA60104C3F7FC14B5C1FB6BB314132E79C993313F0E9D536C1C0752F942C010A631070C95425645D026BEE700F8213C15A29F3A30D0492B6BC041E0604D75AD96E869892864B8F4A55F119A47DCF0D0858E32E25E8D983B734A4D6B88EFE1976943D69CD43144E7D045B2BAA
310
7954548E4DDC05D780ECB21C15E7C315A6BB348619BAE4F09C5D11BC7C14FBBCD825719AE738F2C3041BD12EEA4C736A78054812A303440826F927CA8E71714C8A2F1CF94E827BA39DE759D4BB03E47E7BE168C2377CB6ABFEE6B3429A3499F9A6891E10E4D61B0B04473E1FF71BC3DB66E8845D7E86DE9AC5C2D341036746
310
E9CC552A65D7D2401BCB1D751C8C1F8EA6AA631E097EE349DEF0BCE770415159BBD5A871D79B355E7DBB53C7351CCC2B904AB7B459979B565CCF556863691967AA51FA3FD38BD525CCC83F4CF20D504B0304140006080800ED707A4FB5E3164706010000B201000008000000636F72652E786D6C8D50CB6EC32010FC15B477
310
6CF03389305194E60F7AEA8D1AE2A2D8601988DABF2F24546A6F3D2D9A99DD19861D3F9719DDD5E6B43503D082005266B4529B6980E0AF7807E8C8D966ADFF250364C4A206483070366D36AC191AADF1CA24D458A932289C531ED038C7C7006EFC508B2844F051E16EC52AC69B9854418BA78E33AF979FD57153C22B09BC22
310
748F29C555F74A9B03E90F55FFC6CAA4E42C042DB39596D15D5FB5DA80B74D47FBD3FE82EBB626B8A1E70E9F9A0BC5E7977ED7F56D45EAAE63655AE6CCF92DFE391F89393D72E29E7C59F9A4387BB776CE82184A226BE62FE0849589F8133AACF21FA1B5F175950F3E371C701A033D88689C1A8CE3516F9CA96DFE0D504B01
310
021400140006080800ED707A4F0000000000000000000000003700000000000000000000000000000000006662782F30454442324435462D323331362D343141322D423839452D3044304244464341413341422F617474726962757465732E62696E504B01021400140006080800ED707A4F00000000000000000000000035
310
00000000000000000000000000550000006662782F30454442324435462D323331362D343141322D423839452D3044304244464341413341422F76657274696365732E62696E504B01021400140006080800ED707A4FF270F13306000000040000003600000000000000000000000000A80000006662782F30454442324435
310
462D323331362D343141322D423839452D3044304244464341413341422F747269616E676C65732E62696E504B01021400140006080800ED707A4F88E57597CD3F0000904100004200000000000000000000000000020100006662782F30454442324435462D323331362D343141322D423839452D30443042444643414133
310
41422F7265736F75726365732F322F305F67656E657269632E706E67504B01021400140006080800ED707A4F51464CB4890000004301000036000000000000000000000000002F4100006662782F30454442324435462D323331362D343141322D423839452D3044304244464341413341422F6469726563746F72792E786D
310
6C504B01021400140006080800ED707A4F7E6D18B445070000541C000034000000000000000000000000000C4200006662782F30454442324435462D323331362D343141322D423839452D3044304244464341413341422F6F626A656374732E786D6C504B01021400140006080800ED707A4F5DD4D944E200000055010000
310
3C00000000000000000000000000A34900006662782F30454442324435462D323331362D343141322D423839452D3044304244464341413341422F7265736F75726365732F322F636E782E786D6C504B01021400140006080800ED707A4FFF15A4A45D000000800000003A00000000000000000000000000DF4A0000666278
310
2F30454442324435462D323331362D343141322D423839452D3044304244464341413341422F7265736F75726365732F636E782E786D6C504B01021400140006080800ED707A4F4985BD4A43010000560500003000000000000000000000000000944B00006662782F30454442324435462D323331362D343141322D423839
310
452D3044304244464341413341422F636E782E786D6C504B01021400140006080800ED707A4FDCD6B81C7E000000A30000000B00000000000000000000000000254D00006662782F636E782E786D6C504B01021400140006080800ED707A4FA6D797065F000000820000000700000000000000000000000000CC4D0000636E
310
782E786D6C504B01021400140006080800ED707A4FECFD112DA8000000260100001300000000000000000000000000504E00005B436F6E74656E745F54797065735D2E786D6C504B01021400140006080800ED707A4F3DEE336E64000000790000001B00000000000000000000000000294F00006175746F6465736B2D6465
310
7369676E2D7061636B6167652E786D6C504B01021400140006080800ED707A4F18D80A07F30000008E0100003D00000000000000000000000000C64F00006662782F30454442324435462D323331362D343141322D423839452D3044304244464341413341422F7265736F75726365732F322F636F72652E786D6C504B0102
310
1400140006080800ED707A4F34C07419F8000000960100003B00000000000000000000000000145100006662782F30454442324435462D323331362D343141322D423839452D3044304244464341413341422F7265736F75726365732F636F72652E786D6C504B01021400140006080800ED707A4FA3D4AFF0F2000000B101
310
00003100000000000000000000000000655200006662782F30454442324435462D323331362D343141322D423839452D3044304244464341413341422F636F72652E786D6C504B01021400140006080800ED707A4FB0F6686A53010000DD0200000C00000000000000000000000000A65300006662782F636F72652E786D6C
310
504B01021400140006080800ED707A4FB5E3164706010000B2010000080000000000000000000000000023550000636F72652E786D6C504B050600000000120012002D0600004F5600000000
  0
DICTIONARY
  5
62B9
102
{ACAD_REACTORS
330
62B8
102
}
330
62B8
100
AcDbDictionary
280
     1
281
     1
  3
TEXT
360
62BA
  0
CELLSTYLEMAP
  5
F747
102
{ACAD_REACTORS
330
30B
102
}
330
30B
100
AcDbCellStyleMap
 90
        3
300
CELLSTYLE
  1
TABLEFORMAT_BEGIN
 90
        5
170
     1
 91
        0
 92
    32768
 62
   257
 93
        1
300
CONTENTFORMAT
  1
CONTENTFORMAT_BEGIN
 90
        0
 91
        0
 92
      512
 93
        0
300

 40
0.0
140
1.0
 94
        5
 62
     0
340
11
144
0.25
309
CONTENTFORMAT_END
171
     0
 94
        6
 95
        1
302
GRIDFORMAT
  1
GRIDFORMAT_BEGIN
 90
        0
 91
        1
 62
     0
 92
       -2
340
0
 93
        0
 40
0.045
309
GRIDFORMAT_END
 95
        2
302
GRIDFORMAT
  1
GRIDFORMAT_BEGIN
 90
        0
 91
        1
 62
     0
 92
       -2
340
0
 93
        0
 40
0.045
309
GRIDFORMAT_END
 95
        4
302
GRIDFORMAT
  1
GRIDFORMAT_BEGIN
 90
        0
 91
        1
 62
     0
 92
       -2
340
0
 93
        0
 40
0.045
309
GRIDFORMAT_END
 95
        8
302
GRIDFORMAT
  1
GRIDFORMAT_BEGIN
 90
        0
 91
        1
 62
     0
 92
       -2
340
0
 93
        0
 40
0.045
309
GRIDFORMAT_END
 95
       16
302
GRIDFORMAT
  1
GRIDFORMAT_BEGIN
 90
        0
 91
        1
 62
     0
 92
       -2
340
0
 93
        0
 40
0.045
309
GRIDFORMAT_END
 95
       32
302
GRIDFORMAT
  1
GRIDFORMAT_BEGIN
 90
        0
 91
        1
 62
     0
 92
       -2
340
0
 93
        0
 40
0.045
309
GRIDFORMAT_END
309
TABLEFORMAT_END
  1
CELLSTYLE_BEGIN
 90
        1
 91
        1
300
_TITLE
309
CELLSTYLE_END
300
CELLSTYLE
  1
TABLEFORMAT_BEGIN
 90
        5
170
     1
 91
        0
 92
        0
 62
   257
 93
        1
300
CONTENTFORMAT
  1
CONTENTFORMAT_BEGIN
 90
        0
 91
        0
 92
      512
 93
        0
300

 40
0.0
140
1.0
 94
        5
 62
     0
340
11
144
0.18
309
CONTENTFORMAT_END
171
     0
 94
        6
 95
        1
302
GRIDFORMAT
  1
GRIDFORMAT_BEGIN
 90
        0
 91
        1
 62
     0
 92
       -2
340
0
 93
        0
 40
0.045
309
GRIDFORMAT_END
 95
        2
302
GRIDFORMAT
  1
GRIDFORMAT_BEGIN
 90
        0
 91
        1
 62
     0
 92
       -2
340
0
 93
        0
 40
0.045
309
GRIDFORMAT_END
 95
        4
302
GRIDFORMAT
  1
GRIDFORMAT_BEGIN
 90
        0
 91
        1
 62
     0
 92
       -2
340
0
 93
        0
 40
0.045
309
GRIDFORMAT_END
 95
        8
302
GRIDFORMAT
  1
GRIDFORMAT_BEGIN
 90
        0
 91
        1
 62
     0
 92
       -2
340
0
 93
        0
 40
0.045
309
GRIDFORMAT_END
 95
       16
302
GRIDFORMAT
  1
GRIDFORMAT_BEGIN
 90
        0
 91
        1
 62
     0
 92
       -2
340
0
 93
        0
 40
0.045
309
GRIDFORMAT_END
 95
       32
302
GRIDFORMAT
  1
GRIDFORMAT_BEGIN
 90
        0
 91
        1
 62
     0
 92
       -2
340
0
 93
        0
 40
0.045
309
GRIDFORMAT_END
309
TABLEFORMAT_END
  1
CELLSTYLE_BEGIN
 90
        2
 91
        1
300
_HEADER
309
CELLSTYLE_END
300
CELLSTYLE
  1
TABLEFORMAT_BEGIN
 90
        5
170
     1
 91
        0
 92
        0
 62
   257
 93
        1
300
CONTENTFORMAT
  1
CONTENTFORMAT_BEGIN
 90
        0
 91
        0
 92
      512
 93
        0
300

 40
0.0
140
1.0
 94
        2
 62
     0
340
11
144
0.18
309
CONTENTFORMAT_END
171
     0
 94
        6
 95
        1
302
GRIDFORMAT
  1
GRIDFORMAT_BEGIN
 90
        0
 91
        1
 62
     0
 92
       -2
340
0
 93
        0
 40
0.045
309
GRIDFORMAT_END
 95
        2
302
GRIDFORMAT
  1
GRIDFORMAT_BEGIN
 90
        0
 91
        1
 62
     0
 92
       -2
340
0
 93
        0
 40
0.045
309
GRIDFORMAT_END
 95
        4
302
GRIDFORMAT
  1
GRIDFORMAT_BEGIN
 90
        0
 91
        1
 62
     0
 92
       -2
340
0
 93
        0
 40
0.045
309
GRIDFORMAT_END
 95
        8
302
GRIDFORMAT
  1
GRIDFORMAT_BEGIN
 90
        0
 91
        1
 62
     0
 92
       -2
340
0
 93
        0
 40
0.045
309
GRIDFORMAT_END
 95
       16
302
GRIDFORMAT
  1
GRIDFORMAT_BEGIN
 90
        0
 91
        1
 62
     0
 92
       -2
340
0
 93
        0
 40
0.045
309
GRIDFORMAT_END
 95
       32
302
GRIDFORMAT
  1
GRIDFORMAT_BEGIN
 90
        0
 91
        1
 62
     0
 92
       -2
340
0
 93
        0
 40
0.045
309
GRIDFORMAT_END
309
TABLEFORMAT_END
  1
CELLSTYLE_BEGIN
 90
        3
 91
        2
300
_DATA
309
CELLSTYLE_END
  0
ACAD_PROXY_OBJECT
  5
6296
330
6295
100
AcDbProxyObject
 90
      499
 91
      526
 71
    31
 97
       57
 70
     0
162
                 0
161
               493
310
720B81E85EB51B8BE3F2E07A17AD46E2F8FE00800030C02000000300012AF841D01405014050140501083C80A0481A0882A0D55554000000000000785FA4
 94
        0
  0
ACAD_PROXY_OBJECT
  5
6297
330
6295
100
AcDbProxyObject
 90
      499
 91
      527
 71
    31
 97
       57
 70
     0
162
                 0
161
               637
310
720B81E85EB51B8BE3F2E07A17AD46E2F8FE00800030C02000000300012AFA1C80A0280A0280A0280A0280A0280A0280A0284A0280A0280A0280A0280A02400000000000000080000000000000785FA4
340
1A50
 94
        0
  0
ACAD_PROXY_OBJECT
  5
6298
330
6295
100
AcDbProxyObject
 90
      499
 91
      528
 71
    31
 97
       57
 70
     0
162
                 0
161
               648
310
720B81E85EB51B8BE3F2E07A17AD46E2F8FE00800030C02000000300012AF98333333333333D33F24080A0280A0280A0280A0280A0280A0280A0280A0280A0280A0280A0280A0280A0280A0280A0280A0200
340
0
 94
        0
  0
ACAD_PROXY_OBJECT
  5
6299
330
6295
100
AcDbProxyObject
 90
      499
 91
      529
 71
    31
 97
       57
 70
     0
162
                 0
161
               315
310
720B81E85EB51B8BE3F2E07A17AD46E2F8FE00800030C02000000300012AFC0000000000003C2FCC
340
0
 94
        0
  0
ACAD_PROXY_OBJECT
  5
629A
330
6295
100
AcDbProxyObject
 90
      499
 91
      530
 71
    31
 97
       57
 70
     0
162
                 0
161
               492
310
720B81E85EB51B8BE3F2E07A17AD46E2F8FE00800030C02000000300012AFC521D4454FB21E93F26A6666666666E4FE89A9999999999B93F8020000C300C
340
1A51
340
1A52
 94
        0
  0
ACAD_PROXY_OBJECT
  5
629B
330
6295
100
AcDbProxyObject
 90
      499
 91
      531
 71
    31
 97
       57
 70
     0
162
             25878
311
4112401500114013401044900540045004D004CD1C01140138015001480104010C013C00B001140138015400B000C000B0012401500114013400B0011C011401380150014801040150016000B0009401CC00B000A0011C011401380134014C011C0080011C011401380110015C011C008000C800C800C800A4029035100540
311
0590040D44015001640132470045004E0054005200410043004F002C0045004E0055002C0030002C005100540059002C00470045004E00540052004100540058002C00250073002C002800470045004E004D00530047002000470045004E0044005700470020003200320033002900A4113801040134011401044E0041004D
311
0045004CD1C01140138015001480104010C013C00B001140138015400B000C000B0013801040134011400B0011C011401380150014801040150016000B0009401CC00B000A0011C011401380134014C011C0080011C011401380110015C011C008000C800C800D800A4012C3D004900460028004900530042004C0041004E0
311
04B00280050004100520054003A004E0041004D00450029002C0042004C004F0043004B003A004E0041004D0045002C0050004100520054003A004E0041004D00450029009054400450053004300520042D100114014C010C01480124014001500124013C0138013A470045004E0054005200410043004F002C0045004E005
311
5002C0030002C004400450053004300520049005000540049004F004E002C00470045004E00540052004100540058002C00250073002C002800470045004E004D00530047002000470045004E0044005700470020003200310037002900A4214C015001040138011001040148011001085300540041004E004400410052004
311
4004DD1C01140138015001480104010C013C00B001140138015400B000C000B0014C015001040138011001040148011000B0011C011401380150014801040150016000B0009401CC00B000A0011C011401380134014C011C0080011C011401380110015C011C008000C800C400E000A4029084D00410054004500520049004
311
1004C004213401040150011401480124010401300137470045004E0054005200410043004F002C0045004E0055002C0030002C004D004100540045005200490041004C002C00470045004E00540052004100540058002C00250073002C002800470045004E004D00530047002000470045004E004400570047002000320032
311
0031002900A41138013C0150011401044E004F00540045004CD1C01140138015001480104010C013C00B001140138015400B000C000B00138013C0150011400B0011C011401380150014801040150016000B0009401CC00B000A0011C011401380134014C011C0080011C011401380110015C011C008000C800C800D400A40
311
2906560045004E0044004F00520041958011401380110013C01480135470045004E0054005200410043004F002C0045004E0055002C0030002C00560045004E0044004F0052002C00470045004E00540052004100540058002C00250073002C002800470045004E004D00530047002000470045004E0044005700470020003
311
200320034002900A419100114014C010C014800C8010D4400450053004300520049005000540049004F004E00200032004ED1C01140138015001480104010C013C00B001140138015400B000C000B001100114014C010C01480124014001500124013C0138008000C800B0011C011401380150014801040150016000B00094
311
01CC00B000A0011C011401380134014C011C0080011C011401380110015C011C008000CC00D800A4029095300540041004E00440041005200440032004294C0150010401380110010401480110008000C80139470045004E0054005200410043004F002C0045004E0055002C0030002C005300540041004E00440041005200
311
4400200032002C00470045004E00540052004100540058002C00250073002C002800470045004E004D00530047002000470045004E0044005700470020003200320030002900A42534010401500114014801240104013000C8010A4D004100540045005200490041004C00200032004E11C01140138015001480104010C013
311
C00B001140138015400B000C000B001340104015001140148012401040130008000C800B0011C011401380150014801040150016000B0009401CC00B000A0011C011401380134014C011C0080011C011401380110015C011C008000D000C000A4029044D00410053005300411340104014C014C0132470045004E005400520
311
0410043004F002C0045004E0055002C0030002C004D004100530053002C00470045004E00540052004100540058002C00250073002C002800470045004E004D00530047002000470045004E004400570047002000340032002900A42950013C015001040130017C01340104014C014C010A54004F00540041004C0020004D0
311
04100530053004E51C01140138015001480104010C013C00B001140138015400B000C000B00150013C015001040130008001340104014C014C00B0011C011401380150014801040150016000B0009401CC00B000A0011C011401380134014C011C0080011C011401380110015C011C008000C800C800E000A401213D004900
311
460028004900530042004C0041004E004B0028004D0041005300530029002C0042004C0041004E004B002C005100540059002A004D004100530053002900905500052004900430045004154001480124010C01140133470045004E0054005200410043004F002C0045004E0055002C0030002C00500052004900430045002C
311
00470045004E00540052004100540058002C00250073002C002800470045004E004D00530047002000470045004E004400570047002000340033002900A40D1001240134010B4D004500410053005500520045004D0045004E0054004E51C01140138015001480104010C013C00B001140138015400B000C000B0013401140
311
104014C015401480114013401140138015000B0011C011401380150014801040150016000B0009401CC00B000A0011C011401380134014C011C0080011C011401380110015C011C008000D000D000A40290942004F004D005F0055004E0049005400530041554013801240150014C0134470045004E0054005200410043004
311
F002C0045004E0055002C0030002C0055004E004900540053002C00470045004E00540052004100540058002C00250073002C002800470045004E004D00530047002000470045004E0044005700470020003200340033002900A41CF400F0012401500114013400F801073D003C004900540045004D003E0041CF400F00124
311
01500114013400F801073D003C004900540045004D003E0041CF400F0012401500114013400F801063D003C005100540059003E0041CF400F0012401500114013400F801073D003C004900540045004D003E00910420069006C006C0020006F00660020004D006100740065007200690061006C00415040148012401040130
311
010541005200490041004C0041504014801240104013002901310090B65006100090065006100090045006100630068000A00455CC01C401B4002401CC01C401B40024014C01C401D4018401C8019400800134019401D0019401C80028011C7300710063006D0009007300710063006D000900530071007500610072006500
311
2000430065006E00740069006D0065007400650072000A00459CC01C4019801D0002401CC01C4019801D00024014C01C401D4018401C801940080011801BC01BC01D0002801147300710069006E0009007300710069006E000900530071007500610072006500200049006E000A0043D9C018401B00024019C018401B00024
311
011C018401B001B001BC01B80028010C710074000900710074000900510075006100720074000A0046DB001C40190017C01BC01E8002401B001C40190017C01BC01E80024013001A401C401D401A401900080013C01D401B8018C01940028010A6C0009006C0009004C0069007400650072000A00445B401B0002401B401B0
311
0024013401A401B001B001A401B001A401D0019401C80028010B79006400090079006400090059006100720064000A0042D9801D00024019801D00024011801BC01BC01D00028010B69006E00090069006E00090049006E00630068000A00429B4002401B400240134019401D0019401C80028011163006D00090063006D00
311
0900430065006E00740069006D0065007400650072000A00445B401B4002401B401B40024013401A401B001B001A401B4019401D0019401C80028010C6C00620009006C006200090050006F0075006E0064000A00431BC01E8002401BC01E80024013C01D401B8018C01940028010967000900670009004700720061006D00
311
0A00441B4019C002401B4019C0024013401A401B001B001A4019C01C8018401B40028010A62007800090062007800090042006F0078000A00404B400
161
              6696
310
720B81E85EB51B8BE3F2E07A17AD46E2F8FE00800030C02000000300012AFA2080A0280A0280A0280D202269349E4B2196C9FA0320240501405014090140501405019011349A4F2590CB64FD0190120280A0280A3880C80C815174B85D2F97CA048080C80901405014051D40640640E883C16030180C064040440480A0280A
310
028EA0320320947077FBFDFEBF7F9FA02202405014050147501901905A0A0B6C1C7480BECFD0190120280A0280A3A80C80C835174B85D2F97CBE47E80C80901405014051D40640641E8BA5C2E97CBE5F23F40640480A0280A028EA03203211441E0B0180C060320202202405014050147501901909A383BFDFEFF5FBFCFD01
310
10120280A0280A3A80C80C8550505B60E3A405F67E80880901405014051D405024050242D03408BA5C2E97CBE5F23F40440480A0280A028EA02812028121881A040542A150A8147A1FA02202405014050147501409014090D409022E970BA5F2F97C8FD0110120280A0280A3A80A0480A048720681174B85D2F97CBE47E80C
310
80901405014051E40640643E8BA5C2E97CBE5F23F40640480A0288254811703D0BD6A3719C7F03C000186000080C566AB55AAD56FB1F959AAD56AB55BEC7E80A03159AAD56AB55BEC7E566AB55AAD56FB1FA0280C4863F1F8BC1E771F9218FC7E2F079DC7E80A031218FC7E2F079DC7E4863F1F8BC1E771FA0281480959AAD
310
56AB55BEC7E566AB55AAD56FB1FA0280A03159AAD56AB55BEC7E566AB55AAD56FB1FA0280C269349E4B219749F89A4D2792C865D27E80A0200566AB55AAD56FB1F959AAD56AB55BEC7F48400000000000010408000000C000B4FFFF4110340D024090140510429084410190A4064229014290A4290A40A000000000000785F
310
8000000000001E17E80C0100006180403800061801B39DEEA7C74B567E6CE77BA9F1D2D59F9B39DEEA7C74B567E5578E926B108541F877BE9F1B2EDD247E5578E926B108541F9B39DEEA7C74B567E5578E926B108541F877BE9F1B2EDD247E5578E926B108541F9703D0BD6A3717C7F40501409069014090541D064069703D
310
0BD6A3717C7F0040001860100400018601002000186005228817F3FFFCFFFF3FFFC80A0280A2A80A0280A0280A0280A0280A0280A0280A0280A0280A0280A0280C80D0640905419074390F00
340
15
340
0
340
11
340
11
340
16
340
16
340
16
 94
        0
  0
ACAD_PROXY_OBJECT
  5
629C
330
6295
100
AcDbProxyObject
 90
      499
 91
      532
 71
    31
 97
       57
 70
     0
162
                 0
161
               279
310
720B81E85EB51B8CE3F2E07A17AD46E338FE07800030C0200C00030C0123C9FE3E0000
340
62B1
 94
        0
  0
ACAD_PROXY_OBJECT
  5
62AF
330
6295
100
AcDbProxyObject
 90
      499
 91
      599
 71
    31
 97
       57
 70
     0
162
                 0
161
               247
310
720B81E85EB51B8CE3F2E07A17AD46E338FE00000030002000000300012A04
340
58F1
 94
        0
  0
ACAD_PROXY_OBJECT
  5
629D
330
6295
100
AcDbProxyObject
 90
      499
 91
      533
 71
    31
 97
       57
 70
     0
162
                 0
161
               279
310
720B81E85EB51B8CE3F2E07A17AD46E338FE07800030C0201C00030C012AE9FE0E0000
340
62B7
 94
        0
  0
ACAD_PROXY_OBJECT
  5
62AE
330
6295
100
AcDbProxyObject
 90
      499
 91
      598
 71
    31
 97
       57
 70
     0
162
                 0
161
               247
310
720B81E85EB51B8CE3F2E07A17AD46E338FE00000030002000000300012A04
340
58EF
 94
        0
  0
ACAD_PROXY_OBJECT
  5
629E
330
6295
100
AcDbProxyObject
 90
      499
 91
      534
 71
    31
 97
       57
 70
     0
162
                 0
161
               516
310
720B81E85EB51B8BE3F2E07A17AD46E2F8FE00800030C02000000300012AF8570E2DB39DEF867E14AE47E17A945E1F852B91F85EA51787F4333333333333F33FAC
 94
        0
  0
ACAD_PROXY_OBJECT
  5
629F
330
6295
100
AcDbProxyObject
 90
      499
 91
      566
 71
    31
 97
       57
 70
     0
162
                 0
161
               249
310
720B81E85EB51B8BE3F2E07A17AD46E2F8FE00800030C02000000300012AFCCC
340
0
 94
        0
  0
ACAD_PROXY_OBJECT
  5
62A0
330
6295
100
AcDbProxyObject
 90
      499
 91
      535
 71
    31
 97
       57
 70
     0
162
             17300
311
42950019401B401C001B0018401D00194008000C40005013D003C0069006600280065007100750061006C00280048006F006C0065003A007400610070007000650064002C0022003000220029002C00220025002500630022002C0048006F006C0065003A006E006F006D0069006E0061006C0020002200200022002000690
311
06600280065007100750061006C00280048006F006C0065003A0075006E006900740073002C0022003100220029002C002200780022002C0022002D0022002900200022002000220029003E003C0069006600280065007100750061006C00280048006F006C0065003A007400610070007000650064002C002200300022002
311
9002C0048006F006C0065003A006400690061002C0048006F006C0065003A0070006900740063006800640065007300630029003E0020007B005C00460041004D004700440054003B0078007D0020003C0069006600280065007100750061006C00280048006F006C0065003A007400650072006D0069006E0061007400690
311
06F006E002C0022003000220029002C0048006F006C0065003A00640065007000740068002C0022005400480052005500220029003E005C0050007B005C00460041004D004700440054003B0076007D002500250063003C0048006F006C0065003A00630074006400690061003E0020007B005C00460041004D00470044005
311
4003B0078007D0020003C0048006F006C0065003A0063007400640065007000740068003E0042950019401B401C001B0018401D00194008000C401FE3D003C0069006600280065007100750061006C00280048006F006C0065003A007400610070007000650064002C0022003000220029002C00220025002500630022002C
311
0048006F006C0065003A006E006F006D0069006E0061006C002000220020002200200069006600280065007100750061006C00280048006F006C0065003A0075006E006900740073002C0022003100220029002C002200780022002C0022002D0022002900200022002000220029003E003C00690066002800650071007500
311
61006C00280048006F006C0065003A007400610070007000650064002C0022003000220029002C0048006F006C0065003A006400690061002C0048006F006C0065003A0070006900740063006800640065007300630029003E0020007B005C00460041004D004700440054003B0078007D0020003C00690066002800650071
311
00750061006C00280048006F006C0065003A007400650072006D0069006E006100740069006F006E002C0022003000220029002C0048006F006C0065003A00640065007000740068002C0022005400480052005500220029003E005C0050007B005C00460041004D004700440054003B0077007D002500250063003C004800
311
6F006C0065003A00630074006400690061003E002000580020003C0048006F006C0065003A006300740061006E0067006C0065003E0025002500640042950019401B401C001B0018401D00194008000C401CF3D003C0069006600280065007100750061006C00280048006F006C0065003A007400610070007000650064002
311
C0022003000220029002C00220025002500630022002C0048006F006C0065003A006E006F006D0069006E0061006C002000220020002200200069006600280065007100750061006C00280048006F006C0065003A0075006E006900740073002C0022003100220029002C002200780022002C0022002D00220029002000220
311
02000220029003E003C0069006600280065007100750061006C00280048006F006C0065003A007400610070007000650064002C0022003000220029002C0048006F006C0065003A006400690061002C0048006F006C0065003A0070006900740063006800640065007300630029003E005C0050007B005C00460041004D004
311
700440054003B0078007D0020003C0069006600280065007100750061006C00280048006F006C0065003A007400650072006D0069006E006100740069006F006E002C0022003000220029002C0048006F006C0065003A00640065007000740068002C0022005400480052005500220029003E0042950019401B401C001B001
311
8401D00194008000C401EA3D003C0069006600280065007100750061006C00280048006F006C0065003A007400610070007000650064002C0022003000220029002C00220025002500630022002C0048006F006C0065003A006E006F006D0069006E0061006C00200022002000220020006900660028006500710075006100
311
6C00280048006F006C0065003A0075006E006900740073002C0022003100220029002C002200780022002C0022002D0022002900200022002000220029003E003C0069006600280065007100750061006C00280048006F006C0065003A007400610070007000650064002C0022003000220029002C0048006F006C0065003A
311
006400690061002C0048006F006C0065003A0070006900740063006800640065007300630029003E0020007B005C00460041004D004700440054003B0078007D0020003C0069006600280065007100750061006C00280048006F006C0065003A007400650072006D0069006E006100740069006F006E002C00220030002200
311
29002C0048006F006C0065003A00640065007000740068002C0022005400480052005500220029003E005C0050007B005C00460041004D004700440054003B0077007D002500250063003C0048006F006C0065003A00630074006400690061003E0042950019401B401C001B0018401D00194008000C801173D003C0053005
311
400440050003A0044004500530043003E0020003C0053005400440050003A005300540044003E0042950019401B401C001B0018401D00194008000C4010C3D003C0053005400440050003A0044004500530043003E0042950019401B401C001B0018401D00194008000CC010B3D003C0053005400440050003A00530054004
311
4003E00C
161
               732
310
720B81E85EB51B8BE3F2E07A17AD46E2F8FE00800030C02000000300012AFA1280A17480A15480A0480A0280E9014050340501407480A0280A0280A03A4050141D0140501D20280A3C81A0280E901405480A02A40D01456AABA3503C
360
62C3
330
62C3
360
62C4
330
62C4
360
62C2
330
62C2
360
62C5
330
62C5
360
62C0
360
62BF
360
62C1
330
62C0
330
62BF
330
62C1
 94
        0
  0
ACAD_PROXY_OBJECT
  5
62A1
330
6295
100
AcDbProxyObject
 90
      499
 91
      580
 71
    31
 97
       57
 70
     0
162
                26
311
404E800C
161
               305
310
720B81E85EB51B8BE3F2E07A17AD46E2F8FE00800030C02000000300012AFA1680A0280D55554C
 94
        0
  0
ACAD_PROXY_OBJECT
  5
62A2
330
6295
100
AcDbProxyObject
 90
      499
 91
      584
 71
    31
 97
       57
 70
     0
162
              1098
311
510F400F0014C015001480154010C015000E8010C013C01340140017C013801040134011400F8008000F0014C015001480154010C015000E8015801240114015C017C013801040134011400F80080015801240114015C01700140014C010C010401300114008000F0014C015001480154010C015000E8014C0158017C014C0
311
10C01040130011400F800C
161
               332
310
720B81E85EB51B8CE3F2E07A17AD46E2F8FE07800030C02000000300012AFA02808000000000001D07FC
340
11
 94
        0
  0
ACAD_PROXY_OBJECT
  5
62A3
330
6295
100
AcDbProxyObject
 90
      499
 91
      536
 71
    31
 97
       57
 70
     0
162
                 0
161
               261
310
720B81E85EB51B8BE3F2E07A17AD46E2F8FE00800030C02000000300012AFA0754
340
62A7
 94
        0
  0
ACAD_PROXY_OBJECT
  5
62A4
330
6295
100
AcDbProxyObject
 90
      499
 91
      539
 71
    31
 97
       57
 70
     0
162
             10568
311
411040138014C0124010641004E00530049005F004300429040138014C0124017C0150012401500154014C011541004E00530049005F00420052005F005200650076006900730069006F006E006C00690073007400610044104008000A000E000B800D401E000C400C400B800C001A401B8018C01A000A4010641004E00530
311
049005F00410044518008000A000C800E000B800C001E000D000C000B800C001A401B8018C01A000A4010641004E00530049005F0046004450C008000A000C400DC00B800C001E000C800C800B800C001A401B8018C01A000A4010641004E00530049005F00430044508008000A000C400C400B800C001E000C400DC00B800
311
C001A401B8018C01A000A4010641004E00530049005F00420044510008000A000C800C800B800C001E000CC00D000B800C001A401B8018C01A000A4010641004E00530049005F00440044514008000A000CC00D000B800C001E000D000D000B800C001A401B8018C01A000A4010641004E00530049005F00450044D0401B80
311
1CC01A40080015001A401D001B001940080010801B001BC018C01AC00800104010C010C41004E00530049005F005400490054004C0045004100430044D0401B801CC01A40080015001A401D001B001940080010801B001BC018C01AC00800110010C010C41004E00530049005F005400490054004C00450044004300439540
311
14C0080015001A401D001B001940080010801B001BC018C01AC010A41004E00530049005F00540049005400550053004490401B801CC01A40080015001A401D001B001940080010801B001BC018C01AC00800104010B41004E00530049005F005400490054004C00450041004490401B801CC01A40080015001A401D001B00
311
1940080010801B001BC018C01AC00800110010B41004E00530049005F005400490054004C004500440044948019401D801A401CC01A401BC01B801B001A401CC01D000800104017C01500148017C011541004E00530049005F00540052005F005200650076006900730069006F006E006C0069007300740061004494801940
311
1D801A401CC01A401BC01B801B001A401CC01D000800104017C01080148017C011541004E00530049005F00420052005F005200650076006900730069006F006E006C00690073007400610044948019401D801A401CC01A401BC01B801B001A401CC01D000800110017C01500148017C011541004E00530049005F00540052
311
005F005200650076006900730069006F006E006C00690073007400640044948019401D801A401CC01A401BC01B801B001A401CC01D000800110017C01080148017C011541004E00530049005F00420052005F005200650076006900730069006F006E006C00690073007400640044948019401D801A401CC01A401BC01B801
311
B001A401CC01D000800104017C01500130017C011541004E00530049005F0054004C005F005200650076006900730069006F006E006C00690073007400610044948019401D801A401CC01A401BC01B801B001A401CC01D000800104017C01080130017C011541004E00530049005F0042004C005F005200650076006900730
311
069006F006E006C00690073007400610044948019401D801A401CC01A401BC01B801B001A401CC01D000800110017C01500130017C011541004E00530049005F0054004C005F005200650076006900730069006F006E006C00690073007400640044948019401D801A401CC01A401BC01B801B001A401CC01D000800110017
311
C01080130017C011541004E00530049005F0042004C005F005200650076006900730069006F006E006C006900730074006400A00
161
               498
310
720B81E85EB51B8BE3F2E07A17AD46E2F8FE00800030C02000000300012AFB2E8320A84205400000000002015900000000000000324000000000000007100C
 94
        0
  0
ACAD_PROXY_OBJECT
  5
62A5
330
6295
100
AcDbProxyObject
 90
      499
 91
      537
 71
    31
 97
       57
 70
     0
162
               142
311
408F000F801023C003E0040DB0018C00CC00
161
               408
310
720B81E85EB51B8BE3F2E07A17AD46E2F8FE00800030C02000000300012AFA08000000000000701F8000000000001C07E7FFFC00
340
578
340
0
340
0
340
1A40
340
1A41
340
0
340
1A42
340
1A43
340
1A48
340
0
340
1A41
340
0
 94
        0
  0
ACAD_PROXY_OBJECT
  5
62A6
330
6295
100
AcDbProxyObject
 90
      499
 91
      538
 71
    31
 97
       57
 70
     0
162
             20912
311
44D300124014C01500080013C01180080010C013C013C0148011001240138010401500114014C0142470045004E0054005200410043004F002C0045004E0055002C0030002C004C0049005300540020004F004600200043004F004F005200440049004E0041005400450053002C00470045004E00540052004100540058002
311
C00250073002C002800470045004E004D00530047002000670065006E00640069006D007A00200033003000290043CF400F0011001940198018401D401B001D0015001A401D001B0019400F8010A48004F004C00450020005400410042004C0045004E51C01140138015001480104010C013C00B001140138015400B000C00
311
0B00120013C0130011400800150010401080130011400B0011C011401380150014801040150016000B0009401CC00B000A0011C011401380134014C011C0080019C019401B8019001A401B401E8008000CC00C400A4010F3D003C00440065006600610075006C0074005400690074006C0065003E004193C01480124011C01
311
2401380134470045004E0054005200410043004F002C0045004E0055002C0030002C004F0052004900470049004E002C00470045004E00540052004100540058002C00250073002C002800470045004E004D00530047002000670065006E00640069006D007A002000310029004193C01480124011C0124013801344700450
311
04E0054005200410043004F002C0045004E0055002C0030002C004F0052004900470049004E002C00470045004E00540052004100540058002C00250073002C002800470045004E004D00530047002000670065006E00640069006D007A0020003100290041120013C013001140132470045004E0054005200410043004F00
311
2C0045004E0055002C0030002C0048004F004C0045002C00470045004E00540052004100540058002C00250073002C002800470045004E004D00530047002000670065006E00640069006D007A00200032002900538F400F00124011800A00124014C0108013001040138012C00A0012001BC01B00194012401D0019401B40
311
0A400B0013C01C801A4019C01A401B800B00080012001BC01B00194012401D0019401B400A400F800F00124011800A00124014C0108013001040138012C00A0012001BC01B00194012401D0019401B400A400B00088008800B00080012001BC01B00194012401B80190019401E000A400F8010158004BD1C01140138015001
311
480104010C013C00B001140138015400B000C000B0016000B0011C011401380150014801040150016000B0009401CC00B000A0011C011401380134014C011C0080019C019401B8019001A401B401E8008000CC00A4010159004BD1C01140138015001480104010C013C00B001140138015400B000C000B0016400B0011C011
311
401380150014801040150016000B0009401CC00B000A0011C011401380134014C011C0080019C019401B8019001A401B401E8008000D000A4010152004BD1C01140138015001480104010C013C00B001140138015400B000C000B0014800B0011C011401380150014801040150016000B0009401CC00B000A0011C01140138
311
0134014C011C0080019C019401B8019001A401B401E8008000D800A401187B005C004600530059004D0042004F004C007C00420030007C00490030007C00430032007C00500030003B004A007D005191C01140138015001480104010C013C00B001140138015400B000C000B001EC01700118014C016401340108013C01300
311
1F0010800C001F0012400C001F0010C00C801F0014000C000EC012801F400B0011C011401380150014801040150016000B0009401CC00B000A0011C011401380134014C011C0080019C019401B8019001A401B401E8008000DC00A401032500250043004C51C01140138015001480104010C013C00B001140138015400B000
311
C000B000940094010C00B0011C011401380150014801040150016000B0009401CC00B000A0011C011401380134014C011C0080019C019401B8019001A401B401E8008000E000A4010B4400450053004300520049005000540049004F004E004E91C01140138015001480104010C013C00B001140138015400B000C000B0011
311
00114014C010C01480124014001500124013C013800B0011C011401380150014801040150016000B0009401CC00B000A0011C011401380134014C011C0080019C019401B8019001A401B401E8008000C800C000A401044900540045004D004CD1C01140138015001480104010C013C00B001140138015400B000C000B00124
311
01500114013400B0011C011401380150014801040150016000B0009401CC00B000A0011C011401380134014C011C0080019C019401B8019001A401B401E8008000C400D000A4010549004E004400450058004D11C01140138015001480104010C013C00B001140138015400B000C000B00124013801100114016000B0011C0
311
11401380150014801040150016000B0009401CC00B000A0011C011401380134014C011C0080019C019401B8019001A401B401E8008000C400D400A4010448004F004C0045004CD1C01140138015001480104010C013C00B001140138015400B000C000B00120013C0130011400B0011C011401380150014801040150016000
311
B0009401CC00B000A0011C011401380134014C011C0080019C019401B8019001A401B401E8008000C400D800A4010A48004F004C004500200049004E004400450058004E51C01140138015001480104010C013C00B001140138015400B000C000B00120013C0130011400800124013801100114016000B0011C01140138015
311
0014801040150016000B0009401CC00B000A0011C011401380134014C011C0080019C019401B8019001A401B401E8008000C400DC00A40109550053004500520020004900540045004D004E11C01140138015001480104010C013C00B001140138015400B000C000B00154014C011401480080012401500114013400B0011C
311
011401380150014801040150016000B0009401CC00B000A0011C011401380134014C011C0080019C019401B8019001A401B401E8008000C800C800A401035100540059004C91C01140138015001480104010C013C00B001140138015400B000C000B001440150016400B0011C011401380150014801040150016000B000940
311
1CC00B000A0011C011401380134014C011C0080019C019401B8019001A401B401E8008000C400E400A401085300540041004E0044004100520044004DD1C01140138015001480104010C013C00B001140138015400B000C000B0014C015001040138011001040148011000B0011C011401380150014801040150016000B000
311
9401CC00B000A0011C011401380134014C011C0080019C019401B8019001A401B401E8008000C800C400A4014E3D003C004900460028004900530042004C0041004E004B00280048006F006C0065004900740065006D0029002C004F0072006900670069006E002C00200048006F006C0065004900740065006D0029003E00
311
3C004900460028004900530042004C0041004E004B00280048006F006C0065004900740065006D0029002C00220022002C00200048006F006C00650049006E0064006500780029003E00CC
161
              7105
310
720B81E85EB51B8BE3F2E07A17AD46E2F8FE00800030C02000000300012AFA46347FFFFFFFA020600005C0F42F5A8DC5F1FC01000061806808180001703D0BD6A3717C7F004000186018080F0201800000000000000000000000000000000F6295C8FC2F5487E5C0F42F5A8DC5F1FC01000061800F6295C8FC2F5487E5C0F4
310
2F5A8DC5F1FC0100006180403F8080F0201800000000000000000000000000000000F6295C8FC2F5487E5C0F42F5A8DC5F1FC01000061800F6295C8FC2F5487E5C0F42F5A8DC5F1FC0100006180403FA1C8821E88A0481A0882A0E862028722489A2A82A2483A288621A880000808000808200110A000101000101040021F4
310
0002020202020800446800040400040400008150000808000808000103A0001010001010000209400020200020206004168000404000404040083D000080800080020010CA0001010001010500A0340002020002020A0143A800040400040410008950000808000808280113A000101000101050022B40002020002020C004
310
528000404000400100086D22000CFFFFFFFF0026A6666666667A4FE7FFFFFFF819353333333333D27F3FFFFFFFC049A9999999999E93F9FFFFFFFE024D4CCCCCCCCCF49FCFFFFFFFF0226A6666666667A4FE7FFFFFFF811353333333333D27F3FFFFFFFC0D9FFFFFFFE0600000000000000204FFFFFFFF0026A66666666676
310
4FE7FFFFFFF801353333333333D27F3FFFFFFFC009A9999999999E93F9FFFFFFFE004D4CCCCCCCCCF49FCFFFFFFFF0026A6666666667A4FE7FFFFFFF819703D0BD6A371BC7F3FFFFFFFC0C67666666666606409FFFFFFFE880033FFFFFFFC009A9999999999E93F9FFFFFFFE064D4CCCCCCCCCF49FCFFFFFFFF0326A666666
310
6667A4FE7FFFFFFF819353333333333D27F3FFFFFFFC0C9A9999999999E93F9FFFFFFFE064D4CCCCCCCCCF49FCFFFFFFFF0367FFFFFFF81800000000000000813FFFFFFFC009A9999999999D93F9FFFFFFFE004D4CCCCCCCCCF49FCFFFFFFFF0326A6666666667A4FE7FFFFFFF801353333333333D27F3FFFFFFFC009A9999
310
999999E93F9FFFFFFFE065C0F42F5A8DC6F1FCFFFFFFFF0319D999999999819027FFFFFFFA088800000021E000000890000002260000008220E00020089000000206000200810000801FFFFFFFE812020002822200000008780000022400000089800000206000082220000000878000002240000008A8000001FFFFFFFF4C
340
0
340
0
340
0
340
0
340
11
340
11
 94
        0
  0
XRECORD
  5
4ED5
102
{ACAD_REACTORS
330
4ED4
102
}
330
4ED4
100
AcDbXrecord
280
     1
330
2CB
  0
XRECORD
  5
A851
102
{ACAD_REACTORS
330
A850
102
}
330
A850
100
AcDbXrecord
280
     1
330
2CB
  0
FIELD
  5
62BA
102
{ACAD_REACTORS
330
62B9
102
}
330
62B9
100
AcDbField
  1
_text
  2
%<\_FldIdx 0>% %<\_FldIdx 1>%-%<\_FldIdx 2>%
 90
        3
360
62BB
360
62BD
360
62BE
 97
        0
 91
       63
 92
        0
 94
        9
 95
        2
 96
        0
300

 93
        0
  7
ACFD_FIELD_VALUE
 93
        3
 90
        0
 94
        0
300

302

304
ACVALUE_END
301

 98
        0
  0
ACAD_PROXY_OBJECT
  5
62C3
330
0
100
AcDbProxyObject
 90
      499
 91
      573
 71
    31
 97
       57
 70
     0
162
              4364
311
42950019401B401C001B0018401D00194008000C40005013D003C0069006600280065007100750061006C00280048006F006C0065003A007400610070007000650064002C0022003000220029002C00220025002500630022002C0048006F006C0065003A006E006F006D0069006E0061006C0020002200200022002000690
311
06600280065007100750061006C00280048006F006C0065003A0075006E006900740073002C0022003100220029002C002200780022002C0022002D0022002900200022002000220029003E003C0069006600280065007100750061006C00280048006F006C0065003A007400610070007000650064002C002200300022002
311
9002C0048006F006C0065003A006400690061002C0048006F006C0065003A0070006900740063006800640065007300630029003E0020007B005C00460041004D004700440054003B0078007D0020003C0069006600280065007100750061006C00280048006F006C0065003A007400650072006D0069006E0061007400690
311
06F006E002C0022003000220029002C0048006F006C0065003A00640065007000740068002C0022005400480052005500220029003E005C0050007B005C00460041004D004700440054003B0076007D002500250063003C0048006F006C0065003A00630074006400690061003E0020007B005C00460041004D00470044005
311
4003B0078007D0020003C0048006F006C0065003A0063007400640065007000740068003E00C
161
                29
310
7220101C
 94
        0
  0
ACAD_PROXY_OBJECT
  5
62C4
330
0
100
AcDbProxyObject
 90
      499
 91
      573
 71
    31
 97
       57
 70
     0
162
              4244
311
42950019401B401C001B0018401D00194008000C401FE3D003C0069006600280065007100750061006C00280048006F006C0065003A007400610070007000650064002C0022003000220029002C00220025002500630022002C0048006F006C0065003A006E006F006D0069006E0061006C002000220020002200200069006
311
600280065007100750061006C00280048006F006C0065003A0075006E006900740073002C0022003100220029002C002200780022002C0022002D0022002900200022002000220029003E003C0069006600280065007100750061006C00280048006F006C0065003A007400610070007000650064002C00220030002200290
311
02C0048006F006C0065003A006400690061002C0048006F006C0065003A0070006900740063006800640065007300630029003E0020007B005C00460041004D004700440054003B0078007D0020003C0069006600280065007100750061006C00280048006F006C0065003A007400650072006D0069006E006100740069006
311
F006E002C0022003000220029002C0048006F006C0065003A00640065007000740068002C0022005400480052005500220029003E005C0050007B005C00460041004D004700440054003B0077007D002500250063003C0048006F006C0065003A00630074006400690061003E002000580020003C0048006F006C0065003A0
311
06300740061006E0067006C0065003E00250025006400C
161
                29
310
7220101C
 94
        0
  0
ACAD_PROXY_OBJECT
  5
62C2
330
0
100
AcDbProxyObject
 90
      499
 91
      573
 71
    31
 97
       57
 70
     0
162
              3492
311
42950019401B401C001B0018401D00194008000C401CF3D003C0069006600280065007100750061006C00280048006F006C0065003A007400610070007000650064002C0022003000220029002C00220025002500630022002C0048006F006C0065003A006E006F006D0069006E0061006C002000220020002200200069006
311
600280065007100750061006C00280048006F006C0065003A0075006E006900740073002C0022003100220029002C002200780022002C0022002D0022002900200022002000220029003E003C0069006600280065007100750061006C00280048006F006C0065003A007400610070007000650064002C00220030002200290
311
02C0048006F006C0065003A006400690061002C0048006F006C0065003A0070006900740063006800640065007300630029003E005C0050007B005C00460041004D004700440054003B0078007D0020003C0069006600280065007100750061006C00280048006F006C0065003A007400650072006D0069006E00610074006
311
9006F006E002C0022003000220029002C0048006F006C0065003A00640065007000740068002C0022005400480052005500220029003E00C
161
                29
310
7220101C
 94
        0
  0
ACAD_PROXY_OBJECT
  5
62C5
330
0
100
AcDbProxyObject
 90
      499
 91
      573
 71
    31
 97
       57
 70
     0
162
              3924
311
42950019401B401C001B0018401D00194008000C401EA3D003C0069006600280065007100750061006C00280048006F006C0065003A007400610070007000650064002C0022003000220029002C00220025002500630022002C0048006F006C0065003A006E006F006D0069006E0061006C002000220020002200200069006
311
600280065007100750061006C00280048006F006C0065003A0075006E006900740073002C0022003100220029002C002200780022002C0022002D0022002900200022002000220029003E003C0069006600280065007100750061006C00280048006F006C0065003A007400610070007000650064002C00220030002200290
311
02C0048006F006C0065003A006400690061002C0048006F006C0065003A0070006900740063006800640065007300630029003E0020007B005C00460041004D004700440054003B0078007D0020003C0069006600280065007100750061006C00280048006F006C0065003A007400650072006D0069006E006100740069006
311
F006E002C0022003000220029002C0048006F006C0065003A00640065007000740068002C0022005400480052005500220029003E005C0050007B005C00460041004D004700440054003B0077007D002500250063003C0048006F006C0065003A00630074006400690061003E00C
161
                29
310
7220101C
 94
        0
  0
ACAD_PROXY_OBJECT
  5
62C0
330
0
100
AcDbProxyObject
 90
      499
 91
      573
 71
    31
 97
       57
 70
     0
162
               548
311
42950019401B401C001B0018401D00194008000C801173D003C0053005400440050003A0044004500530043003E0020003C0053005400440050003A005300540044003E00C
161
                29
310
72201014
 94
        0
  0
ACAD_PROXY_OBJECT
  5
62BF
330
0
100
AcDbProxyObject
 90
      499
 91
      573
 71
    31
 97
       57
 70
     0
162
               372
311
42950019401B401C001B0018401D00194008000C4010C3D003C0053005400440050003A0044004500530043003E00C
161
                29
310
7220101C
 94
        0
  0
ACAD_PROXY_OBJECT
  5
62C1
330
0
100
AcDbProxyObject
 90
      499
 91
      573
 71
    31
 97
       57
 70
     0
162
               356
311
42950019401B401C001B0018401D00194008000CC010B3D003C0053005400440050003A005300540044003E00C
161
                29
310
72201014
 94
        0
  0
FIELD
  5
62BB
330
62BA
100
AcDbField
  1
AcVar
  2
\AcVar ViewType \f "%tc1"
 90
        0
 97
        0
 91
       63
 92
        0
 94
       43
 95
        2
 96
        0
300

 93
        1
  6
Variable
 93
        2
 90
        4
  1
ViewType
 94
        0
300

302

304
ACVALUE_END
  7
ACFD_FIELD_VALUE
 93
        1
 90
        0
 94
        0
300
%tc1
302

304
ACVALUE_END
301
----
 98
        4
  0
FIELD
  5
62BD
330
62BA
100
AcDbField
  1
AcVar
  2
\AcVar ViewSectionStartId
 90
        0
 97
        0
 91
       63
 92
        0
 94
       43
 95
        2
 96
        0
300

 93
        1
  6
Variable
 93
        2
 90
        4
  1
ViewSectionStartId
 94
        0
300

302

304
ACVALUE_END
  7
ACFD_FIELD_VALUE
 93
        1
 90
        0
 94
        0
300

302

304
ACVALUE_END
301
----
 98
        4
  0
FIELD
  5
62BE
330
62BA
100
AcDbField
  1
AcVar
  2
\AcVar ViewSectionEndId
 90
        0
 97
        0
 91
       63
 92
        0
 94
       43
 95
        2
 96
        0
300

 93
        1
  6
Variable
 93
        2
 90
        4
  1
ViewSectionEndId
 94
        0
300

302

304
ACVALUE_END
  7
ACFD_FIELD_VALUE
 93
        1
 90
        0
 94
        0
300

302

304
ACVALUE_END
301
----
 98
        4
  0
ENDSEC
  0
SECTION
  2
ACDSDATA
 70
     2
 71
     8
  0
ACDSSCHEMA
 90
        0
  1
AcDb_Thumbnail_Schema
  2
AcDbDs::ID
280
    10
 91
        8
  2
Thumbnail_Data
280
    15
 91
        0
101
ACDSRECORD
 95
        0
 90
        1
  2
AcDbDs::TreatedAsObjectData
280
     1
291
     1
101
ACDSRECORD
 95
        0
 90
        2
  2
AcDbDs::Legacy
280
     1
291
     1
101
ACDSRECORD
  1
AcDbDs::ID
 90
        3
  2
AcDs:Indexable
280
     1
291
     1
101
ACDSRECORD
  1
AcDbDs::ID
 90
        4
  2
AcDbDs::HandleAttribute
280
     7
282
     1
  0
ACDSSCHEMA
 90
        1
  1
AcDbDs::TreatedAsObjectDataSchema
  2
AcDbDs::TreatedAsObjectData
280
     1
 91
        0
  0
ACDSSCHEMA
 90
        2
  1
AcDbDs::LegacySchema
  2
AcDbDs::Legacy
280
     1
 91
        0
  0
ACDSSCHEMA
 90
        3
  1
AcDbDs::IndexedPropertySchema
  2
AcDs:Indexable
280
     1
 91
        0
  0
ACDSSCHEMA
 90
        4
  1
AcDbDs::HandleAttributeSchema
  2
AcDbDs::HandleAttribute
280
     7
 91
        1
284
     1
  0
ACDSRECORD
 90
        0
  2
AcDbDs::ID
280
    10
320
114B
  2
Thumbnail_Data
280
    15
 94
     1686
310
89504E470D0A1A0A0000000D494844520000008000000056080300000030876ECB00000300504C5445000000000000FFFFFF0000000000000000000000000000000000000000000000000000330000660000990000CC0000FF0033000033330033660033990033CC0033FF0066000066330066660066990066CC0066FF0099
310
000099330099660099990099CC0099FF00CC0000CC3300CC6600CC9900CCCC00CCFF00FF0000FF3300FF6600FF9900FFCC00FFFF3300003300333300663300993300CC3300FF3333003333333333663333993333CC3333FF3366003366333366663366993366CC3366FF3399003399333399663399993399CC3399FF33CC00
310
33CC3333CC6633CC9933CCCC33CCFF33FF0033FF3333FF6633FF9933FFCC33FFFF6600006600336600666600996600CC6600FF6633006633336633666633996633CC6633FF6666006666336666666666996666CC6666FF6699006699336699666699996699CC6699FF66CC0066CC3366CC6666CC9966CCCC66CCFF66FF0066
310
FF3366FF6666FF9966FFCC66FFFF9900009900339900669900999900CC9900FF9933009933339933669933999933CC9933FF9966009966339966669966999966CC9966FF9999009999339999669999999999CC9999FF99CC0099CC3399CC6699CC9999CCCC99CCFF99FF0099FF3399FF6699FF9999FFCC99FFFFCC0000CC00
310
33CC0066CC0099CC00CCCC00FFCC3300CC3333CC3366CC3399CC33CCCC33FFCC6600CC6633CC6666CC6699CC66CCCC66FFCC9900CC9933CC9966CC9999CC99CCCC99FFCCCC00CCCC33CCCC66CCCC99CCCCCCCCCCFFCCFF00CCFF33CCFF66CCFF99CCFFCCCCFFFFFF0000FF0033FF0066FF0099FF00CCFF00FFFF3300FF3333
310
FF3366FF3399FF33CCFF33FFFF6600FF6633FF6666FF6699FF66CCFF66FFFF9900FF9933FF9966FF9999FF99CCFF99FFFFCC00FFCC33FFCC66FFCC99FFCCCCFFCCFFFFFF00FFFF33FFFF66FFFF99FFFFCCFFFFFF0000000D0D0D1A1A1A2828283535354343435050505D5D5D6B6B6B787878868686939393A1A1A1AEAEAEBB
310
BBBBC9C9C9D6D6D6E4E4E4F1F1F1FFFFFF000000000000000000000000000000000000000000000000000000000000C11FEF66000003514944415468DED55A4D9683200CEE0DBC468E36A71C2FC263C1BA5BF6435130810041413B79AFB5052A1F1FF9C5BECCC3F2FA0A00CB83F22D001EDB816F0260C18BF502F8CB2EC910
310
CB0E1900C0B7EF00F0509B0C31EC902B005A221A72054063155634E4F216E0FDCD1980436CD63F46070CD2819C8138B7EB8426036104BA178C6300DA0C0023E318003903B5A6C90CA4E67A3703FC1600A6E21203708E813A800E06A0CD40A602070098C600E21A5422B9414C60E0984041700211924A23C805060AB1E0982E
310
D0B0B778842A12749981522CC0EBDD01C4DB1DD495B7A04307986840F12888FBB143700C6C4A785D070C170D5200A92BF04DF467731940EACF98C1650600C4F940AE319C1F106444424F98618322A4CE8C48E409C13483300F60544EE8D5B33EFDFFCD09E766C56D2BB8A332B2DBD23945BF078001AA43F73350D3815B1878
310
5C070632A018E9AA8E1B0C345D8D123415AC004050FCA3485F0440F2011180CF255AC1451D502A0120D9822E1D68F8FA0C80516AAC15B4009CD4018B5C21CF0030950613F64F5981BBF08E103390047B59E0ED8905CDC22F99F2FCFCBC15F00720B697DD990C6CCA447950A3624189CF1A00180720B102CC44B2050900358E
310
0103061843A800080DE374A0CD002DC407EA403C00CA542107606628A12DD73DF798212ABFAE27FD1319989913763070DE030B18B002066600903300A88E380FA2C280ADF9812369299CDC0F61A0E209A75B41ABF49DEE075AC57F29DDEBD6CAB359718C4526642F6A10006156AC42CA1D001C5BC03C23404795348784CE33
310
22CA3765C0DC0FA090F2D3193B0EA94615BEF700A84838288F07E6E109493CBDC71B31E3F13DA6C0D0DA30EF99C2403A1F29E2290033094056B699D249C2A42D00F268E46E00A7624153347A4FDA35DB71E65F346F27879D232B76DDDA37EB6C057A6BD47E94BF23BB4EADDB7EE01DC4B7FC12D11271005EAFD7C2B9D0853B
310
56C000DEA91C0C981E067200FB342D1DC07313B0BD0CFCFC2C5CF8E807B04487DFC1C026FBDC54D5D69294CC70C1F1C6689938F06F43B772FBBADDC0078375FFE0AEE060431D40E06001D0E4213462C0750506DE454996ED40B897FF2061C0C1964919802720960FEB67359FD70A4200CBE7F7FB4B5393C64A5806B090C789
310
6BD0F1F588860FFF9FF049791CC01FF97CA0A4C17D4AB80000000049454E44AE426082
  0
ACDSRECORD
 90
        0
  2
AcDbDs::ID
280
    10
320
1E
  2
Thumbnail_Data
280
    15
 94
     1159
310
89504E470D0A1A0A0000000D4948445200000100000000C508030000008CFEDCE700000300504C5445FFFFFFFFFFFFFFFFFF0000000000000000000000000000000000000000000000000000330000660000990000CC0000FF0033000033330033660033990033CC0033FF0066000066330066660066990066CC0066FF0099
310
000099330099660099990099CC0099FF00CC0000CC3300CC6600CC9900CCCC00CCFF00FF0000FF3300FF6600FF9900FFCC00FFFF3300003300333300663300993300CC3300FF3333003333333333663333993333CC3333FF3366003366333366663366993366CC3366FF3399003399333399663399993399CC3399FF33CC00
310
33CC3333CC6633CC9933CCCC33CCFF33FF0033FF3333FF6633FF9933FFCC33FFFF6600006600336600666600996600CC6600FF6633006633336633666633996633CC6633FF6666006666336666666666996666CC6666FF6699006699336699666699996699CC6699FF66CC0066CC3366CC6666CC9966CCCC66CCFF66FF0066
310
FF3366FF6666FF9966FFCC66FFFF9900009900339900669900999900CC9900FF9933009933339933669933999933CC9933FF9966009966339966669966999966CC9966FF9999009999339999669999999999CC9999FF99CC0099CC3399CC6699CC9999CCCC99CCFF99FF0099FF3399FF6699FF9999FFCC99FFFFCC0000CC00
310
33CC0066CC0099CC00CCCC00FFCC3300CC3333CC3366CC3399CC33CCCC33FFCC6600CC6633CC6666CC6699CC66CCCC66FFCC9900CC9933CC9966CC9999CC99CCCC99FFCCCC00CCCC33CCCC66CCCC99CCCCCCCCCCFFCCFF00CCFF33CCFF66CCFF99CCFFCCCCFFFFFF0000FF0033FF0066FF0099FF00CCFF00FFFF3300FF3333
310
FF3366FF3399FF33CCFF33FFFF6600FF6633FF6666FF6699FF66CCFF66FFFF9900FF9933FF9966FF9999FF99CCFF99FFFFCC00FFCC33FFCC66FFCC99FFCCCCFFCCFFFFFF00FFFF33FFFF66FFFF99FFFFCCFFFFFF0000000D0D0D1A1A1A2828283535354343435050505D5D5D6B6B6B787878868686939393A1A1A1AEAEAEBB
310
BBBBC9C9C9D6D6D6E4E4E4F1F1F1FFFFFF000000000000000000000000000000000000000000000000000000000000AD4AB4E4000001394944415478DAEDD5B11180301003C1EFBF4CC52E02C38C236247DA0F5CC0329C6695DFACE93D00000000380049BEA7E6FD01947DFCB4FF02D180F25F60340000002B6005AC800600
310
006005AC8015D0000000AC8015002082004410800802104100220840040188200011042082004410800802104100220840040188200011042082004410800802104100220840040188200011042082004410800802104100220840040188200011042082004410800802104100220840040188200011042082004410800802
310
1041002208400401882000110420820044108008021041002208400401882000110420820044108008021041002208400401882000110420820044108008021041002208400401882000110420820044108008021041002208400401882080FB00FBAA5E2B0000000000005E80F2AB077800FCD13499954F69A00000000049
310
454E44AE4260820049454E44AE426082
  0
ACDSRECORD
 90
        0
  2
AcDbDs::ID
280
    10
320
22
  2
Thumbnail_Data
280
    15
 94
     2557
310
89504E470D0A1A0A0000000D494844520000010000000084080300000048FA052E00000300504C5445212830FFFFFF2128300000000000000000000000000000000000000000000000000000330000660000990000CC0000FF0033000033330033660033990033CC0033FF0066000066330066660066990066CC0066FF0099
310
000099330099660099990099CC0099FF00CC0000CC3300CC6600CC9900CCCC00CCFF00FF0000FF3300FF6600FF9900FFCC00FFFF3300003300333300663300993300CC3300FF3333003333333333663333993333CC3333FF3366003366333366663366993366CC3366FF3399003399333399663399993399CC3399FF33CC00
310
33CC3333CC6633CC9933CCCC33CCFF33FF0033FF3333FF6633FF9933FFCC33FFFF6600006600336600666600996600CC6600FF6633006633336633666633996633CC6633FF6666006666336666666666996666CC6666FF6699006699336699666699996699CC6699FF66CC0066CC3366CC6666CC9966CCCC66CCFF66FF0066
310
FF3366FF6666FF9966FFCC66FFFF9900009900339900669900999900CC9900FF9933009933339933669933999933CC9933FF9966009966339966669966999966CC9966FF9999009999339999669999999999CC9999FF99CC0099CC3399CC6699CC9999CCCC99CCFF99FF0099FF3399FF6699FF9999FFCC99FFFFCC0000CC00
310
33CC0066CC0099CC00CCCC00FFCC3300CC3333CC3366CC3399CC33CCCC33FFCC6600CC6633CC6666CC6699CC66CCCC66FFCC9900CC9933CC9966CC9999CC99CCCC99FFCCCC00CCCC33CCCC66CCCC99CCCCCCCCCCFFCCFF00CCFF33CCFF66CCFF99CCFFCCCCFFFFFF0000FF0033FF0066FF0099FF00CCFF00FFFF3300FF3333
310
FF3366FF3399FF33CCFF33FFFF6600FF6633FF6666FF6699FF66CCFF66FFFF9900FF9933FF9966FF9999FF99CCFF99FFFFCC00FFCC33FFCC66FFCC99FFCCCCFFCCFFFFFF00FFFF33FFFF66FFFF99FFFFCCFFFFFF0000000D0D0D1A1A1A2828283535354343435050505D5D5D6B6B6B787878868686939393A1A1A1AEAEAEBB
310
BBBBC9C9C9D6D6D6E4E4E4F1F1F1FFFFFF0000000000000000000000000000000000000000000000000000000000002E4550F1000006254944415478DAED5C4982E3200CD40FF80697FCFF989FF805B9EADE6EAF80240C668F43CFB8D394370A51084100F8A5B649F5FF8AB8BCE572445C3EA299716693F3AE3362EE84EE85
310
B81D6986999D5A414AA152FB115139198ACF0ECD40F90CE5BD04F97BA07BC67CFC7A0B2D5B821F01C6E7D77829918055484E02CEFC2551C0456C004E44BCC27E0870F7120182402201FFF78BB480FF4BE6434600C301E65E852CC04D19016266478512A3C1CB7BA55A00D18036044028015653CA4240530B804802D0559302
310
1A300201235A80D0D4C1F6645FAE7FCE5036A8067808902FA942407B0B3860CE02B6CB5E5CE6481A80218910C001C8F51C63F40228D8C65E2E5E0308016E67388C1FC03AB63E0D80AFD2802B0B684640453F402440D480AFB200D1B36F4D402D0DC0E5C746D672EBB35FFB66028CF25B04E8F9E7194D40B0809900FD0FB422
310
A09A08721A7038340D09A8D90D467B82A36B80533AAB1B64CBFF6D16C094F024C07C01719C2CC5CA06D100348633C4022E87893C903D2254CD0288D59F262D1060D6F68BCD1D39287A3262D6EACBAE661BA0B92307456F1200D909903480182B13CBBF0BF004204FC0F95A34B7A405D42000B8FED1947A1BA0625A5603E4B9
310
9954E020A0FF5E008B0016017DFB0195089002C9BC6116F604152AD67D7B8180C4030E018D63824403F657630840BEA9C702EE5840296130C401737DA9C261713447F056108345E281E3215B40888E0657C01D262E1FB5CA3B2FC06800B27A6316870CEEE3008B00AD35AD681E58CA6FE696B200DC6B8B58C0F160B7A23D00
310
7F2F9380BDAE0901B60520C92DE407B86315AE9C06120F384D40C3E6E0B94D40EF0EA3D504B60E124A13C028378FC4034E3CC0D048D20B7022987772746F02684CC3A2D8116116A02B020C11440C9BC4ED22E9FC8E90A13607A8A5FA4C02CC5009ECC31B2D39429A7384740147681D6ABD38678B1627096009408900E408C8
310
1811DA979C2367015C718C97B7427EF70830A7069A10B0694038017C443FCD02A01B0B58D7A79E4A737AA3366022F140E0437840E72660BD1C6B778364CCD7A7063C80002E20F2440B7830014C50B4360171EB04A1FC3AC18E08509480F201917A0418A35E2E22E402C670D82540DDFFE65C4B0B60E31E32502B20529D000D
310
02011A3802347C150168DAB41314B501F43481D1BBC13E02226DFD806613233E0B40B9389800047E65469C1ACB3B3DEED300323DC921F140C81C28C893A3507C7D803C73CD21F140C02C38F8A6C7B336014103E8C2A61708483C80DE9530D07E8DD02501209513120840890084926B84040D10DE8D43E201B84F00E65F2627
310
6800BF7C0799953A41807F29105956C4029605540988541341B61B94771CA8D60B54F303E8C23219A8ED07F448403D4FF009AEF06F2CC0598034DBCF22F1405F0400C84B65CD5E8DAED5C4BBC038042CE1279600038907C6F8EEF01A7E1206A42662AD620D0286F8EE30A2544E17890786B00032EBED6CF294020CA1019E57
310
480606DA3FC01816099B3BE00D60A03D44AEB7F7C01B00BBBD4AE843EAEE21C2EEE2711AE24D40D843043BDC43E4891A60EF5D276EA95701E011CCBCA1A2AB0120565B758047F0CA86132DE07904782FAF42004601552D0073BDB517686B01B206709B17BACE412A009180747A110BE898802A1A80D7C5C164E047400704C8
310
22283CCC874403B16DE3CCB3A0628E509709A9A6147384FA2400B312E05C8E2325E8D402DC6F93485292F890C76A405E0206D4809A83A127103092058862F8140D4029FB311660BAC367DF828FD10074DBC1232D808E891EA7017447BEA7594056111C4E031E4D40013FE0E709C2FAAD3B3EED5B5DF9D2E4FC964F99DCF32E
310
EF1D9C4AF187FEA1EC9490609FE3F58EF5D57CA6F6A7A21670912A1030FFAF40C047A1FA5C25C974A6DD1CE4074CE6AF69BFD4DD88842341D5D180CFE7DE1DD22CA02B02F81A2E4B00D704BC25A3A6DF9A80B426C00C6E08039D1390620186963A6263E9EC3B28A513000D34E0481EB55D3B9AB3DADFCBA58B01BC5760390C
310
68019FB0B456B043C0F2F7BB0702D45C17B0D50F4C52035D9AFD7FD6641C030950C45C00DE07F37B2D40AB26B0B540BDFC0B4DD372EC8C00B86901EB6B6C47BB5D80F1E6F79B80B27A808D00BB3798FF6C361A546BC19B1100B908183F7DF7707DFCF478025AA73FB8B25CAC77C1435F0000000049454E44AE426082C7210A
310
1847DFE7E3C96F331AA76B619AAF8EAFDDF03A7CCA27A04B25A09A02E6E2975771A1282E21FB7BBEAF390A083DE04A80320FA8175BD91000990474B508802D01FFCFF7207414FCFAF20000000049454E44AE42608203001FE64A43E0AADD0500360C6A0000350178769961C1FEEC323D007797FFF0B80C5AE4E5973E000000
310
0049454E44AE42608249454E44AE426082
  0
ENDSEC
  0
EOF
